case,repeat,frame,wall_ms,scatter_callback_ms,analyzer_callback_ms,scatter_calls,analyzer_calls,reported_fps_unverified
"retained_mesh_with_analyzer","1","1","26.827200000000001","0","2.6523000000000003","0","2","35.782142639160156"
"retained_mesh_with_analyzer","1","2","16.980599999999999","0","2.6608999999999998","0","2","49.513530731201172"
"retained_mesh_with_analyzer","1","3","17.6114","0","2.6431","0","2","56.945339202880859"
"retained_mesh_with_analyzer","1","4","12.896000000000001","0","2.7698999999999998","0","2","64.178672790527344"
"retained_mesh_with_analyzer","1","5","12.709199999999999","0","2.5038999999999998","0","2","90.553459167480469"
"retained_mesh_with_analyzer","1","6","9.4749999999999996","0","2.2761","0","2","86.42071533203125"
"retained_mesh_with_analyzer","1","7","13.147","0","2.2626999999999997","0","2","103.47467803955078"
"retained_mesh_with_analyzer","1","8","10.3355","0","2.8089000000000004","0","2","74.940048217773438"
"retained_mesh_with_analyzer","1","9","9.5213999999999999","0","2.4154999999999998","0","2","103.04604339599609"
"retained_mesh_with_analyzer","1","10","9.4370999999999992","0","2.1497999999999999","0","2","103.24925231933594"
"retained_mesh_with_analyzer","1","11","13.398099999999999","0","3.1649000000000003","0","2","98.256919860839844"
"retained_mesh_with_analyzer","1","12","14.030799999999999","0","2.6775000000000002","0","2","62.452381134033203"
"retained_mesh_with_analyzer","1","13","11.7082","0","2.7096","0","2","79.787445068359375"
"retained_mesh_with_analyzer","1","14","9.3975000000000009","0","2.2811000000000003","0","2","97.902915954589844"
"retained_mesh_with_analyzer","1","15","10.375500000000001","0","2.2995000000000001","0","2","99.628387451171875"
"retained_mesh_with_analyzer","1","16","9.9023000000000003","0","2.6177000000000001","0","2","103.29618072509766"
"retained_mesh_with_analyzer","1","17","10.975300000000001","0","2.2681","0","2","101.88902282714844"
"retained_mesh_with_analyzer","1","18","9.2630999999999997","0","2.2274000000000003","0","2","89.269775390625"
"retained_mesh_with_analyzer","1","19","9.4570000000000007","0","2.6861000000000002","0","2","112.35197448730469"
"retained_mesh_with_analyzer","1","20","10.571999999999999","0","2.2560000000000002","0","2","98.261749267578125"
"retained_mesh_with_analyzer","1","21","9.4998000000000005","0","2.3271999999999999","0","2","98.320686340332031"
"retained_mesh_with_analyzer","1","22","8.4029000000000007","0","2.1753999999999998","0","2","108.91229248046875"
"retained_mesh_with_analyzer","1","23","10.4565","0","2.1781000000000001","0","2","108.16891479492188"
"retained_mesh_with_analyzer","1","24","9.8864999999999998","0","2.3839000000000001","0","2","101.31301879882812"
"retained_mesh_with_analyzer","1","25","18.708200000000001","0","2.8727","0","2","73.504013061523438"
"retained_mesh_with_analyzer","1","26","10.7384","0","2.8776999999999999","0","2","64.651687622070312"
"retained_mesh_with_analyzer","1","27","10.370699999999999","0","2.3015999999999996","0","2","87.963897705078125"
"retained_mesh_with_analyzer","1","28","14.221","0","3.2740999999999998","0","2","95.563919067382812"
"retained_mesh_with_analyzer","1","29","24.908000000000001","0","2.8893000000000004","0","2","44.997615814208984"
"retained_mesh_with_analyzer","1","30","16.3629","0","3.3452000000000002","0","2","55.872787475585938"
"retained_mesh_with_analyzer","1","31","13.138299999999999","0","2.2695999999999996","0","2","55.870914459228516"
"retained_mesh_with_analyzer","1","32","11.1304","0","2.4344999999999999","0","2","95.242630004882812"
"retained_mesh_with_analyzer","1","33","13.7242","0","3.1517999999999997","0","2","75.697364807128906"
"retained_mesh_with_analyzer","1","34","10.084199999999999","0","2.6141999999999999","0","2","89.59368896484375"
"retained_mesh_with_analyzer","1","35","9.0457000000000001","0","2.1928000000000001","0","2","99.497535705566406"
"retained_mesh_with_analyzer","1","36","9.7803000000000004","0","2.3403999999999998","0","2","115.93531036376953"
"retained_mesh_with_analyzer","1","37","8.6783999999999999","0","2.2701000000000002","0","2","102.05539703369141"
"retained_mesh_with_analyzer","1","38","10.361499999999999","0","2.1818999999999997","0","2","111.84431457519531"
"retained_mesh_with_analyzer","1","39","8.8741000000000003","0","2.1776999999999997","0","2","96.900161743164062"
"retained_mesh_with_analyzer","1","40","10.348100000000001","0","2.9891000000000001","0","2","98.443603515625"
"retained_mesh_with_analyzer","1","41","14.726800000000001","0","2.3624999999999998","0","2","87.371345520019531"
"retained_mesh_with_analyzer","1","42","11.255699999999999","0","2.2973999999999997","0","2","76.430397033691406"
"retained_mesh_with_analyzer","1","43","10.2211","0","2.5213000000000001","0","2","91.363418579101562"
"retained_mesh_with_analyzer","1","44","9.7522000000000002","0","2.1890999999999998","0","2","96.263069152832031"
"retained_mesh_with_analyzer","1","45","11.4498","0","2.1950000000000003","0","2","106.05353546142578"
"retained_mesh_with_analyzer","1","46","13.4582","0","2.2130000000000001","0","2","74.52508544921875"
"retained_mesh_with_analyzer","1","47","9.0779999999999994","0","2.2160000000000002","0","2","87.629364013671875"
"retained_mesh_with_analyzer","1","48","11.327199999999999","0","2.1597","0","2","102.90924072265625"
"retained_mesh_with_analyzer","1","49","11.5953","0","3.2480000000000002","0","2","86.595085144042969"
"retained_mesh_with_analyzer","1","50","15.9628","0","3.1717","0","2","67.543380737304688"
"retained_mesh_with_analyzer","1","51","37.587200000000003","0","6.2831999999999999","0","3","89.294486999511719"
"retained_mesh_with_analyzer","1","52","15.0977","0","3.2488999999999999","0","2","35.630298614501953"
"retained_mesh_with_analyzer","1","53","14.2913","0","2.7324000000000002","0","2","72.594757080078125"
"retained_mesh_with_analyzer","1","54","14.3682","0","3.0933999999999999","0","2","75.803520202636719"
"retained_mesh_with_analyzer","1","55","16.2059","0","2.6439000000000004","0","2","65.488311767578125"
"retained_mesh_with_analyzer","1","56","14.1729","0","3.6356999999999999","0","2","56.672958374023438"
"retained_mesh_with_analyzer","1","57","12.4041","0","2.7428999999999997","0","2","85.673652648925781"
"retained_mesh_with_analyzer","1","58","11.7987","0","3.3582000000000001","0","2","81.431900024414062"
"retained_mesh_with_analyzer","1","59","16.836300000000001","0","3.1497000000000002","0","2","80.762397766113281"
"retained_mesh_with_analyzer","1","60","26.5733","0","2.8204000000000002","0","2","61.509693145751953"
"retained_mesh_without_analyzer","1","1","5.8102999999999998","0","0","0","0","129.481689453125"
"retained_mesh_without_analyzer","1","2","6.5972999999999997","0","0","0","0","181.46844482421875"
"retained_mesh_without_analyzer","1","3","8.0607000000000006","0","0","0","0","123.60939788818359"
"retained_mesh_without_analyzer","1","4","7.2373000000000003","0","0","0","0","150.92060852050781"
"retained_mesh_without_analyzer","1","5","7.0473999999999997","0","0","0","0","120.56036376953125"
"retained_mesh_without_analyzer","1","6","10.948","0","0","0","0","160.94766235351562"
"retained_mesh_without_analyzer","1","7","7.3902999999999999","0","0","0","0","77.0279541015625"
"retained_mesh_without_analyzer","1","8","8.0427","0","0","0","0","186.29953002929688"
"retained_mesh_without_analyzer","1","9","5.391","0","0","0","0","120.10569000244141"
"retained_mesh_without_analyzer","1","10","5.8154000000000003","0","0","0","0","204.51988220214844"
"retained_mesh_without_analyzer","1","11","7.5617999999999999","0","0","0","0","156.79634094238281"
"retained_mesh_without_analyzer","1","12","4.9539999999999997","0","0","0","0","139.60435485839844"
"retained_mesh_without_analyzer","1","13","5.9646999999999997","0","0","0","0","190.80691528320312"
"retained_mesh_without_analyzer","1","14","6.2186000000000003","0","0","0","0","153.44483947753906"
"retained_mesh_without_analyzer","1","15","5.9782999999999999","0","0","0","0","172.6966552734375"
"retained_mesh_without_analyzer","1","16","8.3568999999999996","0","0","0","0","146.44718933105469"
"retained_mesh_without_analyzer","1","17","7.2949999999999999","0","0","0","0","118.60004425048828"
"retained_mesh_without_analyzer","1","18","10.4368","0","0","0","0","134.06263732910156"
"retained_mesh_without_analyzer","1","19","6.774","0","0","0","0","98.748855590820312"
"retained_mesh_without_analyzer","1","20","6.5297999999999998","0","0","0","0","145.16316223144531"
"retained_mesh_without_analyzer","1","21","6.6296999999999997","0","0","0","0","150.99125671386719"
"retained_mesh_without_analyzer","1","22","6.9706000000000001","0","0","0","0","154.39247131347656"
"retained_mesh_without_analyzer","1","23","6.9551999999999996","0","0","0","0","132.53459167480469"
"retained_mesh_without_analyzer","1","24","10.354200000000001","0","0","0","0","147.45565795898438"
"retained_mesh_without_analyzer","1","25","8.6249000000000002","0","0","0","0","87.3499755859375"
"retained_mesh_without_analyzer","1","26","5.9588000000000001","0","0","0","0","141.7113037109375"
"retained_mesh_without_analyzer","1","27","6.7765000000000004","0","0","0","0","159.79545593261719"
"retained_mesh_without_analyzer","1","28","8.1822999999999997","0","0","0","0","147.01991271972656"
"retained_mesh_without_analyzer","1","29","7.3951000000000002","0","0","0","0","116.67522430419922"
"retained_mesh_without_analyzer","1","30","9.5442","0","0","0","0","126.77645874023438"
"retained_mesh_without_analyzer","1","31","6.2751999999999999","0","0","0","0","113.75658416748047"
"retained_mesh_without_analyzer","1","32","6.6989999999999998","0","0","0","0","148.77853393554688"
"retained_mesh_without_analyzer","1","33","6.8205999999999998","0","0","0","0","147.3861083984375"
"retained_mesh_without_analyzer","1","34","6.2552000000000003","0","0","0","0","161.02540588378906"
"retained_mesh_without_analyzer","1","35","5.6727999999999996","0","0","0","0","163.66612243652344"
"retained_mesh_without_analyzer","1","36","6.0868000000000002","0","0","0","0","179.59124755859375"
"retained_mesh_without_analyzer","1","37","13.861800000000001","0","0","0","0","121.10496520996094"
"retained_mesh_without_analyzer","1","38","9.0800999999999998","0","0","0","0","69.266944885253906"
"retained_mesh_without_analyzer","1","39","6.2313999999999998","0","0","0","0","143.09222412109375"
"retained_mesh_without_analyzer","1","40","17.5321","0","0","0","0","110.35213470458984"
"retained_mesh_without_analyzer","1","41","12.0197","0","0","0","0","54.233169555664062"
"retained_mesh_without_analyzer","1","42","7.0103999999999997","0","0","0","0","116.44561767578125"
"retained_mesh_without_analyzer","1","43","9.6692999999999998","0","0","0","0","116.03081512451172"
"retained_mesh_without_analyzer","1","44","6.6623999999999999","0","0","0","0","125.16897583007812"
"retained_mesh_without_analyzer","1","45","7.7556000000000003","0","0","0","0","144.70314025878906"
"retained_mesh_without_analyzer","1","46","5.4800000000000004","0","0","0","0","136.05812072753906"
"retained_mesh_without_analyzer","1","47","9.1090999999999998","0","0","0","0","160.17170715332031"
"retained_mesh_without_analyzer","1","48","6.0763999999999996","0","0","0","0","112.4656982421875"
"retained_mesh_without_analyzer","1","49","8.2309999999999999","0","0","0","0","162.06930541992188"
"retained_mesh_without_analyzer","1","50","6.1079999999999997","0","0","0","0","125.47838592529297"
"retained_mesh_without_analyzer","1","51","9.3118999999999996","0","0","0","0","145.18002319335938"
"retained_mesh_without_analyzer","1","52","7.1448999999999998","0","0","0","0","111.93946075439453"
"retained_mesh_without_analyzer","1","53","10.026","0","0","0","0","123.94184875488281"
"retained_mesh_without_analyzer","1","54","7.9387999999999996","0","0","0","0","109.32187652587891"
"retained_mesh_without_analyzer","1","55","8.4321000000000002","0","0","0","0","119.35880279541016"
"retained_mesh_without_analyzer","1","56","7.4362000000000004","0","0","0","0","125.75452423095703"
"retained_mesh_without_analyzer","1","57","15.9481","0","0","0","0","70.168052673339844"
"retained_mesh_without_analyzer","1","58","6.6235999999999997","0","0","0","0","104.63425445556641"
"retained_mesh_without_analyzer","1","59","7.2411000000000003","0","0","0","0","140.19346618652344"
"retained_mesh_without_analyzer","1","60","9.9743999999999993","0","0","0","0","144.27516174316406"
"retained_mesh_with_analyzer","2","1","12.690300000000001","0","2.3782000000000001","0","2","100.17630767822266"
"retained_mesh_with_analyzer","2","2","12.1097","0","2.4203000000000001","0","2","70.904891967773438"
"retained_mesh_with_analyzer","2","3","9.6140000000000008","0","2.4596","0","2","90.718582153320312"
"retained_mesh_with_analyzer","2","4","14.4132","0","2.9421999999999997","0","2","89.529525756835938"
"retained_mesh_with_analyzer","2","5","9.6041000000000007","0","2.2387000000000001","0","2","76.974594116210938"
"retained_mesh_with_analyzer","2","6","11.6698","0","2.3010000000000002","0","2","109.45948791503906"
"retained_mesh_with_analyzer","2","7","10.9564","0","2.3548","0","2","82.333663940429688"
"retained_mesh_with_analyzer","2","8","9.5745000000000005","0","2.2194000000000003","0","2","91.756591796875"
"retained_mesh_with_analyzer","2","9","9.8341999999999992","0","2.1475999999999997","0","2","103.10979461669922"
"retained_mesh_with_analyzer","2","10","11.5185","0","2.0387","0","2","99.546066284179688"
"retained_mesh_with_analyzer","2","11","14.919","0","2.3658000000000001","0","2","71.246383666992188"
"retained_mesh_with_analyzer","2","12","9.6653000000000002","0","2.2652999999999999","0","2","80.495208740234375"
"retained_mesh_with_analyzer","2","13","9.6999999999999993","0","2.4105999999999996","0","2","104.65834045410156"
"retained_mesh_with_analyzer","2","14","8.7773000000000003","0","2.1745999999999999","0","2","107.29153442382812"
"retained_mesh_with_analyzer","2","15","12.6805","0","2.6132","0","2","103.00676727294922"
"retained_mesh_with_analyzer","2","16","11.546200000000001","0","2.3191999999999999","0","2","80.050590515136719"
"retained_mesh_with_analyzer","2","17","9.0404","0","2.1648000000000001","0","2","91.275856018066406"
"retained_mesh_with_analyzer","2","18","14.6769","0","3.4699","0","2","85.566619873046875"
"retained_mesh_with_analyzer","2","19","22.025700000000001","0","2.9116999999999997","0","2","58.06829833984375"
"retained_mesh_with_analyzer","2","20","16.648800000000001","0","2.6854","0","2","49.228588104248047"
"retained_mesh_with_analyzer","2","21","16.632200000000001","0","2.4340999999999999","0","2","60.437202453613281"
"retained_mesh_with_analyzer","2","22","16.4436","0","2.3919000000000001","0","2","61.165821075439453"
"retained_mesh_with_analyzer","2","23","13.1877","0","2.4295999999999998","0","2","60.164852142333984"
"retained_mesh_with_analyzer","2","24","9.5935000000000006","0","2.4096000000000002","0","2","96.525093078613281"
"retained_mesh_with_analyzer","2","25","11.026999999999999","0","2.3044000000000002","0","2","99.049125671386719"
"retained_mesh_with_analyzer","2","26","9.7309999999999999","0","2.3449999999999998","0","2","93.737403869628906"
"retained_mesh_with_analyzer","2","27","9.0435999999999996","0","2.2528000000000001","0","2","106.30268859863281"
"retained_mesh_with_analyzer","2","28","11.377000000000001","0","2.7342","0","2","100.21746826171875"
"retained_mesh_with_analyzer","2","29","10.002000000000001","0","2.7595999999999998","0","2","91.831581115722656"
"retained_mesh_with_analyzer","2","30","8.6309000000000005","0","2.1829000000000001","0","2","105.36630249023438"
"retained_mesh_with_analyzer","2","31","10.363799999999999","0","2.2377000000000002","0","2","102.62620544433594"
"retained_mesh_with_analyzer","2","32","9.1140000000000008","0","2.3045999999999998","0","2","106.22364044189453"
"retained_mesh_with_analyzer","2","33","11.009499999999999","0","2.2023999999999999","0","2","102.24844360351562"
"retained_mesh_with_analyzer","2","34","10.273099999999999","0","2.8818000000000001","0","2","86.971649169921875"
"retained_mesh_with_analyzer","2","35","10.128","0","2.3662000000000001","0","2","106.51669311523438"
"retained_mesh_with_analyzer","2","36","17.871400000000001","0","3.9003999999999999","0","2","68.910865783691406"
"retained_mesh_with_analyzer","2","37","14.7561","0","3.2181000000000002","0","2","64.6776123046875"
"retained_mesh_with_analyzer","2","38","13.0878","0","3.5273000000000003","0","2","64.908935546875"
"retained_mesh_with_analyzer","2","39","12.2265","0","2.4377","0","2","80.154541015625"
"retained_mesh_with_analyzer","2","40","15.8528","0","2.9636","0","2","77.7877197265625"
"retained_mesh_with_analyzer","2","41","10.026899999999999","0","2.3573000000000004","0","2","71.581962585449219"
"retained_mesh_with_analyzer","2","42","9.5085999999999995","0","2.7326999999999999","0","2","106.9027099609375"
"retained_mesh_with_analyzer","2","43","10.859999999999999","0","2.2895000000000003","0","2","99.921058654785156"
"retained_mesh_with_analyzer","2","44","10.1326","0","2.3524000000000003","0","2","94.583221435546875"
"retained_mesh_with_analyzer","2","45","9.2499000000000002","0","2.3308","0","2","98.1219482421875"
"retained_mesh_with_analyzer","2","46","10.6145","0","2.2675000000000001","0","2","111.63829040527344"
"retained_mesh_with_analyzer","2","47","9.7065999999999999","0","2.4018999999999999","0","2","89.074165344238281"
"retained_mesh_with_analyzer","2","48","8.7629000000000001","0","2.1920999999999999","0","2","108.11628723144531"
"retained_mesh_with_analyzer","2","49","9.6925000000000008","0","2.1592000000000002","0","2","114.91478729248047"
"retained_mesh_with_analyzer","2","50","12.4283","0","2.4580000000000002","0","2","94.731056213378906"
"retained_mesh_with_analyzer","2","51","9.2091999999999992","0","2.2338","0","2","84.345481872558594"
"retained_mesh_with_analyzer","2","52","10.334300000000001","0","2.2572999999999999","0","2","103.13318634033203"
"retained_mesh_with_analyzer","2","53","9.8646999999999991","0","2.2884000000000002","0","2","101.89733123779297"
"retained_mesh_with_analyzer","2","54","8.8646999999999991","0","2.2172000000000001","0","2","101.96382141113281"
"retained_mesh_with_analyzer","2","55","11.0761","0","2.4122000000000003","0","2","108.63188934326172"
"retained_mesh_with_analyzer","2","56","13.3208","0","2.4374000000000002","0","2","88.204421997070312"
"retained_mesh_with_analyzer","2","57","9.7210000000000001","0","2.5028999999999999","0","2","75.810409545898438"
"retained_mesh_with_analyzer","2","58","30.651199999999999","0","3.9286000000000003","0","3","60.065471649169922"
"retained_mesh_with_analyzer","2","59","18.242899999999999","0","2.9844999999999997","0","2","55.987594604492188"
"retained_mesh_with_analyzer","2","60","10.799200000000001","0","2.3315000000000001","0","2","73.395034790039062"
"retained_mesh_without_analyzer","2","1","5.2737999999999996","0","0","0","0","149.04017639160156"
"retained_mesh_without_analyzer","2","2","8.5235000000000003","0","0","0","0","165.06553649902344"
"retained_mesh_without_analyzer","2","3","5.8244999999999996","0","0","0","0","134.15435791015625"
"retained_mesh_without_analyzer","2","4","6.4065000000000003","0","0","0","0","164.37095642089844"
"retained_mesh_without_analyzer","2","5","5.6738","0","0","0","0","154.49980163574219"
"retained_mesh_without_analyzer","2","6","5.7622999999999998","0","0","0","0","170.38967895507812"
"retained_mesh_without_analyzer","2","7","11.6371","0","0","0","0","174.83740234375"
"retained_mesh_without_analyzer","2","8","6.6887999999999996","0","0","0","0","82.334342956542969"
"retained_mesh_without_analyzer","2","9","5.7454999999999998","0","0","0","0","158.80325317382812"
"retained_mesh_without_analyzer","2","10","6.4941000000000004","0","0","0","0","177.43710327148438"
"retained_mesh_without_analyzer","2","11","26.698399999999999","0","0","0","0","140.21311950683594"
"retained_mesh_without_analyzer","2","12","11.698700000000001","0","0","0","0","33.2025146484375"
"retained_mesh_without_analyzer","2","13","21.182700000000001","0","0","0","0","91.408515930175781"
"retained_mesh_without_analyzer","2","14","9.3193000000000001","0","0","0","0","51.537891387939453"
"retained_mesh_without_analyzer","2","15","7.4309000000000003","0","0","0","0","101.86722564697266"
"retained_mesh_without_analyzer","2","16","7.1635999999999997","0","0","0","0","143.36506652832031"
"retained_mesh_without_analyzer","2","17","5.7750000000000004","0","0","0","0","158.46604919433594"
"retained_mesh_without_analyzer","2","18","5.8159999999999998","0","0","0","0","177.65776062011719"
"retained_mesh_without_analyzer","2","19","8.2879000000000005","0","0","0","0","147.33181762695312"
"retained_mesh_without_analyzer","2","20","5.6407999999999996","0","0","0","0","137.52131652832031"
"retained_mesh_without_analyzer","2","21","6.3670999999999998","0","0","0","0","161.6448974609375"
"retained_mesh_without_analyzer","2","22","5.1970999999999998","0","0","0","0","165.10641479492188"
"retained_mesh_without_analyzer","2","23","4.7247000000000003","0","0","0","0","209.432861328125"
"retained_mesh_without_analyzer","2","24","7.8042999999999996","0","0","0","0","177.90745544433594"
"retained_mesh_without_analyzer","2","25","5.2127999999999997","0","0","0","0","136.23606872558594"
"retained_mesh_without_analyzer","2","26","10.698499999999999","0","0","0","0","200.1561279296875"
"retained_mesh_without_analyzer","2","27","7.3291000000000004","0","0","0","0","77.745986938476562"
"retained_mesh_without_analyzer","2","28","5.3848000000000003","0","0","0","0","179.31752014160156"
"retained_mesh_without_analyzer","2","29","5.5430000000000001","0","0","0","0","191.3253173828125"
"retained_mesh_without_analyzer","2","30","5.4339000000000004","0","0","0","0","182.2589111328125"
"retained_mesh_without_analyzer","2","31","8.5120000000000005","0","0","0","0","135.81236267089844"
"retained_mesh_without_analyzer","2","32","6.3507999999999996","0","0","0","0","136.59895324707031"
"retained_mesh_without_analyzer","2","33","7.0723000000000003","0","0","0","0","160.59870910644531"
"retained_mesh_without_analyzer","2","34","5.5263999999999998","0","0","0","0","140.74000549316406"
"retained_mesh_without_analyzer","2","35","5.5010000000000003","0","0","0","0","186.07073974609375"
"retained_mesh_without_analyzer","2","36","5.2723000000000004","0","0","0","0","191.73249816894531"
"retained_mesh_without_analyzer","2","37","5.952","0","0","0","0","181.68605041503906"
"retained_mesh_without_analyzer","2","38","8.3935999999999993","0","0","0","0","148.0078125"
"retained_mesh_without_analyzer","2","39","5.5385999999999997","0","0","0","0","130.20663452148438"
"retained_mesh_without_analyzer","2","40","5.4352999999999998","0","0","0","0","182.41517639160156"
"retained_mesh_without_analyzer","2","41","6.7020999999999997","0","0","0","0","187.69825744628906"
"retained_mesh_without_analyzer","2","42","5.1435000000000004","0","0","0","0","149.31390380859375"
"retained_mesh_without_analyzer","2","43","5.6741999999999999","0","0","0","0","178.02780151367188"
"retained_mesh_without_analyzer","2","44","5.9047999999999998","0","0","0","0","167.26324462890625"
"retained_mesh_without_analyzer","2","45","6.6069000000000004","0","0","0","0","177.0726318359375"
"retained_mesh_without_analyzer","2","46","8.2978000000000005","0","0","0","0","133.5113525390625"
"retained_mesh_without_analyzer","2","47","5.1569000000000003","0","0","0","0","136.3233642578125"
"retained_mesh_without_analyzer","2","48","5.8575999999999997","0","0","0","0","176.54432678222656"
"retained_mesh_without_analyzer","2","49","5.0838999999999999","0","0","0","0","188.9930419921875"
"retained_mesh_without_analyzer","2","50","6.4039999999999999","0","0","0","0","192.2078857421875"
"retained_mesh_without_analyzer","2","51","8.2266999999999992","0","0","0","0","112.66082000732422"
"retained_mesh_without_analyzer","2","52","5.2915000000000001","0","0","0","0","168.10113525390625"
"retained_mesh_without_analyzer","2","53","7.5914000000000001","0","0","0","0","149.12908935546875"
"retained_mesh_without_analyzer","2","54","5.0777999999999999","0","0","0","0","163.76528930664062"
"retained_mesh_without_analyzer","2","55","5.2816000000000001","0","0","0","0","201.15867614746094"
"retained_mesh_without_analyzer","2","56","5.8529999999999998","0","0","0","0","172.06077575683594"
"retained_mesh_without_analyzer","2","57","7.0026000000000002","0","0","0","0","184.16545104980469"
"retained_mesh_without_analyzer","2","58","6.8399000000000001","0","0","0","0","126.96316528320312"
"retained_mesh_without_analyzer","2","59","5.4827000000000004","0","0","0","0","153.04092407226562"
"retained_mesh_without_analyzer","2","60","4.7801","0","0","0","0","197.72615051269531"
"retained_mesh_with_analyzer","3","1","14.027100000000001","0","2.6140999999999996","0","2","66.907981872558594"
"retained_mesh_with_analyzer","3","2","11.677099999999999","0","2.4319000000000002","0","2","70.744873046875"
"retained_mesh_with_analyzer","3","3","10.1945","0","2.2353000000000001","0","2","100.98765563964844"
"retained_mesh_with_analyzer","3","4","11.253399999999999","0","2.2311000000000001","0","2","94.007049560546875"
"retained_mesh_with_analyzer","3","5","11.680199999999999","0","2.7454000000000001","0","2","84.480865478515625"
"retained_mesh_with_analyzer","3","6","11.0192","0","2.2927","0","2","92.598594665527344"
"retained_mesh_with_analyzer","3","7","12.166","0","2.3683000000000001","0","2","89.509490966796875"
"retained_mesh_with_analyzer","3","8","20.559000000000001","0","3.5051000000000005","0","3","124.65097808837891"
"retained_mesh_with_analyzer","3","9","9.1707999999999998","0","2.2117","0","2","81.190582275390625"
"retained_mesh_with_analyzer","3","10","11.102","0","2.3593999999999999","0","2","97.660064697265625"
"retained_mesh_with_analyzer","3","11","11.942399999999999","0","2.3849999999999998","0","2","96.665992736816406"
"retained_mesh_with_analyzer","3","12","9.9428000000000001","0","2.4747000000000003","0","2","83.108940124511719"
"retained_mesh_with_analyzer","3","13","11.5128","0","2.5457999999999998","0","2","96.611824035644531"
"retained_mesh_with_analyzer","3","14","13.702400000000001","0","2.2925","0","2","92.6097412109375"
"retained_mesh_with_analyzer","3","15","10.1256","0","2.2344999999999997","0","2","70.168548583984375"
"retained_mesh_with_analyzer","3","16","10.2912","0","2.2682000000000002","0","2","99.445098876953125"
"retained_mesh_with_analyzer","3","17","11.5373","0","2.3589000000000002","0","2","98.594047546386719"
"retained_mesh_with_analyzer","3","18","13.292299999999999","0","2.7181999999999999","0","2","80.166107177734375"
"retained_mesh_with_analyzer","3","19","9.9389000000000003","0","2.2972000000000001","0","2","81.207061767578125"
"retained_mesh_with_analyzer","3","20","8.9299999999999997","0","2.2251000000000003","0","2","104.40265655517578"
"retained_mesh_with_analyzer","3","21","10.462899999999999","0","2.2877999999999998","0","2","102.04290008544922"
"retained_mesh_with_analyzer","3","22","8.9326000000000008","0","2.3273999999999999","0","2","105.52753448486328"
"retained_mesh_with_analyzer","3","23","11.080500000000001","0","2.1684999999999999","0","2","104.00415802001953"
"retained_mesh_with_analyzer","3","24","9.6494999999999997","0","2.3554000000000004","0","2","89.514297485351562"
"retained_mesh_with_analyzer","3","25","9.2006999999999994","0","2.1085000000000003","0","2","109.75502777099609"
"retained_mesh_with_analyzer","3","26","10.6594","0","2.1799999999999997","0","2","102.59251403808594"
"retained_mesh_with_analyzer","3","27","12.768800000000001","0","2.4561999999999999","0","2","93.969947814941406"
"retained_mesh_with_analyzer","3","28","14.1648","0","2.6959","0","2","73.343353271484375"
"retained_mesh_with_analyzer","3","29","11.1211","0","2.3159999999999998","0","2","70.447341918945312"
"retained_mesh_with_analyzer","3","30","12.5786","0","2.5533000000000001","0","2","81.514205932617188"
"retained_mesh_with_analyzer","3","31","14.6594","0","3.0164999999999997","0","2","80.742179870605469"
"retained_mesh_with_analyzer","3","32","15.484500000000001","0","2.5246","0","2","58.937938690185547"
"retained_mesh_with_analyzer","3","33","16.407699999999998","0","2.4935999999999998","0","2","67.056938171386719"
"retained_mesh_with_analyzer","3","34","17.232099999999999","0","2.3260000000000001","0","2","57.902538299560547"
"retained_mesh_with_analyzer","3","35","13.593400000000001","0","2.2658","0","2","64.020072937011719"
"retained_mesh_with_analyzer","3","36","20.9499","0","2.9835000000000003","0","2","70.120323181152344"
"retained_mesh_with_analyzer","3","37","12.445499999999999","0","2.7084999999999999","0","2","50.034023284912109"
"retained_mesh_with_analyzer","3","38","10.169","0","2.5750999999999999","0","2","94.268478393554688"
"retained_mesh_with_analyzer","3","39","15.9186","0","3.0167999999999999","0","2","87.633201599121094"
"retained_mesh_with_analyzer","3","40","13.122400000000001","0","3.2545000000000002","0","2","57.971687316894531"
"retained_mesh_with_analyzer","3","41","12.3904","0","2.6198999999999999","0","2","94.092849731445312"
"retained_mesh_with_analyzer","3","42","11.3765","0","2.9410999999999996","0","2","80.842704772949219"
"retained_mesh_with_analyzer","3","43","16.476199999999999","0","3.3242000000000003","0","2","71.533828735351562"
"retained_mesh_with_analyzer","3","44","26.904900000000001","0","2.6207000000000003","0","2","44.367935180664062"
"retained_mesh_with_analyzer","3","45","12.391500000000001","0","3.1993999999999998","0","2","48.874420166015625"
"retained_mesh_with_analyzer","3","46","13.704800000000001","0","3.1678999999999999","0","2","88.779197692871094"
"retained_mesh_with_analyzer","3","47","11.062099999999999","0","2.6953","0","2","75.303474426269531"
"retained_mesh_with_analyzer","3","48","11.804","0","2.3298000000000001","0","2","90.024398803710938"
"retained_mesh_with_analyzer","3","49","11.2615","0","2.7477","0","2","78.801582336425781"
"retained_mesh_with_analyzer","3","50","11.3043","0","2.3784999999999998","0","2","102.69681549072266"
"retained_mesh_with_analyzer","3","51","10.0862","0","2.5491000000000001","0","2","85.238410949707031"
"retained_mesh_with_analyzer","3","52","10.5517","0","2.1736","0","2","100.42378997802734"
"retained_mesh_with_analyzer","3","53","10.429500000000001","0","2.4429999999999996","0","2","99.061882019042969"
"retained_mesh_with_analyzer","3","54","9.6745999999999999","0","2.6027","0","2","93.075202941894531"
"retained_mesh_with_analyzer","3","55","10.3347","0","2.2730999999999999","0","2","106.51895904541016"
"retained_mesh_with_analyzer","3","56","13.0532","0","2.3834999999999997","0","2","97.099632263183594"
"retained_mesh_with_analyzer","3","57","10.9811","0","2.3517999999999999","0","2","71.205795288085938"
"retained_mesh_with_analyzer","3","58","9.5855999999999995","0","2.2268999999999997","0","2","95.520103454589844"
"retained_mesh_with_analyzer","3","59","10.906599999999999","0","2.2407000000000004","0","2","106.01194000244141"
"retained_mesh_with_analyzer","3","60","9.3519000000000005","0","2.4184999999999999","0","2","95.510986328125"
"retained_mesh_without_analyzer","3","1","6.6646000000000001","0","0","0","0","150.66593933105469"
"retained_mesh_without_analyzer","3","2","6.8262","0","0","0","0","137.02572631835938"
"retained_mesh_without_analyzer","3","3","5.0652999999999997","0","0","0","0","171.20649719238281"
"retained_mesh_without_analyzer","3","4","8.3449000000000009","0","0","0","0","181.42234802246094"
"retained_mesh_without_analyzer","3","5","5.1112000000000002","0","0","0","0","123.61703491210938"
"retained_mesh_without_analyzer","3","6","5.1982999999999997","0","0","0","0","198.41664123535156"
"retained_mesh_without_analyzer","3","7","7.6116999999999999","0","0","0","0","164.15509033203125"
"retained_mesh_without_analyzer","3","8","20.073899999999998","0","0","0","0","118.22986602783203"
"retained_mesh_without_analyzer","3","9","7.6687000000000003","0","0","0","0","86.660369873046875"
"retained_mesh_without_analyzer","3","10","6.2842000000000002","0","0","0","0","135.1881103515625"
"retained_mesh_without_analyzer","3","11","5.9497","0","0","0","0","196.21308898925781"
"retained_mesh_without_analyzer","3","12","8.4786000000000001","0","0","0","0","143.82073974609375"
"retained_mesh_without_analyzer","3","13","5.5216000000000003","0","0","0","0","126.48781585693359"
"retained_mesh_without_analyzer","3","14","7.4973000000000001","0","0","0","0","171.10395812988281"
"retained_mesh_without_analyzer","3","15","5.4991000000000003","0","0","0","0","135.93975830078125"
"retained_mesh_without_analyzer","3","16","5.7401","0","0","0","0","176.74714660644531"
"retained_mesh_without_analyzer","3","17","5.6997999999999998","0","0","0","0","180.70439147949219"
"retained_mesh_without_analyzer","3","18","5.7599999999999998","0","0","0","0","168.79345703125"
"retained_mesh_without_analyzer","3","19","9.0281000000000002","0","0","0","0","174.29194641113281"
"retained_mesh_without_analyzer","3","20","6.4405000000000001","0","0","0","0","107.13291168212891"
"retained_mesh_without_analyzer","3","21","4.9832000000000001","0","0","0","0","166.56394958496094"
"retained_mesh_without_analyzer","3","22","4.8080999999999996","0","0","0","0","214.96592712402344"
"retained_mesh_without_analyzer","3","23","5.7492000000000001","0","0","0","0","180.29063415527344"
"retained_mesh_without_analyzer","3","24","12.986700000000001","0","0","0","0","145.8682861328125"
"retained_mesh_without_analyzer","3","25","9.0236999999999998","0","0","0","0","69.028358459472656"
"retained_mesh_without_analyzer","3","26","6.3254000000000001","0","0","0","0","158.69236755371094"
"retained_mesh_without_analyzer","3","27","20.400700000000001","0","0","0","0","116.99737548828125"
"retained_mesh_without_analyzer","3","28","9.0771999999999995","0","0","0","0","50.570945739746094"
"retained_mesh_without_analyzer","3","29","8.2094000000000005","0","0","0","0","116.39817810058594"
"retained_mesh_without_analyzer","3","30","6.2473999999999998","0","0","0","0","130.36790466308594"
"retained_mesh_without_analyzer","3","31","7.1474000000000002","0","0","0","0","158.56907653808594"
"retained_mesh_without_analyzer","3","32","12.150600000000001","0","0","0","0","106.29590606689453"
"retained_mesh_without_analyzer","3","33","8.0557999999999996","0","0","0","0","93.694366455078125"
"retained_mesh_without_analyzer","3","34","7.4478","0","0","0","0","133.61660766601562"
"retained_mesh_without_analyzer","3","35","8.9556000000000004","0","0","0","0","105.65686798095703"
"retained_mesh_without_analyzer","3","36","6.4743000000000004","0","0","0","0","135.63368225097656"
"retained_mesh_without_analyzer","3","37","8.5610999999999997","0","0","0","0","144.38557434082031"
"retained_mesh_without_analyzer","3","38","8.1334999999999997","0","0","0","0","116.91667175292969"
"retained_mesh_without_analyzer","3","39","9.9633000000000003","0","0","0","0","106.91985321044922"
"retained_mesh_without_analyzer","3","40","6.7267999999999999","0","0","0","0","118.61270904541016"
"retained_mesh_without_analyzer","3","41","6.2634999999999996","0","0","0","0","144.55044555664062"
"retained_mesh_without_analyzer","3","42","6.0759999999999996","0","0","0","0","162.64659118652344"
"retained_mesh_without_analyzer","3","43","7.4138000000000002","0","0","0","0","181.21194458007812"
"retained_mesh_without_analyzer","3","44","6.6032999999999999","0","0","0","0","117.71492004394531"
"retained_mesh_without_analyzer","3","45","7.4287999999999998","0","0","0","0","171.17132568359375"
"retained_mesh_without_analyzer","3","46","5.8601000000000001","0","0","0","0","136.69606018066406"
"retained_mesh_without_analyzer","3","47","5.2439","0","0","0","0","173.14518737792969"
"retained_mesh_without_analyzer","3","48","7.3388","0","0","0","0","174.51397705078125"
"retained_mesh_without_analyzer","3","49","7.4687000000000001","0","0","0","0","131.37152099609375"
"retained_mesh_without_analyzer","3","50","6.2986000000000004","0","0","0","0","136.59149169921875"
"retained_mesh_without_analyzer","3","51","6.2645999999999997","0","0","0","0","165.99163818359375"
"retained_mesh_without_analyzer","3","52","9.2238000000000007","0","0","0","0","153.43070983886719"
"retained_mesh_without_analyzer","3","53","6.0570000000000004","0","0","0","0","111.01243591308594"
"retained_mesh_without_analyzer","3","54","9.1031999999999993","0","0","0","0","130.11007690429688"
"retained_mesh_without_analyzer","3","55","5.5239000000000003","0","0","0","0","129.79933166503906"
"retained_mesh_without_analyzer","3","56","5.8285","0","0","0","0","186.07420349121094"
"retained_mesh_without_analyzer","3","57","10.666","0","0","0","0","156.59254455566406"
"retained_mesh_without_analyzer","3","58","8.2798999999999996","0","0","0","0","79.459671020507812"
"retained_mesh_without_analyzer","3","59","5.3762999999999996","0","0","0","0","171.5589599609375"
"retained_mesh_without_analyzer","3","60","4.8693","0","0","0","0","198.52693176269531"
"native_world_batched_with_analyzer","1","1","17.3916","5.7050999999999998","2.5757000000000003","2","2","54.091480255126953"
"native_world_batched_with_analyzer","1","2","18.200800000000001","5.6108000000000002","2.4045999999999998","2","2","56.305355072021484"
"native_world_batched_with_analyzer","1","3","288.35739999999998","5.7834000000000003","263.15309999999999","2","2","3.5880193710327148"
"native_world_batched_with_analyzer","1","4","23.7882","5.8128000000000002","2.3681999999999999","2","2","35.428581237792969"
"native_world_batched_with_analyzer","1","5","17.4498","5.6381999999999994","2.5011000000000001","2","2","42.373779296875"
"native_world_batched_with_analyzer","1","6","16.752800000000001","5.5804","2.5204","2","2","57.313159942626953"
"native_world_batched_with_analyzer","1","7","17.693200000000001","5.5213999999999999","2.4040999999999997","2","2","59.238548278808594"
"native_world_batched_with_analyzer","1","8","17.647300000000001","5.6477000000000004","2.2907999999999999","2","2","56.3812255859375"
"native_world_batched_with_analyzer","1","9","16.4054","5.8608000000000002","2.3982999999999999","2","2","55.740737915039062"
"native_world_batched_with_analyzer","1","10","15.765599999999999","5.7064000000000004","2.2763","2","2","66.493339538574219"
"native_world_batched_with_analyzer","1","11","18.1814","5.6608000000000001","2.5861999999999998","2","2","60.424785614013672"
"native_world_batched_with_analyzer","1","12","21.578299999999999","6.2995999999999999","3.5583","2","2","47.654674530029297"
"native_world_batched_with_analyzer","1","13","16.623999999999999","5.6551","2.4866000000000001","2","2","53.589992523193359"
"native_world_batched_with_analyzer","1","14","16.391100000000002","5.5823","2.5215999999999998","2","2","61.292160034179688"
"native_world_batched_with_analyzer","1","15","16.296900000000001","5.9054000000000002","2.8246000000000002","2","2","61.451862335205078"
"native_world_batched_with_analyzer","1","16","16.512799999999999","5.5043000000000006","2.4981","2","2","61.969001770019531"
"native_world_batched_with_analyzer","1","17","17.0793","5.7650000000000006","2.9172000000000002","2","2","57.418464660644531"
"native_world_batched_with_analyzer","1","18","22.565300000000001","5.6532","2.6047000000000002","2","2","57.404621124267578"
"native_world_batched_with_analyzer","1","19","17.042000000000002","5.6699000000000002","2.5156999999999998","2","2","45.311813354492188"
"native_world_batched_with_analyzer","1","20","17.6526","5.5484999999999998","2.3730000000000002","2","2","59.456920623779297"
"native_world_batched_with_analyzer","1","21","18.033200000000001","5.4832999999999998","2.375","2","2","55.896213531494141"
"native_world_batched_with_analyzer","1","22","19.170000000000002","5.6539000000000001","2.4124999999999996","2","2","54.539901733398438"
"native_world_batched_with_analyzer","1","23","19.922999999999998","6.2998999999999992","2.4748000000000001","2","2","47.600234985351562"
"native_world_batched_with_analyzer","1","24","21.9191","5.7101000000000006","2.4626999999999999","2","2","48.118099212646484"
"native_world_batched_with_analyzer","1","25","21.013300000000001","5.8182","3.7490000000000001","2","2","50.354747772216797"
"native_world_batched_with_analyzer","1","26","30.0579","8.4028000000000009","3.9946999999999999","3","3","88.721694946289062"
"native_world_batched_with_analyzer","1","27","16.616399999999999","5.7084000000000001","2.5327999999999999","2","2","57.901195526123047"
"native_world_batched_with_analyzer","1","28","19.145399999999999","5.7130999999999998","2.3860000000000001","2","2","60.208683013916016"
"native_world_batched_with_analyzer","1","29","19.450600000000001","5.7816000000000001","2.3553999999999999","2","2","46.269092559814453"
"native_world_batched_with_analyzer","1","30","23.019300000000001","5.7370999999999999","2.4084000000000003","2","2","46.611354827880859"
"native_world_batched_with_analyzer","1","31","31.256900000000002","7.6265000000000001","3.7587999999999999","2","2","45.267303466796875"
"native_world_batched_with_analyzer","1","32","23.4695","5.7750000000000004","2.7704","2","2","31.064292907714844"
"native_world_batched_with_analyzer","1","33","29.197800000000001","5.9674999999999994","2.8832","2","2","36.91058349609375"
"native_world_batched_with_analyzer","1","34","25.941299999999998","5.6067999999999998","2.6322000000000001","2","2","36.888935089111328"
"native_world_batched_with_analyzer","1","35","19.0213","6.2272999999999996","2.9255","2","2","45.195899963378906"
"native_world_batched_with_analyzer","1","36","18.450299999999999","6.2462999999999997","2.5148000000000001","2","2","53.524307250976562"
"native_world_batched_with_analyzer","1","37","17.450900000000001","6.2313000000000001","2.5954000000000002","2","2","58.218399047851562"
"native_world_batched_with_analyzer","1","38","17.992899999999999","5.6146000000000003","2.3466","2","2","56.327556610107422"
"native_world_batched_with_analyzer","1","39","16.8218","5.4915000000000003","2.3909000000000002","2","2","54.434505462646484"
"native_world_batched_with_analyzer","1","40","17.366","5.5946999999999996","2.4419","2","2","63.429641723632812"
"native_world_batched_with_analyzer","1","41","15.3009","5.6408000000000005","2.3539000000000003","2","2","57.271144866943359"
"native_world_batched_with_analyzer","1","42","16.308199999999999","5.5412999999999997","2.2574000000000001","2","2","64.613258361816406"
"native_world_batched_with_analyzer","1","43","21.3048","6.8275000000000006","2.4093","2","2","57.657157897949219"
"native_world_batched_with_analyzer","1","44","18.340499999999999","6.1599000000000004","2.7107999999999999","2","2","45.064125061035156"
"native_world_batched_with_analyzer","1","45","16.463100000000001","5.4678000000000004","2.6267999999999998","2","2","60.965202331542969"
"native_world_batched_with_analyzer","1","46","17.914899999999999","5.4305000000000003","2.2774999999999999","2","2","60.238059997558594"
"native_world_batched_with_analyzer","1","47","17.2423","5.6204999999999998","2.3121999999999998","2","2","55.797031402587891"
"native_world_batched_with_analyzer","1","48","16.304500000000001","5.8734000000000002","2.5173000000000001","2","2","57.075996398925781"
"native_world_batched_with_analyzer","1","49","17.524000000000001","6.0891999999999999","2.3491","2","2","63.969295501708984"
"native_world_batched_with_analyzer","1","50","19.2376","5.7061999999999999","2.5735000000000001","2","2","52.293598175048828"
"native_world_batched_with_analyzer","1","51","16.653300000000002","5.7401","2.4153000000000002","2","2","51.7327880859375"
"native_world_batched_with_analyzer","1","52","15.3695","5.5801999999999996","2.3582000000000001","2","2","65.40008544921875"
"native_world_batched_with_analyzer","1","53","15.963100000000001","5.5326000000000004","2.3066","2","2","65.875717163085938"
"native_world_batched_with_analyzer","1","54","15.090199999999999","5.5010000000000003","2.3757000000000001","2","2","61.250114440917969"
"native_world_batched_with_analyzer","1","55","18.0367","6.4007000000000005","2.1278000000000001","2","2","69.618492126464844"
"native_world_batched_with_analyzer","1","56","19.7608","5.7812000000000001","2.6241000000000003","2","2","52.682041168212891"
"native_world_batched_with_analyzer","1","57","18.180900000000001","5.6590000000000007","2.4459999999999997","2","2","50.825145721435547"
"native_world_batched_with_analyzer","1","58","28.078499999999998","5.5592000000000006","3.1908000000000003","2","2","41.861320495605469"
"native_world_batched_with_analyzer","1","59","17.359999999999999","5.6036000000000001","2.3466","2","2","44.067615509033203"
"native_world_batched_with_analyzer","1","60","15.8363","5.5530999999999997","2.3528000000000002","2","2","58.726802825927734"
"native_world_batched_without_analyzer","1","1","12.622400000000001","5.5480999999999998","0","2","0","72.901702880859375"
"native_world_batched_without_analyzer","1","2","13.8963","6.0880999999999998","0","2","0","79.992958068847656"
"native_world_batched_without_analyzer","1","3","24.240200000000002","5.5242000000000004","0","2","0","71.773078918457031"
"native_world_batched_without_analyzer","1","4","13.079499999999999","5.6265000000000001","0","2","0","41.056297302246094"
"native_world_batched_without_analyzer","1","5","13.1648","6.0259","0","2","0","73.478622436523438"
"native_world_batched_without_analyzer","1","6","16.604900000000001","5.6501000000000001","0","2","0","79.199134826660156"
"native_world_batched_without_analyzer","1","7","13.3285","5.8086000000000002","0","2","0","56.12774658203125"
"native_world_batched_without_analyzer","1","8","14.4114","6.0039999999999996","0","2","0","86.465545654296875"
"native_world_batched_without_analyzer","1","9","11.6236","5.6136999999999997","0","2","0","66.266853332519531"
"native_world_batched_without_analyzer","1","10","13.726000000000001","6.2595000000000001","0","2","0","82.099784851074219"
"native_world_batched_without_analyzer","1","11","14.4335","5.5770999999999997","0","2","0","76.544479370117188"
"native_world_batched_without_analyzer","1","12","12.141500000000001","5.7601999999999993","0","2","0","71.041900634765625"
"native_world_batched_without_analyzer","1","13","11.1524","5.7770000000000001","0","2","0","83.61553955078125"
"native_world_batched_without_analyzer","1","14","14.246499999999999","5.7810000000000006","0","2","0","84.904060363769531"
"native_world_batched_without_analyzer","1","15","14.4314","5.5640999999999998","0","2","0","64.292556762695312"
"native_world_batched_without_analyzer","1","16","14.4726","6.3286999999999995","0","2","0","66.584548950195312"
"native_world_batched_without_analyzer","1","17","13.8207","5.7929000000000004","0","2","0","77.781059265136719"
"native_world_batched_without_analyzer","1","18","13.792299999999999","6.2776999999999994","0","2","0","67.874374389648438"
"native_world_batched_without_analyzer","1","19","13.913","5.5046999999999997","0","2","0","79.257514953613281"
"native_world_batched_without_analyzer","1","20","12.134399999999999","5.8814000000000002","0","2","0","72.391899108886719"
"native_world_batched_without_analyzer","1","21","12.3249","5.9033999999999995","0","2","0","77.450935363769531"
"native_world_batched_without_analyzer","1","22","12.6403","5.5831","0","2","0","89.287307739257812"
"native_world_batched_without_analyzer","1","23","12.1157","5.7476000000000003","0","2","0","75.994194030761719"
"native_world_batched_without_analyzer","1","24","17.409500000000001","7.4646999999999997","0","2","0","76.931953430175781"
"native_world_batched_without_analyzer","1","25","18.154900000000001","5.9535","0","2","0","58.008003234863281"
"native_world_batched_without_analyzer","1","26","17.7849","6.1207000000000003","0","2","0","46.348438262939453"
"native_world_batched_without_analyzer","1","27","18.3721","6.0282999999999998","0","2","0","66.975196838378906"
"native_world_batched_without_analyzer","1","28","21.5092","5.7081999999999997","0","2","0","49.897956848144531"
"native_world_batched_without_analyzer","1","29","15.334099999999999","6.1481000000000003","0","2","0","51.603313446044922"
"native_world_batched_without_analyzer","1","30","15.545299999999999","6.0322999999999993","0","2","0","64.730781555175781"
"native_world_batched_without_analyzer","1","31","17.6038","5.5800000000000001","0","2","0","62.662532806396484"
"native_world_batched_without_analyzer","1","32","14.4983","6.5890000000000004","0","2","0","55.820392608642578"
"native_world_batched_without_analyzer","1","33","14.568","5.5870999999999995","0","2","0","74.543418884277344"
"native_world_batched_without_analyzer","1","34","11.8925","5.6147","0","2","0","70.360099792480469"
"native_world_batched_without_analyzer","1","35","12.2364","6.0339","0","2","0","80.917274475097656"
"native_world_batched_without_analyzer","1","36","14.2942","5.5541","0","2","0","75.296104431152344"
"native_world_batched_without_analyzer","1","37","12.726900000000001","5.6002000000000001","0","2","0","73.944259643554688"
"native_world_batched_without_analyzer","1","38","13.687799999999999","6.2501999999999995","0","2","0","79.551963806152344"
"native_world_batched_without_analyzer","1","39","13.7143","5.5584000000000007","0","2","0","71.531272888183594"
"native_world_batched_without_analyzer","1","40","11.6546","5.6173000000000002","0","2","0","77.416160583496094"
"native_world_batched_without_analyzer","1","41","13.348000000000001","5.6272000000000002","0","2","0","83.029586791992188"
"native_world_batched_without_analyzer","1","42","14.972","5.7922000000000002","0","2","0","75.037330627441406"
"native_world_batched_without_analyzer","1","43","16.438099999999999","6.2263999999999999","0","2","0","59.553585052490234"
"native_world_batched_without_analyzer","1","44","14.7719","6.3118999999999996","0","2","0","64.478691101074219"
"native_world_batched_without_analyzer","1","45","17.2653","6.7126999999999999","0","2","0","65.396659851074219"
"native_world_batched_without_analyzer","1","46","13.2966","5.6475","0","2","0","62.9239501953125"
"native_world_batched_without_analyzer","1","47","16.618500000000001","7.0728","0","2","0","64.05206298828125"
"native_world_batched_without_analyzer","1","48","12.765000000000001","5.7244999999999999","0","2","0","66.376380920410156"
"native_world_batched_without_analyzer","1","49","23.268000000000001","8.4849999999999994","0","3","0","136.37727355957031"
"native_world_batched_without_analyzer","1","50","14.8569","5.8196000000000003","0","2","0","66.345993041992188"
"native_world_batched_without_analyzer","1","51","12.422499999999999","6.2068999999999992","0","2","0","67.096084594726562"
"native_world_batched_without_analyzer","1","52","13.3139","5.7978000000000005","0","2","0","75.696792602539062"
"native_world_batched_without_analyzer","1","53","15.603400000000001","6.0583","0","2","0","71.907264709472656"
"native_world_batched_without_analyzer","1","54","16.213100000000001","5.9284999999999997","0","2","0","60.353309631347656"
"native_world_batched_without_analyzer","1","55","17.166899999999998","6.4639000000000006","0","2","0","60.859458923339844"
"native_world_batched_without_analyzer","1","56","14.305300000000001","6.0132000000000003","0","2","0","62.636234283447266"
"native_world_batched_without_analyzer","1","57","14.154400000000001","5.9075000000000006","0","2","0","73.09033203125"
"native_world_batched_without_analyzer","1","58","17.055499999999999","5.7768999999999995","0","2","0","71.996833801269531"
"native_world_batched_without_analyzer","1","59","17.172699999999999","5.9747000000000003","0","2","0","49.399791717529297"
"native_world_batched_without_analyzer","1","60","13.0334","5.5411999999999999","0","2","0","71.208335876464844"
"native_world_batched_with_analyzer","2","1","16.752199999999998","5.4910999999999994","2.4163000000000001","2","2","37.742115020751953"
"native_world_batched_with_analyzer","2","2","17.5779","6.0415000000000001","2.8458000000000001","2","2","61.2452392578125"
"native_world_batched_with_analyzer","2","3","18.493200000000002","5.8005999999999993","2.6694","2","2","55.336669921875"
"native_world_batched_with_analyzer","2","4","19.633700000000001","5.9022000000000006","2.6540999999999997","2","2","51.494895935058594"
"native_world_batched_with_analyzer","2","5","19.8979","5.6040000000000001","3.0010000000000003","2","2","51.684661865234375"
"native_world_batched_with_analyzer","2","6","18.674099999999999","6.1088000000000005","2.9148000000000001","2","2","51.561008453369141"
"native_world_batched_with_analyzer","2","7","19.382200000000001","5.718","2.5499999999999998","2","2","50.939579010009766"
"native_world_batched_with_analyzer","2","8","18.652200000000001","5.5701999999999998","2.4819","2","2","52.258617401123047"
"native_world_batched_with_analyzer","2","9","17.099699999999999","5.8325999999999993","2.5127999999999999","2","2","55.943744659423828"
"native_world_batched_with_analyzer","2","10","19.035599999999999","6.1367000000000003","2.4431000000000003","2","2","55.386318206787109"
"native_world_batched_with_analyzer","2","11","26.634899999999998","5.6827000000000005","3.0181","2","2","48.981430053710938"
"native_world_batched_with_analyzer","2","12","20.6523","6.3856999999999999","3.1090999999999998","2","2","38.183826446533203"
"native_world_batched_with_analyzer","2","13","28.9206","6.5705","3.6124999999999998","2","2","43.412574768066406"
"native_world_batched_with_analyzer","2","14","20.184000000000001","5.6827000000000005","2.4981999999999998","2","2","36.390365600585938"
"native_world_batched_with_analyzer","2","15","22.282599999999999","8.0137999999999998","2.9596999999999998","2","2","58.934463500976562"
"native_world_batched_with_analyzer","2","16","17.263200000000001","5.6960999999999995","2.4816000000000003","2","2","43.250911712646484"
"native_world_batched_with_analyzer","2","17","31.483499999999999","8.5615999999999985","4.2065000000000001","3","3","76.45318603515625"
"native_world_batched_with_analyzer","2","18","16.596499999999999","5.4908000000000001","2.4849000000000001","2","2","57.056133270263672"
"native_world_batched_with_analyzer","2","19","20.426600000000001","5.9368999999999996","2.9348000000000001","2","2","55.893711090087891"
"native_world_batched_with_analyzer","2","20","18.611599999999999","5.6003999999999996","2.5412999999999997","2","2","49.545421600341797"
"native_world_batched_with_analyzer","2","21","16.0838","5.6975999999999996","2.4656000000000002","2","2","58.153396606445312"
"native_world_batched_with_analyzer","2","22","19.590499999999999","5.4845000000000006","2.8558000000000003","2","2","63.123344421386719"
"native_world_batched_with_analyzer","2","23","17.0807","5.5395000000000003","2.3056999999999999","2","2","50.743389129638672"
"native_world_batched_with_analyzer","2","24","16.397200000000002","5.4926000000000004","2.4883999999999999","2","2","57.047019958496094"
"native_world_batched_with_analyzer","2","25","17.380700000000001","5.5686999999999998","2.5175000000000001","2","2","60.002399444580078"
"native_world_batched_with_analyzer","2","26","21.511900000000001","5.6447000000000003","2.3327999999999998","2","2","56.696735382080078"
"native_world_batched_with_analyzer","2","27","21.387899999999998","5.6269999999999998","2.3898000000000001","2","2","40.248573303222656"
"native_world_batched_with_analyzer","2","28","19.927399999999999","5.6914999999999996","2.9806999999999997","2","2","50.685779571533203"
"native_world_batched_with_analyzer","2","29","17.891300000000001","5.6699000000000002","2.6985000000000001","2","2","52.606105804443359"
"native_world_batched_with_analyzer","2","30","20.5871","6.8780999999999999","3.0011999999999999","2","2","59.919708251953125"
"native_world_batched_with_analyzer","2","31","19.456600000000002","5.7416","3.0811999999999999","2","2","43.712596893310547"
"native_world_batched_with_analyzer","2","32","18.545500000000001","6.2905999999999995","3.0545999999999998","2","2","53.507984161376953"
"native_world_batched_with_analyzer","2","33","19.777200000000001","5.7455999999999996","2.5545","2","2","53.043643951416016"
"native_world_batched_with_analyzer","2","34","16.2925","5.7241999999999997","2.3475999999999999","2","2","55.115550994873047"
"native_world_batched_with_analyzer","2","35","16.742599999999999","5.7404000000000002","2.4399999999999999","2","2","62.530094146728516"
"native_world_batched_with_analyzer","2","36","15.292299999999999","5.6177000000000001","2.4567999999999999","2","2","59.389827728271484"
"native_world_batched_with_analyzer","2","37","18.195900000000002","5.4998000000000005","2.3543000000000003","2","2","63.978706359863281"
"native_world_batched_with_analyzer","2","38","27.648199999999999","5.5579999999999998","2.4225000000000003","2","2","54.447250366210938"
"native_world_batched_with_analyzer","2","39","17.382000000000001","5.7614999999999998","2.6836000000000002","2","2","35.689304351806641"
"native_world_batched_with_analyzer","2","40","19.912400000000002","5.5244999999999997","2.391","2","2","59.292640686035156"
"native_world_batched_with_analyzer","2","41","17.414000000000001","5.5651000000000002","2.4069000000000003","2","2","49.659584045410156"
"native_world_batched_with_analyzer","2","42","19.8718","6.0280000000000005","3.0827","2","2","50.404495239257812"
"native_world_batched_with_analyzer","2","43","17.165800000000001","5.5263","2.4066000000000001","2","2","56.561084747314453"
"native_world_batched_with_analyzer","2","44","16.661799999999999","5.6393000000000004","2.4058999999999999","2","2","59.003665924072266"
"native_world_batched_with_analyzer","2","45","19.495100000000001","5.6448","3.5377999999999998","2","2","60.388660430908203"
"native_world_batched_with_analyzer","2","46","17.7807","5.4768999999999997","2.3431999999999999","2","2","51.633689880371094"
"native_world_batched_with_analyzer","2","47","16.046099999999999","5.4452999999999996","2.3075000000000001","2","2","56.211986541748047"
"native_world_batched_with_analyzer","2","48","18.167899999999999","5.4763999999999999","2.8092999999999999","2","2","60.896888732910156"
"native_world_batched_with_analyzer","2","49","17.055399999999999","5.6317000000000004","2.4018999999999999","2","2","54.592601776123047"
"native_world_batched_with_analyzer","2","50","17.296900000000001","6.1147","2.3529","2","2","56.830776214599609"
"native_world_batched_with_analyzer","2","51","16.573799999999999","5.4790000000000001","2.3026999999999997","2","2","60.087848663330078"
"native_world_batched_with_analyzer","2","52","19.322900000000001","6.4912999999999998","2.4533","2","2","57.338134765625"
"native_world_batched_with_analyzer","2","53","17.2851","6.2553000000000001","2.3204000000000002","2","2","54.188205718994141"
"native_world_batched_with_analyzer","2","54","21.246200000000002","5.7545000000000002","2.5373999999999999","2","2","59.241706848144531"
"native_world_batched_with_analyzer","2","55","16.976099999999999","5.6539999999999999","2.2248999999999999","2","2","46.322460174560547"
"native_world_batched_with_analyzer","2","56","19.337700000000002","6.2020999999999997","3.2810000000000001","2","2","51.252349853515625"
"native_world_batched_with_analyzer","2","57","30.734500000000001","8.2667999999999999","3.7063000000000001","3","3","81.299491882324219"
"native_world_batched_with_analyzer","2","58","17.568000000000001","5.8048000000000002","2.4356","2","2","54.365554809570312"
"native_world_batched_with_analyzer","2","59","17.920000000000002","5.6974999999999998","2.3914","2","2","56.636043548583984"
"native_world_batched_with_analyzer","2","60","15.926","5.6337999999999999","2.4173999999999998","2","2","56.262271881103516"
"native_world_batched_without_analyzer","2","1","18.690300000000001","5.6667000000000005","0","2","0","48.115089416503906"
"native_world_batched_without_analyzer","2","2","12.6174","5.7916999999999996","0","2","0","69.09130859375"
"native_world_batched_without_analyzer","2","3","14.287699999999999","6.2446000000000002","0","2","0","74.647476196289062"
"native_world_batched_without_analyzer","2","4","12.4818","5.5190000000000001","0","2","0","75.987838745117188"
"native_world_batched_without_analyzer","2","5","12.950100000000001","5.6147","0","2","0","81.837081909179688"
"native_world_batched_without_analyzer","2","6","11.1252","5.6539000000000001","0","2","0","76.415206909179688"
"native_world_batched_without_analyzer","2","7","12.789300000000001","5.7529000000000003","0","2","0","85.091178894042969"
"native_world_batched_without_analyzer","2","8","13.968299999999999","5.8863000000000003","0","2","0","78.894218444824219"
"native_world_batched_without_analyzer","2","9","15.307700000000001","5.5474999999999994","0","2","0","74.294204711914062"
"native_world_batched_without_analyzer","2","10","15.3613","5.6806000000000001","0","2","0","62.546520233154297"
"native_world_batched_without_analyzer","2","11","15.0092","5.7256","0","2","0","63.489242553710938"
"native_world_batched_without_analyzer","2","12","17.139800000000001","6.9169","0","2","0","68.724746704101562"
"native_world_batched_without_analyzer","2","13","13.227600000000001","5.6951000000000001","0","2","0","56.752079010009766"
"native_world_batched_without_analyzer","2","14","14.046200000000001","5.6928999999999998","0","2","0","78.152473449707031"
"native_world_batched_without_analyzer","2","15","11.9778","5.8256999999999994","0","2","0","72.14434814453125"
"native_world_batched_without_analyzer","2","16","12.457100000000001","5.5937000000000001","0","2","0","82.612541198730469"
"native_world_batched_without_analyzer","2","17","15.085599999999999","5.8696000000000002","0","2","0","69.8372802734375"
"native_world_batched_without_analyzer","2","18","19.150099999999998","5.7683","0","2","0","73.818717956542969"
"native_world_batched_without_analyzer","2","19","15.111499999999999","6.1142000000000003","0","2","0","47.567401885986328"
"native_world_batched_without_analyzer","2","20","10.9817","5.5263999999999998","0","2","0","78.805931091308594"
"native_world_batched_without_analyzer","2","21","13.781599999999999","6.3212999999999999","0","2","0","87.318702697753906"
"native_world_batched_without_analyzer","2","22","12.8879","5.6703999999999999","0","2","0","70.725860595703125"
"native_world_batched_without_analyzer","2","23","11.669600000000001","5.7520000000000007","0","2","0","82.369606018066406"
"native_world_batched_without_analyzer","2","24","13.4842","5.7398000000000007","0","2","0","83.471755981445312"
"native_world_batched_without_analyzer","2","25","12.1968","5.5380000000000003","0","2","0","75.465431213378906"
"native_world_batched_without_analyzer","2","26","13.7134","6.0465","0","2","0","77.899215698242188"
"native_world_batched_without_analyzer","2","27","12.1149","5.5849000000000002","0","2","0","74.065292358398438"
"native_world_batched_without_analyzer","2","28","13.941800000000001","5.8102999999999998","0","2","0","85.214439392089844"
"native_world_batched_without_analyzer","2","29","12.948600000000001","5.6154000000000002","0","2","0","72.200080871582031"
"native_world_batched_without_analyzer","2","30","18.180499999999999","7.5857000000000001","0","2","0","64.249183654785156"
"native_world_batched_without_analyzer","2","31","19.6358","6.1233000000000004","0","2","0","54.478988647460938"
"native_world_batched_without_analyzer","2","32","15.498100000000001","6.2639999999999993","0","2","0","54.58544921875"
"native_world_batched_without_analyzer","2","33","15.5695","5.9680999999999997","0","2","0","61.636322021484375"
"native_world_batched_without_analyzer","2","34","17.718699999999998","6.4336000000000002","0","2","0","62.551998138427734"
"native_world_batched_without_analyzer","2","35","16.275099999999998","6.0792999999999999","0","2","0","59.280338287353516"
"native_world_batched_without_analyzer","2","36","19.565200000000001","5.9367000000000001","0","2","0","59.347885131835938"
"native_world_batched_without_analyzer","2","37","16.228000000000002","5.8015999999999996","0","2","0","48.763599395751953"
"native_world_batched_without_analyzer","2","38","11.514200000000001","5.6290999999999993","0","2","0","73.366493225097656"
"native_world_batched_without_analyzer","2","39","19.076499999999999","8.7461000000000002","0","3","0","151.61622619628906"
"native_world_batched_without_analyzer","2","40","14.859500000000001","5.5896000000000008","0","2","0","80.371635437011719"
"native_world_batched_without_analyzer","2","41","15.6174","5.7658000000000005","0","2","0","62.598201751708984"
"native_world_batched_without_analyzer","2","42","17.593399999999999","6.7718999999999996","0","2","0","61.994743347167969"
"native_world_batched_without_analyzer","2","43","17.977900000000002","5.5275999999999996","0","2","0","57.376956939697266"
"native_world_batched_without_analyzer","2","44","15.4617","5.6279000000000003","0","2","0","57.764400482177734"
"native_world_batched_without_analyzer","2","45","17.654800000000002","5.4722999999999997","0","2","0","63.026664733886719"
"native_world_batched_without_analyzer","2","46","21.0989","5.7484000000000002","0","2","0","50.534912109375"
"native_world_batched_without_analyzer","2","47","16.372699999999998","6.9690999999999992","0","2","0","49.252590179443359"
"native_world_batched_without_analyzer","2","48","13.5261","5.7317","0","2","0","64.366630554199219"
"native_world_batched_without_analyzer","2","49","14.252700000000001","5.9832000000000001","0","2","0","83.488479614257812"
"native_world_batched_without_analyzer","2","50","13.23","5.9584000000000001","0","2","0","66.283988952636719"
"native_world_batched_without_analyzer","2","51","12.157500000000001","5.7097999999999995","0","2","0","79.806549072265625"
"native_world_batched_without_analyzer","2","52","16.014700000000001","6.1799999999999997","0","2","0","74.883369445800781"
"native_world_batched_without_analyzer","2","53","17.946300000000001","5.6263000000000005","0","2","0","62.056297302246094"
"native_world_batched_without_analyzer","2","54","15.7311","5.7130000000000001","0","2","0","49.588169097900391"
"native_world_batched_without_analyzer","2","55","13.8569","6.0280000000000005","0","2","0","72.873550415039062"
"native_world_batched_without_analyzer","2","56","14.3942","5.9588999999999999","0","2","0","77.114677429199219"
"native_world_batched_without_analyzer","2","57","11.8644","5.5972000000000008","0","2","0","69.735496520996094"
"native_world_batched_without_analyzer","2","58","12.617100000000001","5.5851000000000006","0","2","0","85.101310729980469"
"native_world_batched_without_analyzer","2","59","12.028700000000001","5.6027000000000005","0","2","0","81.985359191894531"
"native_world_batched_without_analyzer","2","60","12.001300000000001","5.7300000000000004","0","2","0","85.517593383789062"
"native_world_batched_with_analyzer","3","1","17.280100000000001","5.7484000000000002","2.4771000000000001","2","2","55.300251007080078"
"native_world_batched_with_analyzer","3","2","14.677199999999999","5.5193000000000003","2.3771","2","2","60.738948822021484"
"native_world_batched_with_analyzer","3","3","16.083500000000001","5.5068999999999999","2.4093999999999998","2","2","65.985260009765625"
"native_world_batched_with_analyzer","3","4","16.656099999999999","5.7759","2.3780000000000001","2","2","63.678447723388672"
"native_world_batched_with_analyzer","3","5","17.0596","5.7732999999999999","2.8054000000000001","2","2","57.408576965332031"
"native_world_batched_with_analyzer","3","6","19.8352","5.4743999999999993","2.3645","2","2","60.2275390625"
"native_world_batched_with_analyzer","3","7","20.474900000000002","6.0081000000000007","2.4428999999999998","2","2","47.31219482421875"
"native_world_batched_with_analyzer","3","8","27.7728","6.2294","2.8483999999999998","2","2","36.360332489013672"
"native_world_batched_with_analyzer","3","9","18.136099999999999","5.9688999999999997","2.6009000000000002","2","2","47.041114807128906"
"native_world_batched_with_analyzer","3","10","28.9864","8.2368000000000006","3.4703999999999997","3","3","74.439659118652344"
"native_world_batched_with_analyzer","3","11","17.809200000000001","5.9308999999999994","2.3976999999999999","2","2","65.213279724121094"
"native_world_batched_with_analyzer","3","12","18.419","5.8512000000000004","2.6983999999999999","2","2","54.443397521972656"
"native_world_batched_with_analyzer","3","13","16.918500000000002","5.6932999999999998","2.3205","2","2","53.870601654052734"
"native_world_batched_with_analyzer","3","14","15.5952","5.5337999999999994","2.2968999999999999","2","2","61.971305847167969"
"native_world_batched_with_analyzer","3","15","17.0336","5.5956000000000001","2.2427000000000001","2","2","63.655750274658203"
"native_world_batched_with_analyzer","3","16","15.8896","5.7854000000000001","2.3761000000000001","2","2","57.398693084716797"
"native_world_batched_with_analyzer","3","17","17.168700000000001","5.5165000000000006","2.4676","2","2","62.681385040283203"
"native_world_batched_with_analyzer","3","18","18.9726","5.7237999999999998","2.4962999999999997","2","2","61.007228851318359"
"native_world_batched_with_analyzer","3","19","27.5703","5.8004999999999995","2.9338000000000002","2","2","46.298011779785156"
"native_world_batched_with_analyzer","3","20","18.8307","5.6340000000000003","2.6863000000000001","2","2","39.420207977294922"
"native_world_batched_with_analyzer","3","21","22.006399999999999","6.0889000000000006","2.7107000000000001","2","2","46.036911010742188"
"native_world_batched_with_analyzer","3","22","16.185500000000001","5.5169999999999995","2.4965000000000002","2","2","49.558189392089844"
"native_world_batched_with_analyzer","3","23","21.711600000000001","6.5670999999999999","2.6541999999999999","2","2","61.941368103027344"
"native_world_batched_with_analyzer","3","24","15.1723","5.5306999999999995","2.3185000000000002","2","2","47.776481628417969"
"native_world_batched_with_analyzer","3","25","16.227900000000002","5.5039999999999996","2.3334999999999999","2","2","66.562828063964844"
"native_world_batched_with_analyzer","3","26","16.466000000000001","5.5059000000000005","2.4016999999999999","2","2","59.187705993652344"
"native_world_batched_with_analyzer","3","27","15.6822","5.5242000000000004","2.4003000000000001","2","2","62.356578826904297"
"native_world_batched_with_analyzer","3","28","16.653400000000001","5.4898000000000007","2.3105000000000002","2","2","63.50738525390625"
"native_world_batched_with_analyzer","3","29","16.1358","5.6734","2.8059000000000003","2","2","61.672054290771484"
"native_world_batched_with_analyzer","3","30","19.578399999999998","5.7082999999999995","2.6802999999999999","2","2","61.375675201416016"
"native_world_batched_with_analyzer","3","31","17.762","5.7144000000000004","2.3514999999999997","2","2","47.597969055175781"
"native_world_batched_with_analyzer","3","32","16.110499999999998","5.5167999999999999","2.4035000000000002","2","2","59.002269744873047"
"native_world_batched_with_analyzer","3","33","16.671299999999999","5.7918000000000003","2.3007","2","2","64.442955017089844"
"native_world_batched_with_analyzer","3","34","15.193899999999999","5.484","2.4378000000000002","2","2","59.569904327392578"
"native_world_batched_with_analyzer","3","35","16.985499999999998","5.5485000000000007","2.4409999999999998","2","2","64.952781677246094"
"native_world_batched_with_analyzer","3","36","22.7758","6.1971000000000007","3.9627999999999997","2","2","45.907360076904297"
"native_world_batched_with_analyzer","3","37","20.555","5.5081000000000007","2.4733999999999998","2","2","54.079486846923828"
"native_world_batched_with_analyzer","3","38","17.940100000000001","5.4863","2.3681000000000001","2","2","48.212055206298828"
"native_world_batched_with_analyzer","3","39","18.825700000000001","6.4678000000000004","2.7477999999999998","2","2","52.463970184326172"
"native_world_batched_with_analyzer","3","40","20.157599999999999","5.8083","3.3654000000000002","2","2","50.464778900146484"
"native_world_batched_with_analyzer","3","41","26.823599999999999","8.1170000000000009","3.4901","2","2","46.796760559082031"
"native_world_batched_with_analyzer","3","42","25.688700000000001","9.7665000000000006","4.3741000000000003","2","2","37.819049835205078"
"native_world_batched_with_analyzer","3","43","19.251899999999999","5.6455000000000002","2.6721000000000004","2","2","41.504451751708984"
"native_world_batched_with_analyzer","3","44","33.177199999999999","7.0729000000000006","3.7776000000000005","2","2","41.810390472412109"
"native_world_batched_with_analyzer","3","45","21.071400000000001","5.5959000000000003","2.5933999999999999","2","2","33.684097290039062"
"native_world_batched_with_analyzer","3","46","19.950600000000001","5.5827","2.4899","2","2","50.557395935058594"
"native_world_batched_with_analyzer","3","47","18.709399999999999","5.8825000000000003","2.6265999999999998","2","2","48.568916320800781"
"native_world_batched_with_analyzer","3","48","18.874199999999998","5.6492000000000004","2.4779","2","2","55.098846435546875"
"native_world_batched_with_analyzer","3","49","29.5977","8.2559000000000005","4.0178000000000003","3","3","79.559555053710938"
"native_world_batched_with_analyzer","3","50","16.254000000000001","5.4642999999999997","2.3208000000000002","2","2","60.241325378417969"
"native_world_batched_with_analyzer","3","51","21.018599999999999","6.3741000000000003","2.6947000000000001","2","2","53.4071044921875"
"native_world_batched_with_analyzer","3","52","15.943099999999999","5.5212000000000003","2.4869000000000003","2","2","53.609531402587891"
"native_world_batched_with_analyzer","3","53","17.368200000000002","5.4428999999999998","2.3490000000000002","2","2","62.822357177734375"
"native_world_batched_with_analyzer","3","54","18.6755","5.5136000000000003","2.3965999999999998","2","2","58.349185943603516"
"native_world_batched_with_analyzer","3","55","15.661300000000001","5.4196","2.2983000000000002","2","2","52.702865600585938"
"native_world_batched_with_analyzer","3","56","16.8705","5.4779","2.2694000000000001","2","2","64.649177551269531"
"native_world_batched_with_analyzer","3","57","16.9117","6.1431000000000004","2.2038000000000002","2","2","59.163547515869141"
"native_world_batched_with_analyzer","3","58","16.1417","5.5327999999999999","2.3144","2","2","59.6737060546875"
"native_world_batched_with_analyzer","3","59","17.023199999999999","6.3116000000000003","2.8350999999999997","2","2","58.4921875"
"native_world_batched_with_analyzer","3","60","17.598500000000001","5.8064","2.5407000000000002","2","2","60.606060028076172"
"native_world_batched_without_analyzer","3","1","14.3931","5.6471","0","2","0","71.2159423828125"
"native_world_batched_without_analyzer","3","2","11.5185","5.7763","0","2","0","71.808128356933594"
"native_world_batched_without_analyzer","3","3","12.2761","5.5085999999999995","0","2","0","87.874237060546875"
"native_world_batched_without_analyzer","3","4","13.922499999999999","5.7637999999999998","0","2","0","75.662422180175781"
"native_world_batched_without_analyzer","3","5","12.251799999999999","5.8804999999999996","0","2","0","72.861869812011719"
"native_world_batched_without_analyzer","3","6","12.242800000000001","5.7151999999999994","0","2","0","84.240318298339844"
"native_world_batched_without_analyzer","3","7","13.7568","5.6701999999999995","0","2","0","84.480148315429688"
"native_world_batched_without_analyzer","3","8","20.8977","5.7797999999999998","0","2","0","57.055156707763672"
"native_world_batched_without_analyzer","3","9","15.561400000000001","5.7973999999999997","0","2","0","52.372200012207031"
"native_world_batched_without_analyzer","3","10","18.669","6.0336999999999996","0","2","0","57.539054870605469"
"native_world_batched_without_analyzer","3","11","20.319500000000001","6.5027999999999997","0","2","0","54.283218383789062"
"native_world_batched_without_analyzer","3","12","20.6768","5.5640999999999998","0","2","0","44.314258575439453"
"native_world_batched_without_analyzer","3","13","15.081200000000001","5.7209000000000003","0","2","0","60.885765075683594"
"native_world_batched_without_analyzer","3","14","12.680199999999999","5.9587000000000003","0","2","0","71.248924255371094"
"native_world_batched_without_analyzer","3","15","12.517200000000001","5.8329000000000004","0","2","0","75.024383544921875"
"native_world_batched_without_analyzer","3","16","12.962899999999999","5.7414000000000005","0","2","0","78.369293212890625"
"native_world_batched_without_analyzer","3","17","12.2761","5.6771999999999991","0","2","0","77.846458435058594"
"native_world_batched_without_analyzer","3","18","12.6256","5.7507000000000001","0","2","0","86.15045166015625"
"native_world_batched_without_analyzer","3","19","11.352499999999999","5.7172000000000001","0","2","0","79.003921508789062"
"native_world_batched_without_analyzer","3","20","11.205299999999999","5.5541","0","2","0","91.071365356445312"
"native_world_batched_without_analyzer","3","21","13.0837","5.8573000000000004","0","2","0","83.295852661132812"
"native_world_batched_without_analyzer","3","22","12.469200000000001","6.1700999999999997","0","2","0","75.923805236816406"
"native_world_batched_without_analyzer","3","23","11.342000000000001","5.5447000000000006","0","2","0","83.057167053222656"
"native_world_batched_without_analyzer","3","24","15.582700000000001","6.6322999999999999","0","2","0","90.11688232421875"
"native_world_batched_without_analyzer","3","25","13.203099999999999","5.8597000000000001","0","2","0","61.078025817871094"
"native_world_batched_without_analyzer","3","26","14.1661","5.6280999999999999","0","2","0","76.290451049804688"
"native_world_batched_without_analyzer","3","27","14.300700000000001","6.0213000000000001","0","2","0","62.086734771728516"
"native_world_batched_without_analyzer","3","28","12.823700000000001","5.4938000000000002","0","2","0","79.434425354003906"
"native_world_batched_without_analyzer","3","29","24.510999999999999","8.8724999999999987","0","3","0","88.534751892089844"
"native_world_batched_without_analyzer","3","30","12.4269","5.6005000000000003","0","2","0","80.872779846191406"
"native_world_batched_without_analyzer","3","31","11.795400000000001","5.5217000000000001","0","2","0","76.386024475097656"
"native_world_batched_without_analyzer","3","32","12.6378","5.6753999999999998","0","2","0","86.691169738769531"
"native_world_batched_without_analyzer","3","33","13.308299999999999","5.548","0","2","0","80.444694519042969"
"native_world_batched_without_analyzer","3","34","11.4092","6.2529000000000003","0","2","0","76.507583618164062"
"native_world_batched_without_analyzer","3","35","12.3025","5.5457000000000001","0","2","0","84.249549865722656"
"native_world_batched_without_analyzer","3","36","11.757999999999999","5.5103","0","2","0","81.928932189941406"
"native_world_batched_without_analyzer","3","37","17.861599999999999","7.8651","0","2","0","60.382099151611328"
"native_world_batched_without_analyzer","3","38","13.4377","6.2136999999999993","0","2","0","69.630126953125"
"native_world_batched_without_analyzer","3","39","13.591200000000001","6.2080000000000002","0","2","0","79.161521911621094"
"native_world_batched_without_analyzer","3","40","19.059100000000001","6.8253000000000004","0","2","0","60.928054809570312"
"native_world_batched_without_analyzer","3","41","15.5845","5.7506000000000004","0","2","0","54.768413543701172"
"native_world_batched_without_analyzer","3","42","12.3172","5.6383000000000001","0","2","0","74.989501953125"
"native_world_batched_without_analyzer","3","43","13.591699999999999","5.7625999999999999","0","2","0","79.044509887695312"
"native_world_batched_without_analyzer","3","44","13.1348","5.8528000000000002","0","2","0","75.734626770019531"
"native_world_batched_without_analyzer","3","45","14.6904","5.9191000000000003","0","2","0","67.991134643554688"
"native_world_batched_without_analyzer","3","46","13.1646","5.8941999999999997","0","2","0","76.134788513183594"
"native_world_batched_without_analyzer","3","47","16.7302","5.9717000000000002","0","2","0","74.7149658203125"
"native_world_batched_without_analyzer","3","48","22.968699999999998","5.8262999999999998","0","2","0","40.732864379882812"
"native_world_batched_without_analyzer","3","49","15.242100000000001","5.5330999999999992","0","2","0","63.841876983642578"
"native_world_batched_without_analyzer","3","50","12.9956","5.6943000000000001","0","2","0","67.226890563964844"
"native_world_batched_without_analyzer","3","51","13.5206","6.0357000000000003","0","2","0","77.724235534667969"
"native_world_batched_without_analyzer","3","52","11.4412","5.5770999999999997","0","2","0","74.079559326171875"
"native_world_batched_without_analyzer","3","53","12.4877","5.7961999999999998","0","2","0","83.279891967773438"
"native_world_batched_without_analyzer","3","54","13.248699999999999","5.6548999999999996","0","2","0","84.180755615234375"
"native_world_batched_without_analyzer","3","55","13.707000000000001","6.0095000000000001","0","2","0","73.649093627929688"
"native_world_batched_without_analyzer","3","56","13.2462","5.5904000000000007","0","2","0","73.852516174316406"
"native_world_batched_without_analyzer","3","57","14.564","6.8815000000000008","0","2","0","75.346023559570312"
"native_world_batched_without_analyzer","3","58","16.229800000000001","6.1925999999999997","0","2","0","60.235519409179688"
"native_world_batched_without_analyzer","3","59","14.0069","6.0634999999999994","0","2","0","66.610710144042969"
"native_world_batched_without_analyzer","3","60","25.051200000000001","6.1343999999999994","0","2","0","68.798500061035156"
"native_world_batched_original_plumbing","1","1","29.404399999999999","16.5212","2.3348","2","2","28.689054489135742"
"native_world_batched_original_plumbing","1","2","28.942599999999999","16.512900000000002","2.3632999999999997","2","2","34.260772705078125"
"native_world_batched_original_plumbing","1","3","29.589400000000001","16.332599999999999","2.2635000000000001","2","2","34.425895690917969"
"native_world_batched_original_plumbing","1","4","32.938099999999999","16.766399999999997","2.5566","2","2","32.895820617675781"
"native_world_batched_original_plumbing","1","5","32.6494","17.9133","2.6013999999999999","2","2","28.54443359375"
"native_world_batched_original_plumbing","1","6","34.004300000000001","19.3872","2.492","2","2","31.426084518432617"
"native_world_batched_original_plumbing","1","7","31.909400000000002","18.584099999999999","2.4401999999999999","2","2","30.133460998535156"
"native_world_batched_original_plumbing","1","8","33.008800000000001","18.0884","2.3062","2","2","31.591283798217773"
"native_world_batched_original_plumbing","1","9","36.043599999999998","21.9742","3.0865999999999998","2","2","27.017095565795898"
"native_world_batched_original_plumbing","1","10","41.5139","21.707999999999998","2.9857999999999998","2","2","25.093599319458008"
"native_world_batched_original_plumbing","1","11","33.071399999999997","18.886800000000001","2.4912000000000001","2","2","28.634260177612305"
"native_world_batched_original_plumbing","1","12","35.408299999999997","17.4834","3.7787999999999999","2","2","29.378757476806641"
"native_world_batched_original_plumbing","1","13","29.010100000000001","16.559800000000003","2.4581","2","2","30.194604873657227"
"native_world_batched_original_plumbing","1","14","31.5623","17.443399999999997","2.7912999999999997","2","2","35.314224243164062"
"native_world_batched_original_plumbing","1","15","30.957599999999999","18.785","2.3891999999999998","2","2","30.726968765258789"
"native_world_batched_original_plumbing","1","16","31.970300000000002","16.7437","2.3948","2","2","33.1488037109375"
"native_world_batched_original_plumbing","1","17","29.308800000000002","17.597299999999997","2.2197","2","2","31.02227783203125"
"native_world_batched_original_plumbing","1","18","29.206499999999998","17.1905","2.3128000000000002","2","2","33.877059936523438"
"native_world_batched_original_plumbing","1","19","30.3324","16.740600000000001","2.6703000000000001","2","2","35.685737609863281"
"native_world_batched_original_plumbing","1","20","30.833400000000001","17.939999999999998","2.5954000000000002","2","2","30.282566070556641"
"native_world_batched_original_plumbing","1","21","30.7148","17.0183","2.4331","2","2","33.499603271484375"
"native_world_batched_original_plumbing","1","22","47.492600000000003","25.206600000000002","3.5671999999999997","3","3","58.668231964111328"
"native_world_batched_original_plumbing","1","23","29.0822","16.853400000000001","2.2869999999999999","2","2","34.240127563476562"
"native_world_batched_original_plumbing","1","24","33.709099999999999","17.483899999999998","2.5201000000000002","2","2","32.846763610839844"
"native_world_batched_original_plumbing","1","25","29.0318","16.7654","2.2755000000000001","2","2","30.559078216552734"
"native_world_batched_original_plumbing","1","26","30.547599999999999","16.6846","3.1276000000000002","2","2","33.086727142333984"
"native_world_batched_original_plumbing","1","27","34.421500000000002","18.9939","2.5592000000000001","2","2","33.768836975097656"
"native_world_batched_original_plumbing","1","28","32.668100000000003","17.935600000000001","2.6028000000000002","2","2","27.877517700195312"
"native_world_batched_original_plumbing","1","29","33.369399999999999","18.929600000000001","3.6648000000000001","2","2","29.601650238037109"
"native_world_batched_original_plumbing","1","30","33.738500000000002","19.824599999999997","2.4371","2","2","31.229700088500977"
"native_world_batched_original_plumbing","1","31","34.6479","18.5672","2.5514999999999999","2","2","27.619121551513672"
"native_world_batched_original_plumbing","1","32","33.820500000000003","17.160799999999998","2.3491","2","2","31.537782669067383"
"native_world_batched_original_plumbing","1","33","32.974699999999999","16.744999999999997","2.5459000000000001","2","2","29.422842025756836"
"native_world_batched_original_plumbing","1","34","34.958399999999997","16.747599999999998","2.5235000000000003","2","2","27.896259307861328"
"native_world_batched_original_plumbing","1","35","29.697700000000001","17.202500000000001","2.6039000000000003","2","2","30.581880569458008"
"native_world_batched_original_plumbing","1","36","30.710000000000001","17.1767","2.4748999999999999","2","2","34.433364868164062"
"native_world_batched_original_plumbing","1","37","30.139099999999999","17.1797","2.4306999999999999","2","2","32.687858581542969"
"native_world_batched_original_plumbing","1","38","29.051100000000002","16.746600000000001","2.5602999999999998","2","2","32.361412048339844"
"native_world_batched_original_plumbing","1","39","39.011299999999999","18.325299999999999","3.1791","2","2","33.156719207763672"
"native_world_batched_original_plumbing","1","40","45.937199999999997","19.6783","2.508","2","2","23.88555908203125"
"native_world_batched_original_plumbing","1","41","41.3307","19.028700000000001","2.8459000000000003","2","2","20.213577270507812"
"native_world_batched_original_plumbing","1","42","41.646599999999999","19.169799999999999","3.2155","2","2","24.557895660400391"
"native_world_batched_original_plumbing","1","43","43.747100000000003","18.046199999999999","3.6802000000000001","2","2","24.656959533691406"
"native_world_batched_original_plumbing","1","44","55.123899999999999","28.156800000000004","4.6908000000000003","3","3","53.613552093505859"
"native_world_batched_original_plumbing","1","45","33.215899999999998","20.252200000000002","2.3538000000000001","2","2","32.305690765380859"
"native_world_batched_original_plumbing","1","46","33.365299999999998","18.254300000000001","2.3590999999999998","2","2","30.552915573120117"
"native_world_batched_original_plumbing","1","47","27.843699999999998","16.622799999999998","2.282","2","2","30.877254486083984"
"native_world_batched_original_plumbing","1","48","27.802299999999999","16.549700000000001","2.4013","2","2","37.057212829589844"
"native_world_batched_original_plumbing","1","49","31.558800000000002","17.680399999999999","2.6467999999999998","2","2","32.607490539550781"
"native_world_batched_original_plumbing","1","50","32.287100000000002","18.0535","2.9885999999999999","2","2","31.004772186279297"
"native_world_batched_original_plumbing","1","51","27.523399999999999","16.185099999999998","2.2774999999999999","2","2","34.105831146240234"
"native_world_batched_original_plumbing","1","52","28.612300000000001","16.389800000000001","2.2702","2","2","36.428413391113281"
"native_world_batched_original_plumbing","1","53","30.8127","17.433399999999999","3.1214","2","2","32.831451416015625"
"native_world_batched_original_plumbing","1","54","27.373100000000001","16.8748","2.3193999999999999","2","2","34.340660095214844"
"native_world_batched_original_plumbing","1","55","30.7408","16.876300000000001","2.3094000000000001","2","2","35.851161956787109"
"native_world_batched_original_plumbing","1","56","30.691500000000001","19.184899999999999","2.3285","2","2","31.781949996948242"
"native_world_batched_original_plumbing","1","57","33.474200000000003","18.321100000000001","3.3658000000000001","2","2","32.576686859130859"
"native_world_batched_original_plumbing","1","58","28.1007","16.355399999999999","2.5028999999999999","2","2","30.502592086791992"
"native_world_batched_original_plumbing","1","59","26.3445","16.3154","2.1757999999999997","2","2","36.923938751220703"
"native_world_batched_original_plumbing","1","60","30.681100000000001","17.011099999999999","2.2921999999999998","2","2","36.673294067382812"
"native_world_batched_original_plumbing","2","1","32.349699999999999","16.792899999999999","2.3337000000000003","2","2","31.527341842651367"
"native_world_batched_original_plumbing","2","2","39.4664","16.945700000000002","2.7319","2","2","30.302663803100586"
"native_world_batched_original_plumbing","2","3","28.659500000000001","16.677900000000001","2.3673000000000002","2","2","25.812780380249023"
"native_world_batched_original_plumbing","2","4","32.0642","19.051500000000001","2.9398999999999997","2","2","31.890399932861328"
"native_world_batched_original_plumbing","2","5","27.423300000000001","16.460999999999999","2.2629000000000001","2","2","34.453056335449219"
"native_world_batched_original_plumbing","2","6","27.328199999999999","16.058399999999999","2.2324000000000002","2","2","36.675846099853516"
"native_world_batched_original_plumbing","2","7","34.356400000000001","18.276","2.7820999999999998","2","2","35.558464050292969"
"native_world_batched_original_plumbing","2","8","29.3858","16.2104","2.3765999999999998","2","2","29.265180587768555"
"native_world_batched_original_plumbing","2","9","34.459200000000003","16.282299999999999","2.2435","2","2","35.462375640869141"
"native_world_batched_original_plumbing","2","10","28.7897","16.588000000000001","2.2626999999999997","2","2","28.163143157958984"
"native_world_batched_original_plumbing","2","11","32.249400000000001","18.082900000000002","2.5465999999999998","2","2","31.671127319335938"
"native_world_batched_original_plumbing","2","12","29.561199999999999","16.543599999999998","2.3563999999999998","2","2","33.166835784912109"
"native_world_batched_original_plumbing","2","13","28.836400000000001","16.204799999999999","2.3113999999999999","2","2","34.500602722167969"
"native_world_batched_original_plumbing","2","14","31.014700000000001","16.813400000000001","3.226","2","2","34.593814849853516"
"native_world_batched_original_plumbing","2","15","31.950399999999998","17.141300000000001","2.7397999999999998","2","2","31.49566650390625"
"native_world_batched_original_plumbing","2","16","34.797800000000002","17.7988","2.7938000000000001","2","2","28.883703231811523"
"native_world_batched_original_plumbing","2","17","52.712499999999999","25.758500000000002","3.6757","3","3","53.14117431640625"
"native_world_batched_original_plumbing","2","18","29.991800000000001","16.770800000000001","2.3175999999999997","2","2","31.682466506958008"
"native_world_batched_original_plumbing","2","19","40.226999999999997","24.3719","3.2012999999999998","2","2","31.019390106201172"
"native_world_batched_original_plumbing","2","20","34.906300000000002","17.9573","2.8826999999999998","2","2","23.48211669921875"
"native_world_batched_original_plumbing","2","21","44.107700000000001","16.926000000000002","2.4746999999999999","2","2","29.649307250976562"
"native_world_batched_original_plumbing","2","22","32.511000000000003","17.818800000000003","2.6612","2","2","23.741296768188477"
"native_world_batched_original_plumbing","2","23","33.515500000000003","17.7224","2.6163999999999996","2","2","28.708162307739258"
"native_world_batched_original_plumbing","2","24","30.523099999999999","16.942","3.0694999999999997","2","2","32.706031799316406"
"native_world_batched_original_plumbing","2","25","32.541699999999999","17.175600000000003","2.5124","2","2","31.952556610107422"
"native_world_batched_original_plumbing","2","26","29.283799999999999","17.003900000000002","2.2840999999999996","2","2","31.514425277709961"
"native_world_batched_original_plumbing","2","27","29.827400000000001","16.4145","2.3451","2","2","33.889575958251953"
"native_world_batched_original_plumbing","2","28","30.340800000000002","16.3996","2.3334999999999999","2","2","33.275764465332031"
"native_world_batched_original_plumbing","2","29","29.5807","16.325299999999999","2.4117999999999999","2","2","33.247776031494141"
"native_world_batched_original_plumbing","2","30","37.3322","18.9071","2.8121","2","2","31.554500579833984"
"native_world_batched_original_plumbing","2","31","30.52","16.955200000000001","2.3760000000000003","2","2","27.403341293334961"
"native_world_batched_original_plumbing","2","32","29.904499999999999","16.952300000000001","2.5286","2","2","34.145423889160156"
"native_world_batched_original_plumbing","2","33","35.594099999999997","18.4436","2.9055","2","2","31.745729446411133"
"native_world_batched_original_plumbing","2","34","29.3203","17.108499999999999","2.3855","2","2","29.497480392456055"
"native_world_batched_original_plumbing","2","35","31.560300000000002","18.524699999999999","2.3479999999999999","2","2","33.281192779541016"
"native_world_batched_original_plumbing","2","36","29.876100000000001","17.061700000000002","2.3925999999999998","2","2","31.548130035400391"
"native_world_batched_original_plumbing","2","37","30.927299999999999","16.820900000000002","2.5089999999999999","2","2","33.172885894775391"
"native_world_batched_original_plumbing","2","38","33.667999999999999","16.7851","2.4386999999999999","2","2","31.262407302856445"
"native_world_batched_original_plumbing","2","39","31.770099999999999","17.994799999999998","2.3466","2","2","29.954648971557617"
"native_world_batched_original_plumbing","2","40","47.990400000000001","25.585899999999999","3.5457000000000001","3","3","56.317089080810547"
"native_world_batched_original_plumbing","2","41","32.1143","17.213999999999999","2.2648999999999999","2","2","34.099201202392578"
"native_world_batched_original_plumbing","2","42","30.403300000000002","16.673999999999999","2.2999999999999998","2","2","30.719701766967773"
"native_world_batched_original_plumbing","2","43","37.837600000000002","17.994599999999998","2.7351000000000001","2","2","28.245315551757812"
"native_world_batched_original_plumbing","2","44","39.123800000000003","17.193199999999997","2.5518000000000001","2","2","25.204408645629883"
"native_world_batched_original_plumbing","2","45","38.438800000000001","17.986400000000003","2.7197","2","2","25.823911666870117"
"native_world_batched_original_plumbing","2","46","37.8902","17.498199999999997","2.5716000000000001","2","2","26.279205322265625"
"native_world_batched_original_plumbing","2","47","32.804099999999998","17.315200000000001","2.3864000000000001","2","2","27.682044982910156"
"native_world_batched_original_plumbing","2","48","27.822099999999999","16.8826","2.3318000000000003","2","2","34.702701568603516"
"native_world_batched_original_plumbing","2","49","40.037399999999998","17.814399999999999","2.6202000000000001","2","2","31.280694961547852"
"native_world_batched_original_plumbing","2","50","30.8156","18.566800000000001","2.8431999999999999","2","2","27.174282073974609"
"native_world_batched_original_plumbing","2","51","39.515799999999999","17.5473","2.613","2","2","26.850177764892578"
"native_world_batched_original_plumbing","2","52","32.162300000000002","18.799500000000002","2.3828","2","2","30.104433059692383"
"native_world_batched_original_plumbing","2","53","30.5366","17.063299999999998","2.5413000000000001","2","2","30.633970260620117"
"native_world_batched_original_plumbing","2","54","28.320799999999998","16.418300000000002","2.2690999999999999","2","2","34.347854614257812"
"native_world_batched_original_plumbing","2","55","31.216200000000001","17.689100000000003","2.6565000000000003","2","2","34.391090393066406"
"native_world_batched_original_plumbing","2","56","28.827100000000002","16.494299999999999","2.3776000000000002","2","2","32.425949096679688"
"native_world_batched_original_plumbing","2","57","34.973599999999998","19.215200000000003","2.2525000000000004","2","2","34.575756072998047"
"native_world_batched_original_plumbing","2","58","29.4359","16.3459","2.4002999999999997","2","2","28.662410736083984"
"native_world_batched_original_plumbing","2","59","33.405200000000001","17.9114","3.0007000000000001","2","2","30.595354080200195"
"native_world_batched_original_plumbing","2","60","38.551400000000001","22.4377","3.6955999999999998","2","2","26.173694610595703"
"native_world_batched_original_plumbing","3","1","34.845399999999998","17.047600000000003","2.5080999999999998","2","2","27.005350112915039"
"native_world_batched_original_plumbing","3","2","31.091100000000001","16.7988","2.367","2","2","34.098621368408203"
"native_world_batched_original_plumbing","3","3","28.332699999999999","16.528399999999998","2.2922000000000002","2","2","32.427841186523438"
"native_world_batched_original_plumbing","3","4","35.413699999999999","18.226600000000001","2.5708000000000002","2","2","30.622900009155273"
"native_world_batched_original_plumbing","3","5","31.128399999999999","17.674399999999999","2.4919000000000002","2","2","31.715927124023438"
"native_world_batched_original_plumbing","3","6","29.433700000000002","16.6568","2.4858000000000002","2","2","31.64647102355957"
"native_world_batched_original_plumbing","3","7","29.127700000000001","17.006500000000003","2.6144999999999996","2","2","34.821971893310547"
"native_world_batched_original_plumbing","3","8","30.1539","17.661200000000001","2.2465999999999999","2","2","33.479640960693359"
"native_world_batched_original_plumbing","3","9","36.047499999999999","19.7364","3.4108999999999998","2","2","29.172464370727539"
"native_world_batched_original_plumbing","3","10","68.510499999999993","19.2288","2.7428999999999997","2","2","28.526763916015625"
"native_world_batched_original_plumbing","3","11","32.457999999999998","18.3904","2.6800999999999999","2","2","14.711226463317871"
"native_world_batched_original_plumbing","3","12","28.849699999999999","16.880400000000002","2.2435999999999998","2","2","33.961277008056641"
"native_world_batched_original_plumbing","3","13","28.2866","16.326900000000002","2.4912999999999998","2","2","34.399604797363281"
"native_world_batched_original_plumbing","3","14","30.756599999999999","16.956099999999999","2.6318000000000001","2","2","34.949516296386719"
"native_world_batched_original_plumbing","3","15","31.6114","16.960900000000002","2.8075000000000001","2","2","31.627853393554688"
"native_world_batched_original_plumbing","3","16","50.411299999999997","25.449100000000001","4.1293000000000006","3","3","53.333900451660156"
"native_world_batched_original_plumbing","3","17","30.010000000000002","16.811799999999998","2.4870000000000001","2","2","32.334312438964844"
"native_world_batched_original_plumbing","3","18","30.532800000000002","16.392199999999999","2.2039","2","2","34.982772827148438"
"native_world_batched_original_plumbing","3","19","31.526","16.830400000000001","2.4347000000000003","2","2","29.371681213378906"
"native_world_batched_original_plumbing","3","20","29.979099999999999","16.451799999999999","2.3483999999999998","2","2","33.526107788085938"
"native_world_batched_original_plumbing","3","21","29.207100000000001","16.789299999999997","2.5448000000000004","2","2","33.514873504638672"
"native_world_batched_original_plumbing","3","22","31.040700000000001","17.070500000000003","2.6962999999999999","2","2","33.731021881103516"
"native_world_batched_original_plumbing","3","23","32.670000000000002","16.688800000000001","3.4028999999999998","2","2","30.965120315551758"
"native_world_batched_original_plumbing","3","24","33.373699999999999","19.077200000000001","2.4356999999999998","2","2","32.059810638427734"
"native_world_batched_original_plumbing","3","25","28.8781","16.3811","2.3810000000000002","2","2","29.995620727539062"
"native_world_batched_original_plumbing","3","26","34.380299999999998","17.892200000000003","2.3692000000000002","2","2","35.494346618652344"
"native_world_batched_original_plumbing","3","27","32.2654","17.685300000000002","2.5198","2","2","26.658206939697266"
"native_world_batched_original_plumbing","3","28","29.378299999999999","16.3246","2.3026999999999997","2","2","33.085742950439453"
"native_world_batched_original_plumbing","3","29","31.1023","17.731999999999999","2.3594999999999997","2","2","34.696201324462891"
"native_world_batched_original_plumbing","3","30","30.018699999999999","16.5871","2.3952999999999998","2","2","31.726694107055664"
"native_world_batched_original_plumbing","3","31","35.069800000000001","17.400700000000001","2.3388","2","2","28.707584381103516"
"native_world_batched_original_plumbing","3","32","28.5578","16.671099999999999","2.5357000000000003","2","2","33.643753051757812"
"native_world_batched_original_plumbing","3","33","31.682700000000001","18.3018","3.0419999999999998","2","2","32.227916717529297"
"native_world_batched_original_plumbing","3","34","34.117100000000001","17.549399999999999","2.3504","2","2","32.542339324951172"
"native_world_batched_original_plumbing","3","35","29.026199999999999","16.730600000000003","2.3185000000000002","2","2","30.271017074584961"
"native_world_batched_original_plumbing","3","36","31.122499999999999","17.148899999999998","2.5850999999999997","2","2","33.711009979248047"
"native_world_batched_original_plumbing","3","37","30.529699999999998","16.3826","2.3734000000000002","2","2","32.758636474609375"
"native_world_batched_original_plumbing","3","38","32.258800000000001","17.890499999999999","2.4451000000000001","2","2","33.223255157470703"
"native_world_batched_original_plumbing","3","39","34.3063","20.7437","2.4054000000000002","2","2","26.73375129699707"
"native_world_batched_original_plumbing","3","40","63.311","27.2744","3.6604000000000001","3","3","46.506221771240234"
"native_world_batched_original_plumbing","3","41","36.981000000000002","17.348800000000001","2.6718999999999999","2","2","23.724285125732422"
"native_world_batched_original_plumbing","3","42","31.499700000000001","17.407599999999999","2.5518999999999998","2","2","26.126235961914062"
"native_world_batched_original_plumbing","3","43","30.465499999999999","16.528199999999998","2.9199999999999999","2","2","33.363025665283203"
"native_world_batched_original_plumbing","3","44","34.360399999999998","18.1052","3.2234999999999996","2","2","29.868934631347656"
"native_world_batched_original_plumbing","3","45","29.4756","16.549599999999998","2.4257999999999997","2","2","31.269739151000977"
"native_world_batched_original_plumbing","3","46","29.922499999999999","16.737400000000001","2.5172999999999996","2","2","35.011062622070312"
"native_world_batched_original_plumbing","3","47","31.017800000000001","17.378700000000002","2.8563999999999998","2","2","33.401473999023438"
"native_world_batched_original_plumbing","3","48","28.0871","16.311","2.3163","2","2","32.679737091064453"
"native_world_batched_original_plumbing","3","49","35.340699999999998","17.872100000000003","2.4294000000000002","2","2","32.089851379394531"
"native_world_batched_original_plumbing","3","50","29.990200000000002","16.553600000000003","2.7782","2","2","30.213031768798828"
"native_world_batched_original_plumbing","3","51","31.080400000000001","17.148800000000001","2.5138999999999996","2","2","33.277980804443359"
"native_world_batched_original_plumbing","3","52","33.204799999999999","16.8383","2.6678999999999999","2","2","30.409740447998047"
"native_world_batched_original_plumbing","3","53","32.228700000000003","16.811199999999999","3.0194000000000001","2","2","31.334505081176758"
"native_world_batched_original_plumbing","3","54","32.863599999999998","17.778500000000001","2.6970000000000001","2","2","30.230384826660156"
"native_world_batched_original_plumbing","3","55","31.093499999999999","18.920500000000001","2.3891","2","2","31.594978332519531"
"native_world_batched_original_plumbing","3","56","29.247800000000002","17.419600000000003","2.3708","2","2","33.391323089599609"
"native_world_batched_original_plumbing","3","57","33.575699999999998","17.1159","2.3136000000000001","2","2","31.239652633666992"
"native_world_batched_original_plumbing","3","58","32.3247","17.1158","2.4264000000000001","2","2","31.261625289916992"
"native_world_batched_original_plumbing","3","59","33.369500000000002","16.9434","2.4630000000000001","2","2","28.718219757080078"
"native_world_batched_original_plumbing","3","60","35.067700000000002","17.735900000000001","2.3673000000000002","2","2","29.724571228027344"
