case,arm,repeat,frame,begin_qpc_ms,end_qpc_ms,step_ms,callback_ms,callback_calls
"points250000-presentmon","off","1","1","179362560.03209999","179362564.00139999","3.9693000018596649","0","0"
"points250000-presentmon","off","1","2","179362564.22240001","179362568.5783","4.35589998960495","0","0"
"points250000-presentmon","off","1","3","179362568.72819999","179362572.17219999","3.4440000057220459","0","0"
"points250000-presentmon","off","1","4","179362572.2929","179362575.18810001","2.8952000141143799","0","0"
"points250000-presentmon","off","1","5","179362575.31740001","179362578.16080001","2.8434000015258789","0","0"
"points250000-presentmon","off","1","6","179362578.3001","179362582.43709999","4.1369999945163727","0","0"
"points250000-presentmon","off","1","7","179362583.17359999","179362585.84630001","2.6727000176906586","0","0"
"points250000-presentmon","off","1","8","179362585.9562","179362589.5345","3.5782999992370605","0","0"
"points250000-presentmon","off","1","9","179362589.64399999","179362592.9226","3.2786000072956085","0","0"
"points250000-presentmon","off","1","10","179362593.09279999","179362596.98010001","3.8873000144958496","0","0"
"points250000-presentmon","off","1","11","179362597.11059999","179362600.50099999","3.3903999924659729","0","0"
"points250000-presentmon","off","1","12","179362600.70070001","179362605.20910001","4.5083999931812286","0","0"
"points250000-presentmon","off","1","13","179362605.33250001","179362608.82710001","3.4945999979972839","0","0"
"points250000-presentmon","off","1","14","179362608.97420001","179362614.447","5.4727999866008759","0","0"
"points250000-presentmon","off","1","15","179362614.6776","179362619.77410001","5.0965000092983246","0","0"
"points250000-presentmon","off","1","16","179362619.9086","179362623.7297","3.8210999965667725","0","0"
"points250000-presentmon","off","1","17","179362623.8407","179362627.65380001","3.8131000101566315","0","0"
"points250000-presentmon","off","1","18","179362627.81020001","179362631.41150001","3.6013000011444092","0","0"
"points250000-presentmon","off","1","19","179362631.54229999","179362635.97409999","4.4318000078201294","0","0"
"points250000-presentmon","off","1","20","179362636.09580001","179362639.6277","3.5318999886512756","0","0"
"points250000-presentmon","off","1","21","179362639.73649999","179362642.74110001","3.0046000182628632","0","0"
"points250000-presentmon","off","1","22","179362642.85260001","179362647.46360001","4.6110000014305115","0","0"
"points250000-presentmon","off","1","23","179362647.57319999","179362650.34889999","2.7757000029087067","0","0"
"points250000-presentmon","off","1","24","179362650.46129999","179362653.13060001","2.6693000197410583","0","0"
"points250000-presentmon","off","1","25","179362653.2387","179362656.745","3.5063000023365021","0","0"
"points250000-presentmon","off","1","26","179362656.8529","179362660.5916","3.7387000024318695","0","0"
"points250000-presentmon","off","1","27","179362660.74180001","179362665.5959","4.8540999889373779","0","0"
"points250000-presentmon","off","1","28","179362665.7448","179362670.7687","5.0239000022411346","0","0"
"points250000-presentmon","off","1","29","179362670.9346","179362675.23750001","4.3029000163078308","0","0"
"points250000-presentmon","off","1","30","179362675.36230001","179362680.1785","4.8161999881267548","0","0"
"points250000-presentmon","off","1","31","179362680.30919999","179362685.47299999","5.1638000011444092","0","0"
"points250000-presentmon","off","1","32","179362685.60049999","179362689.17449999","3.5740000009536743","0","0"
"points250000-presentmon","off","1","33","179362689.29069999","179362693.53290001","4.2422000169754028","0","0"
"points250000-presentmon","off","1","34","179362693.66510001","179362698.31490001","4.6498000025749207","0","0"
"points250000-presentmon","off","1","35","179362698.44499999","179362701.7911","3.3461000025272369","0","0"
"points250000-presentmon","off","1","36","179362701.91260001","179362705.1769","3.2642999887466431","0","0"
"points250000-presentmon","off","1","37","179362705.28780001","179362709.75","4.4621999859809875","0","0"
"points250000-presentmon","off","1","38","179362709.91999999","179362713.05129999","3.1313000023365021","0","0"
"points250000-presentmon","off","1","39","179362713.24399999","179362716.21529999","2.9713000059127808","0","0"
"points250000-presentmon","off","1","40","179362716.32550001","179362718.986","2.6604999899864197","0","0"
"points250000-presentmon","off","1","41","179362719.09439999","179362721.7403","2.6459000110626221","0","0"
"points250000-presentmon","off","1","42","179362721.84920001","179362724.51210001","2.6629000008106232","0","0"
"points250000-presentmon","off","1","43","179362724.61950001","179362728.8247","4.2051999866962433","0","0"
"points250000-presentmon","off","1","44","179362728.9923","179362733.7965","4.8041999936103821","0","0"
"points250000-presentmon","off","1","45","179362733.92469999","179362737.84709999","3.9223999977111816","0","0"
"points250000-presentmon","off","1","46","179362737.9745","179362742.26230001","4.2878000140190125","0","0"
"points250000-presentmon","off","1","47","179362742.3863","179362747.498","5.1116999983787537","0","0"
"points250000-presentmon","off","1","48","179362747.63940001","179362750.90759999","3.2681999802589417","0","0"
"points250000-presentmon","off","1","49","179362751.0271","179362754.7277","3.7005999982357025","0","0"
"points250000-presentmon","off","1","50","179362754.84999999","179362758.97589999","4.125900000333786","0","0"
"points250000-presentmon","off","1","51","179362759.0887","179362763.9763","4.8876000046730042","0","0"
"points250000-presentmon","off","1","52","179362764.1142","179362767.75709999","3.6428999900817871","0","0"
"points250000-presentmon","off","1","53","179362767.87290001","179362771.52779999","3.6548999845981598","0","0"
"points250000-presentmon","off","1","54","179362771.64789999","179362775.1304","3.4825000166893005","0","0"
"points250000-presentmon","off","1","55","179362775.2728","179362779.64449999","4.3716999888420105","0","0"
"points250000-presentmon","off","1","56","179362779.78830001","179362782.558","2.7696999907493591","0","0"
"points250000-presentmon","off","1","57","179362782.66710001","179362785.4869","2.8197999894618988","0","0"
"points250000-presentmon","off","1","58","179362785.59709999","179362789.06569999","3.4686000049114227","0","0"
"points250000-presentmon","off","1","59","179362789.17359999","179362792.18130001","3.0077000260353088","0","0"
"points250000-presentmon","off","1","60","179362792.3725","179362796.37310001","4.0006000101566315","0","0"
"points250000-presentmon","off","1","61","179362796.5077","179362799.2606","2.7529000043869019","0","0"
"points250000-presentmon","off","1","62","179362799.37650001","179362802.0853","2.7087999880313873","0","0"
"points250000-presentmon","off","1","63","179362802.19999999","179362805.73789999","3.5379000008106232","0","0"
"points250000-presentmon","off","1","64","179362805.84909999","179362810.8594","5.0103000104427338","0","0"
"points250000-presentmon","off","1","65","179362811.00279999","179362814.79609999","3.7933000028133392","0","0"
"points250000-presentmon","off","1","66","179362814.91729999","179362818.92269999","4.0054000020027161","0","0"
"points250000-presentmon","off","1","67","179362819.044","179362823.13049999","4.0864999890327454","0","0"
"points250000-presentmon","off","1","68","179362823.24869999","179362828.03960001","4.7909000217914581","0","0"
"points250000-presentmon","off","1","69","179362828.19150001","179362831.70039999","3.508899986743927","0","0"
"points250000-presentmon","off","1","70","179362831.84110001","179362836.6288","4.7876999974250793","0","0"
"points250000-presentmon","off","1","71","179362836.76710001","179362840.77540001","4.0083000063896179","0","0"
"points250000-presentmon","off","1","72","179362840.91600001","179362846.68740001","5.7714000046253204","0","0"
"points250000-presentmon","off","1","73","179362846.84889999","179362850.82789999","3.9790000021457672","0","0"
"points250000-presentmon","off","1","74","179362850.95750001","179362855.19929999","4.2417999804019928","0","0"
"points250000-presentmon","off","1","75","179362855.39489999","179362859.2094","3.8145000040531158","0","0"
"points250000-presentmon","off","1","76","179362859.35139999","179362862.6992","3.3478000164031982","0","0"
"points250000-presentmon","off","1","77","179362862.82080001","179362865.59040001","2.7696000039577484","0","0"
"points250000-presentmon","off","1","78","179362865.7062","179362868.57640001","2.8702000081539154","0","0"
"points250000-presentmon","off","1","79","179362868.6868","179362871.33849999","2.6516999900341034","0","0"
"points250000-presentmon","off","1","80","179362871.45039999","179362876.24759999","4.7971999943256378","0","0"
"points250000-presentmon","off","1","81","179362876.37450001","179362880.6056","4.2310999929904938","0","0"
"points250000-presentmon","off","1","82","179362880.7572","179362884.9928","4.2355999946594238","0","0"
"points250000-presentmon","off","1","83","179362885.10710001","179362889.31580001","4.2087000012397766","0","0"
"points250000-presentmon","off","1","84","179362889.43450001","179362892.95640001","3.5218999981880188","0","0"
"points250000-presentmon","off","1","85","179362893.07390001","179362897.62529999","4.5513999760150909","0","0"
"points250000-presentmon","off","1","86","179362897.74590001","179362901.88159999","4.135699987411499","0","0"
"points250000-presentmon","off","1","87","179362901.9973","179362907.176","5.1787000000476837","0","0"
"points250000-presentmon","off","1","88","179362907.2974","179362910.7818","3.4844000041484833","0","0"
"points250000-presentmon","off","1","89","179362910.89739999","179362914.8809","3.9835000038146973","0","0"
"points250000-presentmon","off","1","90","179362914.9928","179362919.94839999","4.9555999934673309","0","0"
"points250000-presentmon","off","1","91","179362920.0609","179362924.74149999","4.6805999875068665","0","0"
"points250000-presentmon","off","1","92","179362924.85440001","179362928.34279999","3.4883999824523926","0","0"
"points250000-presentmon","off","1","93","179362928.4752","179362931.41119999","2.9359999895095825","0","0"
"points250000-presentmon","off","1","94","179362931.5255","179362937.2297","5.7041999995708466","0","0"
"points250000-presentmon","off","1","95","179362937.39789999","179362940.31389999","2.9160000085830688","0","0"
"points250000-presentmon","off","1","96","179362940.4664","179362943.57480001","3.1084000170230865","0","0"
"points250000-presentmon","off","1","97","179362943.71270001","179362948.06420001","4.351500004529953","0","0"
"points250000-presentmon","off","1","98","179362948.19029999","179362953.58520001","5.3949000239372253","0","0"
"points250000-presentmon","off","1","99","179362953.70829999","179362957.41139999","3.7030999958515167","0","0"
"points250000-presentmon","off","1","100","179362957.52689999","179362961.1338","3.6069000065326691","0","0"
"points250000-presentmon","off","1","101","179362961.27689999","179362966.36790001","5.0910000205039978","0","0"
"points250000-presentmon","off","1","102","179362966.49070001","179362971.75639999","5.2656999826431274","0","0"
"points250000-presentmon","off","1","103","179362971.87830001","179362975.1742","3.2958999872207642","0","0"
"points250000-presentmon","off","1","104","179362975.3089","179362979.29899999","3.9900999963283539","0","0"
"points250000-presentmon","off","1","105","179362979.41940001","179362985.3258","5.9063999950885773","0","0"
"points250000-presentmon","off","1","106","179362985.46669999","179362988.9535","3.4868000149726868","0","0"
"points250000-presentmon","off","1","107","179362989.06060001","179362992.2281","3.1674999892711639","0","0"
"points250000-presentmon","off","1","108","179362992.34099999","179362995.63699999","3.2960000038146973","0","0"
"points250000-presentmon","off","1","109","179362995.75659999","179362999.21529999","3.4587000012397766","0","0"
"points250000-presentmon","off","1","110","179362999.33790001","179363002.16229999","2.8243999779224396","0","0"
"points250000-presentmon","off","1","111","179363002.27610001","179363005.1054","2.8292999863624573","0","0"
"points250000-presentmon","off","1","112","179363005.2189","179363007.85409999","2.6351999938488007","0","0"
"points250000-presentmon","off","1","113","179363007.96270001","179363010.5837","2.6209999918937683","0","0"
"points250000-presentmon","off","1","114","179363010.69389999","179363014.34009999","3.6462000012397766","0","0"
"points250000-presentmon","off","1","115","179363014.46160001","179363017.3021","2.8404999971389771","0","0"
"points250000-presentmon","off","1","116","179363017.40779999","179363019.9964","2.5886000096797943","0","0"
"points250000-presentmon","off","1","117","179363020.10600001","179363022.70199999","2.5959999859333038","0","0"
"points250000-presentmon","off","1","118","179363022.8071","179363027.40059999","4.5934999883174896","0","0"
"points250000-presentmon","off","1","119","179363027.53200001","179363033.32859999","5.7965999841690063","0","0"
"points250000-presentmon","off","1","120","179363033.4515","179363036.55360001","3.1021000146865845","0","0"
"points250000-presentmon","off","1","121","179363036.6681","179363040.13850001","3.4704000055789948","0","0"
"points250000-presentmon","off","1","122","179363040.24529999","179363044.37689999","4.1315999925136566","0","0"
"points250000-presentmon","off","1","123","179363044.5059","179363047.83739999","3.3314999938011169","0","0"
"points250000-presentmon","off","1","124","179363047.9623","179363051.433","3.4706999957561493","0","0"
"points250000-presentmon","off","1","125","179363051.5546","179363054.3179","2.7633000016212463","0","0"
"points250000-presentmon","off","1","126","179363054.4303","179363057.9668","3.5365000069141388","0","0"
"points250000-presentmon","off","1","127","179363058.07319999","179363064.06729999","5.9941000044345856","0","0"
"points250000-presentmon","off","1","128","179363064.22760001","179363067.8915","3.6638999879360199","0","0"
"points250000-presentmon","off","1","129","179363068.02990001","179363071.55219999","3.5222999751567841","0","0"
"points250000-presentmon","off","1","130","179363071.68169999","179363075.15720001","3.4755000174045563","0","0"
"points250000-presentmon","off","1","131","179363075.27329999","179363080.083","4.8097000122070312","0","0"
"points250000-presentmon","off","1","132","179363080.20660001","179363083.04080001","2.834199994802475","0","0"
"points250000-presentmon","off","1","133","179363083.15900001","179363085.83129999","2.6722999811172485","0","0"
"points250000-presentmon","off","1","134","179363085.9506","179363088.58360001","2.6330000162124634","0","0"
"points250000-presentmon","off","1","135","179363088.7439","179363093.6006","4.8567000031471252","0","0"
"points250000-presentmon","off","1","136","179363093.7315","179363097.55140001","3.8199000060558319","0","0"
"points250000-presentmon","off","1","137","179363097.66749999","179363101.39739999","3.7299000024795532","0","0"
"points250000-presentmon","off","1","138","179363101.5126","179363104.54929999","3.0366999804973602","0","0"
"points250000-presentmon","off","1","139","179363104.66069999","179363109.88370001","5.2230000197887421","0","0"
"points250000-presentmon","off","1","140","179363110.01249999","179363113.78420001","3.7717000246047974","0","0"
"points250000-presentmon","off","1","141","179363113.91299999","179363117.16729999","3.2542999982833862","0","0"
"points250000-presentmon","off","1","142","179363117.28189999","179363120.8263","3.5444000065326691","0","0"
"points250000-presentmon","off","1","143","179363120.94139999","179363125.11840001","4.1770000159740448","0","0"
"points250000-presentmon","off","1","144","179363125.23789999","179363128.48949999","3.2515999972820282","0","0"
"points250000-presentmon","off","1","145","179363128.6288","179363132.18689999","3.5580999851226807","0","0"
"points250000-presentmon","off","1","146","179363132.3044","179363135.6821","3.377700001001358","0","0"
"points250000-presentmon","off","1","147","179363135.7951","179363139.60350001","3.8084000051021576","0","0"
"points250000-presentmon","off","1","148","179363139.7182","179363144.79679999","5.0785999894142151","0","0"
"points250000-presentmon","off","1","149","179363145.0002","179363148.01859999","3.0183999836444855","0","0"
"points250000-presentmon","off","1","150","179363148.14590001","179363151.39300001","3.2470999956130981","0","0"
"points250000-presentmon","off","1","151","179363151.51699999","179363154.38699999","2.8700000047683716","0","0"
"points250000-presentmon","off","1","152","179363154.52900001","179363158.23980001","3.7107999920845032","0","0"
"points250000-presentmon","off","1","153","179363158.3655","179363162.48140001","4.1159000098705292","0","0"
"points250000-presentmon","off","1","154","179363162.61230001","179363167.06209999","4.4497999846935272","0","0"
"points250000-presentmon","off","1","155","179363167.1884","179363171.13209999","3.943699985742569","0","0"
"points250000-presentmon","off","1","156","179363171.35280001","179363177.00189999","5.6490999758243561","0","0"
"points250000-presentmon","off","1","157","179363177.1543","179363180.59009999","3.4357999861240387","0","0"
"points250000-presentmon","off","1","158","179363180.74039999","179363184.48480001","3.7444000244140625","0","0"
"points250000-presentmon","off","1","159","179363184.62439999","179363189.41299999","4.7885999977588654","0","0"
"points250000-presentmon","off","1","160","179363189.53760001","179363193.1024","3.5647999942302704","0","0"
"points250000-presentmon","off","1","161","179363193.23629999","179363196.9226","3.6863000094890594","0","0"
"points250000-presentmon","off","1","162","179363197.04350001","179363199.9698","2.9262999892234802","0","0"
"points250000-presentmon","off","1","163","179363200.08250001","179363205.836","5.7534999847412109","0","0"
"points250000-presentmon","off","1","164","179363205.9544","179363209.36210001","3.4077000021934509","0","0"
"points250000-presentmon","off","1","165","179363209.47889999","179363212.903","3.4241000115871429","0","0"
"points250000-presentmon","off","1","166","179363213.03029999","179363216.19159999","3.161300003528595","0","0"
"points250000-presentmon","off","1","167","179363216.30739999","179363219.74860001","3.4412000179290771","0","0"
"points250000-presentmon","off","1","168","179363219.86989999","179363222.50170001","2.6318000257015228","0","0"
"points250000-presentmon","off","1","169","179363222.61970001","179363225.83019999","3.2104999721050262","0","0"
"points250000-presentmon","off","1","170","179363225.95359999","179363229.26429999","3.310699999332428","0","0"
"points250000-presentmon","off","1","171","179363229.3847","179363232.17809999","2.79339998960495","0","0"
"points250000-presentmon","off","1","172","179363232.3312","179363236.83430001","4.5031000077724457","0","0"
"points250000-presentmon","off","1","173","179363236.94890001","179363240.34810001","3.3991999924182892","0","0"
"points250000-presentmon","off","1","174","179363240.4628","179363243.95899999","3.4961999952793121","0","0"
"points250000-presentmon","off","1","175","179363244.0898","179363247.76429999","3.6744999885559082","0","0"
"points250000-presentmon","off","1","176","179363247.88260001","179363252.6961","4.8134999871253967","0","0"
"points250000-presentmon","off","1","177","179363252.81189999","179363256.36680001","3.5549000203609467","0","0"
"points250000-presentmon","off","1","178","179363256.48769999","179363260.41670001","3.9290000200271606","0","0"
"points250000-presentmon","off","1","179","179363260.54460001","179363263.9553","3.4106999933719635","0","0"
"points250000-presentmon","off","1","180","179363264.07480001","179363269.3996","5.3247999846935272","0","0"
"points250000-presentmon","off","1","181","179363269.514","179363272.8389","3.3249000012874603","0","0"
"points250000-presentmon","off","1","182","179363272.95429999","179363276.07409999","3.1198000013828278","0","0"
"points250000-presentmon","off","1","183","179363276.23930001","179363280.07910001","3.8398000001907349","0","0"
"points250000-presentmon","off","1","184","179363280.245","179363284.43220001","4.1872000098228455","0","0"
"points250000-presentmon","off","1","185","179363284.5535","179363287.6221","3.0685999989509583","0","0"
"points250000-presentmon","off","1","186","179363287.74309999","179363290.52610001","2.7830000221729279","0","0"
"points250000-presentmon","off","1","187","179363290.64120001","179363293.5751","2.933899998664856","0","0"
"points250000-presentmon","off","1","188","179363293.7112","179363298.80129999","5.0900999903678894","0","0"
"points250000-presentmon","off","1","189","179363298.94400001","179363302.67210001","3.7281000018119812","0","0"
"points250000-presentmon","off","1","190","179363302.83559999","179363305.972","3.1364000141620636","0","0"
"points250000-presentmon","off","1","191","179363306.09670001","179363309.70899999","3.6122999787330627","0","0"
"points250000-presentmon","off","1","192","179363309.82879999","179363313.97060001","4.1418000161647797","0","0"
"points250000-presentmon","off","1","193","179363314.09729999","179363318.13960001","4.0423000156879425","0","0"
"points250000-presentmon","off","1","194","179363318.25639999","179363321.6728","3.4164000153541565","0","0"
"points250000-presentmon","off","1","195","179363321.78330001","179363324.889","3.1056999862194061","0","0"
"points250000-presentmon","off","1","196","179363324.99489999","179363330.77360001","5.7787000238895416","0","0"
"points250000-presentmon","off","1","197","179363330.92829999","179363335.20019999","4.2718999981880188","0","0"
"points250000-presentmon","off","1","198","179363335.32980001","179363338.79620001","3.4663999974727631","0","0"
"points250000-presentmon","off","1","199","179363338.9206","179363342.52669999","3.6060999929904938","0","0"
"points250000-presentmon","off","1","200","179363342.64719999","179363348.20550001","5.5583000183105469","0","0"
"points250000-presentmon","off","1","201","179363348.34549999","179363351.58579999","3.2402999997138977","0","0"
"points250000-presentmon","off","1","202","179363351.7031","179363354.99129999","3.2881999909877777","0","0"
"points250000-presentmon","off","1","203","179363355.10429999","179363358.2448","3.140500009059906","0","0"
"points250000-presentmon","off","1","204","179363358.42219999","179363363.47999999","5.0577999949455261","0","0"
"points250000-presentmon","off","1","205","179363363.62779999","179363366.3994","2.7716000080108643","0","0"
"points250000-presentmon","off","1","206","179363366.5214","179363369.1904","2.6689999997615814","0","0"
"points250000-presentmon","off","1","207","179363369.30160001","179363372.96380001","3.662200003862381","0","0"
"points250000-presentmon","off","1","208","179363373.07530001","179363377.15830001","4.0830000042915344","0","0"
"points250000-presentmon","off","1","209","179363377.27790001","179363381.40099999","4.1230999827384949","0","0"
"points250000-presentmon","off","1","210","179363381.51989999","179363384.60980001","3.089900016784668","0","0"
"points250000-presentmon","off","1","211","179363384.72080001","179363388.06420001","3.3434000015258789","0","0"
"points250000-presentmon","off","1","212","179363388.17379999","179363392.48289999","4.3091000020503998","0","0"
"points250000-presentmon","off","1","213","179363392.62259999","179363399.4145","6.7919000089168549","0","0"
"points250000-presentmon","off","1","214","179363399.65900001","179363403.11449999","3.4554999768733978","0","0"
"points250000-presentmon","off","1","215","179363403.2351","179363406.64039999","3.4052999913692474","0","0"
"points250000-presentmon","off","1","216","179363406.75670001","179363411.71489999","4.9581999778747559","0","0"
"points250000-presentmon","off","1","217","179363411.83989999","179363415.4052","3.5653000175952911","0","0"
"points250000-presentmon","off","1","218","179363415.53389999","179363418.829","3.2951000034809113","0","0"
"points250000-presentmon","off","1","219","179363418.94890001","179363422.1512","3.2022999823093414","0","0"
"points250000-presentmon","off","1","220","179363422.26300001","179363426.80340001","4.5403999984264374","0","0"
"points250000-presentmon","off","1","221","179363426.93270001","179363430.0314","3.0986999869346619","0","0"
"points250000-presentmon","off","1","222","179363430.15360001","179363432.9761","2.8224999904632568","0","0"
"points250000-presentmon","off","1","223","179363433.09540001","179363435.74079999","2.6453999876976013","0","0"
"points250000-presentmon","off","1","224","179363435.85080001","179363439.62079999","3.7699999809265137","0","0"
"points250000-presentmon","off","1","225","179363439.73390001","179363444.59990001","4.8659999966621399","0","0"
"points250000-presentmon","off","1","226","179363444.7392","179363448.45289999","3.713699996471405","0","0"
"points250000-presentmon","off","1","227","179363448.57319999","179363451.66569999","3.0925000011920929","0","0"
"points250000-presentmon","off","1","228","179363451.8249","179363456.77070001","4.9458000063896179","0","0"
"points250000-presentmon","off","1","229","179363456.88249999","179363460.45590001","3.5734000205993652","0","0"
"points250000-presentmon","off","1","230","179363460.5864","179363464.29049999","3.7040999829769135","0","0"
"points250000-presentmon","off","1","231","179363464.41060001","179363467.93630001","3.5257000029087067","0","0"
"points250000-presentmon","off","1","232","179363468.05599999","179363472.24149999","4.1854999959468842","0","0"
"points250000-presentmon","off","1","233","179363472.3601","179363475.9366","3.5764999985694885","0","0"
"points250000-presentmon","off","1","234","179363476.05630001","179363479.65439999","3.5980999767780304","0","0"
"points250000-presentmon","off","1","235","179363479.7723","179363482.65869999","2.8863999843597412","0","0"
"points250000-presentmon","off","1","236","179363482.7694","179363487.01010001","4.2407000064849854","0","0"
"points250000-presentmon","off","1","237","179363487.12290001","179363491.3294","4.2064999938011169","0","0"
"points250000-presentmon","off","1","238","179363491.44729999","179363494.67320001","3.2259000241756439","0","0"
"points250000-presentmon","off","1","239","179363494.81","179363497.7049","2.894899994134903","0","0"
"points250000-presentmon","off","1","240","179363497.82609999","179363500.6284","2.8023000061511993","0","0"
"points250000-presentmon","gw","1","1","179363761.36129999","179363780.4048","19.043500006198883","13.947100013494492","2"
"points250000-presentmon","gw","1","2","179363780.58739999","179363799.3369","18.749500006437302","13.708499997854233","2"
"points250000-presentmon","gw","1","3","179363799.51069999","179363819.78130001","20.270600020885468","13.749999970197678","2"
"points250000-presentmon","gw","1","4","179363819.9488","179363840.23410001","20.285300016403198","15.789800018072128","2"
"points250000-presentmon","gw","1","5","179363840.41710001","179363861.5679","21.150799989700317","13.905599981546402","2"
"points250000-presentmon","gw","1","6","179363861.755","179363882.2457","20.490700006484985","14.337100028991699","2"
"points250000-presentmon","gw","1","7","179363882.41","179363900.42840001","18.018400013446808","13.719200015068054","2"
"points250000-presentmon","gw","1","8","179363900.6223","179363921.14739999","20.525099992752075","14.051400005817413","2"
"points250000-presentmon","gw","1","9","179363921.37650001","179363944.03870001","22.662200003862381","14.292699992656708","2"
"points250000-presentmon","gw","1","10","179363944.25350001","179363964.4603","20.206799983978271","13.918499976396561","2"
"points250000-presentmon","gw","1","11","179363964.64309999","179363983.64649999","19.0033999979496","13.63579997420311","2"
"points250000-presentmon","gw","1","12","179363983.82429999","179364003.94409999","20.119800001382828","14.285700023174286","2"
"points250000-presentmon","gw","1","13","179364004.11790001","179364023.29319999","19.175299972295761","13.959199994802475","2"
"points250000-presentmon","gw","1","14","179364023.45730001","179364041.53740001","18.080099999904633","13.984499990940094","2"
"points250000-presentmon","gw","1","15","179364041.71970001","179364062.15599999","20.436299979686737","13.888899981975555","2"
"points250000-presentmon","gw","1","16","179364062.3576","179364081.08970001","18.732100009918213","14.008099973201752","2"
"points250000-presentmon","gw","1","17","179364081.2773","179364100.91080001","19.633500009775162","13.772499978542328","2"
"points250000-presentmon","gw","1","18","179364101.11269999","179364120.95519999","19.842500001192093","13.680700033903122","2"
"points250000-presentmon","gw","1","19","179364121.1196","179364140.92140001","19.801800012588501","14.400199979543686","2"
"points250000-presentmon","gw","1","20","179364141.13049999","179364160.84850001","19.718000024557114","13.905500024557114","2"
"points250000-presentmon","gw","1","21","179364161.0327","179364181.74919999","20.716499984264374","14.055599987506866","2"
"points250000-presentmon","gw","1","22","179364181.93079999","179364202.83109999","20.900299996137619","13.606799989938736","2"
"points250000-presentmon","gw","1","23","179364203.00060001","179364222.46700001","19.466399997472763","14.003800004720688","2"
"points250000-presentmon","gw","1","24","179364222.63460001","179364242.2001","19.565499991178513","14.091399997472763","2"
"points250000-presentmon","gw","1","25","179364242.41479999","179364261.48550001","19.070700019598007","14.58610001206398","2"
"points250000-presentmon","gw","1","26","179364261.67609999","179364280.7992","19.123100012540817","13.90719997882843","2"
"points250000-presentmon","gw","1","27","179364281.00690001","179364301.40599999","20.399099975824356","13.663700014352798","2"
"points250000-presentmon","gw","1","28","179364301.58239999","179364321.4249","19.842500001192093","13.777099996805191","2"
"points250000-presentmon","gw","1","29","179364321.58860001","179364341.8531","20.264499992132187","13.638999998569489","2"
"points250000-presentmon","gw","1","30","179364342.02309999","179364361.70590001","19.682800024747849","14.05730003118515","2"
"points250000-presentmon","gw","1","31","179364361.88510001","179364382.26789999","20.382799983024597","13.764700025320053","2"
"points250000-presentmon","gw","1","32","179364382.44960001","179364400.8712","18.421599984169006","13.748799979686737","2"
"points250000-presentmon","gw","1","33","179364401.12580001","179364421.57820001","20.452399998903275","13.680399984121323","2"
"points250000-presentmon","gw","1","34","179364421.76030001","179364441.04789999","19.287599980831146","13.785199999809265","2"
"points250000-presentmon","gw","1","35","179364441.2155","179364460.4014","19.185900002717972","13.733700007200241","2"
"points250000-presentmon","gw","1","36","179364460.59619999","179364479.85960001","19.263400018215179","13.899600028991699","2"
"points250000-presentmon","gw","1","37","179364480.03639999","179364497.43200001","17.395600020885468","14.059400022029877","2"
"points250000-presentmon","gw","1","38","179364497.6085","179364516.62720001","19.018700003623962","13.654100030660629","2"
"points250000-presentmon","gw","1","39","179364516.79280001","179364536.21450001","19.421700000762939","14.061699986457825","2"
"points250000-presentmon","gw","1","40","179364536.38870001","179364555.13780001","18.749099999666214","13.861000001430511","2"
"points250000-presentmon","gw","1","41","179364555.30880001","179364577.0896","21.780799984931946","14.449599981307983","2"
"points250000-presentmon","gw","1","42","179364577.30059999","179364596.20989999","18.909299999475479","13.861000001430511","2"
"points250000-presentmon","gw","1","43","179364596.39379999","179364616.8538","20.46000000834465","13.857700020074844","2"
"points250000-presentmon","gw","1","44","179364617.0318","179364638.18779999","21.15599998831749","13.868000030517578","2"
"points250000-presentmon","gw","1","45","179364638.3651","179364656.16429999","17.799199998378754","13.832300007343292","2"
"points250000-presentmon","gw","1","46","179364656.3281","179364677.0625","20.734400004148483","13.742799997329712","2"
"points250000-presentmon","gw","1","47","179364677.2904","179364697.85960001","20.56920000910759","13.974300026893616","2"
"points250000-presentmon","gw","1","48","179364698.03580001","179364716.2735","18.23769998550415","13.772499978542328","2"
"points250000-presentmon","gw","1","49","179364716.4443","179364736.99900001","20.554700016975403","13.592500001192093","2"
"points250000-presentmon","gw","1","50","179364737.2146","179364755.4497","18.235100001096725","13.735300004482269","2"
"points250000-presentmon","gw","1","51","179364755.6164","179364775.06529999","19.448899984359741","14.459299981594086","2"
"points250000-presentmon","gw","1","52","179364775.29409999","179364795.64989999","20.355800002813339","13.947200000286102","2"
"points250000-presentmon","gw","1","53","179364795.85429999","179364814.27579999","18.421499997377396","13.88019996881485","2"
"points250000-presentmon","gw","1","54","179364814.4655","179364836.43340001","21.967900007963181","14.637799978256226","2"
"points250000-presentmon","gw","1","55","179364836.6816","179364856.91319999","20.231599986553192","13.680599987506866","2"
"points250000-presentmon","gw","1","56","179364857.09130001","179364875.79910001","18.707800000905991","13.721099972724915","2"
"points250000-presentmon","gw","1","57","179364875.97749999","179364895.9711","19.993600010871887","13.665700018405914","2"
"points250000-presentmon","gw","1","58","179364896.14430001","179364915.68720001","19.542899996042252","13.751599997282028","2"
"points250000-presentmon","gw","1","59","179364915.83750001","179364933.5873","17.749799996614456","13.582399994134903","2"
"points250000-presentmon","gw","1","60","179364933.76550001","179364955.61539999","21.849899977445602","13.695399969816208","2"
"points250000-presentmon","gw","1","61","179364955.79710001","179364974.57429999","18.777199983596802","13.841800004243851","2"
"points250000-presentmon","gw","1","62","179364974.75060001","179364994.1336","19.382999986410141","14.566599994897842","2"
"points250000-presentmon","gw","1","63","179364994.31","179365011.7656","17.455599993467331","13.92560002207756","2"
"points250000-presentmon","gw","1","64","179365011.94400001","179365029.6331","17.689099997282028","13.74849995970726","2"
"points250000-presentmon","gw","1","65","179365029.82190001","179365049.94010001","20.1182000041008","15.272599995136261","2"
"points250000-presentmon","gw","1","66","179365050.12029999","179365070.37689999","20.256599992513657","13.746199995279312","2"
"points250000-presentmon","gw","1","67","179365070.54260001","179365087.9307","17.388099998235703","13.727899998426437","2"
"points250000-presentmon","gw","1","68","179365088.08829999","179365106.88170001","18.793400019407272","13.916200041770935","2"
"points250000-presentmon","gw","1","69","179365107.046","179365124.995","17.949000000953674","13.867300003767014","2"
"points250000-presentmon","gw","1","70","179365125.2146","179365143.8818","18.667199999094009","13.835900008678436","2"
"points250000-presentmon","gw","1","71","179365144.065","179365163.79280001","19.727800011634827","14.376199990510941","2"
"points250000-presentmon","gw","1","72","179365163.97760001","179365181.8371","17.859499990940094","13.733999967575073","2"
"points250000-presentmon","gw","1","73","179365181.99779999","179365201.45559999","19.457800000905991","13.901199996471405","2"
"points250000-presentmon","gw","1","74","179365201.6356","179365219.8944","18.258799999952316","14.116400003433228","2"
"points250000-presentmon","gw","1","75","179365220.06819999","179365239.35749999","19.289299994707108","14.745899975299835","2"
"points250000-presentmon","gw","1","76","179365239.528","179365258.0562","18.528200000524521","13.739500015974045","2"
"points250000-presentmon","gw","1","77","179365258.2247","179365276.90279999","18.678099989891052","13.864199995994568","2"
"points250000-presentmon","gw","1","78","179365277.09670001","179365296.35440001","19.257699996232986","13.825300008058548","2"
"points250000-presentmon","gw","1","79","179365296.53529999","179365314.83430001","18.299000024795532","13.868699997663498","2"
"points250000-presentmon","gw","1","80","179365314.99770001","179365333.32910001","18.331400007009506","13.801499992609024","2"
"points250000-presentmon","gw","1","81","179365333.50319999","179365355.23649999","21.733300000429153","14.28219997882843","2"
"points250000-presentmon","gw","1","82","179365355.4201","179365375.44499999","20.024899989366531","14.511100023984909","2"
"points250000-presentmon","gw","1","83","179365375.63940001","179365396.17649999","20.537099987268448","13.961499989032745","2"
"points250000-presentmon","gw","1","84","179365396.3707","179365416.54440001","20.173700004816055","14.597000002861023","2"
"points250000-presentmon","gw","1","85","179365416.71129999","179365434.71000001","17.998700022697449","13.736699998378754","2"
"points250000-presentmon","gw","1","86","179365434.88640001","179365454.03299999","19.146599978208542","13.888900011777878","2"
"points250000-presentmon","gw","1","87","179365454.20809999","179365472.2969","18.088800013065338","13.867200016975403","2"
"points250000-presentmon","gw","1","88","179365472.48230001","179365492.06959999","19.587299972772598","14.795399993658066","2"
"points250000-presentmon","gw","1","89","179365492.27829999","179365511.748","19.469700008630753","14.094099998474121","2"
"points250000-presentmon","gw","1","90","179365511.91190001","179365529.43399999","17.52209997177124","13.686400026082993","2"
"points250000-presentmon","gw","1","91","179365529.6083","179365548.57929999","18.970999985933304","13.713600009679794","2"
"points250000-presentmon","gw","1","92","179365548.74869999","179365567.37529999","18.626599997282028","13.999700039625168","2"
"points250000-presentmon","gw","1","93","179365567.57049999","179365586.67930001","19.108800023794174","13.779399991035461","2"
"points250000-presentmon","gw","1","94","179365586.85839999","179365606.86070001","20.002300024032593","13.971000015735626","2"
"points250000-presentmon","gw","1","95","179365607.0478","179365626.54460001","19.496800005435944","14.179200023412704","2"
"points250000-presentmon","gw","1","96","179365626.76660001","179365645.99340001","19.226799994707108","13.770399987697601","2"
"points250000-presentmon","gw","1","97","179365646.16929999","179365665.0891","18.919800013303757","13.812499970197678","2"
"points250000-presentmon","gw","1","98","179365665.26320001","179365690.88010001","25.616899996995926","13.987700015306473","2"
"points250000-presentmon","gw","1","99","179365691.04179999","179365710.37220001","19.330400019884109","13.727300018072128","2"
"points250000-presentmon","gw","1","100","179365710.55739999","179365729.9526","19.39520001411438","13.68299999833107","2"
"points250000-presentmon","gw","1","101","179365730.12180001","179365747.98679999","17.864999979734421","13.668099969625473","2"
"points250000-presentmon","gw","1","102","179365748.15259999","179365766.7432","18.59060001373291","13.867300003767014","2"
"points250000-presentmon","gw","1","103","179365766.92519999","179365785.12909999","18.203900009393692","13.78700003027916","2"
"points250000-presentmon","gw","1","104","179365785.30039999","179365804.9946","19.69420000910759","13.638499975204468","2"
"points250000-presentmon","gw","1","105","179365805.16929999","179365824.7516","19.582300007343292","14.351699978113174","2"
"points250000-presentmon","gw","1","106","179365824.93040001","179365844.1182","19.187799990177155","14.104900002479553","2"
"points250000-presentmon","gw","1","107","179365844.29589999","179365866.52540001","22.229500025510788","14.567000031471252","2"
"points250000-presentmon","gw","1","108","179365866.72240001","179365889.0817","22.35929998755455","13.588899999856949","2"
"points250000-presentmon","gw","1","109","179365889.27070001","179365907.51499999","18.244299978017807","13.80579999089241","2"
"points250000-presentmon","gw","1","110","179365907.683","179365927.9425","20.259499996900558","15.458600014448166","2"
"points250000-presentmon","gw","1","111","179365928.12","179365947.26930001","19.149300009012222","13.727200001478195","2"
"points250000-presentmon","gw","1","112","179365947.4526","179365965.39930001","17.946700006723404","13.629299998283386","2"
"points250000-presentmon","gw","1","113","179365965.5781","179365983.88999999","18.311899989843369","13.75409996509552","2"
"points250000-presentmon","gw","1","114","179365984.05849999","179366002.2687","18.210200011730194","13.74820002913475","2"
"points250000-presentmon","gw","1","115","179366002.44350001","179366020.95730001","18.513799995183945","13.792499959468842","2"
"points250000-presentmon","gw","1","116","179366021.12279999","179366040.58309999","19.460299998521805","13.719099998474121","2"
"points250000-presentmon","gw","1","117","179366040.75400001","179366059.1428","18.388799995183945","13.816500008106232","2"
"points250000-presentmon","gw","1","118","179366059.3233","179366077.9928","18.66949999332428","13.891299992799759","2"
"points250000-presentmon","gw","1","119","179366078.17070001","179366096.14430001","17.973600000143051","13.892800033092499","2"
"points250000-presentmon","gw","1","120","179366096.32080001","179366114.91639999","18.595599979162216","13.710399985313416","2"
"points250000-presentmon","gw","1","121","179366115.08950001","179366133.63890001","18.549400001764297","13.71440002322197","2"
"points250000-presentmon","gw","1","122","179366133.82030001","179366153.01159999","19.191299974918365","13.863600015640259","2"
"points250000-presentmon","gw","1","123","179366153.20100001","179366172.6313","19.430299997329712","13.797800004482269","2"
"points250000-presentmon","gw","1","124","179366172.8075","179366190.1433","17.335799992084503","13.612800031900406","2"
"points250000-presentmon","gw","1","125","179366190.30160001","179366209.55899999","19.25739997625351","13.753600001335144","2"
"points250000-presentmon","gw","1","126","179366209.72979999","179366229.88","20.150200009346008","13.685699999332428","2"
"points250000-presentmon","gw","1","127","179366230.05039999","179366249.99329999","19.942900002002716","13.880400002002716","2"
"points250000-presentmon","gw","1","128","179366250.17089999","179366271.6512","21.480300009250641","14.093800038099289","2"
"points250000-presentmon","gw","1","129","179366271.8732","179366292.01269999","20.139499992132187","13.721399992704391","2"
"points250000-presentmon","gw","1","130","179366292.27829999","179366311.85620001","19.577900022268295","14.050800025463104","2"
"points250000-presentmon","gw","1","131","179366312.0332","179366332.30019999","20.266999989748001","13.792599976062775","2"
"points250000-presentmon","gw","1","132","179366332.47479999","179366352.51280001","20.038000017404556","13.948900014162064","2"
"points250000-presentmon","gw","1","133","179366352.67930001","179366372.38240001","19.703099995851517","13.696499973535538","2"
"points250000-presentmon","gw","1","134","179366372.56009999","179366391.81830001","19.258200019598007","13.70619997382164","2"
"points250000-presentmon","gw","1","135","179366392.00569999","179366409.95339999","17.947699993848801","13.826400011777878","2"
"points250000-presentmon","gw","1","136","179366410.125","179366428.73370001","18.608700007200241","13.842500001192093","2"
"points250000-presentmon","gw","1","137","179366428.9043","179366448.3064","19.402099996805191","13.820500016212463","2"
"points250000-presentmon","gw","1","138","179366448.50310001","179366468.98339999","20.480299979448318","14.448999971151352","2"
"points250000-presentmon","gw","1","139","179366469.18869999","179366489.69260001","20.503900021314621","13.775000005960464","2"
"points250000-presentmon","gw","1","140","179366489.90009999","179366510.19260001","20.292500019073486","13.733899980783463","2"
"points250000-presentmon","gw","1","141","179366510.359","179366530.24849999","19.889499992132187","13.769899994134903","2"
"points250000-presentmon","gw","1","142","179366530.41600001","179366549.90599999","19.489999979734421","13.866099983453751","2"
"points250000-presentmon","gw","1","143","179366550.07390001","179366570.4517","20.377799987792969","13.915600031614304","2"
"points250000-presentmon","gw","1","144","179366570.64680001","179366589.47569999","18.82889997959137","13.708999991416931","2"
"points250000-presentmon","gw","1","145","179366589.64930001","179366610.24720001","20.597900003194809","14.033600002527237","2"
"points250000-presentmon","gw","1","146","179366610.426","179366629.93540001","19.509400010108948","13.955399990081787","2"
"points250000-presentmon","gw","1","147","179366630.12490001","179366649.38800001","19.263099998235703","13.74360004067421","2"
"points250000-presentmon","gw","1","148","179366649.56330001","179366669.79159999","20.228299975395203","13.976700037717819","2"
"points250000-presentmon","gw","1","149","179366669.9727","179366688.59490001","18.622200012207031","14.790799975395203","2"
"points250000-presentmon","gw","1","150","179366688.84580001","179366708.6767","19.830899983644485","13.905200004577637","2"
"points250000-presentmon","gw","1","151","179366708.86829999","179366728.98989999","20.1216000020504","13.699799984693527","2"
"points250000-presentmon","gw","1","152","179366729.15810001","179366747.66049999","18.502399981021881","13.792699992656708","2"
"points250000-presentmon","gw","1","153","179366747.83289999","179366767.92919999","20.096300005912781","13.808800011873245","2"
"points250000-presentmon","gw","1","154","179366768.11210001","179366788.08140001","19.969300001859665","13.835900008678436","2"
"points250000-presentmon","gw","1","155","179366788.24079999","179366808.33309999","20.092299997806549","13.721699982881546","2"
"points250000-presentmon","gw","1","156","179366808.55090001","179366828.8865","20.335599988698959","13.728799998760223","2"
"points250000-presentmon","gw","1","157","179366829.06600001","179366849.13569999","20.069699972867966","13.925799995660782","2"
"points250000-presentmon","gw","1","158","179366849.42269999","179366871.53639999","22.11370000243187","13.983799993991852","2"
"points250000-presentmon","gw","1","159","179366871.7746","179366891.52079999","19.746199995279312","13.752000004053116","2"
"points250000-presentmon","gw","1","160","179366891.70519999","179366909.71630001","18.011100023984909","13.785799980163574","2"
"points250000-presentmon","gw","1","161","179366909.89489999","179366929.21149999","19.316599994897842","13.747599959373474","2"
"points250000-presentmon","gw","1","162","179366929.3915","179366949.47310001","20.08160001039505","13.821199983358383","2"
"points250000-presentmon","gw","1","163","179366949.64579999","179366970.62380001","20.97800001502037","14.427500009536743","2"
"points250000-presentmon","gw","1","164","179366970.80930001","179366990.8549","20.04559999704361","13.734999984502792","2"
"points250000-presentmon","gw","1","165","179366991.02379999","179367011.34799999","20.324200004339218","13.774300009012222","2"
"points250000-presentmon","gw","1","166","179367011.51370001","179367030.56810001","19.054399996995926","14.041399985551834","2"
"points250000-presentmon","gw","1","167","179367030.74630001","179367051.17950001","20.433200001716614","13.817099988460541","2"
"points250000-presentmon","gw","1","168","179367051.35460001","179367071.72530001","20.370700001716614","13.630500018596649","2"
"points250000-presentmon","gw","1","169","179367071.91679999","179367091.4578","19.541000008583069","13.86259999871254","2"
"points250000-presentmon","gw","1","170","179367091.7369","179367114.05090001","22.314000010490417","15.277499973773956","2"
"points250000-presentmon","gw","1","171","179367114.222","179367133.90130001","19.679300010204315","13.902599990367889","2"
"points250000-presentmon","gw","1","172","179367134.10589999","179367154.03690001","19.931000024080276","13.982599973678589","2"
"points250000-presentmon","gw","1","173","179367154.2085","179367174.41960001","20.21110001206398","13.851799994707108","2"
"points250000-presentmon","gw","1","174","179367174.59","179367194.1548","19.56479999423027","13.815600037574768","2"
"points250000-presentmon","gw","1","175","179367194.33270001","179367213.74399999","19.411299973726273","13.928299963474274","2"
"points250000-presentmon","gw","1","176","179367213.90759999","179367233.2753","19.367700010538101","13.972600013017654","2"
"points250000-presentmon","gw","1","177","179367233.47049999","179367253.6284","20.157900005578995","13.982699990272522","2"
"points250000-presentmon","gw","1","178","179367253.80630001","179367274.05360001","20.247299998998642","13.847800016403198","2"
"points250000-presentmon","gw","1","179","179367274.24430001","179367294.22459999","19.980299979448318","14.287400007247925","2"
"points250000-presentmon","gw","1","180","179367294.42539999","179367314.95320001","20.527800023555756","14.004800021648407","2"
"points250000-presentmon","gw","1","181","179367315.15020001","179367334.6469","19.49669998884201","13.868499994277954","2"
"points250000-presentmon","gw","1","182","179367334.82609999","179367354.35960001","19.533500015735626","13.786199986934662","2"
"points250000-presentmon","gw","1","183","179367354.54679999","179367374.26269999","19.715900003910065","13.946500033140182","2"
"points250000-presentmon","gw","1","184","179367374.44819999","179367394.6155","20.167300015687943","13.816599994897842","2"
"points250000-presentmon","gw","1","185","179367394.7978","179367415.67399999","20.876199990510941","13.910100013017654","2"
"points250000-presentmon","gw","1","186","179367415.86179999","179367435.04210001","19.180300027132034","13.895700007677078","2"
"points250000-presentmon","gw","1","187","179367435.2326","179367455.26769999","20.035099983215332","14.287599951028824","2"
"points250000-presentmon","gw","1","188","179367455.4463","179367476.40509999","20.958799988031387","14.015599995851517","2"
"points250000-presentmon","gw","1","189","179367476.5851","179367495.41980001","18.834700018167496","13.701799988746643","2"
"points250000-presentmon","gw","1","190","179367495.62380001","179367517.38519999","21.761399984359741","15.263799995183945","2"
"points250000-presentmon","gw","1","191","179367517.55250001","179367537.2335","19.680999994277954","14.084600001573563","2"
"points250000-presentmon","gw","1","192","179367537.39750001","179367556.08050001","18.68299999833107","13.846199959516525","2"
"points250000-presentmon","gw","1","193","179367556.24380001","179367575.96619999","19.722399979829788","13.980100005865097","2"
"points250000-presentmon","gw","1","194","179367576.15329999","179367595.0821","18.928800016641617","13.892200022935867","2"
"points250000-presentmon","gw","1","195","179367595.26289999","179367616.2324","20.969500005245209","13.946000009775162","2"
"points250000-presentmon","gw","1","196","179367616.45770001","179367637.91170001","21.453999996185303","13.903800010681152","2"
"points250000-presentmon","gw","1","197","179367638.10530001","179367657.57120001","19.465900003910065","13.951499998569489","2"
"points250000-presentmon","gw","1","198","179367657.73989999","179367678.01750001","20.277600020170212","13.884299993515015","2"
"points250000-presentmon","gw","1","199","179367678.19949999","179367699.2272","21.027700006961823","14.016599982976913","2"
"points250000-presentmon","gw","1","200","179367699.40689999","179367719.80680001","20.399900019168854","14.548599988222122","2"
"points250000-presentmon","gw","1","201","179367719.984","179367740.24739999","20.263399988412857","13.884600013494492","2"
"points250000-presentmon","gw","1","202","179367740.42109999","179367760.4113","19.990200012922287","13.787200003862381","2"
"points250000-presentmon","gw","1","203","179367760.618","179367779.41800001","18.800000011920929","13.70660001039505","2"
"points250000-presentmon","gw","1","204","179367779.5941","179367798.697","19.102899998426437","14.015599995851517","2"
"points250000-presentmon","gw","1","205","179367798.89030001","179367817.18509999","18.294799983501434","13.765799999237061","2"
"points250000-presentmon","gw","1","206","179367817.35010001","179367836.63190001","19.281800001859665","13.758699983358383","2"
"points250000-presentmon","gw","1","207","179367836.7976","179367856.15380001","19.356200009584427","13.798700004816055","2"
"points250000-presentmon","gw","1","208","179367856.3274","179367875.55149999","19.22409999370575","13.817300021648407","2"
"points250000-presentmon","gw","1","209","179367875.72499999","179367895.47589999","19.750900000333786","13.644499987363815","2"
"points250000-presentmon","gw","1","210","179367895.6631","179367916.081","20.417899996042252","13.748199999332428","2"
"points250000-presentmon","gw","1","211","179367916.27020001","179367936.773","20.502799987792969","14.486599981784821","2"
"points250000-presentmon","gw","1","212","179367936.97420001","179367957.26840001","20.294200003147125","13.715599954128265","2"
"points250000-presentmon","gw","1","213","179367957.47060001","179367978.57429999","21.10369998216629","13.946400016546249","2"
"points250000-presentmon","gw","1","214","179367978.76429999","179367998.2186","19.45430001616478","14.025999993085861","2"
"points250000-presentmon","gw","1","215","179367998.4077","179368018.8242","20.416500002145767","13.889999985694885","2"
"points250000-presentmon","gw","1","216","179368019.01339999","179368039.0009","19.987500011920929","13.880399972200394","2"
"points250000-presentmon","gw","1","217","179368039.18309999","179368057.04359999","17.860500007867813","13.962099969387054","2"
"points250000-presentmon","gw","1","218","179368057.2146","179368075.94069999","18.726099997758865","13.818400025367737","2"
"points250000-presentmon","gw","1","219","179368076.11430001","179368095.8046","19.690299987792969","13.909899979829788","2"
"points250000-presentmon","gw","1","220","179368095.98069999","179368115.97119999","19.990500003099442","13.900999993085861","2"
"points250000-presentmon","gw","1","221","179368116.16670001","179368138.15189999","21.985199987888336","14.410699993371964","2"
"points250000-presentmon","gw","1","222","179368138.3461","179368158.398","20.051899999380112","13.963599979877472","2"
"points250000-presentmon","gw","1","223","179368158.6031","179368179.43610001","20.833000004291534","13.705600023269653","2"
"points250000-presentmon","gw","1","224","179368179.6076","179368199.33989999","19.732299983501434","13.733200013637543","2"
"points250000-presentmon","gw","1","225","179368199.52129999","179368218.22080001","18.699500024318695","13.720500022172928","2"
"points250000-presentmon","gw","1","226","179368218.3784","179368238.79530001","20.416900008916855","13.812799990177155","2"
"points250000-presentmon","gw","1","227","179368238.97139999","179368258.14700001","19.17560002207756","14.037299990653992","2"
"points250000-presentmon","gw","1","228","179368258.3452","179368277.27810001","18.932900011539459","13.825400024652481","2"
"points250000-presentmon","gw","1","229","179368277.45390001","179368296.00650001","18.552599996328354","13.919999986886978","2"
"points250000-presentmon","gw","1","230","179368296.18259999","179368314.8608","18.678200006484985","13.803399980068207","2"
"points250000-presentmon","gw","1","231","179368315.04249999","179368336.94639999","21.903899997472763","13.845999985933304","2"
"points250000-presentmon","gw","1","232","179368337.1309","179368357.4224","20.291500002145767","14.176699995994568","2"
"points250000-presentmon","gw","1","233","179368357.6004","179368377.15669999","19.556299984455109","13.852199971675873","2"
"points250000-presentmon","gw","1","234","179368377.3346","179368396.83329999","19.498699992895126","13.830699980258942","2"
"points250000-presentmon","gw","1","235","179368397.00150001","179368416.32800001","19.326499998569489","13.965900003910065","2"
"points250000-presentmon","gw","1","236","179368416.49430001","179368436.00330001","19.50900000333786","13.837300032377243","2"
"points250000-presentmon","gw","1","237","179368436.23379999","179368457.03960001","20.805800020694733","14.099500000476837","2"
"points250000-presentmon","gw","1","238","179368457.22319999","179368477.715","20.491800010204315","13.736900001764297","2"
"points250000-presentmon","gw","1","239","179368477.89660001","179368496.22310001","18.326499998569489","13.80239999294281","2"
"points250000-presentmon","gw","1","240","179368496.40329999","179368514.89739999","18.494100004434586","13.745100021362305","2"
"points250000-presentmon","retained","1","1","179368569.12020001","179368572.52869999","3.4084999859333038","0","0"
"points250000-presentmon","retained","1","2","179368572.70649999","179368576.01100001","3.304500013589859","0","0"
"points250000-presentmon","retained","1","3","179368576.15310001","179368580.45919999","4.3060999810695648","0","0"
"points250000-presentmon","retained","1","4","179368580.58840001","179368585.12990001","4.5415000021457672","0","0"
"points250000-presentmon","retained","1","5","179368585.23859999","179368588.6234","3.3848000168800354","0","0"
"points250000-presentmon","retained","1","6","179368588.73390001","179368591.89469999","3.1607999801635742","0","0"
"points250000-presentmon","retained","1","7","179368591.99860001","179368595.60420001","3.6055999994277954","0","0"
"points250000-presentmon","retained","1","8","179368595.76280001","179368600.31580001","4.5530000030994415","0","0"
"points250000-presentmon","retained","1","9","179368600.43439999","179368603.10870001","2.6743000149726868","0","0"
"points250000-presentmon","retained","1","10","179368603.21509999","179368605.83379999","2.6186999976634979","0","0"
"points250000-presentmon","retained","1","11","179368605.9391","179368610.06940001","4.1303000152111053","0","0"
"points250000-presentmon","retained","1","12","179368610.19949999","179368615.30860001","5.1091000139713287","0","0"
"points250000-presentmon","retained","1","13","179368615.4454","179368619.21540001","3.7700000107288361","0","0"
"points250000-presentmon","retained","1","14","179368619.3362","179368622.8452","3.5090000033378601","0","0"
"points250000-presentmon","retained","1","15","179368622.96239999","179368627.23559999","4.2732000052928925","0","0"
"points250000-presentmon","retained","1","16","179368627.3987","179368633.0905","5.6917999982833862","0","0"
"points250000-presentmon","retained","1","17","179368633.22940001","179368636.8633","3.633899986743927","0","0"
"points250000-presentmon","retained","1","18","179368636.97310001","179368640.6196","3.6464999914169312","0","0"
"points250000-presentmon","retained","1","19","179368640.72839999","179368645.7502","5.0218000113964081","0","0"
"points250000-presentmon","retained","1","20","179368645.8942","179368649.8154","3.9212000072002411","0","0"
"points250000-presentmon","retained","1","21","179368649.93900001","179368653.4919","3.5528999865055084","0","0"
"points250000-presentmon","retained","1","22","179368653.60589999","179368657.1938","3.5879000127315521","0","0"
"points250000-presentmon","retained","1","23","179368657.34509999","179368670.0411","12.696000009775162","0","0"
"points250000-presentmon","retained","1","24","179368670.2229","179368673.4522","3.2292999923229218","0","0"
"points250000-presentmon","retained","1","25","179368673.56459999","179368677.51890001","3.9543000161647797","0","0"
"points250000-presentmon","retained","1","26","179368677.6397","179368681.4427","3.8030000030994415","0","0"
"points250000-presentmon","retained","1","27","179368681.56200001","179368685.3845","3.8224999904632568","0","0"
"points250000-presentmon","retained","1","28","179368685.49200001","179368689.55320001","4.0611999928951263","0","0"
"points250000-presentmon","retained","1","29","179368689.66980001","179368695.33750001","5.6676999926567078","0","0"
"points250000-presentmon","retained","1","30","179368695.48140001","179368699.25830001","3.7768999934196472","0","0"
"points250000-presentmon","retained","1","31","179368699.3716","179368702.18520001","2.8136000037193298","0","0"
"points250000-presentmon","retained","1","32","179368702.29269999","179368707.69319999","5.4004999995231628","0","0"
"points250000-presentmon","retained","1","33","179368707.8057","179368712.49829999","4.6925999820232391","0","0"
"points250000-presentmon","retained","1","34","179368712.62799999","179368715.845","3.2170000076293945","0","0"
"points250000-presentmon","retained","1","35","179368715.95680001","179368719.77410001","3.8172999918460846","0","0"
"points250000-presentmon","retained","1","36","179368719.88479999","179368725.19170001","5.3069000244140625","0","0"
"points250000-presentmon","retained","1","37","179368725.31119999","179368728.8265","3.5153000056743622","0","0"
"points250000-presentmon","retained","1","38","179368728.9524","179368732.16119999","3.2087999880313873","0","0"
"points250000-presentmon","retained","1","39","179368732.27649999","179368735.1304","2.8539000153541565","0","0"
"points250000-presentmon","retained","1","40","179368735.2421","179368739.1275","3.8853999972343445","0","0"
"points250000-presentmon","retained","1","41","179368739.23429999","179368742.09220001","2.8579000234603882","0","0"
"points250000-presentmon","retained","1","42","179368742.2191","179368745.2394","3.0203000009059906","0","0"
"points250000-presentmon","retained","1","43","179368745.35389999","179368748.15000001","2.7961000204086304","0","0"
"points250000-presentmon","retained","1","44","179368748.25940001","179368752.39430001","4.1349000036716461","0","0"
"points250000-presentmon","retained","1","45","179368752.5009","179368757.9235","5.4226000010967255","0","0"
"points250000-presentmon","retained","1","46","179368758.04390001","179368762.9709","4.9269999861717224","0","0"
"points250000-presentmon","retained","1","47","179368763.17649999","179368767.58090001","4.4044000208377838","0","0"
"points250000-presentmon","retained","1","48","179368767.71869999","179368772.67359999","4.9548999965190887","0","0"
"points250000-presentmon","retained","1","49","179368772.78479999","179368776.48559999","3.7008000016212463","0","0"
"points250000-presentmon","retained","1","50","179368776.60879999","179368780.2288","3.6200000047683716","0","0"
"points250000-presentmon","retained","1","51","179368780.3387","179368785.47229999","5.1335999965667725","0","0"
"points250000-presentmon","retained","1","52","179368785.58750001","179368790.03619999","4.4486999809741974","0","0"
"points250000-presentmon","retained","1","53","179368790.14469999","179368793.47780001","3.3331000208854675","0","0"
"points250000-presentmon","retained","1","54","179368793.60679999","179368796.88850001","3.2817000150680542","0","0"
"points250000-presentmon","retained","1","55","179368797.00839999","179368800.5449","3.5365000069141388","0","0"
"points250000-presentmon","retained","1","56","179368800.65889999","179368803.59","2.9311000108718872","0","0"
"points250000-presentmon","retained","1","57","179368803.72729999","179368806.41060001","2.6833000183105469","0","0"
"points250000-presentmon","retained","1","58","179368806.51519999","179368809.48930001","2.9741000235080719","0","0"
"points250000-presentmon","retained","1","59","179368809.60299999","179368812.54980001","2.946800023317337","0","0"
"points250000-presentmon","retained","1","60","179368812.6825","179368817.01660001","4.3341000080108643","0","0"
"points250000-presentmon","retained","1","61","179368817.12940001","179368819.949","2.819599986076355","0","0"
"points250000-presentmon","retained","1","62","179368820.0636","179368823.61109999","3.5474999845027924","0","0"
"points250000-presentmon","retained","1","63","179368823.71810001","179368827.54910001","3.8310000002384186","0","0"
"points250000-presentmon","retained","1","64","179368827.68340001","179368832.39210001","4.7087000012397766","0","0"
"points250000-presentmon","retained","1","65","179368832.51199999","179368836.7617","4.2497000098228455","0","0"
"points250000-presentmon","retained","1","66","179368836.87799999","179368840.30149999","3.4235000014305115","0","0"
"points250000-presentmon","retained","1","67","179368840.40650001","179368844.43599999","4.0294999778270721","0","0"
"points250000-presentmon","retained","1","68","179368844.57929999","179368850.17179999","5.5925000011920929","0","0"
"points250000-presentmon","retained","1","69","179368850.30160001","179368854.52489999","4.2232999801635742","0","0"
"points250000-presentmon","retained","1","70","179368854.6428","179368857.75580001","3.1130000054836273","0","0"
"points250000-presentmon","retained","1","71","179368857.86610001","179368862.44350001","4.5773999989032745","0","0"
"points250000-presentmon","retained","1","72","179368862.57879999","179368866.16010001","3.5813000202178955","0","0"
"points250000-presentmon","retained","1","73","179368866.28130001","179368870.287","4.0056999921798706","0","0"
"points250000-presentmon","retained","1","74","179368870.4465","179368873.78130001","3.3348000049591064","0","0"
"points250000-presentmon","retained","1","75","179368873.8928","179368878.6999","4.8070999979972839","0","0"
"points250000-presentmon","retained","1","76","179368878.83759999","179368881.71540001","2.8778000175952911","0","0"
"points250000-presentmon","retained","1","77","179368881.82620001","179368884.98890001","3.1626999974250793","0","0"
"points250000-presentmon","retained","1","78","179368885.09380001","179368888.0429","2.949099987745285","0","0"
"points250000-presentmon","retained","1","79","179368888.15270001","179368890.91569999","2.7629999816417694","0","0"
"points250000-presentmon","retained","1","80","179368891.02320001","179368895.7351","4.711899995803833","0","0"
"points250000-presentmon","retained","1","81","179368895.86539999","179368899.67730001","3.8119000196456909","0","0"
"points250000-presentmon","retained","1","82","179368899.79089999","179368902.8319","3.0410000085830688","0","0"
"points250000-presentmon","retained","1","83","179368902.9456","179368906.73649999","3.7908999919891357","0","0"
"points250000-presentmon","retained","1","84","179368906.875","179368911.9682","5.0931999981403351","0","0"
"points250000-presentmon","retained","1","85","179368912.0846","179368915.90650001","3.8219000101089478","0","0"
"points250000-presentmon","retained","1","86","179368916.01859999","179368919.4172","3.3986000120639801","0","0"
"points250000-presentmon","retained","1","87","179368919.52579999","179368922.86880001","3.3430000245571136","0","0"
"points250000-presentmon","retained","1","88","179368922.98969999","179368928.28080001","5.291100025177002","0","0"
"points250000-presentmon","retained","1","89","179368928.41","179368932.2764","3.8664000034332275","0","0"
"points250000-presentmon","retained","1","90","179368932.3926","179368936.3362","3.9435999989509583","0","0"
"points250000-presentmon","retained","1","91","179368936.45539999","179368941.6083","5.1529000103473663","0","0"
"points250000-presentmon","retained","1","92","179368941.78729999","179368945.3398","3.5525000095367432","0","0"
"points250000-presentmon","retained","1","93","179368945.47409999","179368948.7498","3.2757000029087067","0","0"
"points250000-presentmon","retained","1","94","179368948.87270001","179368952.0079","3.1351999938488007","0","0"
"points250000-presentmon","retained","1","95","179368952.1234","179368955.71950001","3.5961000025272369","0","0"
"points250000-presentmon","retained","1","96","179368955.8364","179368958.6798","2.8434000015258789","0","0"
"points250000-presentmon","retained","1","97","179368958.82269999","179368962.32480001","3.502100020647049","0","0"
"points250000-presentmon","retained","1","98","179368962.44690001","179368965.3759","2.9289999902248383","0","0"
"points250000-presentmon","retained","1","99","179368965.49169999","179368968.10789999","2.6162000000476837","0","0"
"points250000-presentmon","retained","1","100","179368968.2218","179368973.23660001","5.0148000121116638","0","0"
"points250000-presentmon","retained","1","101","179368973.3849","179368977.38","3.9950999915599823","0","0"
"points250000-presentmon","retained","1","102","179368977.51449999","179368981.85569999","4.3411999940872192","0","0"
"points250000-presentmon","retained","1","103","179368981.97530001","179368985.92449999","3.9491999745368958","0","0"
"points250000-presentmon","retained","1","104","179368986.04269999","179368990.5537","4.511000007390976","0","0"
"points250000-presentmon","retained","1","105","179368990.67429999","179368995.4224","4.7481000125408173","0","0"
"points250000-presentmon","retained","1","106","179368995.56760001","179369000.00299999","4.435399979352951","0","0"
"points250000-presentmon","retained","1","107","179369000.14230001","179369005.98899999","5.846699982881546","0","0"
"points250000-presentmon","retained","1","108","179369006.11300001","179369009.69389999","3.5808999836444855","0","0"
"points250000-presentmon","retained","1","109","179369009.8195","179369014.60699999","4.7874999940395355","0","0"
"points250000-presentmon","retained","1","110","179369014.73730001","179369018.75029999","4.0129999816417694","0","0"
"points250000-presentmon","retained","1","111","179369018.86880001","179369022.41409999","3.5452999770641327","0","0"
"points250000-presentmon","retained","1","112","179369022.52770001","179369025.65329999","3.1255999803543091","0","0"
"points250000-presentmon","retained","1","113","179369025.77000001","179369029.30829999","3.5382999777793884","0","0"
"points250000-presentmon","retained","1","114","179369029.4269","179369032.3479","2.9210000038146973","0","0"
"points250000-presentmon","retained","1","115","179369032.59470001","179369036.63339999","4.0386999845504761","0","0"
"points250000-presentmon","retained","1","116","179369036.74579999","179369039.46709999","2.7213000059127808","0","0"
"points250000-presentmon","retained","1","117","179369039.58050001","179369043.51730001","3.9368000030517578","0","0"
"points250000-presentmon","retained","1","118","179369043.64089999","179369048.7272","5.0863000154495239","0","0"
"points250000-presentmon","retained","1","119","179369048.8434","179369053.67089999","4.8274999856948853","0","0"
"points250000-presentmon","retained","1","120","179369053.78839999","179369057.2466","3.4582000076770782","0","0"
"points250000-presentmon","retained","1","121","179369057.35820001","179369061.97","4.6117999851703644","0","0"
"points250000-presentmon","retained","1","122","179369062.10170001","179369066.85749999","4.7557999789714813","0","0"
"points250000-presentmon","retained","1","123","179369066.98359999","179369070.25839999","3.2748000025749207","0","0"
"points250000-presentmon","retained","1","124","179369070.37639999","179369074.0979","3.7215000092983246","0","0"
"points250000-presentmon","retained","1","125","179369074.2119","179369078.34380001","4.1319000124931335","0","0"
"points250000-presentmon","retained","1","126","179369078.46020001","179369082.59369999","4.1334999799728394","0","0"
"points250000-presentmon","retained","1","127","179369082.7067","179369086.43169999","3.7249999940395355","0","0"
"points250000-presentmon","retained","1","128","179369086.5431","179369089.94960001","3.4065000116825104","0","0"
"points250000-presentmon","retained","1","129","179369090.07339999","179369095.20390001","5.1305000185966492","0","0"
"points250000-presentmon","retained","1","130","179369095.34619999","179369098.5555","3.2093000113964081","0","0"
"points250000-presentmon","retained","1","131","179369098.71169999","179369101.66940001","2.9577000141143799","0","0"
"points250000-presentmon","retained","1","132","179369101.80599999","179369104.63440001","2.8284000158309937","0","0"
"points250000-presentmon","retained","1","133","179369104.74829999","179369107.47909999","2.7308000028133392","0","0"
"points250000-presentmon","retained","1","134","179369107.5909","179369110.90239999","3.3114999830722809","0","0"
"points250000-presentmon","retained","1","135","179369111.01640001","179369115.0663","4.0498999953269958","0","0"
"points250000-presentmon","retained","1","136","179369115.18290001","179369118.24790001","3.0649999976158142","0","0"
"points250000-presentmon","retained","1","137","179369118.35859999","179369122.1591","3.8005000054836273","0","0"
"points250000-presentmon","retained","1","138","179369122.26730001","179369126.7888","4.5214999914169312","0","0"
"points250000-presentmon","retained","1","139","179369126.93799999","179369131.86430001","4.9263000190258026","0","0"
"points250000-presentmon","retained","1","140","179369131.97960001","179369135.4691","3.4894999861717224","0","0"
"points250000-presentmon","retained","1","141","179369135.59490001","179369139.39469999","3.7997999787330627","0","0"
"points250000-presentmon","retained","1","142","179369139.505","179369144.45179999","4.9467999935150146","0","0"
"points250000-presentmon","retained","1","143","179369144.6124","179369150.0609","5.448500007390976","0","0"
"points250000-presentmon","retained","1","144","179369150.1891","179369153.42840001","3.239300012588501","0","0"
"points250000-presentmon","retained","1","145","179369153.5808","179369157.947","4.3662000000476837","0","0"
"points250000-presentmon","retained","1","146","179369158.06099999","179369163.1927","5.1317000091075897","0","0"
"points250000-presentmon","retained","1","147","179369163.3351","179369166.67680001","3.34170001745224","0","0"
"points250000-presentmon","retained","1","148","179369166.79879999","179369170.13909999","3.3402999937534332","0","0"
"points250000-presentmon","retained","1","149","179369170.25799999","179369173.7683","3.5103000104427338","0","0"
"points250000-presentmon","retained","1","150","179369173.88339999","179369176.9427","3.0593000054359436","0","0"
"points250000-presentmon","retained","1","151","179369177.06810001","179369180.05880001","2.9907000064849854","0","0"
"points250000-presentmon","retained","1","152","179369180.18279999","179369183.11379999","2.9309999942779541","0","0"
"points250000-presentmon","retained","1","153","179369183.25060001","179369186.62169999","3.371099978685379","0","0"
"points250000-presentmon","retained","1","154","179369186.7315","179369189.52849999","2.796999990940094","0","0"
"points250000-presentmon","retained","1","155","179369189.6397","179369194.46630001","4.8266000151634216","0","0"
"points250000-presentmon","retained","1","156","179369194.60879999","179369197.7017","3.0929000079631805","0","0"
"points250000-presentmon","retained","1","157","179369197.8231","179369201.57890001","3.7558000087738037","0","0"
"points250000-presentmon","retained","1","158","179369201.71540001","179369205.76539999","4.0499999821186066","0","0"
"points250000-presentmon","retained","1","159","179369205.8784","179369210.57179999","4.6933999955654144","0","0"
"points250000-presentmon","retained","1","160","179369210.70550001","179369214.61160001","3.9061000049114227","0","0"
"points250000-presentmon","retained","1","161","179369214.7358","179369218.75049999","4.0146999955177307","0","0"
"points250000-presentmon","retained","1","162","179369218.86520001","179369223.21059999","4.3453999757766724","0","0"
"points250000-presentmon","retained","1","163","179369223.3294","179369229.59540001","6.2660000026226044","0","0"
"points250000-presentmon","retained","1","164","179369229.7326","179369233.4269","3.6942999958992004","0","0"
"points250000-presentmon","retained","1","165","179369233.54859999","179369237.7834","4.2348000109195709","0","0"
"points250000-presentmon","retained","1","166","179369237.89660001","179369243.07570001","5.1791000068187714","0","0"
"points250000-presentmon","retained","1","167","179369243.21239999","179369246.40630001","3.1939000189304352","0","0"
"points250000-presentmon","retained","1","168","179369246.52520001","179369249.31220001","2.7870000004768372","0","0"
"points250000-presentmon","retained","1","169","179369249.42930001","179369252.39129999","2.9619999825954437","0","0"
"points250000-presentmon","retained","1","170","179369252.50279999","179369255.3601","2.8573000133037567","0","0"
"points250000-presentmon","retained","1","171","179369255.4698","179369259.96540001","4.4956000149250031","0","0"
"points250000-presentmon","retained","1","172","179369260.1363","179369263.21970001","3.0834000110626221","0","0"
"points250000-presentmon","retained","1","173","179369263.33840001","179369267.10519999","3.7667999863624573","0","0"
"points250000-presentmon","retained","1","174","179369267.2209","179369271.5756","4.3546999990940094","0","0"
"points250000-presentmon","retained","1","175","179369271.6855","179369275.99599999","4.3104999959468842","0","0"
"points250000-presentmon","retained","1","176","179369276.1119","179369279.52810001","3.4162000119686127","0","0"
"points250000-presentmon","retained","1","177","179369279.6415","179369283.36199999","3.7204999923706055","0","0"
"points250000-presentmon","retained","1","178","179369283.47999999","179369287.45539999","3.9754000008106232","0","0"
"points250000-presentmon","retained","1","179","179369287.5661","179369293.2773","5.7111999988555908","0","0"
"points250000-presentmon","retained","1","180","179369293.41909999","179369296.7225","3.3034000098705292","0","0"
"points250000-presentmon","retained","1","181","179369296.8409","179369301.27070001","4.4298000037670135","0","0"
"points250000-presentmon","retained","1","182","179369301.38080001","179369306.01710001","4.6362999975681305","0","0"
"points250000-presentmon","retained","1","183","179369306.12709999","179369309.61809999","3.4909999966621399","0","0"
"points250000-presentmon","retained","1","184","179369309.7403","179369313.14340001","3.4031000137329102","0","0"
"points250000-presentmon","retained","1","185","179369313.26089999","179369317.9447","4.6838000118732452","0","0"
"points250000-presentmon","retained","1","186","179369318.06420001","179369321.05520001","2.9909999966621399","0","0"
"points250000-presentmon","retained","1","187","179369321.1724","179369323.88229999","2.7098999917507172","0","0"
"points250000-presentmon","retained","1","188","179369323.993","179369326.81330001","2.8203000128269196","0","0"
"points250000-presentmon","retained","1","189","179369326.93669999","179369330.39489999","3.4582000076770782","0","0"
"points250000-presentmon","retained","1","190","179369330.50929999","179369334.7676","4.2583000063896179","0","0"
"points250000-presentmon","retained","1","191","179369334.88940001","179369338.09259999","3.2031999826431274","0","0"
"points250000-presentmon","retained","1","192","179369338.2114","179369342.0307","3.8192999958992004","0","0"
"points250000-presentmon","retained","1","193","179369342.21740001","179369346.92410001","4.7066999971866608","0","0"
"points250000-presentmon","retained","1","194","179369347.0722","179369352.45460001","5.3824000060558319","0","0"
"points250000-presentmon","retained","1","195","179369352.579","179369356.1358","3.5568000078201294","0","0"
"points250000-presentmon","retained","1","196","179369356.25330001","179369359.7696","3.5162999927997589","0","0"
"points250000-presentmon","retained","1","197","179369359.8973","179369363.6376","3.7402999997138977","0","0"
"points250000-presentmon","retained","1","198","179369363.7581","179369368.63049999","4.8723999857902527","0","0"
"points250000-presentmon","retained","1","199","179369368.74689999","179369371.90169999","3.1547999978065491","0","0"
"points250000-presentmon","retained","1","200","179369372.05860001","179369375.73190001","3.6732999980449677","0","0"
"points250000-presentmon","retained","1","201","179369375.84909999","179369379.84330001","3.9942000210285187","0","0"
"points250000-presentmon","retained","1","202","179369379.95879999","179369385.25799999","5.2991999983787537","0","0"
"points250000-presentmon","retained","1","203","179369385.3761","179369388.50409999","3.1279999911785126","0","0"
"points250000-presentmon","retained","1","204","179369388.62360001","179369391.64809999","3.0244999825954437","0","0"
"points250000-presentmon","retained","1","205","179369391.80469999","179369395.79429999","3.9896000027656555","0","0"
"points250000-presentmon","retained","1","206","179369395.9359","179369398.9427","3.0067999958992004","0","0"
"points250000-presentmon","retained","1","207","179369399.06110001","179369401.7789","2.7177999913692474","0","0"
"points250000-presentmon","retained","1","208","179369401.8919","179369404.90830001","3.016400009393692","0","0"
"points250000-presentmon","retained","1","209","179369405.02020001","179369407.85030001","2.8300999999046326","0","0"
"points250000-presentmon","retained","1","210","179369407.9594","179369411.22889999","3.2694999873638153","0","0"
"points250000-presentmon","retained","1","211","179369411.34670001","179369415.7674","4.4206999838352203","0","0"
"points250000-presentmon","retained","1","212","179369415.8809","179369419.11179999","3.23089998960495","0","0"
"points250000-presentmon","retained","1","213","179369419.22279999","179369422.87709999","3.6543000042438507","0","0"
"points250000-presentmon","retained","1","214","179369422.99090001","179369426.13679999","3.1458999812602997","0","0"
"points250000-presentmon","retained","1","215","179369426.31779999","179369432.45590001","6.1381000280380249","0","0"
"points250000-presentmon","retained","1","216","179369432.59209999","179369435.80930001","3.2172000110149384","0","0"
"points250000-presentmon","retained","1","217","179369435.9316","179369439.51429999","3.5826999843120575","0","0"
"points250000-presentmon","retained","1","218","179369439.62169999","179369445.88620001","6.2645000219345093","0","0"
"points250000-presentmon","retained","1","219","179369446.04449999","179369449.965","3.9205000102519989","0","0"
"points250000-presentmon","retained","1","220","179369450.09990001","179369453.70640001","3.6064999997615814","0","0"
"points250000-presentmon","retained","1","221","179369453.8238","179369457.78760001","3.9638000130653381","0","0"
"points250000-presentmon","retained","1","222","179369457.92570001","179369463.07620001","5.1504999995231628","0","0"
"points250000-presentmon","retained","1","223","179369463.215","179369466.5589","3.3438999950885773","0","0"
"points250000-presentmon","retained","1","224","179369466.68880001","179369469.8732","3.1843999922275543","0","0"
"points250000-presentmon","retained","1","225","179369469.98649999","179369472.8691","2.8826000094413757","0","0"
"points250000-presentmon","retained","1","226","179369472.98339999","179369477.447","4.4636000096797943","0","0"
"points250000-presentmon","retained","1","227","179369477.5729","179369480.38260001","2.8097000122070312","0","0"
"points250000-presentmon","retained","1","228","179369480.50049999","179369483.73930001","3.2388000190258026","0","0"
"points250000-presentmon","retained","1","229","179369483.8522","179369486.79730001","2.9451000094413757","0","0"
"points250000-presentmon","retained","1","230","179369486.905","179369491.63260001","4.7276000082492828","0","0"
"points250000-presentmon","retained","1","231","179369491.75260001","179369495.85929999","4.1066999733448029","0","0"
"points250000-presentmon","retained","1","232","179369495.99950001","179369499.4542","3.4546999931335449","0","0"
"points250000-presentmon","retained","1","233","179369499.57620001","179369502.77379999","3.1975999772548676","0","0"
"points250000-presentmon","retained","1","234","179369502.8962","179369508.52970001","5.6335000097751617","0","0"
"points250000-presentmon","retained","1","235","179369508.68880001","179369512.34760001","3.6588000059127808","0","0"
"points250000-presentmon","retained","1","236","179369512.46450001","179369515.98649999","3.5219999849796295","0","0"
"points250000-presentmon","retained","1","237","179369516.10089999","179369519.9021","3.8012000024318695","0","0"
"points250000-presentmon","retained","1","238","179369520.01769999","179369524.8152","4.7975000143051147","0","0"
"points250000-presentmon","retained","1","239","179369524.94999999","179369528.88620001","3.9362000226974487","0","0"
"points250000-presentmon","retained","1","240","179369529.01010001","179369532.373","3.3628999888896942","0","0"
"points250000-presentmon","retained","2","1","179369580.22049999","179369584.5106","4.2901000082492828","0","0"
"points250000-presentmon","retained","2","2","179369584.68779999","179369588.47389999","3.7861000001430511","0","0"
"points250000-presentmon","retained","2","3","179369588.61719999","179369591.97839999","3.3612000048160553","0","0"
"points250000-presentmon","retained","2","4","179369592.12310001","179369596.44100001","4.3179000020027161","0","0"
"points250000-presentmon","retained","2","5","179369596.59889999","179369602.26449999","5.6656000018119812","0","0"
"points250000-presentmon","retained","2","6","179369602.41029999","179369606.90059999","4.4902999997138977","0","0"
"points250000-presentmon","retained","2","7","179369607.03150001","179369610.3996","3.3680999875068665","0","0"
"points250000-presentmon","retained","2","8","179369610.53130001","179369613.5018","2.9704999923706055","0","0"
"points250000-presentmon","retained","2","9","179369613.6284","179369617.3062","3.6777999997138977","0","0"
"points250000-presentmon","retained","2","10","179369617.42429999","179369620.3752","2.9509000182151794","0","0"
"points250000-presentmon","retained","2","11","179369620.49090001","179369623.24399999","2.7530999779701233","0","0"
"points250000-presentmon","retained","2","12","179369623.36289999","179369627.46970001","4.1068000197410583","0","0"
"points250000-presentmon","retained","2","13","179369627.6259","179369633.20120001","5.575300008058548","0","0"
"points250000-presentmon","retained","2","14","179369633.3301","179369637.68669999","4.3565999865531921","0","0"
"points250000-presentmon","retained","2","15","179369637.8132","179369641.35010001","3.5369000136852264","0","0"
"points250000-presentmon","retained","2","16","179369641.46520001","179369646.08759999","4.6223999857902527","0","0"
"points250000-presentmon","retained","2","17","179369646.25099999","179369651.50229999","5.2513000071048737","0","0"
"points250000-presentmon","retained","2","18","179369651.62850001","179369654.7265","3.0979999899864197","0","0"
"points250000-presentmon","retained","2","19","179369654.84150001","179369658.5187","3.6771999895572662","0","0"
"points250000-presentmon","retained","2","20","179369658.63940001","179369665.0411","6.4016999900341034","0","0"
"points250000-presentmon","retained","2","21","179369665.19549999","179369669.48339999","4.2879000008106232","0","0"
"points250000-presentmon","retained","2","22","179369669.6056","179369672.5749","2.9693000018596649","0","0"
"points250000-presentmon","retained","2","23","179369672.6954","179369676.68619999","3.9907999932765961","0","0"
"points250000-presentmon","retained","2","24","179369676.81420001","179369680.7216","3.907399982213974","0","0"
"points250000-presentmon","retained","2","25","179369680.84540001","179369683.99489999","3.1494999825954437","0","0"
"points250000-presentmon","retained","2","26","179369684.10600001","179369686.90979999","2.8037999868392944","0","0"
"points250000-presentmon","retained","2","27","179369687.01859999","179369690.05329999","3.0347000062465668","0","0"
"points250000-presentmon","retained","2","28","179369690.1613","179369695.13150001","4.9702000021934509","0","0"
"points250000-presentmon","retained","2","29","179369695.29319999","179369698.22189999","2.9287000000476837","0","0"
"points250000-presentmon","retained","2","30","179369698.3529","179369701.1331","2.7802000045776367","0","0"
"points250000-presentmon","retained","2","31","179369701.25729999","179369704.64430001","3.3870000243186951","0","0"
"points250000-presentmon","retained","2","32","179369704.75819999","179369708.8224","4.0642000138759613","0","0"
"points250000-presentmon","retained","2","33","179369708.9465","179369713.9463","4.9997999966144562","0","0"
"points250000-presentmon","retained","2","34","179369714.06569999","179369718.164","4.0983000099658966","0","0"
"points250000-presentmon","retained","2","35","179369718.2753","179369721.80320001","3.5279000103473663","0","0"
"points250000-presentmon","retained","2","36","179369721.91420001","179369726.87079999","4.9565999805927277","0","0"
"points250000-presentmon","retained","2","37","179369727.00260001","179369730.64969999","3.6470999717712402","0","0"
"points250000-presentmon","retained","2","38","179369730.77340001","179369734.93799999","4.1645999848842621","0","0"
"points250000-presentmon","retained","2","39","179369735.05109999","179369738.45860001","3.4075000286102295","0","0"
"points250000-presentmon","retained","2","40","179369738.56850001","179369744.16999999","5.6014999747276306","0","0"
"points250000-presentmon","retained","2","41","179369744.31099999","179369748.7121","4.4011000096797943","0","0"
"points250000-presentmon","retained","2","42","179369748.8378","179369752.21950001","3.3817000091075897","0","0"
"points250000-presentmon","retained","2","43","179369752.35049999","179369755.76519999","3.4147000014781952","0","0"
"points250000-presentmon","retained","2","44","179369755.88479999","179369760.3504","4.4656000137329102","0","0"
"points250000-presentmon","retained","2","45","179369760.51440001","179369764.31830001","3.8039000034332275","0","0"
"points250000-presentmon","retained","2","46","179369764.45910001","179369767.37689999","2.9177999794483185","0","0"
"points250000-presentmon","retained","2","47","179369767.49869999","179369770.22799999","2.7292999923229218","0","0"
"points250000-presentmon","retained","2","48","179369770.426","179369774.3082","3.8822000026702881","0","0"
"points250000-presentmon","retained","2","49","179369774.42699999","179369778.37090001","3.9439000189304352","0","0"
"points250000-presentmon","retained","2","50","179369778.49720001","179369782.73519999","4.2379999756813049","0","0"
"points250000-presentmon","retained","2","51","179369782.84850001","179369786.3768","3.5282999873161316","0","0"
"points250000-presentmon","retained","2","52","179369786.5007","179369791.71090001","5.2102000117301941","0","0"
"points250000-presentmon","retained","2","53","179369791.85049999","179369796.15470001","4.3042000234127045","0","0"
"points250000-presentmon","retained","2","54","179369796.29840001","179369800.73660001","4.4381999969482422","0","0"
"points250000-presentmon","retained","2","55","179369800.85879999","179369805.88229999","5.023499995470047","0","0"
"points250000-presentmon","retained","2","56","179369806.0027","179369809.61669999","3.613999992609024","0","0"
"points250000-presentmon","retained","2","57","179369809.7638","179369815.1697","5.4059000015258789","0","0"
"points250000-presentmon","retained","2","58","179369815.3457","179369820.0582","4.7125000059604645","0","0"
"points250000-presentmon","retained","2","59","179369820.178","179369824.00150001","3.823500007390976","0","0"
"points250000-presentmon","retained","2","60","179369824.13839999","179369828.02520001","3.8868000209331512","0","0"
"points250000-presentmon","retained","2","61","179369828.16890001","179369831.43849999","3.269599974155426","0","0"
"points250000-presentmon","retained","2","62","179369831.61860001","179369834.9285","3.3098999857902527","0","0"
"points250000-presentmon","retained","2","63","179369835.06150001","179369837.95910001","2.897599995136261","0","0"
"points250000-presentmon","retained","2","64","179369838.13139999","179369841.79679999","3.6653999984264374","0","0"
"points250000-presentmon","retained","2","65","179369841.92469999","179369845.28999999","3.3652999997138977","0","0"
"points250000-presentmon","retained","2","66","179369845.43259999","179369848.3556","2.9230000078678131","0","0"
"points250000-presentmon","retained","2","67","179369848.48109999","179369853.14489999","4.6638000011444092","0","0"
"points250000-presentmon","retained","2","68","179369853.26969999","179369856.6027","3.3330000042915344","0","0"
"points250000-presentmon","retained","2","69","179369856.71950001","179369860.17820001","3.4587000012397766","0","0"
"points250000-presentmon","retained","2","70","179369860.31209999","179369864.10229999","3.7901999950408936","0","0"
"points250000-presentmon","retained","2","71","179369864.227","179369868.58180001","4.3548000156879425","0","0"
"points250000-presentmon","retained","2","72","179369868.71250001","179369872.36269999","3.6501999795436859","0","0"
"points250000-presentmon","retained","2","73","179369872.48179999","179369876.39700001","3.9152000248432159","0","0"
"points250000-presentmon","retained","2","74","179369876.5158","179369879.57870001","3.0629000067710876","0","0"
"points250000-presentmon","retained","2","75","179369879.70210001","179369885.40580001","5.7037000060081482","0","0"
"points250000-presentmon","retained","2","76","179369885.52070001","179369888.89989999","3.3791999816894531","0","0"
"points250000-presentmon","retained","2","77","179369889.02970001","179369893.42289999","4.3931999802589417","0","0"
"points250000-presentmon","retained","2","78","179369893.5474","179369898.3863","4.8388999998569489","0","0"
"points250000-presentmon","retained","2","79","179369898.50330001","179369901.9073","3.4039999842643738","0","0"
"points250000-presentmon","retained","2","80","179369902.02410001","179369905.2956","3.2714999914169312","0","0"
"points250000-presentmon","retained","2","81","179369905.4102","179369909.99110001","4.5809000134468079","0","0"
"points250000-presentmon","retained","2","82","179369910.1198","179369912.88999999","2.7701999843120575","0","0"
"points250000-presentmon","retained","2","83","179369913.00729999","179369916.07659999","3.0692999958992004","0","0"
"points250000-presentmon","retained","2","84","179369916.1893","179369919.03999999","2.8506999909877777","0","0"
"points250000-presentmon","retained","2","85","179369919.1507","179369921.88870001","2.7380000054836273","0","0"
"points250000-presentmon","retained","2","86","179369921.99880001","179369924.69639999","2.6975999772548676","0","0"
"points250000-presentmon","retained","2","87","179369924.80239999","179369929.27079999","4.4684000015258789","0","0"
"points250000-presentmon","retained","2","88","179369929.40040001","179369933.01030001","3.6098999977111816","0","0"
"points250000-presentmon","retained","2","89","179369933.16389999","179369937.4014","4.237500011920929","0","0"
"points250000-presentmon","retained","2","90","179369937.54480001","179369941.6365","4.0916999876499176","0","0"
"points250000-presentmon","retained","2","91","179369941.74959999","179369947.48050001","5.7309000194072723","0","0"
"points250000-presentmon","retained","2","92","179369947.60440001","179369951.2209","3.6164999902248383","0","0"
"points250000-presentmon","retained","2","93","179369951.34729999","179369955.15560001","3.8083000183105469","0","0"
"points250000-presentmon","retained","2","94","179369955.26620001","179369960.4016","5.1353999972343445","0","0"
"points250000-presentmon","retained","2","95","179369960.53529999","179369965.3364","4.8011000156402588","0","0"
"points250000-presentmon","retained","2","96","179369965.45820001","179369968.61340001","3.1552000045776367","0","0"
"points250000-presentmon","retained","2","97","179369968.72889999","179369972.85010001","4.1212000250816345","0","0"
"points250000-presentmon","retained","2","98","179369972.96509999","179369978.8328","5.8677000105381012","0","0"
"points250000-presentmon","retained","2","99","179369978.9973","179369982.13010001","3.1328000128269196","0","0"
"points250000-presentmon","retained","2","100","179369982.2561","179369985.2527","2.9966000020503998","0","0"
"points250000-presentmon","retained","2","101","179369985.36970001","179369989.40790001","4.0381999909877777","0","0"
"points250000-presentmon","retained","2","102","179369989.5257","179369992.77239999","3.2466999888420105","0","0"
"points250000-presentmon","retained","2","103","179369992.89449999","179369996.57519999","3.6807000041007996","0","0"
"points250000-presentmon","retained","2","104","179369996.71900001","179370000.28479999","3.5657999813556671","0","0"
"points250000-presentmon","retained","2","105","179370000.42559999","179370003.89250001","3.4669000208377838","0","0"
"points250000-presentmon","retained","2","106","179370004.01699999","179370008.07370001","4.0567000210285187","0","0"
"points250000-presentmon","retained","2","107","179370008.19080001","179370013.7446","5.5537999868392944","0","0"
"points250000-presentmon","retained","2","108","179370013.89579999","179370017.34850001","3.4527000188827515","0","0"
"points250000-presentmon","retained","2","109","179370017.46340001","179370022.02669999","4.5632999837398529","0","0"
"points250000-presentmon","retained","2","110","179370022.17919999","179370027.63519999","5.4560000002384186","0","0"
"points250000-presentmon","retained","2","111","179370027.79620001","179370031.72029999","3.9240999817848206","0","0"
"points250000-presentmon","retained","2","112","179370031.8477","179370035.30669999","3.4589999914169312","0","0"
"points250000-presentmon","retained","2","113","179370035.42950001","179370040.59760001","5.1680999994277954","0","0"
"points250000-presentmon","retained","2","114","179370040.7202","179370044.16870001","3.448500007390976","0","0"
"points250000-presentmon","retained","2","115","179370044.30809999","179370047.9989","3.6908000111579895","0","0"
"points250000-presentmon","retained","2","116","179370048.11410001","179370051.8531","3.738999992609024","0","0"
"points250000-presentmon","retained","2","117","179370051.97099999","179370054.80289999","2.8319000005722046","0","0"
"points250000-presentmon","retained","2","118","179370054.9156","179370057.6541","2.7384999990463257","0","0"
"points250000-presentmon","retained","2","119","179370057.76289999","179370061.1383","3.3754000067710876","0","0"
"points250000-presentmon","retained","2","120","179370061.26429999","179370064.2992","3.0349000096321106","0","0"
"points250000-presentmon","retained","2","121","179370064.4163","179370067.1239","2.7075999975204468","0","0"
"points250000-presentmon","retained","2","122","179370067.236","179370071.73300001","4.4970000088214874","0","0"
"points250000-presentmon","retained","2","123","179370071.8391","179370075.3847","3.5455999970436096","0","0"
"points250000-presentmon","retained","2","124","179370075.52509999","179370079.14789999","3.6227999925613403","0","0"
"points250000-presentmon","retained","2","125","179370079.26530001","179370083.2586","3.9932999908924103","0","0"
"points250000-presentmon","retained","2","126","179370083.36770001","179370088.1374","4.7696999907493591","0","0"
"points250000-presentmon","retained","2","127","179370088.25220001","179370091.87020001","3.6180000007152557","0","0"
"points250000-presentmon","retained","2","128","179370091.99290001","179370095.92340001","3.9305000007152557","0","0"
"points250000-presentmon","retained","2","129","179370096.0607","179370099.1681","3.1074000000953674","0","0"
"points250000-presentmon","retained","2","130","179370099.28729999","179370105.00330001","5.7160000205039978","0","0"
"points250000-presentmon","retained","2","131","179370105.1196","179370108.6965","3.5769000053405762","0","0"
"points250000-presentmon","retained","2","132","179370108.83919999","179370111.92500001","3.0858000218868256","0","0"
"points250000-presentmon","retained","2","133","179370112.04530001","179370115.76120001","3.7159000039100647","0","0"
"points250000-presentmon","retained","2","134","179370115.87380001","179370119.55450001","3.6807000041007996","0","0"
"points250000-presentmon","retained","2","135","179370119.6715","179370122.7969","3.1254000067710876","0","0"
"points250000-presentmon","retained","2","136","179370122.9032","179370125.81240001","2.9092000126838684","0","0"
"points250000-presentmon","retained","2","137","179370125.9339","179370129.06810001","3.1342000067234039","0","0"
"points250000-presentmon","retained","2","138","179370129.18759999","179370133.5406","4.3530000150203705","0","0"
"points250000-presentmon","retained","2","139","179370133.6654","179370136.40790001","2.7425000071525574","0","0"
"points250000-presentmon","retained","2","140","179370136.51969999","179370140.02779999","3.5081000030040741","0","0"
"points250000-presentmon","retained","2","141","179370140.1374","179370144.0316","3.8941999971866608","0","0"
"points250000-presentmon","retained","2","142","179370144.1974","179370148.84689999","4.6494999825954437","0","0"
"points250000-presentmon","retained","2","143","179370148.97440001","179370153.94929999","4.9748999774456024","0","0"
"points250000-presentmon","retained","2","144","179370154.06909999","179370157.47909999","3.4099999964237213","0","0"
"points250000-presentmon","retained","2","145","179370157.5936","179370161.60350001","4.0099000036716461","0","0"
"points250000-presentmon","retained","2","146","179370161.80410001","179370167.7238","5.9196999967098236","0","0"
"points250000-presentmon","retained","2","147","179370167.854","179370170.9043","3.0503000020980835","0","0"
"points250000-presentmon","retained","2","148","179370171.0219","179370174.7216","3.6996999979019165","0","0"
"points250000-presentmon","retained","2","149","179370174.83360001","179370178.51899999","3.685399979352951","0","0"
"points250000-presentmon","retained","2","150","179370178.63769999","179370182.9183","4.2806000113487244","0","0"
"points250000-presentmon","retained","2","151","179370183.04589999","179370186.6895","3.6436000168323517","0","0"
"points250000-presentmon","retained","2","152","179370186.80469999","179370189.93650001","3.1318000257015228","0","0"
"points250000-presentmon","retained","2","153","179370190.051","179370193.11070001","3.0597000122070312","0","0"
"points250000-presentmon","retained","2","154","179370193.23379999","179370198.42789999","5.1940999925136566","0","0"
"points250000-presentmon","retained","2","155","179370198.57589999","179370202.06999999","3.4941000044345856","0","0"
"points250000-presentmon","retained","2","156","179370202.19659999","179370205.30199999","3.1053999960422516","0","0"
"points250000-presentmon","retained","2","157","179370205.41780001","179370209.06119999","3.6433999836444855","0","0"
"points250000-presentmon","retained","2","158","179370209.17840001","179370213.815","4.636599987745285","0","0"
"points250000-presentmon","retained","2","159","179370213.97189999","179370217.4551","3.4832000136375427","0","0"
"points250000-presentmon","retained","2","160","179370217.5693","179370220.852","3.2827000021934509","0","0"
"points250000-presentmon","retained","2","161","179370220.9664","179370224.28799999","3.3215999901294708","0","0"
"points250000-presentmon","retained","2","162","179370224.3953","179370230.80540001","6.4101000130176544","0","0"
"points250000-presentmon","retained","2","163","179370230.9894","179370234.59990001","3.6105000078678131","0","0"
"points250000-presentmon","retained","2","164","179370234.75870001","179370238.81720001","4.0584999918937683","0","0"
"points250000-presentmon","retained","2","165","179370238.9427","179370242.8132","3.8704999983310699","0","0"
"points250000-presentmon","retained","2","166","179370242.93599999","179370247.78569999","4.849700003862381","0","0"
"points250000-presentmon","retained","2","167","179370247.914","179370251.2333","3.3192999958992004","0","0"
"points250000-presentmon","retained","2","168","179370251.35319999","179370254.74290001","3.3897000253200531","0","0"
"points250000-presentmon","retained","2","169","179370254.85890001","179370258.22749999","3.3685999810695648","0","0"
"points250000-presentmon","retained","2","170","179370258.3603","179370263.05540001","4.6951000094413757","0","0"
"points250000-presentmon","retained","2","171","179370263.18939999","179370266.04249999","2.8531000018119812","0","0"
"points250000-presentmon","retained","2","172","179370266.16429999","179370268.86860001","2.7043000161647797","0","0"
"points250000-presentmon","retained","2","173","179370268.98460001","179370271.63409999","2.6494999825954437","0","0"
"points250000-presentmon","retained","2","174","179370271.7484","179370276.5887","4.8402999937534332","0","0"
"points250000-presentmon","retained","2","175","179370276.71079999","179370280.44459999","3.7337999939918518","0","0"
"points250000-presentmon","retained","2","176","179370280.57190001","179370284.10820001","3.536300003528595","0","0"
"points250000-presentmon","retained","2","177","179370284.21740001","179370287.3114","3.093999981880188","0","0"
"points250000-presentmon","retained","2","178","179370287.4217","179370292.2243","4.8025999963283539","0","0"
"points250000-presentmon","retained","2","179","179370292.34330001","179370296.3396","3.9962999820709229","0","0"
"points250000-presentmon","retained","2","180","179370296.51010001","179370300.03290001","3.5227999985218048","0","0"
"points250000-presentmon","retained","2","181","179370300.14489999","179370303.1521","3.0072000026702881","0","0"
"points250000-presentmon","retained","2","182","179370303.28349999","179370308.3274","5.0439000129699707","0","0"
"points250000-presentmon","retained","2","183","179370308.44729999","179370312.1823","3.7350000143051147","0","0"
"points250000-presentmon","retained","2","184","179370312.32699999","179370316.0932","3.7662000060081482","0","0"
"points250000-presentmon","retained","2","185","179370316.215","179370319.75279999","3.5377999842166901","0","0"
"points250000-presentmon","retained","2","186","179370319.868","179370325.4756","5.6076000034809113","0","0"
"points250000-presentmon","retained","2","187","179370325.62290001","179370329.37059999","3.7476999759674072","0","0"
"points250000-presentmon","retained","2","188","179370329.5302","179370332.49270001","2.9625000059604645","0","0"
"points250000-presentmon","retained","2","189","179370332.618","179370335.40689999","2.7888999879360199","0","0"
"points250000-presentmon","retained","2","190","179370335.5214","179370339.15920001","3.637800008058548","0","0"
"points250000-presentmon","retained","2","191","179370339.2938","179370342.02590001","2.7321000099182129","0","0"
"points250000-presentmon","retained","2","192","179370342.15279999","179370345.20469999","3.0518999993801117","0","0"
"points250000-presentmon","retained","2","193","179370345.3251","179370349.04139999","3.71629998087883","0","0"
"points250000-presentmon","retained","2","194","179370349.15689999","179370353.39590001","4.2390000224113464","0","0"
"points250000-presentmon","retained","2","195","179370353.51429999","179370358.9084","5.39410001039505","0","0"
"points250000-presentmon","retained","2","196","179370359.04719999","179370363.09729999","4.0500999987125397","0","0"
"points250000-presentmon","retained","2","197","179370363.24059999","179370366.53850001","3.2979000210762024","0","0"
"points250000-presentmon","retained","2","198","179370366.65990001","179370370.27590001","3.6159999966621399","0","0"
"points250000-presentmon","retained","2","199","179370370.39269999","179370373.78979999","3.3971000015735626","0","0"
"points250000-presentmon","retained","2","200","179370373.91190001","179370377.10080001","3.1888999938964844","0","0"
"points250000-presentmon","retained","2","201","179370377.22040001","179370380.9237","3.7032999992370605","0","0"
"points250000-presentmon","retained","2","202","179370381.04069999","179370386.345","5.3043000102043152","0","0"
"points250000-presentmon","retained","2","203","179370386.45649999","179370390.5817","4.1252000033855438","0","0"
"points250000-presentmon","retained","2","204","179370390.6943","179370394.2137","3.5194000005722046","0","0"
"points250000-presentmon","retained","2","205","179370394.3502","179370397.8107","3.4605000019073486","0","0"
"points250000-presentmon","retained","2","206","179370397.93290001","179370401.7938","3.8608999848365784","0","0"
"points250000-presentmon","retained","2","207","179370401.90549999","179370404.84619999","2.9406999945640564","0","0"
"points250000-presentmon","retained","2","208","179370404.95609999","179370407.68799999","2.7319000065326691","0","0"
"points250000-presentmon","retained","2","209","179370407.79499999","179370410.625","2.8300000131130219","0","0"
"points250000-presentmon","retained","2","210","179370410.74489999","179370413.6647","2.9198000133037567","0","0"
"points250000-presentmon","retained","2","211","179370413.79660001","179370418.22510001","4.4284999966621399","0","0"
"points250000-presentmon","retained","2","212","179370418.3466","179370422.58230001","4.2357000112533569","0","0"
"points250000-presentmon","retained","2","213","179370422.70449999","179370425.83930001","3.1348000168800354","0","0"
"points250000-presentmon","retained","2","214","179370425.96000001","179370430.3391","4.3790999948978424","0","0"
"points250000-presentmon","retained","2","215","179370430.46290001","179370435.2441","4.7811999917030334","0","0"
"points250000-presentmon","retained","2","216","179370435.35839999","179370439.12670001","3.7683000266551971","0","0"
"points250000-presentmon","retained","2","217","179370439.26519999","179370442.72299999","3.4578000009059906","0","0"
"points250000-presentmon","retained","2","218","179370442.87810001","179370448.0557","5.1775999963283539","0","0"
"points250000-presentmon","retained","2","219","179370448.20750001","179370453.99349999","5.785999983549118","0","0"
"points250000-presentmon","retained","2","220","179370454.1232","179370457.7274","3.604200005531311","0","0"
"points250000-presentmon","retained","2","221","179370457.8531","179370461.667","3.8138999938964844","0","0"
"points250000-presentmon","retained","2","222","179370461.82530001","179370465.6268","3.801499992609024","0","0"
"points250000-presentmon","retained","2","223","179370465.77599999","179370469.0706","3.2946000099182129","0","0"
"points250000-presentmon","retained","2","224","179370469.1814","179370472.4657","3.2842999994754791","0","0"
"points250000-presentmon","retained","2","225","179370472.57170001","179370475.99779999","3.4260999858379364","0","0"
"points250000-presentmon","retained","2","226","179370476.109","179370480.63800001","4.5290000140666962","0","0"
"points250000-presentmon","retained","2","227","179370480.7692","179370483.63800001","2.868800014257431","0","0"
"points250000-presentmon","retained","2","228","179370483.75330001","179370486.47330001","2.7199999988079071","0","0"
"points250000-presentmon","retained","2","229","179370486.58649999","179370490.1024","3.5159000158309937","0","0"
"points250000-presentmon","retained","2","230","179370490.2189","179370494.89719999","4.6782999932765961","0","0"
"points250000-presentmon","retained","2","231","179370495.07010001","179370499.9007","4.8305999934673309","0","0"
"points250000-presentmon","retained","2","232","179370500.03","179370504.55520001","4.5252000093460083","0","0"
"points250000-presentmon","retained","2","233","179370504.68650001","179370508.82339999","4.1368999779224396","0","0"
"points250000-presentmon","retained","2","234","179370508.96090001","179370515.04249999","6.0815999805927277","0","0"
"points250000-presentmon","retained","2","235","179370515.17379999","179370519.62290001","4.4491000175476074","0","0"
"points250000-presentmon","retained","2","236","179370519.74509999","179370523.28639999","3.5412999987602234","0","0"
"points250000-presentmon","retained","2","237","179370523.42460001","179370529.42649999","6.0018999874591827","0","0"
"points250000-presentmon","retained","2","238","179370529.57679999","179370534.0124","4.4356000125408173","0","0"
"points250000-presentmon","retained","2","239","179370534.15580001","179370537.6067","3.4508999884128571","0","0"
"points250000-presentmon","retained","2","240","179370537.72060001","179370542.57570001","4.855100005865097","0","0"
"points250000-presentmon","gw","2","1","179370800.1728","179370818.20609999","18.03329998254776","13.673900008201599","2"
"points250000-presentmon","gw","2","2","179370818.39359999","179370838.65849999","20.264899998903275","14.497100025415421","2"
"points250000-presentmon","gw","2","3","179370838.86860001","179370859.43689999","20.568299978971481","13.867700010538101","2"
"points250000-presentmon","gw","2","4","179370859.66299999","179370884.39089999","24.727899998426437","18.356000006198883","2"
"points250000-presentmon","gw","2","5","179370884.60249999","179370904.7915","20.189000010490417","13.68570002913475","2"
"points250000-presentmon","gw","2","6","179370904.95629999","179370923.24059999","18.284299999475479","14.289799988269806","2"
"points250000-presentmon","gw","2","7","179370923.39829999","179370943.7462","20.347900003194809","13.703500002622604","2"
"points250000-presentmon","gw","2","8","179370943.92379999","179370963.44229999","19.518500000238419","13.69690003991127","2"
"points250000-presentmon","gw","2","9","179370963.63069999","179370982.1451","18.514400005340576","13.813700020313263","2"
"points250000-presentmon","gw","2","10","179370982.3107","179371003.0406","20.729900002479553","13.63019996881485","2"
"points250000-presentmon","gw","2","11","179371003.2076","179371024.3382","21.13060000538826","14.704800009727478","2"
"points250000-presentmon","gw","2","12","179371024.51289999","179371044.09529999","19.582399994134903","13.713699996471405","2"
"points250000-presentmon","gw","2","13","179371044.27950001","179371062.6446","18.365099996328354","14.345800012350082","2"
"points250000-presentmon","gw","2","14","179371062.81549999","179371082.1848","19.369300007820129","14.181700021028519","2"
"points250000-presentmon","gw","2","15","179371082.3757","179371101.5765","19.200800001621246","13.624400019645691","2"
"points250000-presentmon","gw","2","16","179371101.74529999","179371120.08329999","18.337999999523163","13.822400003671646","2"
"points250000-presentmon","gw","2","17","179371120.24790001","179371140.37279999","20.124899983406067","13.89300000667572","2"
"points250000-presentmon","gw","2","18","179371140.55090001","179371160.6261","20.075199991464615","13.701799988746643","2"
"points250000-presentmon","gw","2","19","179371160.80770001","179371180.14140001","19.333700001239777","13.834899991750717","2"
"points250000-presentmon","gw","2","20","179371180.31549999","179371202.4465","22.131000012159348","15.283400028944016","2"
"points250000-presentmon","gw","2","21","179371202.64969999","179371220.62169999","17.972000002861023","13.702399998903275","2"
"points250000-presentmon","gw","2","22","179371220.78220001","179371240.78310001","20.000900000333786","13.680999964475632","2"
"points250000-presentmon","gw","2","23","179371240.96950001","179371260.65779999","19.688299983739853","13.764599978923798","2"
"points250000-presentmon","gw","2","24","179371260.83680001","179371278.1525","17.315699994564056","13.857400000095367","2"
"points250000-presentmon","gw","2","25","179371278.31110001","179371297.2448","18.933699995279312","14.365100026130676","2"
"points250000-presentmon","gw","2","26","179371297.43020001","179371316.82780001","19.397599995136261","14.756099998950958","2"
"points250000-presentmon","gw","2","27","179371316.9984","179371335.72499999","18.726599991321564","13.668899983167648","2"
"points250000-presentmon","gw","2","28","179371335.8978","179371355.16890001","19.271100014448166","13.947900027036667","2"
"points250000-presentmon","gw","2","29","179371355.35010001","179371377.4725","22.122399985790253","18.281000018119812","2"
"points250000-presentmon","gw","2","30","179371377.7024","179371397.07390001","19.371500015258789","14.183000028133392","2"
"points250000-presentmon","gw","2","31","179371397.24959999","179371417.16330001","19.913700014352798","15.168500036001205","2"
"points250000-presentmon","gw","2","32","179371417.33750001","179371434.68810001","17.350600004196167","13.768500000238419","2"
"points250000-presentmon","gw","2","33","179371434.85010001","179371453.14829999","18.298199981451035","14.225100010633469","2"
"points250000-presentmon","gw","2","34","179371453.31200001","179371472.57600001","19.263999998569489","14.437800019979477","2"
"points250000-presentmon","gw","2","35","179371472.74649999","179371491.00260001","18.256100028753281","13.79380002617836","2"
"points250000-presentmon","gw","2","36","179371491.1674","179371510.7746","19.607199996709824","13.780499994754791","2"
"points250000-presentmon","gw","2","37","179371510.954","179371529.2911","18.337099999189377","14.574000000953674","2"
"points250000-presentmon","gw","2","38","179371529.48109999","179371547.52610001","18.045000016689301","13.708700001239777","2"
"points250000-presentmon","gw","2","39","179371547.70519999","179371567.12779999","19.422600001096725","14.754299998283386","2"
"points250000-presentmon","gw","2","40","179371567.3145","179371586.10069999","18.786199986934662","13.650200009346008","2"
"points250000-presentmon","gw","2","41","179371586.27450001","179371604.1286","17.854099988937378","13.778299987316132","2"
"points250000-presentmon","gw","2","42","179371604.2978","179371621.84760001","17.549800008535385","13.773099988698959","2"
"points250000-presentmon","gw","2","43","179371622.01120001","179371640.99990001","18.98870000243187","13.674600005149841","2"
"points250000-presentmon","gw","2","44","179371641.17390001","179371659.18740001","18.01350000500679","14.049199998378754","2"
"points250000-presentmon","gw","2","45","179371659.3601","179371678.69170001","19.33160001039505","13.905799984931946","2"
"points250000-presentmon","gw","2","46","179371678.87079999","179371697.6349","18.764100015163422","13.966900020837784","2"
"points250000-presentmon","gw","2","47","179371697.82170001","179371717.537","19.715299993753433","14.57710000872612","2"
"points250000-presentmon","gw","2","48","179371717.7234","179371739.2728","21.549400001764297","15.406900018453598","2"
"points250000-presentmon","gw","2","49","179371739.4492","179371760.11579999","20.666599988937378","14.194700002670288","2"
"points250000-presentmon","gw","2","50","179371760.30239999","179371778.1803","17.877900004386902","13.683400005102158","2"
"points250000-presentmon","gw","2","51","179371778.347","179371797.15689999","18.809899985790253","13.844500035047531","2"
"points250000-presentmon","gw","2","52","179371797.33450001","179371815.27770001","17.943199992179871","13.780700027942657","2"
"points250000-presentmon","gw","2","53","179371815.44670001","179371834.7608","19.314099997282028","14.122400015592575","2"
"points250000-presentmon","gw","2","54","179371834.94190001","179371855.57690001","20.634999990463257","13.997999995946884","2"
"points250000-presentmon","gw","2","55","179371855.76989999","179371874.84110001","19.071200013160706","13.765300005674362","2"
"points250000-presentmon","gw","2","56","179371875.0469","179371894.25839999","19.211499989032745","13.901100009679794","2"
"points250000-presentmon","gw","2","57","179371894.4377","179371912.72040001","18.282700002193451","13.645399987697601","2"
"points250000-presentmon","gw","2","58","179371912.8795","179371931.8116","18.932099997997284","14.157200008630753","2"
"points250000-presentmon","gw","2","59","179371931.98890001","179371952.44060001","20.451700001955032","13.950599998235703","2"
"points250000-presentmon","gw","2","60","179371952.62619999","179371971.1857","18.559500008821487","13.866299986839294","2"
"points250000-presentmon","gw","2","61","179371971.3592","179371990.41870001","19.059500008821487","13.643400013446808","2"
"points250000-presentmon","gw","2","62","179371990.58239999","179372009.7588","19.176400005817413","13.583299994468689","2"
"points250000-presentmon","gw","2","63","179372009.93149999","179372028.45719999","18.525700002908707","13.93970000743866","2"
"points250000-presentmon","gw","2","64","179372028.64210001","179372047.54550001","18.903400003910065","13.785899996757507","2"
"points250000-presentmon","gw","2","65","179372047.72409999","179372067.90079999","20.176699995994568","15.518399983644485","2"
"points250000-presentmon","gw","2","66","179372068.06959999","179372087.44760001","19.378000020980835","13.748599976301193","2"
"points250000-presentmon","gw","2","67","179372087.6191","179372106.5984","18.979299992322922","13.999799966812134","2"
"points250000-presentmon","gw","2","68","179372106.76280001","179372124.773","18.010199993848801","13.867100030183792","2"
"points250000-presentmon","gw","2","69","179372124.97130001","179372144.80070001","19.82940000295639","14.329200029373169","2"
"points250000-presentmon","gw","2","70","179372144.98249999","179372163.42699999","18.444499999284744","13.710200011730194","2"
"points250000-presentmon","gw","2","71","179372163.59850001","179372182.8448","19.246299982070923","13.664799958467484","2"
"points250000-presentmon","gw","2","72","179372183.01640001","179372202.0693","19.052899986505508","13.598999977111816","2"
"points250000-presentmon","gw","2","73","179372202.25119999","179372220.8511","18.599900007247925","14.327199995517731","2"
"points250000-presentmon","gw","2","74","179372221.01409999","179372240.57859999","19.564500004053116","13.766100019216537","2"
"points250000-presentmon","gw","2","75","179372240.7466","179372263.0878","22.341199994087219","13.697299987077713","2"
"points250000-presentmon","gw","2","76","179372263.2773","179372281.14390001","17.866600006818771","13.705799996852875","2"
"points250000-presentmon","gw","2","77","179372281.3168","179372300.46239999","19.145599991083145","13.633200019598007","2"
"points250000-presentmon","gw","2","78","179372300.63260001","179372319.1787","18.546099990606308","13.665399968624115","2"
"points250000-presentmon","gw","2","79","179372319.33610001","179372337.0548","17.718699991703033","13.83050000667572","2"
"points250000-presentmon","gw","2","80","179372337.23559999","179372356.0228","18.787200003862381","14.106000006198883","2"
"points250000-presentmon","gw","2","81","179372356.19240001","179372374.14050001","17.948100000619888","13.679900020360947","2"
"points250000-presentmon","gw","2","82","179372374.308","179372393.0151","18.707100003957748","14.130599975585938","2"
"points250000-presentmon","gw","2","83","179372393.27950001","179372412.57589999","19.296399980783463","13.995599985122681","2"
"points250000-presentmon","gw","2","84","179372412.76679999","179372431.49810001","18.73130002617836","13.736200004816055","2"
"points250000-presentmon","gw","2","85","179372431.67199999","179372450.26859999","18.596599996089935","13.649699985980988","2"
"points250000-presentmon","gw","2","86","179372450.4497","179372468.6063","18.156599998474121","13.682599991559982","2"
"points250000-presentmon","gw","2","87","179372468.79699999","179372487.16100001","18.364000022411346","14.107800006866455","2"
"points250000-presentmon","gw","2","88","179372487.3292","179372505.0223","17.69310000538826","13.967700004577637","2"
"points250000-presentmon","gw","2","89","179372505.19749999","179372524.8547","19.657200008630753","13.711500018835068","2"
"points250000-presentmon","gw","2","90","179372525.05700001","179372543.57730001","18.520300000905991","13.801499962806702","2"
"points250000-presentmon","gw","2","91","179372543.75639999","179372562.04390001","18.287500023841858","13.764299988746643","2"
"points250000-presentmon","gw","2","92","179372562.23030001","179372581.5095","19.279199987649918","13.754799991846085","2"
"points250000-presentmon","gw","2","93","179372581.70030001","179372601.30430001","19.604000002145767","13.713499963283539","2"
"points250000-presentmon","gw","2","94","179372601.48570001","179372621.7931","20.307399988174438","13.852600008249283","2"
"points250000-presentmon","gw","2","95","179372621.97420001","179372642.7085","20.73429998755455","13.950900018215179","2"
"points250000-presentmon","gw","2","96","179372642.89179999","179372662.6866","19.794800013303757","14.010399997234344","2"
"points250000-presentmon","gw","2","97","179372662.91580001","179372683.56639999","20.650599986314774","13.73020002245903","2"
"points250000-presentmon","gw","2","98","179372683.73710001","179372704.197","20.459899991750717","13.86370000243187","2"
"points250000-presentmon","gw","2","99","179372704.37540001","179372725.53","21.154599994421005","15.467500001192093","2"
"points250000-presentmon","gw","2","100","179372725.74770001","179372747.15810001","21.410400003194809","13.888000011444092","2"
"points250000-presentmon","gw","2","101","179372747.3396","179372767.45969999","20.120099991559982","14.298700004816055","2"
"points250000-presentmon","gw","2","102","179372767.6496","179372785.96219999","18.312599986791611","13.9375","2"
"points250000-presentmon","gw","2","103","179372786.12529999","179372804.7112","18.585900008678436","13.865799993276596","2"
"points250000-presentmon","gw","2","104","179372804.88429999","179372823.61469999","18.730399996042252","13.830899983644485","2"
"points250000-presentmon","gw","2","105","179372823.78029999","179372843.6627","19.882400006055832","14.034799993038177","2"
"points250000-presentmon","gw","2","106","179372843.8779","179372864.01440001","20.136500000953674","14.296400010585785","2"
"points250000-presentmon","gw","2","107","179372864.18399999","179372884.7392","20.555200010538101","13.800300031900406","2"
"points250000-presentmon","gw","2","108","179372884.9156","179372904.12799999","19.212399989366531","14.006800025701523","2"
"points250000-presentmon","gw","2","109","179372904.32929999","179372924.6117","20.282400012016296","13.981499969959259","2"
"points250000-presentmon","gw","2","110","179372924.7687","179372945.8432","21.074499994516373","14.120099991559982","2"
"points250000-presentmon","gw","2","111","179372946.03240001","179372966.74669999","20.714299976825714","13.670799970626831","2"
"points250000-presentmon","gw","2","112","179372966.93149999","179372986.79249999","19.861000001430511","14.081099987030029","2"
"points250000-presentmon","gw","2","113","179372986.95680001","179373005.7471","18.790299981832504","13.878699958324432","2"
"points250000-presentmon","gw","2","114","179373005.9197","179373024.5476","18.627900004386902","13.887499988079071","2"
"points250000-presentmon","gw","2","115","179373024.7101","179373041.74419999","17.034099996089935","13.834699988365173","2"
"points250000-presentmon","gw","2","116","179373041.9113","179373062.52590001","20.614600002765656","14.026299983263016","2"
"points250000-presentmon","gw","2","117","179373062.7324","179373083.4729","20.740500003099442","14.055500000715256","2"
"points250000-presentmon","gw","2","118","179373083.6372","179373103.41420001","19.77700001001358","13.719600021839142","2"
"points250000-presentmon","gw","2","119","179373103.6142","179373123.2994","19.68520000576973","13.893200010061264","2"
"points250000-presentmon","gw","2","120","179373123.45829999","179373143.62549999","20.167199999094009","13.973199963569641","2"
"points250000-presentmon","gw","2","121","179373143.81110001","179373164.2881","20.476999998092651","13.70770001411438","2"
"points250000-presentmon","gw","2","122","179373164.4772","179373183.68700001","19.209800004959106","13.926500022411346","2"
"points250000-presentmon","gw","2","123","179373183.9023","179373204.8432","20.9408999979496","13.825299978256226","2"
"points250000-presentmon","gw","2","124","179373205.03009999","179373224.44620001","19.416100025177002","13.900499999523163","2"
"points250000-presentmon","gw","2","125","179373224.65090001","179373244.8504","20.199499994516373","13.997399985790253","2"
"points250000-presentmon","gw","2","126","179373245.0413","179373263.75729999","18.715999990701675","13.700399994850159","2"
"points250000-presentmon","gw","2","127","179373263.958","179373282.80109999","18.843099981546402","13.9341000020504","2"
"points250000-presentmon","gw","2","128","179373282.97479999","179373304.25929999","21.284500002861023","14.524899989366531","2"
"points250000-presentmon","gw","2","129","179373304.4269","179373323.7701","19.343199998140335","13.772499978542328","2"
"points250000-presentmon","gw","2","130","179373323.94850001","179373343.92230001","19.973800003528595","14.271499991416931","2"
"points250000-presentmon","gw","2","131","179373344.10229999","179373363.98699999","19.884700000286102","13.751899987459183","2"
"points250000-presentmon","gw","2","132","179373364.18599999","179373384.43220001","20.246200025081635","13.76649996638298","2"
"points250000-presentmon","gw","2","133","179373384.61410001","179373404.2098","19.595699995756149","14.01460000872612","2"
"points250000-presentmon","gw","2","134","179373404.389","179373424.47490001","20.085900008678436","13.957799971103668","2"
"points250000-presentmon","gw","2","135","179373424.6525","179373445.48809999","20.835599988698959","14.168300002813339","2"
"points250000-presentmon","gw","2","136","179373445.68470001","179373463.63909999","17.954399973154068","13.840799987316132","2"
"points250000-presentmon","gw","2","137","179373463.80579999","179373482.13240001","18.326600015163422","13.853700011968613","2"
"points250000-presentmon","gw","2","138","179373482.29010001","179373502.23249999","19.942399978637695","13.956800013780594","2"
"points250000-presentmon","gw","2","139","179373502.41420001","179373521.69080001","19.276600003242493","13.902800023555756","2"
"points250000-presentmon","gw","2","140","179373521.85640001","179373542.98159999","21.125199973583221","14.182799965143204","2"
"points250000-presentmon","gw","2","141","179373543.1925","179373561.4894","18.296900004148483","13.984900027513504","2"
"points250000-presentmon","gw","2","142","179373561.66440001","179373581.58379999","19.919399976730347","13.691200017929077","2"
"points250000-presentmon","gw","2","143","179373581.75889999","179373601.2559","19.497000008821487","13.725000023841858","2"
"points250000-presentmon","gw","2","144","179373601.44839999","179373620.859","19.410600006580353","14.082500010728836","2"
"points250000-presentmon","gw","2","145","179373621.01989999","179373640.78169999","19.761799991130829","13.674800008535385","2"
"points250000-presentmon","gw","2","146","179373640.9501","179373660.6902","19.740099996328354","13.62049999833107","2"
"points250000-presentmon","gw","2","147","179373660.94279999","179373680.70950001","19.766700029373169","14.140200048685074","2"
"points250000-presentmon","gw","2","148","179373680.88260001","179373700.9675","20.084899991750717","13.615400016307831","2"
"points250000-presentmon","gw","2","149","179373701.1464","179373720.65369999","19.507299989461899","13.857000023126602","2"
"points250000-presentmon","gw","2","150","179373720.84299999","179373739.5871","18.744100004434586","13.750299990177155","2"
"points250000-presentmon","gw","2","151","179373739.76370001","179373757.40669999","17.642999976873398","13.753199994564056","2"
"points250000-presentmon","gw","2","152","179373757.572","179373776.59470001","19.022700011730194","13.760800004005432","2"
"points250000-presentmon","gw","2","153","179373776.7739","179373795.21430001","18.440400004386902","13.694000005722046","2"
"points250000-presentmon","gw","2","154","179373795.389","179373816.02070001","20.63170000910759","14.25560000538826","2"
"points250000-presentmon","gw","2","155","179373816.20919999","179373837.7087","21.499500006437302","14.629699975252151","2"
"points250000-presentmon","gw","2","156","179373837.92199999","179373857.44479999","19.522799998521805","13.833299994468689","2"
"points250000-presentmon","gw","2","157","179373857.61899999","179373878.04519999","20.42620000243187","13.754900008440018","2"
"points250000-presentmon","gw","2","158","179373878.22760001","179373898.3998","20.172199994325638","13.723399996757507","2"
"points250000-presentmon","gw","2","159","179373898.5826","179373916.96309999","18.380499988794327","13.838200002908707","2"
"points250000-presentmon","gw","2","160","179373917.1311","179373938.42750001","21.296400010585785","14.153300017118454","2"
"points250000-presentmon","gw","2","161","179373938.625","179373958.44080001","19.81580001115799","13.630500018596649","2"
"points250000-presentmon","gw","2","162","179373958.62400001","179373977.3475","18.723499983549118","13.768599987030029","2"
"points250000-presentmon","gw","2","163","179373977.53470001","179373995.82080001","18.286100000143051","13.732800006866455","2"
"points250000-presentmon","gw","2","164","179373995.99630001","179374013.5192","17.522899985313416","13.85029998421669","2"
"points250000-presentmon","gw","2","165","179374013.69049999","179374033.50440001","19.813900023698807","14.080000013113022","2"
"points250000-presentmon","gw","2","166","179374033.67820001","179374055.74860001","22.07039999961853","15.296099990606308","2"
"points250000-presentmon","gw","2","167","179374055.93619999","179374073.93560001","17.999400019645691","13.730100005865097","2"
"points250000-presentmon","gw","2","168","179374074.10519999","179374093.97260001","19.867400020360947","13.806600034236908","2"
"points250000-presentmon","gw","2","169","179374094.1534","179374114.42559999","20.272199988365173","13.911799997091293","2"
"points250000-presentmon","gw","2","170","179374114.597","179374133.73469999","19.137699991464615","13.865899980068207","2"
"points250000-presentmon","gw","2","171","179374133.9113","179374154.81240001","20.901100009679794","14.177799999713898","2"
"points250000-presentmon","gw","2","172","179374154.9822","179374173.60890001","18.626700013875961","13.745099991559982","2"
"points250000-presentmon","gw","2","173","179374173.7814","179374194.0379","20.256500005722046","13.851400017738342","2"
"points250000-presentmon","gw","2","174","179374194.21900001","179374213.88139999","19.662399977445602","13.767199993133545","2"
"points250000-presentmon","gw","2","175","179374214.05899999","179374232.05649999","17.997500002384186","13.88740000128746","2"
"points250000-presentmon","gw","2","176","179374232.2498","179374252.54730001","20.297500014305115","14.004600018262863","2"
"points250000-presentmon","gw","2","177","179374252.72569999","179374272.9023","20.176600009202957","14.026100009679794","2"
"points250000-presentmon","gw","2","178","179374273.08489999","179374292.4395","19.354600012302399","13.96739998459816","2"
"points250000-presentmon","gw","2","179","179374292.61039999","179374312.84310001","20.232700020074844","13.836800009012222","2"
"points250000-presentmon","gw","2","180","179374313.02559999","179374332.4549","19.429300010204315","13.750100016593933","2"
"points250000-presentmon","gw","2","181","179374332.64449999","179374355.78389999","23.139400005340576","13.705099999904633","2"
"points250000-presentmon","gw","2","182","179374355.9562","179374375.6112","19.655000001192093","14.70890000462532","2"
"points250000-presentmon","gw","2","183","179374375.79949999","179374396.5156","20.716100007295609","13.800399988889694","2"
"points250000-presentmon","gw","2","184","179374396.69440001","179374416.3524","19.657999992370605","13.838200002908707","2"
"points250000-presentmon","gw","2","185","179374416.52219999","179374435.4411","18.918900012969971","14.109800010919571","2"
"points250000-presentmon","gw","2","186","179374435.62959999","179374457.2956","21.666000008583069","14.241299986839294","2"
"points250000-presentmon","gw","2","187","179374457.48570001","179374476.82269999","19.336999982595444","13.798600018024445","2"
"points250000-presentmon","gw","2","188","179374476.991","179374494.78389999","17.792899996042252","14.153699964284897","2"
"points250000-presentmon","gw","2","189","179374494.9684","179374513.26539999","18.296999990940094","14.162299990653992","2"
"points250000-presentmon","gw","2","190","179374513.43470001","179374532.58140001","19.146699994802475","14.437400043010712","2"
"points250000-presentmon","gw","2","191","179374532.75819999","179374553.51159999","20.7533999979496","13.723600000143051","2"
"points250000-presentmon","gw","2","192","179374553.68630001","179374574.55860001","20.872299998998642","13.808400005102158","2"
"points250000-presentmon","gw","2","193","179374574.7491","179374593.5438","18.794699996709824","13.951600015163422","2"
"points250000-presentmon","gw","2","194","179374593.73410001","179374614.6604","20.92629998922348","13.676499992609024","2"
"points250000-presentmon","gw","2","195","179374614.84470001","179374635.0751","20.230399996042252","14.007400006055832","2"
"points250000-presentmon","gw","2","196","179374635.24450001","179374653.8779","18.633399993181229","13.831799983978271","2"
"points250000-presentmon","gw","2","197","179374654.0936","179374674.11739999","20.023799985647202","13.81810000538826","2"
"points250000-presentmon","gw","2","198","179374674.31060001","179374695.24270001","20.932099997997284","14.369500011205673","2"
"points250000-presentmon","gw","2","199","179374695.4364","179374714.09380001","18.657400012016296","13.9791000187397","2"
"points250000-presentmon","gw","2","200","179374714.27379999","179374732.882","18.608200013637543","13.840399980545044","2"
"points250000-presentmon","gw","2","201","179374733.07190001","179374753.08320001","20.01129999756813","14.36149999499321","2"
"points250000-presentmon","gw","2","202","179374753.2509","179374771.86449999","18.613599985837936","13.749300003051758","2"
"points250000-presentmon","gw","2","203","179374772.03510001","179374790.92539999","18.89029997587204","13.870399981737137","2"
"points250000-presentmon","gw","2","204","179374791.0907","179374809.37529999","18.284599989652634","13.960099995136261","2"
"points250000-presentmon","gw","2","205","179374809.60420001","179374830.2013","20.597099989652634","13.877900004386902","2"
"points250000-presentmon","gw","2","206","179374830.3883","179374850.98899999","20.600699990987778","13.911300003528595","2"
"points250000-presentmon","gw","2","207","179374851.1719","179374872.0661","20.894199997186661","14.494299978017807","2"
"points250000-presentmon","gw","2","208","179374872.24939999","179374892.59220001","20.34280002117157","13.767700016498566","2"
"points250000-presentmon","gw","2","209","179374892.77469999","179374911.22189999","18.447200000286102","13.820899993181229","2"
"points250000-presentmon","gw","2","210","179374911.3994","179374932.15040001","20.751000016927719","14.249300003051758","2"
"points250000-presentmon","gw","2","211","179374932.34760001","179374954.01629999","21.668699979782104","13.760800004005432","2"
"points250000-presentmon","gw","2","212","179374954.21020001","179374973.74489999","19.534699976444244","13.724500000476837","2"
"points250000-presentmon","gw","2","213","179374973.9152","179374992.17480001","18.259600013494492","13.593800008296967","2"
"points250000-presentmon","gw","2","214","179374992.34259999","179375011.68650001","19.3439000248909","14.177500009536743","2"
"points250000-presentmon","gw","2","215","179375011.8522","179375029.38100001","17.528800010681152","13.695999979972839","2"
"points250000-presentmon","gw","2","216","179375029.56709999","179375049.5273","19.960200011730194","13.960300028324127","2"
"points250000-presentmon","gw","2","217","179375049.73410001","179375070.7211","20.986999988555908","13.786500006914139","2"
"points250000-presentmon","gw","2","218","179375070.90349999","179375090.8075","19.904000014066696","14.205999970436096","2"
"points250000-presentmon","gw","2","219","179375090.9747","179375111.65169999","20.676999986171722","13.924699991941452","2"
"points250000-presentmon","gw","2","220","179375111.833","179375131.09220001","19.259200006723404","13.597499966621399","2"
"points250000-presentmon","gw","2","221","179375131.26730001","179375152.07260001","20.805299997329712","13.813199996948242","2"
"points250000-presentmon","gw","2","222","179375152.25350001","179375171.93610001","19.682599991559982","13.916200011968613","2"
"points250000-presentmon","gw","2","223","179375172.10589999","179375191.02160001","18.915700018405914","13.705700010061264","2"
"points250000-presentmon","gw","2","224","179375191.1841","179375210.91949999","19.73539999127388","13.703400015830994","2"
"points250000-presentmon","gw","2","225","179375211.10139999","179375230.46169999","19.360300004482269","13.74669998884201","2"
"points250000-presentmon","gw","2","226","179375230.63429999","179375248.52590001","17.891600012779236","13.650499999523163","2"
"points250000-presentmon","gw","2","227","179375248.72400001","179375267.58219999","18.85819998383522","13.668000012636185","2"
"points250000-presentmon","gw","2","228","179375267.7581","179375287.9163","20.158199995756149","14.187599986791611","2"
"points250000-presentmon","gw","2","229","179375288.08450001","179375308.4201","20.335599988698959","13.921500027179718","2"
"points250000-presentmon","gw","2","230","179375308.67210001","179375327.8845","19.212399989366531","14.154699981212616","2"
"points250000-presentmon","gw","2","231","179375328.05829999","179375347.2789","19.220600008964539","13.776399999856949","2"
"points250000-presentmon","gw","2","232","179375347.45050001","179375367.04840001","19.597900003194809","13.86379998922348","2"
"points250000-presentmon","gw","2","233","179375367.2385","179375387.36860001","20.130100011825562","13.792699992656708","2"
"points250000-presentmon","gw","2","234","179375387.53200001","179375406.10890001","18.576900005340576","13.775500029325485","2"
"points250000-presentmon","gw","2","235","179375406.28169999","179375426.1751","19.893400013446808","13.704099982976913","2"
"points250000-presentmon","gw","2","236","179375426.35789999","179375446.2798","19.921900004148483","13.758400022983551","2"
"points250000-presentmon","gw","2","237","179375446.45410001","179375464.5871","18.132999986410141","13.816300004720688","2"
"points250000-presentmon","gw","2","238","179375464.80469999","179375483.96540001","19.160700023174286","13.823200017213821","2"
"points250000-presentmon","gw","2","239","179375484.14129999","179375503.36179999","19.220499992370605","13.791900008916855","2"
"points250000-presentmon","gw","2","240","179375503.5499","179375522.2755","18.725600004196167","13.767899990081787","2"
"points250000-presentmon","off","2","1","179375576.58930001","179375579.32749999","2.7381999790668488","0","0"
"points250000-presentmon","off","2","2","179375579.5072","179375582.4492","2.9420000016689301","0","0"
"points250000-presentmon","off","2","3","179375582.60299999","179375586.24689999","3.6439000070095062","0","0"
"points250000-presentmon","off","2","4","179375586.3863","179375589.32749999","2.9411999881267548","0","0"
"points250000-presentmon","off","2","5","179375589.44710001","179375591.95289999","2.5057999789714813","0","0"
"points250000-presentmon","off","2","6","179375592.08309999","179375594.89829999","2.815200001001358","0","0"
"points250000-presentmon","off","2","7","179375595.02630001","179375601.354","6.3276999890804291","0","0"
"points250000-presentmon","off","2","8","179375601.48300001","179375605.7159","4.2328999936580658","0","0"
"points250000-presentmon","off","2","9","179375605.83039999","179375609.1011","3.2707000076770782","0","0"
"points250000-presentmon","off","2","10","179375609.2177","179375612.65360001","3.4359000027179718","0","0"
"points250000-presentmon","off","2","11","179375612.7726","179375617.63229999","4.8596999943256378","0","0"
"points250000-presentmon","off","2","12","179375617.7511","179375621.8369","4.0857999920845032","0","0"
"points250000-presentmon","off","2","13","179375621.94760001","179375625.5086","3.5609999895095825","0","0"
"points250000-presentmon","off","2","14","179375625.6275","179375629.5799","3.9523999989032745","0","0"
"points250000-presentmon","off","2","15","179375629.70179999","179375635.41420001","5.7124000191688538","0","0"
"points250000-presentmon","off","2","16","179375635.54089999","179375639.7911","4.2502000033855438","0","0"
"points250000-presentmon","off","2","17","179375639.9057","179375643.3301","3.4244000017642975","0","0"
"points250000-presentmon","off","2","18","179375643.4456","179375646.94319999","3.4975999891757965","0","0"
"points250000-presentmon","off","2","19","179375647.05680001","179375650.1548","3.0979999899864197","0","0"
"points250000-presentmon","off","2","20","179375650.26719999","179375653.04699999","2.7797999978065491","0","0"
"points250000-presentmon","off","2","21","179375653.15689999","179375656.1076","2.9507000148296356","0","0"
"points250000-presentmon","off","2","22","179375656.2168","179375659.43450001","3.2177000045776367","0","0"
"points250000-presentmon","off","2","23","179375659.55239999","179375663.84400001","4.2916000187397003","0","0"
"points250000-presentmon","off","2","24","179375663.9655","179375666.73010001","2.76460000872612","0","0"
"points250000-presentmon","off","2","25","179375666.84549999","179375669.48249999","2.6369999945163727","0","0"
"points250000-presentmon","off","2","26","179375669.60600001","179375672.93279999","3.3267999887466431","0","0"
"points250000-presentmon","off","2","27","179375673.04249999","179375676.8339","3.7914000153541565","0","0"
"points250000-presentmon","off","2","28","179375676.95390001","179375680.46849999","3.5145999789237976","0","0"
"points250000-presentmon","off","2","29","179375680.5826","179375696.63499999","16.05239999294281","0","0"
"points250000-presentmon","off","2","30","179375696.8179","179375701.55790001","4.7400000095367432","0","0"
"points250000-presentmon","off","2","31","179375701.7087","179375705.83849999","4.1297999918460846","0","0"
"points250000-presentmon","off","2","32","179375705.9824","179375711.47350001","5.491100013256073","0","0"
"points250000-presentmon","off","2","33","179375711.62810001","179375715.28979999","3.6616999804973602","0","0"
"points250000-presentmon","off","2","34","179375715.42210001","179375721.1241","5.7019999921321869","0","0"
"points250000-presentmon","off","2","35","179375721.25409999","179375724.6214","3.3673000037670135","0","0"
"points250000-presentmon","off","2","36","179375724.74810001","179375728.6514","3.9032999873161316","0","0"
"points250000-presentmon","off","2","37","179375728.80070001","179375732.08680001","3.2861000001430511","0","0"
"points250000-presentmon","off","2","38","179375732.2146","179375735.66679999","3.4521999955177307","0","0"
"points250000-presentmon","off","2","39","179375735.7854","179375739.04139999","3.2559999823570251","0","0"
"points250000-presentmon","off","2","40","179375739.1796","179375742.8908","3.7111999988555908","0","0"
"points250000-presentmon","off","2","41","179375743.03799999","179375746.8177","3.7797000110149384","0","0"
"points250000-presentmon","off","2","42","179375746.9447","179375749.85280001","2.9081000089645386","0","0"
"points250000-presentmon","off","2","43","179375749.97130001","179375752.65090001","2.6796000003814697","0","0"
"points250000-presentmon","off","2","44","179375752.75920001","179375757.07859999","4.3193999826908112","0","0"
"points250000-presentmon","off","2","45","179375757.19409999","179375760.8556","3.6615000069141388","0","0"
"points250000-presentmon","off","2","46","179375760.99529999","179375765.5817","4.5864000022411346","0","0"
"points250000-presentmon","off","2","47","179375765.7053","179375768.6895","2.9842000007629395","0","0"
"points250000-presentmon","off","2","48","179375768.80489999","179375773.0848","4.2799000144004822","0","0"
"points250000-presentmon","off","2","49","179375773.1992","179375776.84619999","3.6469999849796295","0","0"
"points250000-presentmon","off","2","50","179375776.99160001","179375781.148","4.1563999950885773","0","0"
"points250000-presentmon","off","2","51","179375781.26190001","179375784.3195","3.0575999915599823","0","0"
"points250000-presentmon","off","2","52","179375784.43009999","179375789.11970001","4.689600020647049","0","0"
"points250000-presentmon","off","2","53","179375789.2299","179375792.58649999","3.3565999865531921","0","0"
"points250000-presentmon","off","2","54","179375792.7123","179375797.69929999","4.9869999885559082","0","0"
"points250000-presentmon","off","2","55","179375797.8303","179375801.44060001","3.6103000044822693","0","0"
"points250000-presentmon","off","2","56","179375801.59","179375805.82859999","4.2385999858379364","0","0"
"points250000-presentmon","off","2","57","179375805.9465","179375809.39250001","3.4460000097751617","0","0"
"points250000-presentmon","off","2","58","179375809.5228","179375814.63800001","5.115200012922287","0","0"
"points250000-presentmon","off","2","59","179375814.76550001","179375817.57069999","2.8051999807357788","0","0"
"points250000-presentmon","off","2","60","179375817.68900001","179375820.27689999","2.5878999829292297","0","0"
"points250000-presentmon","off","2","61","179375820.3892","179375822.99200001","2.6028000116348267","0","0"
"points250000-presentmon","off","2","62","179375823.10159999","179375826.99360001","3.8920000195503235","0","0"
"points250000-presentmon","off","2","63","179375827.11989999","179375830.28310001","3.1632000207901001","0","0"
"points250000-presentmon","off","2","64","179375830.4077","179375834.22679999","3.8190999925136566","0","0"
"points250000-presentmon","off","2","65","179375834.34099999","179375838.9707","4.6297000050544739","0","0"
"points250000-presentmon","off","2","66","179375839.1182","179375842.93509999","3.8168999850749969","0","0"
"points250000-presentmon","off","2","67","179375843.1744","179375847.50029999","4.3258999884128571","0","0"
"points250000-presentmon","off","2","68","179375847.6672","179375853.72","6.0527999997138977","0","0"
"points250000-presentmon","off","2","69","179375853.88780001","179375857.50659999","3.6187999844551086","0","0"
"points250000-presentmon","off","2","70","179375857.6654","179375862.2613","4.5958999991416931","0","0"
"points250000-presentmon","off","2","71","179375862.4377","179375866.75580001","4.3181000053882599","0","0"
"points250000-presentmon","off","2","72","179375866.9059","179375870.5914","3.6854999959468842","0","0"
"points250000-presentmon","off","2","73","179375870.72620001","179375874.68489999","3.9586999714374542","0","0"
"points250000-presentmon","off","2","74","179375874.80770001","179375879.8251","5.0173999965190887","0","0"
"points250000-presentmon","off","2","75","179375879.96070001","179375882.79100001","2.8303000032901764","0","0"
"points250000-presentmon","off","2","76","179375882.90689999","179375885.74380001","2.8369000256061554","0","0"
"points250000-presentmon","off","2","77","179375885.86340001","179375888.53549999","2.6720999777317047","0","0"
"points250000-presentmon","off","2","78","179375888.64700001","179375891.4928","2.84579998254776","0","0"
"points250000-presentmon","off","2","79","179375891.61000001","179375894.8037","3.193699985742569","0","0"
"points250000-presentmon","off","2","80","179375894.95879999","179375898.40939999","3.4505999982357025","0","0"
"points250000-presentmon","off","2","81","179375898.53349999","179375901.22119999","2.6877000033855438","0","0"
"points250000-presentmon","off","2","82","179375901.33860001","179375904.6065","3.2678999900817871","0","0"
"points250000-presentmon","off","2","83","179375904.73719999","179375908.4991","3.761900007724762","0","0"
"points250000-presentmon","off","2","84","179375908.62189999","179375913.08559999","4.463699996471405","0","0"
"points250000-presentmon","off","2","85","179375913.2362","179375919.14570001","5.9095000028610229","0","0"
"points250000-presentmon","off","2","86","179375919.28119999","179375923.2613","3.980100005865097","0","0"
"points250000-presentmon","off","2","87","179375923.3838","179375928.63060001","5.2468000054359436","0","0"
"points250000-presentmon","off","2","88","179375928.7931","179375933.50459999","4.7114999890327454","0","0"
"points250000-presentmon","off","2","89","179375933.6196","179375938.12639999","4.5067999958992004","0","0"
"points250000-presentmon","off","2","90","179375938.2405","179375942.2631","4.022599995136261","0","0"
"points250000-presentmon","off","2","91","179375942.38699999","179375947.70660001","5.3196000158786774","0","0"
"points250000-presentmon","off","2","92","179375947.8276","179375951.32429999","3.4966999888420105","0","0"
"points250000-presentmon","off","2","93","179375951.4307","179375955.3554","3.924699991941452","0","0"
"points250000-presentmon","off","2","94","179375955.4655","179375958.27779999","2.8122999966144562","0","0"
"points250000-presentmon","off","2","95","179375958.39300001","179375961.67129999","3.2782999873161316","0","0"
"points250000-presentmon","off","2","96","179375961.79859999","179375964.5526","2.7540000081062317","0","0"
"points250000-presentmon","off","2","97","179375964.66839999","179375967.352","2.6836000084877014","0","0"
"points250000-presentmon","off","2","98","179375967.463","179375970.39860001","2.9356000125408173","0","0"
"points250000-presentmon","off","2","99","179375970.5176","179375973.2638","2.7461999952793121","0","0"
"points250000-presentmon","off","2","100","179375973.37009999","179375976.24290001","2.8728000223636627","0","0"
"points250000-presentmon","off","2","101","179375976.3626","179375980.8998","4.537200003862381","0","0"
"points250000-presentmon","off","2","102","179375981.04429999","179375984.4989","3.4546000063419342","0","0"
"points250000-presentmon","off","2","103","179375984.6076","179375988.34850001","3.7409000098705292","0","0"
"points250000-presentmon","off","2","104","179375988.45770001","179375992.40790001","3.9501999914646149","0","0"
"points250000-presentmon","off","2","105","179375992.54789999","179375997.27200001","4.7241000235080719","0","0"
"points250000-presentmon","off","2","106","179375997.39570001","179376000.54080001","3.1450999975204468","0","0"
"points250000-presentmon","off","2","107","179376000.655","179376004.82910001","4.1741000115871429","0","0"
"points250000-presentmon","off","2","108","179376004.93979999","179376008.98199999","4.0421999990940094","0","0"
"points250000-presentmon","off","2","109","179376009.10460001","179376014.56439999","5.4597999751567841","0","0"
"points250000-presentmon","off","2","110","179376014.68540001","179376018.36019999","3.6747999787330627","0","0"
"points250000-presentmon","off","2","111","179376018.47549999","179376022.59959999","4.124099999666214","0","0"
"points250000-presentmon","off","2","112","179376022.71439999","179376028.58680001","5.8724000155925751","0","0"
"points250000-presentmon","off","2","113","179376028.764","179376032.16670001","3.4027000069618225","0","0"
"points250000-presentmon","off","2","114","179376032.301","179376035.26320001","2.9622000157833099","0","0"
"points250000-presentmon","off","2","115","179376035.38510001","179376038.273","2.8878999948501587","0","0"
"points250000-presentmon","off","2","116","179376038.38690001","179376042.77970001","4.3928000032901764","0","0"
"points250000-presentmon","off","2","117","179376042.94530001","179376045.7694","2.824099987745285","0","0"
"points250000-presentmon","off","2","118","179376045.8946","179376049.676","3.7813999950885773","0","0"
"points250000-presentmon","off","2","119","179376049.79319999","179376053.82269999","4.0295000076293945","0","0"
"points250000-presentmon","off","2","120","179376053.93689999","179376058.7277","4.790800005197525","0","0"
"points250000-presentmon","off","2","121","179376058.86970001","179376062.9418","4.0720999836921692","0","0"
"points250000-presentmon","off","2","122","179376063.09720001","179376066.6724","3.5751999914646149","0","0"
"points250000-presentmon","off","2","123","179376066.79159999","179376071.72659999","4.9350000023841858","0","0"
"points250000-presentmon","off","2","124","179376071.8405","179376076.61399999","4.773499995470047","0","0"
"points250000-presentmon","off","2","125","179376076.73629999","179376080.26159999","3.525299996137619","0","0"
"points250000-presentmon","off","2","126","179376080.3822","179376083.86269999","3.4804999828338623","0","0"
"points250000-presentmon","off","2","127","179376083.9734","179376087.8565","3.8831000030040741","0","0"
"points250000-presentmon","off","2","128","179376087.96709999","179376092.472","4.5049000084400177","0","0"
"points250000-presentmon","off","2","129","179376092.58489999","179376096.2798","3.6949000060558319","0","0"
"points250000-presentmon","off","2","130","179376096.42070001","179376101.00099999","4.580299973487854","0","0"
"points250000-presentmon","off","2","131","179376101.1268","179376104.3856","3.2587999999523163","0","0"
"points250000-presentmon","off","2","132","179376104.5106","179376107.2735","2.7628999948501587","0","0"
"points250000-presentmon","off","2","133","179376107.41409999","179376110.56099999","3.1468999981880188","0","0"
"points250000-presentmon","off","2","134","179376110.6735","179376113.60089999","2.9273999929428101","0","0"
"points250000-presentmon","off","2","135","179376113.7182","179376116.5368","2.8185999989509583","0","0"
"points250000-presentmon","off","2","136","179376116.6462","179376120.67480001","4.0286000072956085","0","0"
"points250000-presentmon","off","2","137","179376120.79840001","179376124.25479999","3.4563999772071838","0","0"
"points250000-presentmon","off","2","138","179376124.3971","179376128.4659","4.0688000023365021","0","0"
"points250000-presentmon","off","2","139","179376128.5941","179376132.65799999","4.0638999938964844","0","0"
"points250000-presentmon","off","2","140","179376132.7791","179376137.81420001","5.0351000130176544","0","0"
"points250000-presentmon","off","2","141","179376137.94299999","179376141.54339999","3.6004000008106232","0","0"
"points250000-presentmon","off","2","142","179376141.65799999","179376145.3563","3.6983000040054321","0","0"
"points250000-presentmon","off","2","143","179376145.48949999","179376150.12310001","4.6336000263690948","0","0"
"points250000-presentmon","off","2","144","179376150.2586","179376155.1083","4.849700003862381","0","0"
"points250000-presentmon","off","2","145","179376155.23019999","179376158.72170001","3.4915000200271606","0","0"
"points250000-presentmon","off","2","146","179376158.8414","179376163.08129999","4.2398999929428101","0","0"
"points250000-presentmon","off","2","147","179376163.2087","179376168.63060001","5.4219000041484833","0","0"
"points250000-presentmon","off","2","148","179376168.75639999","179376172.2784","3.5220000147819519","0","0"
"points250000-presentmon","off","2","149","179376172.4043","179376175.4531","3.048799991607666","0","0"
"points250000-presentmon","off","2","150","179376175.5652","179376178.54190001","2.9767000079154968","0","0"
"points250000-presentmon","off","2","151","179376178.67129999","179376181.63659999","2.9652999937534332","0","0"
"points250000-presentmon","off","2","152","179376181.74849999","179376185.2139","3.4654000103473663","0","0"
"points250000-presentmon","off","2","153","179376185.3281","179376188.2383","2.9101999998092651","0","0"
"points250000-presentmon","off","2","154","179376188.35479999","179376190.97440001","2.6196000277996063","0","0"
"points250000-presentmon","off","2","155","179376191.088","179376195.08379999","3.9957999885082245","0","0"
"points250000-presentmon","off","2","156","179376195.21309999","179376200.50229999","5.2892000079154968","0","0"
"points250000-presentmon","off","2","157","179376200.63209999","179376203.9271","3.2950000166893005","0","0"
"points250000-presentmon","off","2","158","179376204.04179999","179376207.49470001","3.4529000222682953","0","0"
"points250000-presentmon","off","2","159","179376207.6022","179376211.2895","3.6872999966144562","0","0"
"points250000-presentmon","off","2","160","179376211.4059","179376215.81900001","4.413100004196167","0","0"
"points250000-presentmon","off","2","161","179376215.928","179376218.9181","2.9900999963283539","0","0"
"points250000-presentmon","off","2","162","179376219.03600001","179376222.51890001","3.4828999936580658","0","0"
"points250000-presentmon","off","2","163","179376222.64680001","179376227.20249999","4.5556999742984772","0","0"
"points250000-presentmon","off","2","164","179376227.417","179376232.984","5.5670000016689301","0","0"
"points250000-presentmon","off","2","165","179376233.10980001","179376236.69440001","3.5846000015735626","0","0"
"points250000-presentmon","off","2","166","179376236.8141","179376240.21720001","3.4031000137329102","0","0"
"points250000-presentmon","off","2","167","179376240.32929999","179376244.18189999","3.8526000082492828","0","0"
"points250000-presentmon","off","2","168","179376244.32769999","179376248.11050001","3.782800018787384","0","0"
"points250000-presentmon","off","2","169","179376248.23789999","179376251.10789999","2.8700000047683716","0","0"
"points250000-presentmon","off","2","170","179376251.21959999","179376253.95469999","2.7351000010967255","0","0"
"points250000-presentmon","off","2","171","179376254.0711","179376256.7211","2.6500000059604645","0","0"
"points250000-presentmon","off","2","172","179376256.82749999","179376262.46520001","5.6377000212669373","0","0"
"points250000-presentmon","off","2","173","179376262.6067","179376265.63280001","3.0261000096797943","0","0"
"points250000-presentmon","off","2","174","179376265.7441","179376269.3527","3.608599990606308","0","0"
"points250000-presentmon","off","2","175","179376269.46709999","179376272.91330001","3.4462000131607056","0","0"
"points250000-presentmon","off","2","176","179376273.0221","179376277.34450001","4.3224000036716461","0","0"
"points250000-presentmon","off","2","177","179376277.49070001","179376280.602","3.111299991607666","0","0"
"points250000-presentmon","off","2","178","179376280.71399999","179376284.03940001","3.3254000246524811","0","0"
"points250000-presentmon","off","2","179","179376284.14809999","179376287.73030001","3.5822000205516815","0","0"
"points250000-presentmon","off","2","180","179376287.8423","179376292.61399999","4.771699994802475","0","0"
"points250000-presentmon","off","2","181","179376292.74590001","179376296.572","3.8260999917984009","0","0"
"points250000-presentmon","off","2","182","179376296.6999","179376299.78380001","3.0839000046253204","0","0"
"points250000-presentmon","off","2","183","179376299.89610001","179376303.17649999","3.2803999781608582","0","0"
"points250000-presentmon","off","2","184","179376303.2863","179376306.92309999","3.6367999911308289","0","0"
"points250000-presentmon","off","2","185","179376307.03080001","179376311.53690001","4.5060999989509583","0","0"
"points250000-presentmon","off","2","186","179376311.65490001","179376314.60460001","2.9496999979019165","0","0"
"points250000-presentmon","off","2","187","179376314.7198","179376317.461","2.7412000000476837","0","0"
"points250000-presentmon","off","2","188","179376317.5702","179376320.42550001","2.8553000092506409","0","0"
"points250000-presentmon","off","2","189","179376320.53510001","179376325.01710001","4.4819999933242798","0","0"
"points250000-presentmon","off","2","190","179376325.13530001","179376328.227","3.0916999876499176","0","0"
"points250000-presentmon","off","2","191","179376328.36829999","179376331.9183","3.550000011920929","0","0"
"points250000-presentmon","off","2","192","179376332.04409999","179376335.64129999","3.5972000062465668","0","0"
"points250000-presentmon","off","2","193","179376335.78220001","179376340.5614","4.7791999876499176","0","0"
"points250000-presentmon","off","2","194","179376340.67680001","179376344.74290001","4.066100001335144","0","0"
"points250000-presentmon","off","2","195","179376344.87369999","179376348.572","3.6983000040054321","0","0"
"points250000-presentmon","off","2","196","179376348.68979999","179376352.3856","3.6958000063896179","0","0"
"points250000-presentmon","off","2","197","179376352.5","179376357.70899999","5.2089999914169312","0","0"
"points250000-presentmon","off","2","198","179376357.83970001","179376361.82699999","3.9872999787330627","0","0"
"points250000-presentmon","off","2","199","179376361.97350001","179376365.794","3.820499986410141","0","0"
"points250000-presentmon","off","2","200","179376365.91100001","179376369.78060001","3.8695999979972839","0","0"
"points250000-presentmon","off","2","201","179376369.89500001","179376374.64359999","4.7485999763011932","0","0"
"points250000-presentmon","off","2","202","179376374.75490001","179376378.07170001","3.3167999982833862","0","0"
"points250000-presentmon","off","2","203","179376378.1934","179376381.5201","3.3267000019550323","0","0"
"points250000-presentmon","off","2","204","179376381.6358","179376384.90700001","3.2712000012397766","0","0"
"points250000-presentmon","off","2","205","179376385.0149","179376389.391","4.3761000037193298","0","0"
"points250000-presentmon","off","2","206","179376389.4989","179376392.36809999","2.8691999912261963","0","0"
"points250000-presentmon","off","2","207","179376392.486","179376395.34200001","2.8560000061988831","0","0"
"points250000-presentmon","off","2","208","179376395.4693","179376399.09119999","3.6218999922275543","0","0"
"points250000-presentmon","off","2","209","179376399.20829999","179376403.80360001","4.595300018787384","0","0"
"points250000-presentmon","off","2","210","179376403.92019999","179376407.4939","3.5737000107765198","0","0"
"points250000-presentmon","off","2","211","179376407.6128","179376411.25549999","3.6426999866962433","0","0"
"points250000-presentmon","off","2","212","179376411.37850001","179376414.51339999","3.1348999738693237","0","0"
"points250000-presentmon","off","2","213","179376414.6275","179376419.8141","5.186599999666214","0","0"
"points250000-presentmon","off","2","214","179376419.93130001","179376423.09290001","3.1615999937057495","0","0"
"points250000-presentmon","off","2","215","179376423.20359999","179376426.09900001","2.8954000174999237","0","0"
"points250000-presentmon","off","2","216","179376426.21919999","179376429.79929999","3.5800999999046326","0","0"
"points250000-presentmon","off","2","217","179376429.92160001","179376435.00490001","5.083299994468689","0","0"
"points250000-presentmon","off","2","218","179376435.11669999","179376439.2726","4.1559000015258789","0","0"
"points250000-presentmon","off","2","219","179376439.3818","179376443.14469999","3.7628999948501587","0","0"
"points250000-presentmon","off","2","220","179376443.2651","179376446.91549999","3.6503999829292297","0","0"
"points250000-presentmon","off","2","221","179376447.03099999","179376451.38999999","4.3589999973773956","0","0"
"points250000-presentmon","off","2","222","179376451.50319999","179376454.50749999","3.0042999982833862","0","0"
"points250000-presentmon","off","2","223","179376454.61669999","179376457.39160001","2.7749000191688538","0","0"
"points250000-presentmon","off","2","224","179376457.50130001","179376460.74219999","3.2408999800682068","0","0"
"points250000-presentmon","off","2","225","179376460.8752","179376464.6776","3.8023999929428101","0","0"
"points250000-presentmon","off","2","226","179376464.80790001","179376468.92460001","4.1166999936103821","0","0"
"points250000-presentmon","off","2","227","179376469.05840001","179376472.74360001","3.6852000057697296","0","0"
"points250000-presentmon","off","2","228","179376472.8594","179376475.85600001","2.9966000020503998","0","0"
"points250000-presentmon","off","2","229","179376475.9736","179376482.4858","6.5121999979019165","0","0"
"points250000-presentmon","off","2","230","179376482.64070001","179376487.2324","4.5916999876499176","0","0"
"points250000-presentmon","off","2","231","179376487.38049999","179376490.81119999","3.4307000041007996","0","0"
"points250000-presentmon","off","2","232","179376490.9219","179376495.45039999","4.5284999907016754","0","0"
"points250000-presentmon","off","2","233","179376495.59740001","179376499.86430001","4.2669000029563904","0","0"
"points250000-presentmon","off","2","234","179376499.9786","179376504.1162","4.1376000046730042","0","0"
"points250000-presentmon","off","2","235","179376504.22690001","179376507.90239999","3.6754999756813049","0","0"
"points250000-presentmon","off","2","236","179376508.0113","179376512.57659999","4.5652999877929688","0","0"
"points250000-presentmon","off","2","237","179376512.7022","179376516.58329999","3.8810999989509583","0","0"
"points250000-presentmon","off","2","238","179376516.69490001","179376519.4296","2.7346999943256378","0","0"
"points250000-presentmon","off","2","239","179376519.53780001","179376522.33759999","2.7997999787330627","0","0"
"points250000-presentmon","off","2","240","179376522.44440001","179376525.11700001","2.6726000010967255","0","0"
"points250000-presentmon","off","3","1","179376573.9919","179376577.39449999","3.4025999903678894","0","0"
"points250000-presentmon","off","3","2","179376577.58939999","179376581.92910001","4.3397000133991241","0","0"
"points250000-presentmon","off","3","3","179376582.07550001","179376585.16749999","3.0919999778270721","0","0"
"points250000-presentmon","off","3","4","179376585.29030001","179376590.01859999","4.7282999753952026","0","0"
"points250000-presentmon","off","3","5","179376590.16510001","179376593.6864","3.5212999880313873","0","0"
"points250000-presentmon","off","3","6","179376593.83700001","179376598.49200001","4.6550000011920929","0","0"
"points250000-presentmon","off","3","7","179376598.62020001","179376601.41409999","2.7938999831676483","0","0"
"points250000-presentmon","off","3","8","179376601.53839999","179376604.33500001","2.7966000139713287","0","0"
"points250000-presentmon","off","3","9","179376604.44909999","179376607.12090001","2.6718000173568726","0","0"
"points250000-presentmon","off","3","10","179376607.22889999","179376609.90529999","2.6764000058174133","0","0"
"points250000-presentmon","off","3","11","179376610.02000001","179376612.95300001","2.9329999983310699","0","0"
"points250000-presentmon","off","3","12","179376613.06560001","179376616.21919999","3.1535999774932861","0","0"
"points250000-presentmon","off","3","13","179376616.33140001","179376618.98010001","2.6486999988555908","0","0"
"points250000-presentmon","off","3","14","179376619.09259999","179376622.79460001","3.7020000219345093","0","0"
"points250000-presentmon","off","3","15","179376622.91150001","179376626.91240001","4.000900000333786","0","0"
"points250000-presentmon","off","3","16","179376627.0368","179376631.42210001","4.3853000104427338","0","0"
"points250000-presentmon","off","3","17","179376631.54179999","179376635.49489999","3.9530999958515167","0","0"
"points250000-presentmon","off","3","18","179376635.62220001","179376640.6728","5.050599992275238","0","0"
"points250000-presentmon","off","3","19","179376640.78619999","179376644.5573","3.7711000144481659","0","0"
"points250000-presentmon","off","3","20","179376644.70109999","179376648.2331","3.5320000052452087","0","0"
"points250000-presentmon","off","3","21","179376648.3488","179376652.90560001","4.5568000078201294","0","0"
"points250000-presentmon","off","3","22","179376653.0237","179376656.46990001","3.4462000131607056","0","0"
"points250000-presentmon","off","3","23","179376656.5812","179376660.39410001","3.8129000067710876","0","0"
"points250000-presentmon","off","3","24","179376660.5289","179376663.7538","3.2249000072479248","0","0"
"points250000-presentmon","off","3","25","179376663.8822","179376668.57429999","4.6920999884605408","0","0"
"points250000-presentmon","off","3","26","179376668.69240001","179376671.97139999","3.2789999842643738","0","0"
"points250000-presentmon","off","3","27","179376672.0848","179376675.6022","3.5173999965190887","0","0"
"points250000-presentmon","off","3","28","179376675.71450001","179376678.48030001","2.7657999992370605","0","0"
"points250000-presentmon","off","3","29","179376678.59119999","179376681.2349","2.6437000036239624","0","0"
"points250000-presentmon","off","3","30","179376681.3495","179376684.11269999","2.7631999850273132","0","0"
"points250000-presentmon","off","3","31","179376684.22279999","179376687.35690001","3.1341000199317932","0","0"
"points250000-presentmon","off","3","32","179376687.47310001","179376690.34720001","2.874099999666214","0","0"
"points250000-presentmon","off","3","33","179376690.47690001","179376693.4686","2.9916999936103821","0","0"
"points250000-presentmon","off","3","34","179376693.6534","179376697.20649999","3.5530999898910522","0","0"
"points250000-presentmon","off","3","35","179376697.336","179376703.0185","5.6825000047683716","0","0"
"points250000-presentmon","off","3","36","179376703.1455","179376707.14019999","3.9946999847888947","0","0"
"points250000-presentmon","off","3","37","179376707.25529999","179376711.60420001","4.3489000201225281","0","0"
"points250000-presentmon","off","3","38","179376711.72569999","179376716.53029999","4.8046000003814697","0","0"
"points250000-presentmon","off","3","39","179376716.65400001","179376719.7288","3.0747999846935272","0","0"
"points250000-presentmon","off","3","40","179376719.84470001","179376723.72220001","3.8774999976158142","0","0"
"points250000-presentmon","off","3","41","179376723.83579999","179376728.83590001","5.0001000165939331","0","0"
"points250000-presentmon","off","3","42","179376728.99309999","179376734.04910001","5.0560000240802765","0","0"
"points250000-presentmon","off","3","43","179376734.1857","179376737.66589999","3.4801999926567078","0","0"
"points250000-presentmon","off","3","44","179376737.78510001","179376742.0456","4.2604999840259552","0","0"
"points250000-presentmon","off","3","45","179376742.1652","179376746.75650001","4.5913000106811523","0","0"
"points250000-presentmon","off","3","46","179376746.9118","179376750.20739999","3.2955999970436096","0","0"
"points250000-presentmon","off","3","47","179376750.34560001","179376753.39559999","3.0499999821186066","0","0"
"points250000-presentmon","off","3","48","179376753.54879999","179376756.99680001","3.4480000138282776","0","0"
"points250000-presentmon","off","3","49","179376757.11700001","179376759.96619999","2.8491999804973602","0","0"
"points250000-presentmon","off","3","50","179376760.0934","179376764.391","4.2976000010967255","0","0"
"points250000-presentmon","off","3","51","179376764.51980001","179376767.1146","2.5947999954223633","0","0"
"points250000-presentmon","off","3","52","179376767.23989999","179376771.1663","3.9264000058174133","0","0"
"points250000-presentmon","off","3","53","179376771.27970001","179376776.31459999","5.0348999798297882","0","0"
"points250000-presentmon","off","3","54","179376776.43720001","179376781.12099999","4.6837999820709229","0","0"
"points250000-presentmon","off","3","55","179376781.241","179376784.45930001","3.2183000147342682","0","0"
"points250000-presentmon","off","3","56","179376784.58239999","179376788.5016","3.9192000031471252","0","0"
"points250000-presentmon","off","3","57","179376788.6162","179376793.9208","5.3046000003814697","0","0"
"points250000-presentmon","off","3","58","179376794.0896","179376798.2958","4.2062000036239624","0","0"
"points250000-presentmon","off","3","59","179376798.43180001","179376801.89480001","3.4629999995231628","0","0"
"points250000-presentmon","off","3","60","179376802.0262","179376806.0059","3.9796999990940094","0","0"
"points250000-presentmon","off","3","61","179376806.15450001","179376811.39660001","5.2421000003814697","0","0"
"points250000-presentmon","off","3","62","179376811.52869999","179376814.49990001","2.97120001912117","0","0"
"points250000-presentmon","off","3","63","179376814.6214","179376818.19580001","3.574400007724762","0","0"
"points250000-presentmon","off","3","64","179376818.3301","179376822.92899999","4.5988999903202057","0","0"
"points250000-presentmon","off","3","65","179376823.04300001","179376825.75560001","2.7125999927520752","0","0"
"points250000-presentmon","off","3","66","179376825.87689999","179376829.48289999","3.6060000061988831","0","0"
"points250000-presentmon","off","3","67","179376829.59920001","179376832.4091","2.8098999857902527","0","0"
"points250000-presentmon","off","3","68","179376832.5214","179376835.2062","2.684799998998642","0","0"
"points250000-presentmon","off","3","69","179376835.32269999","179376838.06060001","2.7379000186920166","0","0"
"points250000-presentmon","off","3","70","179376838.18889999","179376841.87920001","3.6903000175952911","0","0"
"points250000-presentmon","off","3","71","179376841.99470001","179376846.01069999","4.015999972820282","0","0"
"points250000-presentmon","off","3","72","179376846.1349","179376850.0517","3.9167999923229218","0","0"
"points250000-presentmon","off","3","73","179376850.16600001","179376855.3274","5.1613999903202057","0","0"
"points250000-presentmon","off","3","74","179376855.44310001","179376858.98800001","3.5449000000953674","0","0"
"points250000-presentmon","off","3","75","179376859.10569999","179376862.9531","3.8474000096321106","0","0"
"points250000-presentmon","off","3","76","179376863.07339999","179376866.05149999","2.9781000018119812","0","0"
"points250000-presentmon","off","3","77","179376866.1636","179376870.26620001","4.1026000082492828","0","0"
"points250000-presentmon","off","3","78","179376870.38249999","179376874.0819","3.699400007724762","0","0"
"points250000-presentmon","off","3","79","179376874.2001","179376877.89520001","3.6951000094413757","0","0"
"points250000-presentmon","off","3","80","179376878.01320001","179376881.66600001","3.6527999937534332","0","0"
"points250000-presentmon","off","3","81","179376881.7762","179376887.09760001","5.3214000165462494","0","0"
"points250000-presentmon","off","3","82","179376887.22729999","179376890.51769999","3.2903999984264374","0","0"
"points250000-presentmon","off","3","83","179376890.6426","179376893.86520001","3.2226000130176544","0","0"
"points250000-presentmon","off","3","84","179376893.99329999","179376896.84599999","2.8526999950408936","0","0"
"points250000-presentmon","off","3","85","179376896.9668","179376899.78729999","2.820499986410141","0","0"
"points250000-presentmon","off","3","86","179376899.89910001","179376903.546","3.6468999981880188","0","0"
"points250000-presentmon","off","3","87","179376903.6832","179376906.5178","2.8346000015735626","0","0"
"points250000-presentmon","off","3","88","179376906.62779999","179376909.54620001","2.9184000194072723","0","0"
"points250000-presentmon","off","3","89","179376909.66749999","179376912.58000001","2.9125000238418579","0","0"
"points250000-presentmon","off","3","90","179376912.69490001","179376917.81380001","5.1189000010490417","0","0"
"points250000-presentmon","off","3","91","179376917.93099999","179376923.14719999","5.2161999940872192","0","0"
"points250000-presentmon","off","3","92","179376923.2647","179376927.0011","3.7364000082015991","0","0"
"points250000-presentmon","off","3","93","179376927.13249999","179376931.48679999","4.3542999923229218","0","0"
"points250000-presentmon","off","3","94","179376931.66569999","179376937.0072","5.3415000140666962","0","0"
"points250000-presentmon","off","3","95","179376937.12720001","179376940.37079999","3.2435999810695648","0","0"
"points250000-presentmon","off","3","96","179376940.49070001","179376943.60780001","3.1171000003814697","0","0"
"points250000-presentmon","off","3","97","179376943.72659999","179376947.05469999","3.3280999958515167","0","0"
"points250000-presentmon","off","3","98","179376947.22420001","179376952.32440001","5.1001999974250793","0","0"
"points250000-presentmon","off","3","99","179376952.43830001","179376955.8964","3.4580999910831451","0","0"
"points250000-presentmon","off","3","100","179376956.0104","179376959.1737","3.1633000075817108","0","0"
"points250000-presentmon","off","3","101","179376959.31920001","179376963.197","3.8777999877929688","0","0"
"points250000-presentmon","off","3","102","179376963.42730001","179376967.8687","4.4413999915122986","0","0"
"points250000-presentmon","off","3","103","179376967.98519999","179376970.72710001","2.7419000267982483","0","0"
"points250000-presentmon","off","3","104","179376970.838","179376973.6503","2.8122999966144562","0","0"
"points250000-presentmon","off","3","105","179376973.76019999","179376976.4337","2.6735000014305115","0","0"
"points250000-presentmon","off","3","106","179376976.55500001","179376979.4734","2.91839998960495","0","0"
"points250000-presentmon","off","3","107","179376979.59029999","179376983.5848","3.9945000112056732","0","0"
"points250000-presentmon","off","3","108","179376983.6952","179376986.27590001","2.580700010061264","0","0"
"points250000-presentmon","off","3","109","179376986.38350001","179376989.9932","3.6096999943256378","0","0"
"points250000-presentmon","off","3","110","179376990.1083","179376994.08860001","3.9803000092506409","0","0"
"points250000-presentmon","off","3","111","179376994.2482","179376998.9862","4.7380000054836273","0","0"
"points250000-presentmon","off","3","112","179376999.10609999","179377002.5934","3.4873000085353851","0","0"
"points250000-presentmon","off","3","113","179377002.71689999","179377006.123","3.4061000049114227","0","0"
"points250000-presentmon","off","3","114","179377006.2322","179377009.4258","3.1935999989509583","0","0"
"points250000-presentmon","off","3","115","179377009.54350001","179377015.66069999","6.1171999871730804","0","0"
"points250000-presentmon","off","3","116","179377015.8055","179377019.4628","3.6572999954223633","0","0"
"points250000-presentmon","off","3","117","179377019.58629999","179377023.0553","3.4690000116825104","0","0"
"points250000-presentmon","off","3","118","179377023.16999999","179377027.34540001","4.1754000186920166","0","0"
"points250000-presentmon","off","3","119","179377027.48339999","179377032.99419999","5.5108000040054321","0","0"
"points250000-presentmon","off","3","120","179377033.11809999","179377036.55689999","3.4388000071048737","0","0"
"points250000-presentmon","off","3","121","179377036.6717","179377039.71450001","3.0428000092506409","0","0"
"points250000-presentmon","off","3","122","179377039.83419999","179377042.98159999","3.1473999917507172","0","0"
"points250000-presentmon","off","3","123","179377043.10839999","179377046.15599999","3.0476000010967255","0","0"
"points250000-presentmon","off","3","124","179377046.27239999","179377049.05500001","2.7826000154018402","0","0"
"points250000-presentmon","off","3","125","179377049.16839999","179377052.0239","2.8555000126361847","0","0"
"points250000-presentmon","off","3","126","179377052.13479999","179377055.0959","2.9611000120639801","0","0"
"points250000-presentmon","off","3","127","179377055.2058","179377058.44150001","3.2357000112533569","0","0"
"points250000-presentmon","off","3","128","179377058.5562","179377062.0474","3.4912000000476837","0","0"
"points250000-presentmon","off","3","129","179377062.17179999","179377065.14250001","2.9707000255584717","0","0"
"points250000-presentmon","off","3","130","179377065.25600001","179377068.73969999","3.4836999773979187","0","0"
"points250000-presentmon","off","3","131","179377068.85159999","179377072.39539999","3.5437999963760376","0","0"
"points250000-presentmon","off","3","132","179377072.50279999","179377078.9817","6.4789000153541565","0","0"
"points250000-presentmon","off","3","133","179377079.12889999","179377082.82449999","3.6956000030040741","0","0"
"points250000-presentmon","off","3","134","179377082.95339999","179377086.50310001","3.5497000217437744","0","0"
"points250000-presentmon","off","3","135","179377086.6207","179377090.42750001","3.8068000078201294","0","0"
"points250000-presentmon","off","3","136","179377090.544","179377093.63249999","3.0884999930858612","0","0"
"points250000-presentmon","off","3","137","179377093.78819999","179377097.5411","3.7529000043869019","0","0"
"points250000-presentmon","off","3","138","179377097.65979999","179377101.24430001","3.5845000147819519","0","0"
"points250000-presentmon","off","3","139","179377101.3531","179377105.0142","3.6611000001430511","0","0"
"points250000-presentmon","off","3","140","179377105.1453","179377110.35409999","5.2087999880313873","0","0"
"points250000-presentmon","off","3","141","179377110.47","179377113.0564","2.5864000022411346","0","0"
"points250000-presentmon","off","3","142","179377113.171","179377116.0433","2.872299998998642","0","0"
"points250000-presentmon","off","3","143","179377116.1543","179377118.88440001","2.730100005865097","0","0"
"points250000-presentmon","off","3","144","179377118.995","179377122.71619999","3.7211999893188477","0","0"
"points250000-presentmon","off","3","145","179377122.83360001","179377125.75830001","2.924699991941452","0","0"
"points250000-presentmon","off","3","146","179377125.88","179377129.05989999","3.1798999905586243","0","0"
"points250000-presentmon","off","3","147","179377129.183","179377132.8854","3.7023999989032745","0","0"
"points250000-presentmon","off","3","148","179377133.00150001","179377138.639","5.637499988079071","0","0"
"points250000-presentmon","off","3","149","179377138.75220001","179377143.27360001","4.5214000046253204","0","0"
"points250000-presentmon","off","3","150","179377143.3987","179377146.60010001","3.2014000117778778","0","0"
"points250000-presentmon","off","3","151","179377146.7202","179377150.458","3.7378000020980835","0","0"
"points250000-presentmon","off","3","152","179377150.5636","179377155.7985","5.2348999977111816","0","0"
"points250000-presentmon","off","3","153","179377155.926","179377159.85370001","3.927700012922287","0","0"
"points250000-presentmon","off","3","154","179377159.99360001","179377163.41940001","3.4257999956607819","0","0"
"points250000-presentmon","off","3","155","179377163.59009999","179377167.1295","3.5394000113010406","0","0"
"points250000-presentmon","off","3","156","179377167.25060001","179377170.7649","3.5142999887466431","0","0"
"points250000-presentmon","off","3","157","179377170.8829","179377174.27950001","3.3966000080108643","0","0"
"points250000-presentmon","off","3","158","179377174.47839999","179377177.98379999","3.5054000020027161","0","0"
"points250000-presentmon","off","3","159","179377178.10409999","179377181.42699999","3.3228999972343445","0","0"
"points250000-presentmon","off","3","160","179377181.5458","179377184.9127","3.3668999969959259","0","0"
"points250000-presentmon","off","3","161","179377185.03029999","179377187.9032","2.8729000091552734","0","0"
"points250000-presentmon","off","3","162","179377188.0117","179377190.72060001","2.7089000046253204","0","0"
"points250000-presentmon","off","3","163","179377190.83059999","179377194.09830001","3.2677000164985657","0","0"
"points250000-presentmon","off","3","164","179377194.23019999","179377197.36019999","3.1299999952316284","0","0"
"points250000-presentmon","off","3","165","179377197.48320001","179377201.5654","4.0821999907493591","0","0"
"points250000-presentmon","off","3","166","179377201.68020001","179377205.83570001","4.1554999947547913","0","0"
"points250000-presentmon","off","3","167","179377205.94659999","179377209.59470001","3.6481000185012817","0","0"
"points250000-presentmon","off","3","168","179377209.70480001","179377213.05509999","3.3502999842166901","0","0"
"points250000-presentmon","off","3","169","179377213.17050001","179377217.2818","4.111299991607666","0","0"
"points250000-presentmon","off","3","170","179377217.39899999","179377221.6191","4.2201000154018402","0","0"
"points250000-presentmon","off","3","171","179377221.72839999","179377225.27559999","3.5471999943256378","0","0"
"points250000-presentmon","off","3","172","179377225.39899999","179377228.53150001","3.132500022649765","0","0"
"points250000-presentmon","off","3","173","179377228.67210001","179377234.56290001","5.8907999992370605","0","0"
"points250000-presentmon","off","3","174","179377234.69499999","179377238.91100001","4.2160000205039978","0","0"
"points250000-presentmon","off","3","175","179377239.02469999","179377242.5772","3.5525000095367432","0","0"
"points250000-presentmon","off","3","176","179377242.6956","179377247.8233","5.127700001001358","0","0"
"points250000-presentmon","off","3","177","179377247.97459999","179377252.68630001","4.7117000222206116","0","0"
"points250000-presentmon","off","3","178","179377252.81290001","179377255.6494","2.8364999890327454","0","0"
"points250000-presentmon","off","3","179","179377255.76350001","179377258.75920001","2.9957000017166138","0","0"
"points250000-presentmon","off","3","180","179377258.87059999","179377262.0738","3.2032000124454498","0","0"
"points250000-presentmon","off","3","181","179377262.1972","179377265.28470001","3.0875000059604645","0","0"
"points250000-presentmon","off","3","182","179377265.40079999","179377268.25529999","2.8544999957084656","0","0"
"points250000-presentmon","off","3","183","179377268.36970001","179377271.15239999","2.7826999723911285","0","0"
"points250000-presentmon","off","3","184","179377271.26179999","179377273.86669999","2.6049000024795532","0","0"
"points250000-presentmon","off","3","185","179377273.9761","179377278.38170001","4.4056000113487244","0","0"
"points250000-presentmon","off","3","186","179377278.521","179377282.6609","4.1398999989032745","0","0"
"points250000-presentmon","off","3","187","179377282.7861","179377286.74790001","3.9618000090122223","0","0"
"points250000-presentmon","off","3","188","179377286.8581","179377290.18349999","3.3253999948501587","0","0"
"points250000-presentmon","off","3","189","179377290.29730001","179377295.7159","5.4185999929904938","0","0"
"points250000-presentmon","off","3","190","179377295.8563","179377299.8479","3.9916000068187714","0","0"
"points250000-presentmon","off","3","191","179377299.97670001","179377303.49700001","3.5203000009059906","0","0"
"points250000-presentmon","off","3","192","179377303.6212","179377306.68520001","3.0640000104904175","0","0"
"points250000-presentmon","off","3","193","179377306.79679999","179377311.33140001","4.5346000194549561","0","0"
"points250000-presentmon","off","3","194","179377311.4517","179377315.21830001","3.7666000127792358","0","0"
"points250000-presentmon","off","3","195","179377315.3283","179377318.33039999","3.0020999908447266","0","0"
"points250000-presentmon","off","3","196","179377318.4587","179377322.0819","3.623199999332428","0","0"
"points250000-presentmon","off","3","197","179377322.1909","179377326.87819999","4.6872999966144562","0","0"
"points250000-presentmon","off","3","198","179377327.00909999","179377329.92770001","2.9186000227928162","0","0"
"points250000-presentmon","off","3","199","179377330.04730001","179377333.46000001","3.4126999974250793","0","0"
"points250000-presentmon","off","3","200","179377333.5851","179377336.36790001","2.782800018787384","0","0"
"points250000-presentmon","off","3","201","179377336.47889999","179377339.28029999","2.8014000058174133","0","0"
"points250000-presentmon","off","3","202","179377339.41479999","179377342.51159999","3.0967999994754791","0","0"
"points250000-presentmon","off","3","203","179377342.64449999","179377346.72170001","4.0772000253200531","0","0"
"points250000-presentmon","off","3","204","179377346.8651","179377350.7376","3.8725000023841858","0","0"
"points250000-presentmon","off","3","205","179377350.85949999","179377354.0176","3.1581000089645386","0","0"
"points250000-presentmon","off","3","206","179377354.13569999","179377359.52320001","5.3875000178813934","0","0"
"points250000-presentmon","off","3","207","179377359.6498","179377363.44659999","3.7967999875545502","0","0"
"points250000-presentmon","off","3","208","179377363.56959999","179377366.97749999","3.4079000055789948","0","0"
"points250000-presentmon","off","3","209","179377367.08489999","179377370.73230001","3.6474000215530396","0","0"
"points250000-presentmon","off","3","210","179377370.85339999","179377375.5","4.6466000080108643","0","0"
"points250000-presentmon","off","3","211","179377375.6153","179377379.48390001","3.8686000108718872","0","0"
"points250000-presentmon","off","3","212","179377379.60910001","179377384.148","4.5388999879360199","0","0"
"points250000-presentmon","off","3","213","179377384.2888","179377389.39700001","5.1082000136375427","0","0"
"points250000-presentmon","off","3","214","179377389.51820001","179377392.76440001","3.2461999952793121","0","0"
"points250000-presentmon","off","3","215","179377392.9174","179377396.60120001","3.6838000118732452","0","0"
"points250000-presentmon","off","3","216","179377396.71970001","179377399.7782","3.0584999918937683","0","0"
"points250000-presentmon","off","3","217","179377399.89449999","179377402.88949999","2.9950000047683716","0","0"
"points250000-presentmon","off","3","218","179377403.00189999","179377405.99000001","2.9881000220775604","0","0"
"points250000-presentmon","off","3","219","179377406.10620001","179377408.79589999","2.6896999776363373","0","0"
"points250000-presentmon","off","3","220","179377408.90490001","179377411.65220001","2.747299998998642","0","0"
"points250000-presentmon","off","3","221","179377411.7683","179377414.68079999","2.9124999940395355","0","0"
"points250000-presentmon","off","3","222","179377414.80270001","179377417.86430001","3.061599999666214","0","0"
"points250000-presentmon","off","3","223","179377417.97639999","179377422.2608","4.2844000160694122","0","0"
"points250000-presentmon","off","3","224","179377422.39340001","179377426.125","3.7315999865531921","0","0"
"points250000-presentmon","off","3","225","179377426.24559999","179377430.8565","4.6109000146389008","0","0"
"points250000-presentmon","off","3","226","179377430.9774","179377434.3664","3.3889999985694885","0","0"
"points250000-presentmon","off","3","227","179377434.48199999","179377439.16429999","4.6823000013828278","0","0"
"points250000-presentmon","off","3","228","179377439.27739999","179377442.55930001","3.281900018453598","0","0"
"points250000-presentmon","off","3","229","179377442.67680001","179377447.38159999","4.7047999799251556","0","0"
"points250000-presentmon","off","3","230","179377447.4984","179377452.53400001","5.0356000065803528","0","0"
"points250000-presentmon","off","3","231","179377452.67469999","179377455.9709","3.2962000072002411","0","0"
"points250000-presentmon","off","3","232","179377456.1191","179377460.7577","4.6385999917984009","0","0"
"points250000-presentmon","off","3","233","179377460.88260001","179377464.55399999","3.6713999807834625","0","0"
"points250000-presentmon","off","3","234","179377464.67399999","179377469.81990001","5.1459000110626221","0","0"
"points250000-presentmon","off","3","235","179377469.93380001","179377473.1988","3.2649999856948853","0","0"
"points250000-presentmon","off","3","236","179377473.34279999","179377476.5113","3.1685000061988831","0","0"
"points250000-presentmon","off","3","237","179377476.62439999","179377479.48519999","2.8607999980449677","0","0"
"points250000-presentmon","off","3","238","179377479.62459999","179377482.57679999","2.9521999955177307","0","0"
"points250000-presentmon","off","3","239","179377482.68849999","179377486.05000001","3.3615000247955322","0","0"
"points250000-presentmon","off","3","240","179377486.16429999","179377488.98649999","2.8222000002861023","0","0"
"points250000-presentmon","gw","3","1","179377747.37290001","179377767.12830001","19.755400002002716","13.736799985170364","2"
"points250000-presentmon","gw","3","2","179377767.32100001","179377787.7396","20.418599992990494","13.731599986553192","2"
"points250000-presentmon","gw","3","3","179377787.91229999","179377807.7886","19.876300007104874","14.259200006723404","2"
"points250000-presentmon","gw","3","4","179377807.9716","179377828.12760001","20.156000018119812","13.850899964570999","2"
"points250000-presentmon","gw","3","5","179377828.31240001","179377847.66170001","19.349299997091293","14.07379999756813","2"
"points250000-presentmon","gw","3","6","179377847.91350001","179377868.104","20.190499991178513","13.846300005912781","2"
"points250000-presentmon","gw","3","7","179377868.28400001","179377887.9637","19.67969998717308","13.764900028705597","2"
"points250000-presentmon","gw","3","8","179377888.12990001","179377906.45680001","18.326900005340576","13.896500021219254","2"
"points250000-presentmon","gw","3","9","179377906.63159999","179377925.36070001","18.7291000187397","13.834399998188019","2"
"points250000-presentmon","gw","3","10","179377925.5413","179377945.42719999","19.885899990797043","13.86149999499321","2"
"points250000-presentmon","gw","3","11","179377945.61469999","179377963.42269999","17.80799999833107","13.630100011825562","2"
"points250000-presentmon","gw","3","12","179377963.58649999","179377981.8664","18.279900014400482","13.79119998216629","2"
"points250000-presentmon","gw","3","13","179377982.0539","179378000.28870001","18.234800010919571","13.690299987792969","2"
"points250000-presentmon","gw","3","14","179378000.47209999","179378019.75639999","19.284299999475479","14.227600038051605","2"
"points250000-presentmon","gw","3","15","179378019.93799999","179378038.7286","18.790600001811981","13.698199987411499","2"
"points250000-presentmon","gw","3","16","179378038.9003","179378056.8285","17.928200006484985","13.84850001335144","2"
"points250000-presentmon","gw","3","17","179378056.98679999","179378075.34650001","18.35970002412796","13.700900018215179","2"
"points250000-presentmon","gw","3","18","179378075.5167","179378093.6029","18.086199998855591","13.78099998831749","2"
"points250000-presentmon","gw","3","19","179378093.79030001","179378112.20680001","18.416500002145767","13.76529997587204","2"
"points250000-presentmon","gw","3","20","179378112.39449999","179378130.84290001","18.448400020599365","13.860999971628189","2"
"points250000-presentmon","gw","3","21","179378131.00560001","179378150.35069999","19.345099985599518","14.028800010681152","2"
"points250000-presentmon","gw","3","22","179378150.52039999","179378169.61489999","19.094500005245209","13.741500020027161","2"
"points250000-presentmon","gw","3","23","179378169.80759999","179378187.6762","17.868600010871887","13.744300007820129","2"
"points250000-presentmon","gw","3","24","179378187.83700001","179378206.02720001","18.190200001001358","13.871399998664856","2"
"points250000-presentmon","gw","3","25","179378206.1918","179378224.35690001","18.165100008249283","13.928200006484985","2"
"points250000-presentmon","gw","3","26","179378224.5808","179378244.46329999","19.882499992847443","14.03640004992485","2"
"points250000-presentmon","gw","3","27","179378244.64210001","179378263.7753","19.133199989795685","13.765300035476685","2"
"points250000-presentmon","gw","3","28","179378263.95640001","179378284.1072","20.150799989700317","13.817699998617172","2"
"points250000-presentmon","gw","3","29","179378284.3019","179378305.0932","20.791299998760223","13.784099966287613","2"
"points250000-presentmon","gw","3","30","179378305.26179999","179378324.2877","19.02590000629425","13.889599978923798","2"
"points250000-presentmon","gw","3","31","179378324.45300001","179378342.7843","18.331299990415573","14.127400010824203","2"
"points250000-presentmon","gw","3","32","179378342.9675","179378363.7775","20.810000002384186","15.310399979352951","2"
"points250000-presentmon","gw","3","33","179378364.0169","179378386.33950001","22.32260000705719","16.719300031661987","2"
"points250000-presentmon","gw","3","34","179378386.5108","179378403.94049999","17.42969998717308","13.743300020694733","2"
"points250000-presentmon","gw","3","35","179378404.12740001","179378422.4016","18.274199992418289","13.664200007915497","2"
"points250000-presentmon","gw","3","36","179378422.5589","179378441.8881","19.329199999570847","14.227300018072128","2"
"points250000-presentmon","gw","3","37","179378442.09330001","179378461.007","18.913699984550476","13.732099980115891","2"
"points250000-presentmon","gw","3","38","179378461.18790001","179378480.8082","19.620299994945526","13.699499994516373","2"
"points250000-presentmon","gw","3","39","179378480.98010001","179378499.2238","18.243699997663498","13.703099966049194","2"
"points250000-presentmon","gw","3","40","179378499.39669999","179378517.58680001","18.190100014209747","13.703499972820282","2"
"points250000-presentmon","gw","3","41","179378517.75049999","179378537.14480001","19.394300013780594","13.783499985933304","2"
"points250000-presentmon","gw","3","42","179378537.33140001","179378556.97889999","19.647499978542328","13.915699988603592","2"
"points250000-presentmon","gw","3","43","179378557.15310001","179378576.977","19.823899984359741","13.863400012254715","2"
"points250000-presentmon","gw","3","44","179378577.16350001","179378595.5882","18.424699991941452","13.767199963331223","2"
"points250000-presentmon","gw","3","45","179378595.7798","179378615.87360001","20.093800008296967","14.424699991941452","2"
"points250000-presentmon","gw","3","46","179378616.0431","179378635.50839999","19.465299993753433","13.710299998521805","2"
"points250000-presentmon","gw","3","47","179378635.67539999","179378654.61950001","18.944100022315979","13.83899998664856","2"
"points250000-presentmon","gw","3","48","179378654.79390001","179378674.002","19.208099991083145","13.780000001192093","2"
"points250000-presentmon","gw","3","49","179378674.18059999","179378692.2568","18.076200008392334","13.774199992418289","2"
"points250000-presentmon","gw","3","50","179378692.4285","179378711.36359999","18.935099989175797","13.685699999332428","2"
"points250000-presentmon","gw","3","51","179378711.5406","179378728.44209999","16.90149998664856","13.79679998755455","2"
"points250000-presentmon","gw","3","52","179378728.61140001","179378747.44530001","18.83390000462532","13.780799984931946","2"
"points250000-presentmon","gw","3","53","179378747.6178","179378766.40689999","18.789099991321564","13.731000006198883","2"
"points250000-presentmon","gw","3","54","179378766.59279999","179378784.70730001","18.114500015974045","13.730299979448318","2"
"points250000-presentmon","gw","3","55","179378784.91999999","179378804.80559999","19.885600000619888","13.89139997959137","2"
"points250000-presentmon","gw","3","56","179378804.97060001","179378825.07449999","20.103899985551834","13.706200033426285","2"
"points250000-presentmon","gw","3","57","179378825.24540001","179378845.9113","20.665899991989136","13.784799993038177","2"
"points250000-presentmon","gw","3","58","179378846.11359999","179378866.20190001","20.08830001950264","14.02690002322197","2"
"points250000-presentmon","gw","3","59","179378866.38100001","179378884.0781","17.697099983692169","14.053599983453751","2"
"points250000-presentmon","gw","3","60","179378884.24470001","179378904.08180001","19.837099999189377","13.85809999704361","2"
"points250000-presentmon","gw","3","61","179378904.25920001","179378922.8917","18.632499992847443","13.748300015926361","2"
"points250000-presentmon","gw","3","62","179378923.0503","179378941.29550001","18.245200008153915","14.117899984121323","2"
"points250000-presentmon","gw","3","63","179378941.50189999","179378960.51719999","19.015300005674362","13.729299992322922","2"
"points250000-presentmon","gw","3","64","179378960.70019999","179378977.87149999","17.171299993991852","13.776400029659271","2"
"points250000-presentmon","gw","3","65","179378978.03290001","179378997.85679999","19.823899984359741","15.508599996566772","2"
"points250000-presentmon","gw","3","66","179378998.04049999","179379016.87869999","18.838200002908707","13.741400003433228","2"
"points250000-presentmon","gw","3","67","179379017.04159999","179379035.56240001","18.520800024271011","13.864500015974045","2"
"points250000-presentmon","gw","3","68","179379035.71950001","179379054.13319999","18.413699984550476","13.778499990701675","2"
"points250000-presentmon","gw","3","69","179379054.3017","179379072.23930001","17.937600016593933","14.122899979352951","2"
"points250000-presentmon","gw","3","70","179379072.42120001","179379091.44319999","19.02199998497963","14.04449999332428","2"
"points250000-presentmon","gw","3","71","179379091.60929999","179379110.15689999","18.547600001096725","13.754400014877319","2"
"points250000-presentmon","gw","3","72","179379110.34209999","179379128.48769999","18.145599991083145","13.829199969768524","2"
"points250000-presentmon","gw","3","73","179379128.66119999","179379148.0034","19.342200011014938","13.665699988603592","2"
"points250000-presentmon","gw","3","74","179379148.17219999","179379165.3757","17.203500002622604","14.040299981832504","2"
"points250000-presentmon","gw","3","75","179379165.54190001","179379184.1356","18.593699991703033","13.794599980115891","2"
"points250000-presentmon","gw","3","76","179379184.294","179379203.3768","19.082800000905991","13.88689997792244","2"
"points250000-presentmon","gw","3","77","179379203.56040001","179379222.2374","18.676999986171722","13.702800005674362","2"
"points250000-presentmon","gw","3","78","179379222.4122","179379242.5659","20.153699994087219","13.723299980163574","2"
"points250000-presentmon","gw","3","79","179379242.76440001","179379260.5756","17.811199992895126","13.72299998998642","2"
"points250000-presentmon","gw","3","80","179379260.74990001","179379281.1679","20.417999982833862","14.112900018692017","2"
"points250000-presentmon","gw","3","81","179379281.3497","179379301.1214","19.771699994802475","13.993199974298477","2"
"points250000-presentmon","gw","3","82","179379301.28470001","179379320.98289999","19.698199987411499","13.922800004482269","2"
"points250000-presentmon","gw","3","83","179379321.146","179379341.8021","20.656100004911423","14.024399995803833","2"
"points250000-presentmon","gw","3","84","179379342.0095","179379360.41620001","18.406700015068054","14.182900011539459","2"
"points250000-presentmon","gw","3","85","179379360.5979","179379381.9113","21.313400000333786","14.027099996805191","2"
"points250000-presentmon","gw","3","86","179379382.0828","179379400.92230001","18.83950001001358","13.843699991703033","2"
"points250000-presentmon","gw","3","87","179379401.1453","179379418.12200001","16.976700007915497","13.742500007152557","2"
"points250000-presentmon","gw","3","88","179379418.27250001","179379436.88909999","18.616599977016449","13.683500021696091","2"
"points250000-presentmon","gw","3","89","179379437.06040001","179379456.07929999","19.018899977207184","13.625299990177155","2"
"points250000-presentmon","gw","3","90","179379456.25319999","179379475.6552","19.40200001001358","13.767800003290176","2"
"points250000-presentmon","gw","3","91","179379475.8506","179379495.954","20.103399991989136","13.686699986457825","2"
"points250000-presentmon","gw","3","92","179379496.1376","179379514.5404","18.402799993753433","13.74099999666214","2"
"points250000-presentmon","gw","3","93","179379514.70089999","179379534.95660001","20.255700021982193","13.634499996900558","2"
"points250000-presentmon","gw","3","94","179379535.12540001","179379555.1683","20.042899996042252","13.950800001621246","2"
"points250000-presentmon","gw","3","95","179379555.3443","179379575.01429999","19.669999986886978","14.304899990558624","2"
"points250000-presentmon","gw","3","96","179379575.20559999","179379595.961","20.755400002002716","13.914000004529953","2"
"points250000-presentmon","gw","3","97","179379596.14480001","179379615.79980001","19.655000001192093","13.740900009870529","2"
"points250000-presentmon","gw","3","98","179379615.9779","179379636.2053","20.227400004863739","13.779100000858307","2"
"points250000-presentmon","gw","3","99","179379636.38240001","179379653.6913","17.308899998664856","13.746100008487701","2"
"points250000-presentmon","gw","3","100","179379653.8721","179379672.9215","19.049400001764297","14.70959997177124","2"
"points250000-presentmon","gw","3","101","179379673.09209999","179379695.6728","22.580700010061264","16.522100001573563","2"
"points250000-presentmon","gw","3","102","179379695.89770001","179379716.38060001","20.482899993658066","13.896700024604797","2"
"points250000-presentmon","gw","3","103","179379716.5537","179379736.5675","20.013799995183945","13.705899953842163","2"
"points250000-presentmon","gw","3","104","179379736.7432","179379755.5325","18.789299994707108","13.907800018787384","2"
"points250000-presentmon","gw","3","105","179379755.71900001","179379775.24340001","19.524399995803833","13.732700020074844","2"
"points250000-presentmon","gw","3","106","179379775.4375","179379794.83109999","19.393599987030029","14.150300025939941","2"
"points250000-presentmon","gw","3","107","179379795.0178","179379815.6798","20.662000000476837","13.829299986362457","2"
"points250000-presentmon","gw","3","108","179379815.86950001","179379836.3461","20.476599991321564","13.717799991369247","2"
"points250000-presentmon","gw","3","109","179379836.51539999","179379855.89489999","19.37950000166893","14.068300008773804","2"
"points250000-presentmon","gw","3","110","179379856.08019999","179379877.04519999","20.965000003576279","15.275599986314774","2"
"points250000-presentmon","gw","3","111","179379877.2274","179379896.13150001","18.904100000858307","13.689200013875961","2"
"points250000-presentmon","gw","3","112","179379896.32350001","179379916.10710001","19.783600002527237","14.138899981975555","2"
"points250000-presentmon","gw","3","113","179379916.27759999","179379933.653","17.375400006771088","13.968999981880188","2"
"points250000-presentmon","gw","3","114","179379933.8168","179379952.72459999","18.907799988985062","13.73470002412796","2"
"points250000-presentmon","gw","3","115","179379952.90130001","179379973.04550001","20.144199997186661","13.775200039148331","2"
"points250000-presentmon","gw","3","116","179379973.2146","179379994.17309999","20.958499997854233","14.587399989366531","2"
"points250000-presentmon","gw","3","117","179379994.3558","179380014.5113","20.155499994754791","13.979299992322922","2"
"points250000-presentmon","gw","3","118","179380014.6902","179380033.04260001","18.352400004863739","13.722099989652634","2"
"points250000-presentmon","gw","3","119","179380033.21250001","179380053.65740001","20.444900006055832","13.957599997520447","2"
"points250000-presentmon","gw","3","120","179380053.82409999","179380073.65090001","19.826800018548965","13.770399957895279","2"
"points250000-presentmon","gw","3","121","179380073.8373","179380092.10389999","18.266599982976913","13.871499955654144","2"
"points250000-presentmon","gw","3","122","179380092.28150001","179380112.4249","20.143399983644485","13.906900018453598","2"
"points250000-presentmon","gw","3","123","179380112.6178","179380135.0781","22.460299998521805","15.011099994182587","2"
"points250000-presentmon","gw","3","124","179380135.2482","179380153.47620001","18.22800001502037","13.878699988126755","2"
"points250000-presentmon","gw","3","125","179380153.64649999","179380171.50659999","17.860100001096725","13.7291000187397","2"
"points250000-presentmon","gw","3","126","179380171.67449999","179380190.25409999","18.579600006341934","13.755399972200394","2"
"points250000-presentmon","gw","3","127","179380190.41580001","179380209.08590001","18.670100003480911","13.751800000667572","2"
"points250000-presentmon","gw","3","128","179380209.2665","179380229.57409999","20.307599991559982","13.928099989891052","2"
"points250000-presentmon","gw","3","129","179380229.755","179380247.66159999","17.906599998474121","13.815400004386902","2"
"points250000-presentmon","gw","3","130","179380247.82769999","179380267.48140001","19.653700023889542","13.66949999332428","2"
"points250000-presentmon","gw","3","131","179380267.6478","179380287.53659999","19.888799995183945","13.91059997677803","2"
"points250000-presentmon","gw","3","132","179380287.7098","179380307.8479","20.138099998235703","14.089300006628036","2"
"points250000-presentmon","gw","3","133","179380308.01499999","179380331.1846","23.169600009918213","16.721299976110458","2"
"points250000-presentmon","gw","3","134","179380331.37540001","179380351.89989999","20.524499982595444","13.679499983787537","2"
"points250000-presentmon","gw","3","135","179380352.08629999","179380370.77579999","18.689500004053116","13.791899979114532","2"
"points250000-presentmon","gw","3","136","179380370.94780001","179380390.5298","19.581999987363815","13.667599976062775","2"
"points250000-presentmon","gw","3","137","179380390.69240001","179380408.85069999","18.15829998254776","13.719700008630753","2"
"points250000-presentmon","gw","3","138","179380409.02059999","179380428.4411","19.420500010251999","13.765399992465973","2"
"points250000-presentmon","gw","3","139","179380428.6252","179380448.2261","19.600899994373322","14.437899976968765","2"
"points250000-presentmon","gw","3","140","179380448.41499999","179380467.7793","19.364300012588501","13.675899982452393","2"
"points250000-presentmon","gw","3","141","179380467.95519999","179380488.0957","20.140500009059906","13.867799997329712","2"
"points250000-presentmon","gw","3","142","179380488.27630001","179380508.4064","20.130099982023239","13.857800006866455","2"
"points250000-presentmon","gw","3","143","179380508.6065","179380527.0262","18.419699996709824","13.625499993562698","2"
"points250000-presentmon","gw","3","144","179380527.1956","179380547.82749999","20.631899982690811","13.895999997854233","2"
"points250000-presentmon","gw","3","145","179380548.0122","179380568.82120001","20.809000015258789","13.948600023984909","2"
"points250000-presentmon","gw","3","146","179380569.046","179380589.9014","20.855399996042252","13.958599984645844","2"
"points250000-presentmon","gw","3","147","179380590.08520001","179380610.41069999","20.325499981641769","14.049699991941452","2"
"points250000-presentmon","gw","3","148","179380610.60100001","179380629.8308","19.22979998588562","13.795500010251999","2"
"points250000-presentmon","gw","3","149","179380630.0072","179380649.0068","18.999599993228912","13.742000013589859","2"
"points250000-presentmon","gw","3","150","179380649.17269999","179380668.4364","19.263700008392334","13.784099996089935","2"
"points250000-presentmon","gw","3","151","179380668.61269999","179380686.64700001","18.034300029277802","13.747500002384186","2"
"points250000-presentmon","gw","3","152","179380686.80849999","179380710.3118","23.50330001115799","13.893200039863586","2"
"points250000-presentmon","gw","3","153","179380710.4905","179380730.59940001","20.108900010585785","13.725400030612946","2"
"points250000-presentmon","gw","3","154","179380730.7744","179380751.31169999","20.537299990653992","14.401099979877472","2"
"points250000-presentmon","gw","3","155","179380751.49860001","179380772.2353","20.736699998378754","13.726999968290329","2"
"points250000-presentmon","gw","3","156","179380772.42640001","179380792.99439999","20.567999988794327","13.691700011491776","2"
"points250000-presentmon","gw","3","157","179380793.1787","179380812.67379999","19.495099991559982","13.78549998998642","2"
"points250000-presentmon","gw","3","158","179380812.84689999","179380832.78819999","19.941300004720688","13.788499981164932","2"
"points250000-presentmon","gw","3","159","179380832.9623","179380853.3707","20.408399999141693","13.776899993419647","2"
"points250000-presentmon","gw","3","160","179380853.558","179380872.87380001","19.31580001115799","13.678800016641617","2"
"points250000-presentmon","gw","3","161","179380873.05540001","179380892.40040001","19.344999998807907","13.698200017213821","2"
"points250000-presentmon","gw","3","162","179380892.57879999","179380910.00659999","17.427799999713898","13.801300019025803","2"
"points250000-presentmon","gw","3","163","179380910.1724","179380928.8301","18.657700002193451","13.728999972343445","2"
"points250000-presentmon","gw","3","164","179380929.021","179380949.65290001","20.631900012493134","13.85369998216629","2"
"points250000-presentmon","gw","3","165","179380949.84310001","179380970.12639999","20.28329998254776","14.172700017690659","2"
"points250000-presentmon","gw","3","166","179380970.30610001","179380990.7723","20.466199994087219","13.792800009250641","2"
"points250000-presentmon","gw","3","167","179380990.94420001","179381011.23769999","20.293499976396561","13.61370000243187","2"
"points250000-presentmon","gw","3","168","179381011.42089999","179381030.29080001","18.869900017976761","13.941100001335144","2"
"points250000-presentmon","gw","3","169","179381030.46039999","179381051.28889999","20.828500002622604","14.37880003452301","2"
"points250000-presentmon","gw","3","170","179381051.46720001","179381070.97150001","19.504299998283386","13.719199985265732","2"
"points250000-presentmon","gw","3","171","179381071.13839999","179381090.8761","19.737700015306473","13.843300014734268","2"
"points250000-presentmon","gw","3","172","179381091.04010001","179381110.70730001","19.667199999094009","13.721599996089935","2"
"points250000-presentmon","gw","3","173","179381110.88800001","179381129.3829","18.494899988174438","14.347699999809265","2"
"points250000-presentmon","gw","3","174","179381129.56459999","179381148.44260001","18.878000020980835","13.775799989700317","2"
"points250000-presentmon","gw","3","175","179381148.62760001","179381168.9621","20.33449998497963","14.062099993228912","2"
"points250000-presentmon","gw","3","176","179381169.1442","179381188.3066","19.162400007247925","13.672500014305115","2"
"points250000-presentmon","gw","3","177","179381188.4659","179381209.2105","20.744599997997284","14.01759997010231","2"
"points250000-presentmon","gw","3","178","179381209.39950001","179381229.53600001","20.136500000953674","13.769699990749359","2"
"points250000-presentmon","gw","3","179","179381229.70570001","179381248.50220001","18.796499997377396","14.055999994277954","2"
"points250000-presentmon","gw","3","180","179381248.6717","179381268.1785","19.5067999958992","13.739300012588501","2"
"points250000-presentmon","gw","3","181","179381268.3502","179381288.35699999","20.0067999958992","13.704800009727478","2"
"points250000-presentmon","gw","3","182","179381288.52579999","179381308.8554","20.329600006341934","14.486899971961975","2"
"points250000-presentmon","gw","3","183","179381309.02720001","179381329.2051","20.177899986505508","13.792000025510788","2"
"points250000-presentmon","gw","3","184","179381329.38319999","179381348.13780001","18.754600018262863","13.681400001049042","2"
"points250000-presentmon","gw","3","185","179381348.3082","179381367.06110001","18.752900004386902","13.655700027942657","2"
"points250000-presentmon","gw","3","186","179381367.22569999","179381386.8644","19.638700008392334","13.762699991464615","2"
"points250000-presentmon","gw","3","187","179381387.0352","179381405.98210001","18.946900010108948","13.904100000858307","2"
"points250000-presentmon","gw","3","188","179381406.20840001","179381426.9517","20.74329999089241","13.787699997425079","2"
"points250000-presentmon","gw","3","189","179381427.1356","179381448.0086","20.872999995946884","13.764900028705597","2"
"points250000-presentmon","gw","3","190","179381448.1936","179381468.86059999","20.666999995708466","13.972299993038177","2"
"points250000-presentmon","gw","3","191","179381469.04280001","179381488.95750001","19.914700001478195","13.643400013446808","2"
"points250000-presentmon","gw","3","192","179381489.1485","179381509.28389999","20.135399997234344","13.663199990987778","2"
"points250000-presentmon","gw","3","193","179381509.45339999","179381528.76339999","19.310000002384186","14.231000006198883","2"
"points250000-presentmon","gw","3","194","179381528.94670001","179381549.44400001","20.497299998998642","13.81029999256134","2"
"points250000-presentmon","gw","3","195","179381549.63339999","179381568.38139999","18.747999995946884","14.093299984931946","2"
"points250000-presentmon","gw","3","196","179381568.57170001","179381588.50929999","19.937599986791611","14.112399965524673","2"
"points250000-presentmon","gw","3","197","179381588.7042","179381607.84630001","19.142100006341934","13.777099996805191","2"
"points250000-presentmon","gw","3","198","179381608.02090001","179381628.08430001","20.063400000333786","14.744100004434586","2"
"points250000-presentmon","gw","3","199","179381628.27360001","179381650.41119999","22.137599974870682","15.173200011253357","2"
"points250000-presentmon","gw","3","200","179381650.58770001","179381670.85190001","20.264200001955032","13.830000013113022","2"
"points250000-presentmon","gw","3","201","179381671.0343","179381690.85190001","19.817600011825562","13.72409999370575","2"
"points250000-presentmon","gw","3","202","179381691.0149","179381710.9111","19.896200001239777","13.602399975061417","2"
"points250000-presentmon","gw","3","203","179381711.09189999","179381730.08489999","18.993000000715256","13.787999987602234","2"
"points250000-presentmon","gw","3","204","179381730.24540001","179381751.287","21.041599988937378","14.935899972915649","2"
"points250000-presentmon","gw","3","205","179381751.49579999","179381772.4558","20.96000000834465","13.60359999537468","2"
"points250000-presentmon","gw","3","206","179381772.63530001","179381792.46579999","19.830499976873398","14.220099985599518","2"
"points250000-presentmon","gw","3","207","179381792.67219999","179381813.19490001","20.522700011730194","14.722499996423721","2"
"points250000-presentmon","gw","3","208","179381813.37650001","179381831.92680001","18.550300002098083","13.741200000047684","2"
"points250000-presentmon","gw","3","209","179381832.09369999","179381852.46149999","20.367799997329712","13.930400013923645","2"
"points250000-presentmon","gw","3","210","179381852.67359999","179381873.0235","20.349900007247925","13.906499981880188","2"
"points250000-presentmon","gw","3","211","179381873.2026","179381893.9962","20.793599992990494","14.341900020837784","2"
"points250000-presentmon","gw","3","212","179381894.1895","179381914.68810001","20.498600006103516","14.03099998831749","2"
"points250000-presentmon","gw","3","213","179381914.85589999","179381933.79769999","18.941799998283386","13.763000011444092","2"
"points250000-presentmon","gw","3","214","179381933.96790001","179381955.41800001","21.450100004673004","13.80460000038147","2"
"points250000-presentmon","gw","3","215","179381955.5914","179381977.09330001","21.501900017261505","13.821399986743927","2"
"points250000-presentmon","gw","3","216","179381977.2726","179381996.5228","19.250200003385544","13.929999977350235","2"
"points250000-presentmon","gw","3","217","179381996.6936","179382017.89629999","21.202699989080429","13.816799998283386","2"
"points250000-presentmon","gw","3","218","179382018.0808","179382036.9075","18.826700001955032","13.705300003290176","2"
"points250000-presentmon","gw","3","219","179382037.08219999","179382055.84209999","18.759900003671646","13.715499997138977","2"
"points250000-presentmon","gw","3","220","179382056.0151","179382074.99790001","18.982800006866455","13.835299998521805","2"
"points250000-presentmon","gw","3","221","179382075.1762","179382095.5862","20.409999996423721","15.657099992036819","2"
"points250000-presentmon","gw","3","222","179382095.76429999","179382115.7423","19.97800001502037","13.791200011968613","2"
"points250000-presentmon","gw","3","223","179382115.90889999","179382136.38409999","20.475199997425079","13.70440000295639","2"
"points250000-presentmon","gw","3","224","179382136.5609","179382155.6514","19.090499997138977","13.757999986410141","2"
"points250000-presentmon","gw","3","225","179382155.8479","179382175.5772","19.729299992322922","13.722199976444244","2"
"points250000-presentmon","gw","3","226","179382175.75529999","179382196.1796","20.424300014972687","13.796099990606308","2"
"points250000-presentmon","gw","3","227","179382196.3603","179382215.88730001","19.52700001001358","13.763899981975555","2"
"points250000-presentmon","gw","3","228","179382216.0977","179382237.79049999","21.692799985408783","13.907100021839142","2"
"points250000-presentmon","gw","3","229","179382237.95519999","179382258.45719999","20.502000004053116","13.635199993848801","2"
"points250000-presentmon","gw","3","230","179382258.66209999","179382276.96489999","18.302799999713898","13.712799966335297","2"
"points250000-presentmon","gw","3","231","179382277.13010001","179382296.04800001","18.917899996042252","13.879099994897842","2"
"points250000-presentmon","gw","3","232","179382296.2376","179382314.442","18.20440000295639","13.722900003194809","2"
"points250000-presentmon","gw","3","233","179382314.6054","179382333.52489999","18.91949999332428","13.840100020170212","2"
"points250000-presentmon","gw","3","234","179382333.72870001","179382353.96900001","20.240299999713898","13.715200006961823","2"
"points250000-presentmon","gw","3","235","179382354.13550001","179382373.74509999","19.609599977731705","13.936099976301193","2"
"points250000-presentmon","gw","3","236","179382373.9104","179382394.18790001","20.277500003576279","13.653699994087219","2"
"points250000-presentmon","gw","3","237","179382394.38429999","179382414.1776","19.793300002813339","13.694900006055832","2"
"points250000-presentmon","gw","3","238","179382414.3529","179382434.3263","19.973399996757507","14.093899995088577","2"
"points250000-presentmon","gw","3","239","179382434.51089999","179382454.4867","19.975800007581711","13.725499987602234","2"
"points250000-presentmon","gw","3","240","179382454.65689999","179382474.46779999","19.810900002717972","13.814200013875961","2"
"points250000-presentmon","retained","3","1","179382528.206","179382532.96990001","4.7639000117778778","0","0"
"points250000-presentmon","retained","3","2","179382533.14539999","179382536.5952","3.4498000144958496","0","0"
"points250000-presentmon","retained","3","3","179382536.72690001","179382540.1654","3.4384999871253967","0","0"
"points250000-presentmon","retained","3","4","179382540.28380001","179382543.57120001","3.2874000072479248","0","0"
"points250000-presentmon","retained","3","5","179382543.69139999","179382548.2419","4.5505000054836273","0","0"
"points250000-presentmon","retained","3","6","179382548.3813","179382551.7119","3.3305999934673309","0","0"
"points250000-presentmon","retained","3","7","179382551.82120001","179382555.16139999","3.3401999771595001","0","0"
"points250000-presentmon","retained","3","8","179382555.2728","179382558.7455","3.4726999998092651","0","0"
"points250000-presentmon","retained","3","9","179382558.87940001","179382562.2985","3.4190999865531921","0","0"
"points250000-presentmon","retained","3","10","179382562.4346","179382567.44589999","5.0112999975681305","0","0"
"points250000-presentmon","retained","3","11","179382567.58989999","179382570.54550001","2.9556000232696533","0","0"
"points250000-presentmon","retained","3","12","179382570.66589999","179382573.40220001","2.7363000214099884","0","0"
"points250000-presentmon","retained","3","13","179382573.5149","179382576.25560001","2.7407000064849854","0","0"
"points250000-presentmon","retained","3","14","179382576.3876","179382581.16350001","4.7759000062942505","0","0"
"points250000-presentmon","retained","3","15","179382581.285","179382585.07620001","3.7912000119686127","0","0"
"points250000-presentmon","retained","3","16","179382585.19100001","179382588.7342","3.5431999862194061","0","0"
"points250000-presentmon","retained","3","17","179382588.84150001","179382592.5451","3.7035999894142151","0","0"
"points250000-presentmon","retained","3","18","179382592.66960001","179382599.75850001","7.0888999998569489","0","0"
"points250000-presentmon","retained","3","19","179382599.95829999","179382603.55700001","3.5987000167369843","0","0"
"points250000-presentmon","retained","3","20","179382603.7103","179382607.23930001","3.5290000140666962","0","0"
"points250000-presentmon","retained","3","21","179382607.3836","179382612.14969999","4.7660999894142151","0","0"
"points250000-presentmon","retained","3","22","179382612.3055","179382615.9901","3.6845999956130981","0","0"
"points250000-presentmon","retained","3","23","179382616.1155","179382619.32030001","3.204800009727478","0","0"
"points250000-presentmon","retained","3","24","179382619.43419999","179382623.0345","3.6003000140190125","0","0"
"points250000-presentmon","retained","3","25","179382623.14750001","179382629.7089","6.5613999962806702","0","0"
"points250000-presentmon","retained","3","26","179382629.8811","179382633.3739","3.4927999973297119","0","0"
"points250000-presentmon","retained","3","27","179382633.54879999","179382636.8696","3.3208000063896179","0","0"
"points250000-presentmon","retained","3","28","179382636.99020001","179382640.23480001","3.2445999979972839","0","0"
"points250000-presentmon","retained","3","29","179382640.37529999","179382644.2872","3.9119000136852264","0","0"
"points250000-presentmon","retained","3","30","179382644.41170001","179382647.3973","2.9855999946594238","0","0"
"points250000-presentmon","retained","3","31","179382647.509","179382650.25150001","2.7425000071525574","0","0"
"points250000-presentmon","retained","3","32","179382650.35839999","179382653.27700001","2.9186000227928162","0","0"
"points250000-presentmon","retained","3","33","179382653.39179999","179382658.85969999","5.4679000079631805","0","0"
"points250000-presentmon","retained","3","34","179382659.0235","179382663.00979999","3.986299991607666","0","0"
"points250000-presentmon","retained","3","35","179382663.15169999","179382666.8707","3.7190000116825104","0","0"
"points250000-presentmon","retained","3","36","179382667.0059","179382670.66780001","3.6619000136852264","0","0"
"points250000-presentmon","retained","3","37","179382670.77450001","179382675.54049999","4.765999972820282","0","0"
"points250000-presentmon","retained","3","38","179382675.69159999","179382679.58570001","3.89410001039505","0","0"
"points250000-presentmon","retained","3","39","179382679.70289999","179382682.9014","3.198500007390976","0","0"
"points250000-presentmon","retained","3","40","179382683.0113","179382686.7362","3.7249000072479248","0","0"
"points250000-presentmon","retained","3","41","179382686.84169999","179382692.40149999","5.559799998998642","0","0"
"points250000-presentmon","retained","3","42","179382692.53290001","179382696.13929999","3.6063999831676483","0","0"
"points250000-presentmon","retained","3","43","179382696.27500001","179382699.35370001","3.0787000060081482","0","0"
"points250000-presentmon","retained","3","44","179382699.45989999","179382703.64359999","4.1836999952793121","0","0"
"points250000-presentmon","retained","3","45","179382703.75350001","179382707.40490001","3.6513999998569489","0","0"
"points250000-presentmon","retained","3","46","179382707.51120001","179382710.7994","3.2881999909877777","0","0"
"points250000-presentmon","retained","3","47","179382710.9325","179382713.81510001","2.8826000094413757","0","0"
"points250000-presentmon","retained","3","48","179382713.93329999","179382717.32960001","3.3963000178337097","0","0"
"points250000-presentmon","retained","3","49","179382717.4445","179382721.8847","4.440200001001358","0","0"
"points250000-presentmon","retained","3","50","179382722.00080001","179382725.6286","3.6277999877929688","0","0"
"points250000-presentmon","retained","3","51","179382725.76019999","179382730.2579","4.4977000057697296","0","0"
"points250000-presentmon","retained","3","52","179382730.37810001","179382733.54339999","3.1652999818325043","0","0"
"points250000-presentmon","retained","3","53","179382733.6552","179382738.89700001","5.2418000102043152","0","0"
"points250000-presentmon","retained","3","54","179382739.01519999","179382743.02779999","4.0126000046730042","0","0"
"points250000-presentmon","retained","3","55","179382743.1505","179382746.3326","3.1820999979972839","0","0"
"points250000-presentmon","retained","3","56","179382746.4531","179382750.1065","3.6534000039100647","0","0"
"points250000-presentmon","retained","3","57","179382750.21489999","179382755.58930001","5.3744000196456909","0","0"
"points250000-presentmon","retained","3","58","179382755.70519999","179382759.27759999","3.5724000036716461","0","0"
"points250000-presentmon","retained","3","59","179382759.3933","179382763.2044","3.8111000061035156","0","0"
"points250000-presentmon","retained","3","60","179382763.33199999","179382767.56740001","4.2354000210762024","0","0"
"points250000-presentmon","retained","3","61","179382767.68759999","179382771.4786","3.7910000085830688","0","0"
"points250000-presentmon","retained","3","62","179382771.5907","179382775.0361","3.4453999996185303","0","0"
"points250000-presentmon","retained","3","63","179382775.14820001","179382778.73300001","3.5848000049591064","0","0"
"points250000-presentmon","retained","3","64","179382778.89480001","179382782.1469","3.2520999908447266","0","0"
"points250000-presentmon","retained","3","65","179382782.2604","179382786.57100001","4.3106000125408173","0","0"
"points250000-presentmon","retained","3","66","179382786.6929","179382789.51719999","2.8242999911308289","0","0"
"points250000-presentmon","retained","3","67","179382789.62709999","179382792.35049999","2.7233999967575073","0","0"
"points250000-presentmon","retained","3","68","179382792.4621","179382796.76359999","4.301499992609024","0","0"
"points250000-presentmon","retained","3","69","179382796.90540001","179382801.699","4.7935999929904938","0","0"
"points250000-presentmon","retained","3","70","179382801.8184","179382805.9567","4.1383000016212463","0","0"
"points250000-presentmon","retained","3","71","179382806.07879999","179382809.9034","3.8246000111103058","0","0"
"points250000-presentmon","retained","3","72","179382810.0406","179382815.30590001","5.2653000056743622","0","0"
"points250000-presentmon","retained","3","73","179382815.43110001","179382819.10280001","3.6717000007629395","0","0"
"points250000-presentmon","retained","3","74","179382819.21849999","179382822.8233","3.6048000156879425","0","0"
"points250000-presentmon","retained","3","75","179382822.93599999","179382826.1473","3.2113000154495239","0","0"
"points250000-presentmon","retained","3","76","179382826.2701","179382830.9508","4.6807000041007996","0","0"
"points250000-presentmon","retained","3","77","179382831.104","179382835.30939999","4.2053999900817871","0","0"
"points250000-presentmon","retained","3","78","179382835.4294","179382840.07710001","4.6477000117301941","0","0"
"points250000-presentmon","retained","3","79","179382840.22659999","179382844.0386","3.8120000064373016","0","0"
"points250000-presentmon","retained","3","80","179382844.2105","179382849.9447","5.7342000007629395","0","0"
"points250000-presentmon","retained","3","81","179382850.1661","179382853.91870001","3.7526000142097473","0","0"
"points250000-presentmon","retained","3","82","179382854.06619999","179382857.134","3.0678000152111053","0","0"
"points250000-presentmon","retained","3","83","179382857.26629999","179382861.80919999","4.5428999960422516","0","0"
"points250000-presentmon","retained","3","84","179382861.96579999","179382865.43340001","3.467600017786026","0","0"
"points250000-presentmon","retained","3","85","179382865.54859999","179382868.43090001","2.8823000192642212","0","0"
"points250000-presentmon","retained","3","86","179382868.54260001","179382871.26989999","2.7272999882698059","0","0"
"points250000-presentmon","retained","3","87","179382871.37459999","179382875.6733","4.2987000048160553","0","0"
"points250000-presentmon","retained","3","88","179382875.7931","179382880.83419999","5.0410999953746796","0","0"
"points250000-presentmon","retained","3","89","179382880.95249999","179382885.2238","4.2713000178337097","0","0"
"points250000-presentmon","retained","3","90","179382885.3362","179382888.89449999","3.5582999885082245","0","0"
"points250000-presentmon","retained","3","91","179382889.0192","179382893.4021","4.3828999996185303","0","0"
"points250000-presentmon","retained","3","92","179382893.5988","179382897.22929999","3.6304999887943268","0","0"
"points250000-presentmon","retained","3","93","179382897.35440001","179382901.62959999","4.2751999795436859","0","0"
"points250000-presentmon","retained","3","94","179382901.74329999","179382905.1911","3.4478000104427338","0","0"
"points250000-presentmon","retained","3","95","179382905.3028","179382910.51640001","5.2136000096797943","0","0"
"points250000-presentmon","retained","3","96","179382910.66049999","179382914.70550001","4.0450000166893005","0","0"
"points250000-presentmon","retained","3","97","179382914.81959999","179382919.4404","4.6208000183105469","0","0"
"points250000-presentmon","retained","3","98","179382919.54980001","179382923.20449999","3.654699981212616","0","0"
"points250000-presentmon","retained","3","99","179382923.32350001","179382927.4174","4.0938999950885773","0","0"
"points250000-presentmon","retained","3","100","179382927.59799999","179382930.6354","3.0374000072479248","0","0"
"points250000-presentmon","retained","3","101","179382930.75240001","179382933.56479999","2.8123999834060669","0","0"
"points250000-presentmon","retained","3","102","179382933.67559999","179382937.37630001","3.7007000148296356","0","0"
"points250000-presentmon","retained","3","103","179382937.493","179382941.9093","4.4162999987602234","0","0"
"points250000-presentmon","retained","3","104","179382942.04679999","179382945.6214","3.5746000111103058","0","0"
"points250000-presentmon","retained","3","105","179382945.74869999","179382949.9689","4.2202000021934509","0","0"
"points250000-presentmon","retained","3","106","179382950.1577","179382954","3.8422999978065491","0","0"
"points250000-presentmon","retained","3","107","179382954.1164","179382958.7446","4.6281999945640564","0","0"
"points250000-presentmon","retained","3","108","179382958.8714","179382963.45379999","4.582399994134903","0","0"
"points250000-presentmon","retained","3","109","179382963.58500001","179382967.1749","3.5898999869823456","0","0"
"points250000-presentmon","retained","3","110","179382967.2877","179382972.26249999","4.9747999906539917","0","0"
"points250000-presentmon","retained","3","111","179382972.37149999","179382976.3468","3.9753000140190125","0","0"
"points250000-presentmon","retained","3","112","179382976.47220001","179382980.5192","4.046999990940094","0","0"
"points250000-presentmon","retained","3","113","179382980.6401","179382984.23480001","3.5947000086307526","0","0"
"points250000-presentmon","retained","3","114","179382984.34470001","179382989.01989999","4.6751999855041504","0","0"
"points250000-presentmon","retained","3","115","179382989.1426","179382992.6972","3.5546000003814697","0","0"
"points250000-presentmon","retained","3","116","179382992.83039999","179382996.49970001","3.6693000197410583","0","0"
"points250000-presentmon","retained","3","117","179382996.61300001","179382999.7572","3.1441999971866608","0","0"
"points250000-presentmon","retained","3","118","179382999.8653","179383004.91280001","5.0475000143051147","0","0"
"points250000-presentmon","retained","3","119","179383005.05199999","179383007.88510001","2.8331000208854675","0","0"
"points250000-presentmon","retained","3","120","179383008.00729999","179383011.7159","3.7086000144481659","0","0"
"points250000-presentmon","retained","3","121","179383011.8355","179383016.36719999","4.5316999852657318","0","0"
"points250000-presentmon","retained","3","122","179383016.4853","179383021.05599999","4.5706999897956848","0","0"
"points250000-presentmon","retained","3","123","179383021.17070001","179383024.7017","3.5309999883174896","0","0"
"points250000-presentmon","retained","3","124","179383024.89700001","179383029.60879999","4.7117999792098999","0","0"
"points250000-presentmon","retained","3","125","179383029.74059999","179383034.58419999","4.8436000049114227","0","0"
"points250000-presentmon","retained","3","126","179383034.6947","179383038.18799999","3.4932999908924103","0","0"
"points250000-presentmon","retained","3","127","179383038.29980001","179383041.87509999","3.5752999782562256","0","0"
"points250000-presentmon","retained","3","128","179383041.98769999","179383047.12830001","5.1406000256538391","0","0"
"points250000-presentmon","retained","3","129","179383047.31639999","179383052.18040001","4.8640000224113464","0","0"
"points250000-presentmon","retained","3","130","179383052.29730001","179383055.81479999","3.5174999833106995","0","0"
"points250000-presentmon","retained","3","131","179383055.93579999","179383060.54409999","4.6083000004291534","0","0"
"points250000-presentmon","retained","3","132","179383060.8127","179383065.8777","5.0649999976158142","0","0"
"points250000-presentmon","retained","3","133","179383066.00659999","179383068.79960001","2.7930000126361847","0","0"
"points250000-presentmon","retained","3","134","179383068.91460001","179383071.7744","2.8597999811172485","0","0"
"points250000-presentmon","retained","3","135","179383071.88870001","179383074.63600001","2.747299998998642","0","0"
"points250000-presentmon","retained","3","136","179383074.7649","179383078.7669","4.0020000040531158","0","0"
"points250000-presentmon","retained","3","137","179383078.88929999","179383081.8971","3.0078000128269196","0","0"
"points250000-presentmon","retained","3","138","179383082.0149","179383084.78799999","2.7730999886989594","0","0"
"points250000-presentmon","retained","3","139","179383084.8951","179383088.62180001","3.7267000079154968","0","0"
"points250000-presentmon","retained","3","140","179383088.7538","179383092.71039999","3.9565999805927277","0","0"
"points250000-presentmon","retained","3","141","179383092.8493","179383098.92390001","6.0746000111103058","0","0"
"points250000-presentmon","retained","3","142","179383099.0442","179383102.449","3.4047999978065491","0","0"
"points250000-presentmon","retained","3","143","179383102.56670001","179383106.11140001","3.5446999967098236","0","0"
"points250000-presentmon","retained","3","144","179383106.2369","179383110.83559999","4.5986999869346619","0","0"
"points250000-presentmon","retained","3","145","179383110.9576","179383115.53510001","4.5775000154972076","0","0"
"points250000-presentmon","retained","3","146","179383115.66150001","179383118.84999999","3.1884999871253967","0","0"
"points250000-presentmon","retained","3","147","179383118.95860001","179383122.70930001","3.7506999969482422","0","0"
"points250000-presentmon","retained","3","148","179383122.8154","179383129.5309","6.7154999971389771","0","0"
"points250000-presentmon","retained","3","149","179383129.6848","179383133.04390001","3.3591000139713287","0","0"
"points250000-presentmon","retained","3","150","179383133.17070001","179383136.39950001","3.2287999987602234","0","0"
"points250000-presentmon","retained","3","151","179383136.51769999","179383139.8576","3.339900016784668","0","0"
"points250000-presentmon","retained","3","152","179383139.9675","179383143.87670001","3.9092000126838684","0","0"
"points250000-presentmon","retained","3","153","179383144.03169999","179383147.69400001","3.6623000204563141","0","0"
"points250000-presentmon","retained","3","154","179383147.824","179383150.8281","3.0040999948978424","0","0"
"points250000-presentmon","retained","3","155","179383150.94870001","179383153.72389999","2.7751999795436859","0","0"
"points250000-presentmon","retained","3","156","179383153.83700001","179383157.06189999","3.2248999774456024","0","0"
"points250000-presentmon","retained","3","157","179383157.18020001","179383162.02020001","4.8400000035762787","0","0"
"points250000-presentmon","retained","3","158","179383162.18270001","179383165.4928","3.3100999891757965","0","0"
"points250000-presentmon","retained","3","159","179383165.6399","179383169.45370001","3.8138000071048737","0","0"
"points250000-presentmon","retained","3","160","179383169.56999999","179383174.48190001","4.9119000136852264","0","0"
"points250000-presentmon","retained","3","161","179383174.7694","179383178.41029999","3.6408999860286713","0","0"
"points250000-presentmon","retained","3","162","179383178.528","179383182.1189","3.5909000039100647","0","0"
"points250000-presentmon","retained","3","163","179383182.2396","179383185.79980001","3.5602000057697296","0","0"
"points250000-presentmon","retained","3","164","179383185.9118","179383191.6214","5.7096000015735626","0","0"
"points250000-presentmon","retained","3","165","179383191.77399999","179383195.64199999","3.8680000007152557","0","0"
"points250000-presentmon","retained","3","166","179383195.80340001","179383199.31990001","3.5164999961853027","0","0"
"points250000-presentmon","retained","3","167","179383199.45899999","179383202.87920001","3.4202000200748444","0","0"
"points250000-presentmon","retained","3","168","179383203.00130001","179383208.49200001","5.4907000064849854","0","0"
"points250000-presentmon","retained","3","169","179383208.61750001","179383212.17340001","3.5559000074863434","0","0"
"points250000-presentmon","retained","3","170","179383212.2947","179383215.7367","3.4420000016689301","0","0"
"points250000-presentmon","retained","3","171","179383215.87639999","179383220.2058","4.3294000029563904","0","0"
"points250000-presentmon","retained","3","172","179383220.32069999","179383223.3373","3.0166000127792358","0","0"
"points250000-presentmon","retained","3","173","179383223.45640001","179383226.59220001","3.1358000040054321","0","0"
"points250000-presentmon","retained","3","174","179383226.73120001","179383229.6629","2.9316999912261963","0","0"
"points250000-presentmon","retained","3","175","179383229.78310001","179383232.50470001","2.7215999960899353","0","0"
"points250000-presentmon","retained","3","176","179383232.62689999","179383236.4136","3.7867000102996826","0","0"
"points250000-presentmon","retained","3","177","179383236.5361","179383240.91549999","4.3793999850749969","0","0"
"points250000-presentmon","retained","3","178","179383241.02160001","179383244.861","3.8393999934196472","0","0"
"points250000-presentmon","retained","3","179","179383244.99059999","179383248.20199999","3.2114000022411346","0","0"
"points250000-presentmon","retained","3","180","179383248.31909999","179383253.17070001","4.8516000211238861","0","0"
"points250000-presentmon","retained","3","181","179383253.2911","179383258.5246","5.2335000038146973","0","0"
"points250000-presentmon","retained","3","182","179383258.64219999","179383261.95210001","3.3099000155925751","0","0"
"points250000-presentmon","retained","3","183","179383262.0733","179383265.79049999","3.717199981212616","0","0"
"points250000-presentmon","retained","3","184","179383265.91029999","179383271.18810001","5.2778000235557556","0","0"
"points250000-presentmon","retained","3","185","179383271.34689999","179383275.0616","3.7147000133991241","0","0"
"points250000-presentmon","retained","3","186","179383275.18979999","179383278.26010001","3.0703000128269196","0","0"
"points250000-presentmon","retained","3","187","179383278.38319999","179383282.12380001","3.7406000196933746","0","0"
"points250000-presentmon","retained","3","188","179383282.23559999","179383287.22799999","4.9923999905586243","0","0"
"points250000-presentmon","retained","3","189","179383287.35460001","179383290.2507","2.8960999846458435","0","0"
"points250000-presentmon","retained","3","190","179383290.36759999","179383293.51280001","3.1452000141143799","0","0"
"points250000-presentmon","retained","3","191","179383293.63510001","179383297.1945","3.5593999922275543","0","0"
"points250000-presentmon","retained","3","192","179383297.3326","179383301.2243","3.8916999995708466","0","0"
"points250000-presentmon","retained","3","193","179383301.33520001","179383304.05649999","2.7212999761104584","0","0"
"points250000-presentmon","retained","3","194","179383304.2114","179383307.75960001","3.5482000112533569","0","0"
"points250000-presentmon","retained","3","195","179383307.86919999","179383311.1187","3.2495000064373016","0","0"
"points250000-presentmon","retained","3","196","179383311.24290001","179383316.07710001","4.834199994802475","0","0"
"points250000-presentmon","retained","3","197","179383316.20210001","179383319.52169999","3.319599986076355","0","0"
"points250000-presentmon","retained","3","198","179383319.63409999","179383322.71810001","3.0840000212192535","0","0"
"points250000-presentmon","retained","3","199","179383322.82929999","179383326.41280001","3.5835000276565552","0","0"
"points250000-presentmon","retained","3","200","179383326.54719999","179383331.00209999","4.4548999965190887","0","0"
"points250000-presentmon","retained","3","201","179383331.12889999","179383335.33790001","4.2090000212192535","0","0"
"points250000-presentmon","retained","3","202","179383335.4614","179383339.06099999","3.5995999872684479","0","0"
"points250000-presentmon","retained","3","203","179383339.1728","179383342.44980001","3.2770000100135803","0","0"
"points250000-presentmon","retained","3","204","179383342.57440001","179383348.26120001","5.6868000030517578","0","0"
"points250000-presentmon","retained","3","205","179383348.39160001","179383351.76269999","3.371099978685379","0","0"
"points250000-presentmon","retained","3","206","179383351.88479999","179383355.248","3.3632000088691711","0","0"
"points250000-presentmon","retained","3","207","179383355.41839999","179383359.09830001","3.6799000203609467","0","0"
"points250000-presentmon","retained","3","208","179383359.2374","179383363.62670001","4.3893000185489655","0","0"
"points250000-presentmon","retained","3","209","179383363.75470001","179383366.7367","2.9819999933242798","0","0"
"points250000-presentmon","retained","3","210","179383366.85499999","179383369.771","2.9160000085830688","0","0"
"points250000-presentmon","retained","3","211","179383369.8838","179383372.8432","2.9593999981880188","0","0"
"points250000-presentmon","retained","3","212","179383372.95519999","179383377.37689999","4.4217000007629395","0","0"
"points250000-presentmon","retained","3","213","179383377.5413","179383381.30599999","3.7646999955177307","0","0"
"points250000-presentmon","retained","3","214","179383381.43579999","179383384.64140001","3.2056000232696533","0","0"
"points250000-presentmon","retained","3","215","179383384.75600001","179383388.33809999","3.582099974155426","0","0"
"points250000-presentmon","retained","3","216","179383388.45089999","179383393.85420001","5.403300017118454","0","0"
"points250000-presentmon","retained","3","217","179383394.0088","179383398.1656","4.1568000018596649","0","0"
"points250000-presentmon","retained","3","218","179383398.29750001","179383402.00060001","3.7030999958515167","0","0"
"points250000-presentmon","retained","3","219","179383402.11480001","179383405.36390001","3.249099999666214","0","0"
"points250000-presentmon","retained","3","220","179383405.4982","179383411.3725","5.8743000030517578","0","0"
"points250000-presentmon","retained","3","221","179383411.52720001","179383415.2656","3.7383999824523926","0","0"
"points250000-presentmon","retained","3","222","179383415.38510001","179383419.0474","3.6622999906539917","0","0"
"points250000-presentmon","retained","3","223","179383419.15810001","179383422.85420001","3.6960999965667725","0","0"
"points250000-presentmon","retained","3","224","179383422.9648","179383428.61210001","5.6473000049591064","0","0"
"points250000-presentmon","retained","3","225","179383428.75850001","179383432.39559999","3.6370999813079834","0","0"
"points250000-presentmon","retained","3","226","179383432.51300001","179383435.65990001","3.1468999981880188","0","0"
"points250000-presentmon","retained","3","227","179383435.77900001","179383440.2281","4.449099987745285","0","0"
"points250000-presentmon","retained","3","228","179383440.34040001","179383443.4912","3.1507999897003174","0","0"
"points250000-presentmon","retained","3","229","179383443.6144","179383447.1471","3.5327000021934509","0","0"
"points250000-presentmon","retained","3","230","179383447.26460001","179383450.36660001","3.1019999980926514","0","0"
"points250000-presentmon","retained","3","231","179383450.479","179383454.72440001","4.2454000115394592","0","0"
"points250000-presentmon","retained","3","232","179383454.83669999","179383459.22119999","4.3844999969005585","0","0"
"points250000-presentmon","retained","3","233","179383459.3538","179383463.86000001","4.5062000155448914","0","0"
"points250000-presentmon","retained","3","234","179383463.97999999","179383467.4474","3.4674000144004822","0","0"
"points250000-presentmon","retained","3","235","179383467.55590001","179383472.84029999","5.2843999862670898","0","0"
"points250000-presentmon","retained","3","236","179383472.96059999","179383477.1336","4.1730000078678131","0","0"
"points250000-presentmon","retained","3","237","179383477.28760001","179383481.71259999","4.4249999821186066","0","0"
"points250000-presentmon","retained","3","238","179383481.87850001","179383486.29640001","4.4178999960422516","0","0"
"points250000-presentmon","retained","3","239","179383486.42449999","179383489.9923","3.5678000152111053","0","0"
"points250000-presentmon","retained","3","240","179383490.1162","179383494.6733","4.5570999979972839","0","0"
