case,arm,repeat,frame,begin_qpc_ms,end_qpc_ms,step_ms,callback_ms,callback_calls
"points500000-sources3","off","1","1","179092869.96340001","179092874.02540001","4.0620000064373016","0","0"
"points500000-sources3","off","1","2","179092874.23370001","179092877.69229999","3.4585999846458435","0","0"
"points500000-sources3","off","1","3","179092877.87020001","179092880.93470001","3.0645000040531158","0","0"
"points500000-sources3","off","1","4","179092881.1349","179092885.44170001","4.3068000078201294","0","0"
"points500000-sources3","off","1","5","179092885.64109999","179092888.37869999","2.7375999987125397","0","0"
"points500000-sources3","off","1","6","179092888.54719999","179092891.2674","2.7202000021934509","0","0"
"points500000-sources3","off","1","7","179092891.88600001","179092894.63870001","2.752700001001358","0","0"
"points500000-sources3","off","1","8","179092894.76820001","179092897.52509999","2.7568999826908112","0","0"
"points500000-sources3","off","1","9","179092897.66209999","179092902.3206","4.6585000157356262","0","0"
"points500000-sources3","off","1","10","179092902.47189999","179092905.15450001","2.6826000213623047","0","0"
"points500000-sources3","off","1","11","179092905.2823","179092908.00850001","2.7262000143527985","0","0"
"points500000-sources3","off","1","12","179092908.1331","179092910.78659999","2.6534999907016754","0","0"
"points500000-sources3","off","1","13","179092910.90169999","179092914.1426","3.2409000098705292","0","0"
"points500000-sources3","off","1","14","179092914.27340001","179092918.1983","3.9248999953269958","0","0"
"points500000-sources3","off","1","15","179092918.33590001","179092921.16980001","2.8339000046253204","0","0"
"points500000-sources3","off","1","16","179092921.2929","179092923.93509999","2.6421999931335449","0","0"
"points500000-sources3","off","1","17","179092924.05230001","179092926.71700001","2.6647000014781952","0","0"
"points500000-sources3","off","1","18","179092926.8355","179092929.45100001","2.6155000030994415","0","0"
"points500000-sources3","off","1","19","179092929.58410001","179092933.65740001","4.0733000040054321","0","0"
"points500000-sources3","off","1","20","179092933.77540001","179092939.22319999","5.4477999806404114","0","0"
"points500000-sources3","off","1","21","179092939.34299999","179092942.0433","2.700300008058548","0","0"
"points500000-sources3","off","1","22","179092942.15079999","179092944.963","2.8122000098228455","0","0"
"points500000-sources3","off","1","23","179092945.0695","179092949.13850001","4.0690000057220459","0","0"
"points500000-sources3","off","1","24","179092949.29249999","179092952.31690001","3.0244000256061554","0","0"
"points500000-sources3","off","1","25","179092952.44350001","179092955.17899999","2.7354999780654907","0","0"
"points500000-sources3","off","1","26","179092955.28729999","179092958.01949999","2.7321999967098236","0","0"
"points500000-sources3","off","1","27","179092958.12889999","179092960.7299","2.6010000109672546","0","0"
"points500000-sources3","off","1","28","179092960.8351","179092965.41549999","4.5803999900817871","0","0"
"points500000-sources3","off","1","29","179092965.5282","179092968.36520001","2.8370000123977661","0","0"
"points500000-sources3","off","1","30","179092968.4919","179092971.18009999","2.6881999969482422","0","0"
"points500000-sources3","off","1","31","179092971.28490001","179092973.95230001","2.6674000024795532","0","0"
"points500000-sources3","off","1","32","179092974.05559999","179092976.8908","2.8352000117301941","0","0"
"points500000-sources3","off","1","33","179092976.99529999","179092981.74790001","4.7526000142097473","0","0"
"points500000-sources3","off","1","34","179092981.9034","179092985.06659999","3.1631999909877777","0","0"
"points500000-sources3","off","1","35","179092985.17879999","179092987.86109999","2.6823000013828278","0","0"
"points500000-sources3","off","1","36","179092987.98500001","179092990.62349999","2.6384999752044678","0","0"
"points500000-sources3","off","1","37","179092990.73989999","179092993.73730001","2.9974000155925751","0","0"
"points500000-sources3","off","1","38","179092993.92809999","179092998.28220001","4.3541000187397003","0","0"
"points500000-sources3","off","1","39","179092998.4183","179093002.20030001","3.7820000052452087","0","0"
"points500000-sources3","off","1","40","179093002.31400001","179093006.34580001","4.0318000018596649","0","0"
"points500000-sources3","off","1","41","179093006.458","179093011.06650001","4.6085000038146973","0","0"
"points500000-sources3","off","1","42","179093011.17590001","179093015.28380001","4.1078999936580658","0","0"
"points500000-sources3","off","1","43","179093015.41420001","179093018.5133","3.0990999937057495","0","0"
"points500000-sources3","off","1","44","179093018.6311","179093022.04589999","3.4147999882698059","0","0"
"points500000-sources3","off","1","45","179093022.15490001","179093027.85210001","5.6972000002861023","0","0"
"points500000-sources3","off","1","46","179093027.97099999","179093031.92289999","3.9519000053405762","0","0"
"points500000-sources3","off","1","47","179093032.07089999","179093035.32100001","3.2501000165939331","0","0"
"points500000-sources3","off","1","48","179093035.45039999","179093038.91960001","3.4692000150680542","0","0"
"points500000-sources3","off","1","49","179093039.03709999","179093043.28479999","4.2477000057697296","0","0"
"points500000-sources3","off","1","50","179093043.3994","179093046.83019999","3.4307999908924103","0","0"
"points500000-sources3","off","1","51","179093046.9711","179093050.79789999","3.8267999887466431","0","0"
"points500000-sources3","off","1","52","179093050.93110001","179093054.1094","3.1782999932765961","0","0"
"points500000-sources3","off","1","53","179093054.22979999","179093058.9971","4.767300009727478","0","0"
"points500000-sources3","off","1","54","179093059.12400001","179093061.84189999","2.7178999781608582","0","0"
"points500000-sources3","off","1","55","179093061.98710001","179093065.49489999","3.5077999830245972","0","0"
"points500000-sources3","off","1","56","179093065.6674","179093069.38530001","3.7179000079631805","0","0"
"points500000-sources3","off","1","57","179093069.52250001","179093074.1947","4.6721999943256378","0","0"
"points500000-sources3","off","1","58","179093074.32229999","179093079.6717","5.3494000136852264","0","0"
"points500000-sources3","off","1","59","179093079.79719999","179093083.99860001","4.2014000117778778","0","0"
"points500000-sources3","off","1","60","179093084.1595","179093087.8184","3.6588999927043915","0","0"
"points500000-sources3","off","1","61","179093087.98109999","179093091.53850001","3.5574000179767609","0","0"
"points500000-sources3","off","1","62","179093091.70570001","179093095.12869999","3.4229999780654907","0","0"
"points500000-sources3","off","1","63","179093095.25569999","179093099.2728","4.0171000063419342","0","0"
"points500000-sources3","off","1","64","179093099.41249999","179093103.08939999","3.6768999993801117","0","0"
"points500000-sources3","off","1","65","179093103.2252","179093107.69240001","4.4672000110149384","0","0"
"points500000-sources3","off","1","66","179093107.8215","179093111.2001","3.378600001335144","0","0"
"points500000-sources3","off","1","67","179093111.32890001","179093115.1672","3.8382999897003174","0","0"
"points500000-sources3","off","1","68","179093115.3177","179093118.74180001","3.4241000115871429","0","0"
"points500000-sources3","off","1","69","179093118.87059999","179093123.62650001","4.7559000253677368","0","0"
"points500000-sources3","off","1","70","179093123.74900001","179093126.95449999","3.2054999768733978","0","0"
"points500000-sources3","off","1","71","179093127.0738","179093130.7367","3.6629000008106232","0","0"
"points500000-sources3","off","1","72","179093130.86090001","179093134.0587","3.1977999806404114","0","0"
"points500000-sources3","off","1","73","179093134.2017","179093137.85699999","3.6552999913692474","0","0"
"points500000-sources3","off","1","74","179093137.9862","179093141.41069999","3.4244999885559082","0","0"
"points500000-sources3","off","1","75","179093141.52779999","179093144.8897","3.3619000017642975","0","0"
"points500000-sources3","off","1","76","179093145.05239999","179093148.7802","3.7278000116348267","0","0"
"points500000-sources3","off","1","77","179093148.9262","179093155.0239","6.0976999998092651","0","0"
"points500000-sources3","off","1","78","179093155.1609","179093159.192","4.0311000049114227","0","0"
"points500000-sources3","off","1","79","179093159.31639999","179093162.68810001","3.3717000186443329","0","0"
"points500000-sources3","off","1","80","179093162.8048","179093166.74649999","3.9416999816894531","0","0"
"points500000-sources3","off","1","81","179093166.9411","179093171.16350001","4.2224000096321106","0","0"
"points500000-sources3","off","1","82","179093171.2967","179093175.22279999","3.9260999858379364","0","0"
"points500000-sources3","off","1","83","179093175.33970001","179093178.7482","3.4084999859333038","0","0"
"points500000-sources3","off","1","84","179093178.8678","179093183.5571","4.689300000667572","0","0"
"points500000-sources3","off","1","85","179093183.69499999","179093186.50940001","2.8144000172615051","0","0"
"points500000-sources3","off","1","86","179093186.6401","179093189.72409999","3.0839999914169312","0","0"
"points500000-sources3","off","1","87","179093189.84380001","179093192.595","2.7511999905109406","0","0"
"points500000-sources3","off","1","88","179093192.70969999","179093195.32120001","2.6115000247955322","0","0"
"points500000-sources3","off","1","89","179093195.4418","179093199.1155","3.6737000048160553","0","0"
"points500000-sources3","off","1","90","179093199.24720001","179093203.02039999","3.7731999754905701","0","0"
"points500000-sources3","off","1","91","179093203.14750001","179093206.10710001","2.9596000015735626","0","0"
"points500000-sources3","off","1","92","179093206.22819999","179093209.74070001","3.5125000178813934","0","0"
"points500000-sources3","off","1","93","179093209.8989","179093214.53220001","4.6333000063896179","0","0"
"points500000-sources3","off","1","94","179093214.66760001","179093218.70089999","4.03329998254776","0","0"
"points500000-sources3","off","1","95","179093218.8335","179093223.02309999","4.1895999908447266","0","0"
"points500000-sources3","off","1","96","179093223.14089999","179093226.65000001","3.5091000199317932","0","0"
"points500000-sources3","off","1","97","179093226.7638","179093230.92820001","4.1644000113010406","0","0"
"points500000-sources3","off","1","98","179093231.05059999","179093235.2098","4.1592000126838684","0","0"
"points500000-sources3","off","1","99","179093235.3466","179093239.5406","4.1940000057220459","0","0"
"points500000-sources3","off","1","100","179093239.65920001","179093242.67039999","3.0111999809741974","0","0"
"points500000-sources3","off","1","101","179093242.78130001","179093248.82170001","6.0403999984264374","0","0"
"points500000-sources3","off","1","102","179093248.9777","179093252.27129999","3.2935999929904938","0","0"
"points500000-sources3","off","1","103","179093252.4059","179093255.37189999","2.9659999907016754","0","0"
"points500000-sources3","off","1","104","179093255.49990001","179093258.2464","2.7464999854564667","0","0"
"points500000-sources3","off","1","105","179093258.36899999","179093261.96950001","3.6005000174045563","0","0"
"points500000-sources3","off","1","106","179093262.08570001","179093264.6663","2.5805999934673309","0","0"
"points500000-sources3","off","1","107","179093264.78209999","179093268.09920001","3.3171000182628632","0","0"
"points500000-sources3","off","1","108","179093268.21790001","179093271.69060001","3.4726999998092651","0","0"
"points500000-sources3","off","1","109","179093271.80270001","179093275.6952","3.8924999833106995","0","0"
"points500000-sources3","off","1","110","179093275.8163","179093280.9413","5.125","0","0"
"points500000-sources3","off","1","111","179093281.07409999","179093285.4957","4.4216000139713287","0","0"
"points500000-sources3","off","1","112","179093285.6356","179093289.0458","3.4101999998092651","0","0"
"points500000-sources3","off","1","113","179093289.15889999","179093293.2899","4.1310000121593475","0","0"
"points500000-sources3","off","1","114","179093293.41010001","179093296.9761","3.5659999847412109","0","0"
"points500000-sources3","off","1","115","179093297.10870001","179093302.53369999","5.4249999821186066","0","0"
"points500000-sources3","off","1","116","179093302.7022","179093306.20629999","3.5040999948978424","0","0"
"points500000-sources3","off","1","117","179093306.32960001","179093311.1525","4.8228999972343445","0","0"
"points500000-sources3","off","1","118","179093311.2714","179093315.0257","3.7542999982833862","0","0"
"points500000-sources3","off","1","119","179093315.15810001","179093318.90920001","3.7511000037193298","0","0"
"points500000-sources3","off","1","120","179093319.0239","179093322.12720001","3.103300005197525","0","0"
"points500000-sources3","gw","1","1","179093767.28940001","179093802.05809999","34.76869997382164","27.66499999165535","2"
"points500000-sources3","gw","1","2","179093802.24959999","179093837.47369999","35.22409999370575","28.468100011348724","2"
"points500000-sources3","gw","1","3","179093837.6564","179093873.5905","35.9341000020504","27.625200033187866","2"
"points500000-sources3","gw","1","4","179093873.76440001","179093908.47310001","34.708700001239777","27.914100021123886","2"
"points500000-sources3","gw","1","5","179093908.68239999","179093945.48429999","36.801899999380112","28.074500024318695","2"
"points500000-sources3","gw","1","6","179093945.71520001","179093980.39950001","34.684300005435944","27.569499999284744","2"
"points500000-sources3","gw","1","7","179093980.58919999","179094017.3163","36.727100014686584","28.987099975347519","2"
"points500000-sources3","gw","1","8","179094017.49950001","179094051.73969999","34.240199983119965","27.67560002207756","2"
"points500000-sources3","gw","1","9","179094051.93329999","179094085.05849999","33.125200003385544","27.648800015449524","2"
"points500000-sources3","gw","1","10","179094085.24559999","179094118.94260001","33.697000026702881","28.038700044155121","2"
"points500000-sources3","gw","1","11","179094119.13420001","179094156.5916","37.457399994134903","28.53930002450943","2"
"points500000-sources3","gw","1","12","179094156.81900001","179094192.00240001","35.183400005102158","27.76230001449585","2"
"points500000-sources3","gw","1","13","179094192.18529999","179094226.7367","34.551400005817413","27.872000008821487","2"
"points500000-sources3","gw","1","14","179094226.93309999","179094261.71399999","34.780900001525879","27.781399995088577","2"
"points500000-sources3","gw","1","15","179094261.89219999","179094297.31169999","35.41949999332428","27.702599972486496","2"
"points500000-sources3","gw","1","16","179094297.5325","179094332.45179999","34.919299989938736","27.686100006103516","2"
"points500000-sources3","gw","1","17","179094332.63409999","179094367.87279999","35.23870000243187","27.831499993801117","2"
"points500000-sources3","gw","1","18","179094368.09439999","179094404.37720001","36.282800018787384","28.999099999666214","2"
"points500000-sources3","gw","1","19","179094404.59119999","179094438.34689999","33.755699992179871","27.693599998950958","2"
"points500000-sources3","gw","1","20","179094438.52379999","179094472.4941","33.970300018787384","28.592900007963181","2"
"points500000-sources3","gw","1","21","179094472.66960001","179094505.9402","33.270599991083145","27.561500012874603","2"
"points500000-sources3","gw","1","22","179094506.14269999","179094540.7164","34.57370001077652","27.64190000295639","2"
"points500000-sources3","gw","1","23","179094540.8976","179094576.0052","35.107600003480911","28.220199972391129","2"
"points500000-sources3","gw","1","24","179094576.2114","179094610.47490001","34.26350000500679","27.382600009441376","2"
"points500000-sources3","gw","1","25","179094610.65490001","179094645.0596","34.404699981212616","27.39410001039505","2"
"points500000-sources3","gw","1","26","179094645.26050001","179094679.52860001","34.268099993467331","27.432200014591217","2"
"points500000-sources3","gw","1","27","179094679.73679999","179094714.77160001","35.0348000228405","27.690900027751923","2"
"points500000-sources3","gw","1","28","179094715.03549999","179094750.37490001","35.33940002322197","27.479400008916855","2"
"points500000-sources3","gw","1","29","179094750.56760001","179094785.9589","35.391299992799759","28.041799992322922","2"
"points500000-sources3","gw","1","30","179094786.14489999","179094819.4411","33.296200007200241","27.585999995470047","2"
"points500000-sources3","gw","1","31","179094819.63209999","179094852.5742","32.942100018262863","27.473199993371964","2"
"points500000-sources3","gw","1","32","179094852.7649","179094885.95609999","33.191199988126755","27.496399998664856","2"
"points500000-sources3","gw","1","33","179094886.14680001","179094922.07249999","35.925699979066849","27.494900017976761","2"
"points500000-sources3","gw","1","34","179094922.28279999","179094957.63350001","35.3507000207901","27.789099991321564","2"
"points500000-sources3","gw","1","35","179094957.84740001","179094992.97240001","35.125","28.27470001578331","2"
"points500000-sources3","gw","1","36","179094993.1631","179095028.77379999","35.610699981451035","27.593400031328201","2"
"points500000-sources3","gw","1","37","179095028.96439999","179095066.07749999","37.113099992275238","29.168300002813339","2"
"points500000-sources3","gw","1","38","179095066.2669","179095100.81029999","34.54339998960495","27.47079998254776","2"
"points500000-sources3","gw","1","39","179095101.0038","179095135.54300001","34.539200007915497","27.539799988269806","2"
"points500000-sources3","gw","1","40","179095135.71869999","179095170.8926","35.173900008201599","28.281900018453598","2"
"points500000-sources3","gw","1","41","179095171.07800001","179095204.85100001","33.773000001907349","28.171700000762939","2"
"points500000-sources3","gw","1","42","179095205.03920001","179095238.2947","33.255499988794327","27.647399991750717","2"
"points500000-sources3","gw","1","43","179095238.47600001","179095273.92719999","35.451199978590012","28.691900014877319","2"
"points500000-sources3","gw","1","44","179095274.18419999","179095308.3152","34.131000012159348","27.633699983358383","2"
"points500000-sources3","gw","1","45","179095308.50130001","179095342.47220001","33.970899999141693","27.523900002241135","2"
"points500000-sources3","gw","1","46","179095342.65000001","179095381.80509999","39.155099987983704","31.585399985313416","2"
"points500000-sources3","gw","1","47","179095382.0036","179095417.9813","35.977699995040894","27.892899990081787","2"
"points500000-sources3","gw","1","48","179095418.16479999","179095452.2236","34.058800011873245","27.316100031137466","2"
"points500000-sources3","gw","1","49","179095452.43110001","179095486.38350001","33.952399998903275","27.470900028944016","2"
"points500000-sources3","gw","1","50","179095486.57120001","179095521.836","35.264799982309341","27.748600035905838","2"
"points500000-sources3","gw","1","51","179095522.01660001","179095554.54350001","32.526899993419647","27.4098000228405","2"
"points500000-sources3","gw","1","52","179095554.73570001","179095588.34110001","33.605399996042252","27.6875","2"
"points500000-sources3","gw","1","53","179095588.5456","179095623.16100001","34.615400016307831","28.615800023078918","2"
"points500000-sources3","gw","1","54","179095623.34729999","179095657.85510001","34.50780001282692","27.53559997677803","2"
"points500000-sources3","gw","1","55","179095658.05759999","179095692.38679999","34.329199999570847","27.700699985027313","2"
"points500000-sources3","gw","1","56","179095692.59889999","179095728.7471","36.148200005292892","29.109099984169006","2"
"points500000-sources3","gw","1","57","179095728.93790001","179095763.45919999","34.521299988031387","27.404399991035461","2"
"points500000-sources3","gw","1","58","179095763.64390001","179095798.17050001","34.526600003242493","27.389200001955032","2"
"points500000-sources3","gw","1","59","179095798.3626","179095833.56990001","35.207300007343292","27.948500007390976","2"
"points500000-sources3","gw","1","60","179095833.7588","179095867.65720001","33.898400008678436","27.582100003957748","2"
"points500000-sources3","gw","1","61","179095867.87869999","179095902.34009999","34.461400002241135","27.384999990463257","2"
"points500000-sources3","gw","1","62","179095902.5485","179095936.62990001","34.081400007009506","27.942499995231628","2"
"points500000-sources3","gw","1","63","179095936.8141","179095969.42539999","32.611299991607666","27.533800035715103","2"
"points500000-sources3","gw","1","64","179095969.61480001","179096003.08610001","33.471300005912781","28.037800014019012","2"
"points500000-sources3","gw","1","65","179096003.2969","179096037.38780001","34.090900003910065","28.317300021648407","2"
"points500000-sources3","gw","1","66","179096037.57550001","179096072.14269999","34.567199975252151","27.558200001716614","2"
"points500000-sources3","gw","1","67","179096072.32679999","179096106.09850001","33.771700024604797","27.517199993133545","2"
"points500000-sources3","gw","1","68","179096106.28600001","179096140.62959999","34.3435999751091","28.138799995183945","2"
"points500000-sources3","gw","1","69","179096140.81099999","179096175.18540001","34.374400019645691","27.382400006055832","2"
"points500000-sources3","gw","1","70","179096175.36750001","179096209.20550001","33.837999999523163","27.478100001811981","2"
"points500000-sources3","gw","1","71","179096209.39109999","179096243.984","34.592900007963181","27.558400005102158","2"
"points500000-sources3","gw","1","72","179096244.27200001","179096278.86989999","34.597899973392487","27.372000008821487","2"
"points500000-sources3","gw","1","73","179096279.06639999","179096314.13370001","35.067300021648407","27.436699986457825","2"
"points500000-sources3","gw","1","74","179096314.34740001","179096348.76390001","34.416500002145767","27.559900015592575","2"
"points500000-sources3","gw","1","75","179096349.0695","179096382.49450001","33.425000011920929","27.966300010681152","2"
"points500000-sources3","gw","1","76","179096382.67829999","179096415.94060001","33.26230001449585","27.658599972724915","2"
"points500000-sources3","gw","1","77","179096416.13260001","179096451.14629999","35.013699978590012","27.570199996232986","2"
"points500000-sources3","gw","1","78","179096451.3452","179096486.86379999","35.518599987030029","28.564900010824203","2"
"points500000-sources3","gw","1","79","179096487.04710001","179096521.87720001","34.830099999904633","27.618099987506866","2"
"points500000-sources3","gw","1","80","179096522.05860001","179096556.6406","34.581999987363815","27.506800025701523","2"
"points500000-sources3","gw","1","81","179096556.82949999","179096591.7392","34.909700006246567","27.702499985694885","2"
"points500000-sources3","gw","1","82","179096591.93020001","179096627.33809999","35.407899975776672","28.217599987983704","2"
"points500000-sources3","gw","1","83","179096627.52520001","179096660.9068","33.381599992513657","27.526399999856949","2"
"points500000-sources3","gw","1","84","179096661.14840001","179096696.31150001","35.163100004196167","28.031100004911423","2"
"points500000-sources3","gw","1","85","179096696.50240001","179096730.36790001","33.865500003099442","28.099999994039536","2"
"points500000-sources3","gw","1","86","179096730.5634","179096763.7466","33.183200001716614","27.554399996995926","2"
"points500000-sources3","gw","1","87","179096763.92739999","179096797.6313","33.703900009393692","27.679000020027161","2"
"points500000-sources3","gw","1","88","179096797.83180001","179096832.678","34.846199989318848","27.607100009918213","2"
"points500000-sources3","gw","1","89","179096832.8556","179096867.43090001","34.575300008058548","27.736299991607666","2"
"points500000-sources3","gw","1","90","179096867.6029","179096902.88749999","35.284599989652634","28.121500015258789","2"
"points500000-sources3","gw","1","91","179096903.0939","179096937.72999999","34.636099994182587","27.50670000910759","2"
"points500000-sources3","gw","1","92","179096937.90689999","179096971.1126","33.205700010061264","27.618000030517578","2"
"points500000-sources3","gw","1","93","179096971.30849999","179097006.3003","34.991800010204315","27.688299983739853","2"
"points500000-sources3","gw","1","94","179097006.48660001","179097040.4409","33.954299986362457","27.430899977684021","2"
"points500000-sources3","gw","1","95","179097040.64399999","179097075.34509999","34.701099991798401","27.442899972200394","2"
"points500000-sources3","gw","1","96","179097075.53290001","179097109.47060001","33.937700003385544","27.953199982643127","2"
"points500000-sources3","gw","1","97","179097109.66069999","179097143.3901","33.729400008916855","28.205900013446808","2"
"points500000-sources3","gw","1","98","179097143.57319999","179097176.5763","33.003100007772446","27.578399986028671","2"
"points500000-sources3","gw","1","99","179097176.77860001","179097210.9896","34.210999995470047","27.322100013494492","2"
"points500000-sources3","gw","1","100","179097211.18880001","179097245.52200001","34.333200007677078","27.704099982976913","2"
"points500000-sources3","gw","1","101","179097245.71720001","179097280.53650001","34.8192999958992","27.478400021791458","2"
"points500000-sources3","gw","1","102","179097280.73469999","179097315.0636","34.328900009393692","28.028200000524521","2"
"points500000-sources3","gw","1","103","179097315.25049999","179097349.84110001","34.59060001373291","27.925599992275238","2"
"points500000-sources3","gw","1","104","179097350.03099999","179097384.28209999","34.25110000371933","27.586599975824356","2"
"points500000-sources3","gw","1","105","179097384.45789999","179097418.96200001","34.504100024700165","27.658900022506714","2"
"points500000-sources3","gw","1","106","179097419.1507","179097453.71919999","34.568499982357025","27.836199998855591","2"
"points500000-sources3","gw","1","107","179097453.90650001","179097487.07080001","33.164299994707108","28.070100009441376","2"
"points500000-sources3","gw","1","108","179097487.25529999","179097521.28150001","34.026200026273727","28.2257000207901","2"
"points500000-sources3","gw","1","109","179097521.46520001","179097554.8348","33.369599997997284","27.805399984121323","2"
"points500000-sources3","gw","1","110","179097555.02039999","179097591.42519999","36.404799997806549","29.275599986314774","2"
"points500000-sources3","gw","1","111","179097591.63330001","179097626.27939999","34.646099984645844","27.502300024032593","2"
"points500000-sources3","gw","1","112","179097626.46219999","179097662.5548","36.092600017786026","29.115799993276596","2"
"points500000-sources3","gw","1","113","179097662.7304","179097697.5377","34.807300001382828","27.517999976873398","2"
"points500000-sources3","gw","1","114","179097697.72299999","179097733.5684","35.845400005578995","27.934300005435944","2"
"points500000-sources3","gw","1","115","179097733.75240001","179097768.2098","34.457399994134903","27.494700014591217","2"
"points500000-sources3","gw","1","116","179097768.3946","179097804.56099999","36.166399985551834","29.135300010442734","2"
"points500000-sources3","gw","1","117","179097804.7782","179097839.20190001","34.423700004816055","27.82710000872612","2"
"points500000-sources3","gw","1","118","179097839.38440001","179097872.49700001","33.11259999871254","27.847399979829788","2"
"points500000-sources3","gw","1","119","179097872.67500001","179097907.12990001","34.454899996519089","28.791799962520599","2"
"points500000-sources3","gw","1","120","179097907.43419999","179097943.09099999","35.656800001859665","28.078400015830994","2"
"points500000-sources3","retained","1","1","179098000.10620001","179098005.134","5.0277999937534332","0","0"
"points500000-sources3","retained","1","2","179098005.32730001","179098008.22760001","2.900299996137619","0","0"
"points500000-sources3","retained","1","3","179098008.36000001","179098010.95089999","2.5908999741077423","0","0"
"points500000-sources3","retained","1","4","179098011.05930001","179098015.1974","4.1380999982357025","0","0"
"points500000-sources3","retained","1","5","179098015.34079999","179098019.65959999","4.3188000023365021","0","0"
"points500000-sources3","retained","1","6","179098019.80599999","179098023.4989","3.6929000020027161","0","0"
"points500000-sources3","retained","1","7","179098023.62009999","179098026.84959999","3.2294999957084656","0","0"
"points500000-sources3","retained","1","8","179098026.97889999","179098030.76100001","3.7821000218391418","0","0"
"points500000-sources3","retained","1","9","179098030.87239999","179098034.9395","4.0671000182628632","0","0"
"points500000-sources3","retained","1","10","179098035.10659999","179098040.58970001","5.483100026845932","0","0"
"points500000-sources3","retained","1","11","179098040.70289999","179098043.83919999","3.1362999975681305","0","0"
"points500000-sources3","retained","1","12","179098043.9718","179098047.8213","3.8495000004768372","0","0"
"points500000-sources3","retained","1","13","179098047.94499999","179098052.16999999","4.2249999940395355","0","0"
"points500000-sources3","retained","1","14","179098052.2956","179098055.70320001","3.4076000154018402","0","0"
"points500000-sources3","retained","1","15","179098055.8154","179098059.43200001","3.6166000068187714","0","0"
"points500000-sources3","retained","1","16","179098059.56279999","179098063.09580001","3.5330000221729279","0","0"
"points500000-sources3","retained","1","17","179098063.204","179098066.5264","3.3224000036716461","0","0"
"points500000-sources3","retained","1","18","179098066.65000001","179098070.95899999","4.3089999854564667","0","0"
"points500000-sources3","retained","1","19","179098071.0715","179098073.9043","2.8328000009059906","0","0"
"points500000-sources3","retained","1","20","179098074.01370001","179098076.7446","2.73089998960495","0","0"
"points500000-sources3","retained","1","21","179098076.8527","179098080.24829999","3.3955999910831451","0","0"
"points500000-sources3","retained","1","22","179098080.37850001","179098086.55829999","6.1797999739646912","0","0"
"points500000-sources3","retained","1","23","179098086.70719999","179098090.18959999","3.4824000000953674","0","0"
"points500000-sources3","retained","1","24","179098090.31310001","179098094.0742","3.7610999941825867","0","0"
"points500000-sources3","retained","1","25","179098094.19229999","179098098.3836","4.1913000047206879","0","0"
"points500000-sources3","retained","1","26","179098098.583","179098104.64919999","6.0661999881267548","0","0"
"points500000-sources3","retained","1","27","179098104.7827","179098108.43279999","3.6500999927520752","0","0"
"points500000-sources3","retained","1","28","179098108.54859999","179098111.96970001","3.4211000204086304","0","0"
"points500000-sources3","retained","1","29","179098112.07969999","179098117.82300001","5.7433000206947327","0","0"
"points500000-sources3","retained","1","30","179098118.0027","179098121.49129999","3.4885999858379364","0","0"
"points500000-sources3","retained","1","31","179098121.62970001","179098125.26859999","3.6388999819755554","0","0"
"points500000-sources3","retained","1","32","179098125.3897","179098128.9219","3.5322000086307526","0","0"
"points500000-sources3","retained","1","33","179098129.0415","179098134.14289999","5.1013999879360199","0","0"
"points500000-sources3","retained","1","34","179098134.29229999","179098137.505","3.2127000093460083","0","0"
"points500000-sources3","retained","1","35","179098137.65880001","179098140.62819999","2.9693999886512756","0","0"
"points500000-sources3","retained","1","36","179098140.7455","179098143.4418","2.6962999999523163","0","0"
"points500000-sources3","retained","1","37","179098143.54890001","179098147.56600001","4.0171000063419342","0","0"
"points500000-sources3","retained","1","38","179098147.69839999","179098150.81850001","3.1201000213623047","0","0"
"points500000-sources3","retained","1","39","179098150.9544","179098153.84619999","2.8917999863624573","0","0"
"points500000-sources3","retained","1","40","179098153.97","179098157.54710001","3.57710000872612","0","0"
"points500000-sources3","retained","1","41","179098157.6645","179098161.77200001","4.1075000166893005","0","0"
"points500000-sources3","retained","1","42","179098161.8901","179098166.89559999","5.0054999887943268","0","0"
"points500000-sources3","retained","1","43","179098167.01989999","179098170.64379999","3.6238999962806702","0","0"
"points500000-sources3","retained","1","44","179098170.76089999","179098174.3748","3.6139000058174133","0","0"
"points500000-sources3","retained","1","45","179098174.48629999","179098179.07910001","4.5928000211715698","0","0"
"points500000-sources3","retained","1","46","179098179.1938","179098183.26980001","4.0760000050067902","0","0"
"points500000-sources3","retained","1","47","179098183.42750001","179098187.002","3.5744999945163727","0","0"
"points500000-sources3","retained","1","48","179098187.12029999","179098190.57069999","3.4503999948501587","0","0"
"points500000-sources3","retained","1","49","179098190.685","179098196.0546","5.3695999979972839","0","0"
"points500000-sources3","retained","1","50","179098196.1816","179098199.9765","3.7949000000953674","0","0"
"points500000-sources3","retained","1","51","179098200.10699999","179098203.7482","3.6412000060081482","0","0"
"points500000-sources3","retained","1","52","179098203.86579999","179098206.9844","3.1186000108718872","0","0"
"points500000-sources3","retained","1","53","179098207.0923","179098210.75099999","3.6586999893188477","0","0"
"points500000-sources3","retained","1","54","179098210.86559999","179098213.8407","2.9751000106334686","0","0"
"points500000-sources3","retained","1","55","179098213.96059999","179098217.21000001","3.2494000196456909","0","0"
"points500000-sources3","retained","1","56","179098217.3319","179098220.13730001","2.805400013923645","0","0"
"points500000-sources3","retained","1","57","179098220.2466","179098222.9382","2.6915999948978424","0","0"
"points500000-sources3","retained","1","58","179098223.0483","179098228.7987","5.7504000067710876","0","0"
"points500000-sources3","retained","1","59","179098228.9488","179098232.28420001","3.3354000151157379","0","0"
"points500000-sources3","retained","1","60","179098232.41620001","179098236.10820001","3.6920000016689301","0","0"
"points500000-sources3","retained","1","61","179098236.2439","179098239.98210001","3.7382000088691711","0","0"
"points500000-sources3","retained","1","62","179098240.10210001","179098244.544","4.4418999850749969","0","0"
"points500000-sources3","retained","1","63","179098244.65279999","179098248.44170001","3.7889000177383423","0","0"
"points500000-sources3","retained","1","64","179098248.6024","179098252.31799999","3.7155999839305878","0","0"
"points500000-sources3","retained","1","65","179098252.4472","179098256.34850001","3.9013000130653381","0","0"
"points500000-sources3","retained","1","66","179098256.46950001","179098261.46059999","4.9910999834537506","0","0"
"points500000-sources3","retained","1","67","179098261.57350001","179098265.22909999","3.655599981546402","0","0"
"points500000-sources3","retained","1","68","179098265.3671","179098268.9869","3.6198000013828278","0","0"
"points500000-sources3","retained","1","69","179098269.10730001","179098272.74959999","3.6422999799251556","0","0"
"points500000-sources3","retained","1","70","179098272.86649999","179098275.89129999","3.0248000025749207","0","0"
"points500000-sources3","retained","1","71","179098276.0009","179098279.07440001","3.073500007390976","0","0"
"points500000-sources3","retained","1","72","179098279.1807","179098282.5916","3.4108999967575073","0","0"
"points500000-sources3","retained","1","73","179098282.72870001","179098285.56720001","2.8384999930858612","0","0"
"points500000-sources3","retained","1","74","179098285.69","179098289.87090001","4.1809000074863434","0","0"
"points500000-sources3","retained","1","75","179098289.99349999","179098292.85769999","2.8641999959945679","0","0"
"points500000-sources3","retained","1","76","179098292.9702","179098296.2026","3.2324000000953674","0","0"
"points500000-sources3","retained","1","77","179098296.3328","179098300.4172","4.0843999981880188","0","0"
"points500000-sources3","retained","1","78","179098300.55880001","179098304.9844","4.425599992275238","0","0"
"points500000-sources3","retained","1","79","179098305.1101","179098317.0821","11.972000002861023","0","0"
"points500000-sources3","retained","1","80","179098317.2331","179098322.8996","5.6665000021457672","0","0"
"points500000-sources3","retained","1","81","179098323.01809999","179098327.21630001","4.1982000172138214","0","0"
"points500000-sources3","retained","1","82","179098327.32800001","179098330.92269999","3.5946999788284302","0","0"
"points500000-sources3","retained","1","83","179098331.03619999","179098334.77599999","3.7398000061511993","0","0"
"points500000-sources3","retained","1","84","179098334.89829999","179098339.6622","4.7639000117778778","0","0"
"points500000-sources3","retained","1","85","179098339.80599999","179098343.51269999","3.7066999971866608","0","0"
"points500000-sources3","retained","1","86","179098343.65709999","179098347.8193","4.162200003862381","0","0"
"points500000-sources3","retained","1","87","179098347.9499","179098353.2489","5.2989999949932098","0","0"
"points500000-sources3","retained","1","88","179098353.41999999","179098356.57550001","3.1555000245571136","0","0"
"points500000-sources3","retained","1","89","179098356.69670001","179098359.509","2.8122999966144562","0","0"
"points500000-sources3","retained","1","90","179098359.62149999","179098362.4161","2.7946000099182129","0","0"
"points500000-sources3","retained","1","91","179098362.5275","179098366.07570001","3.5482000112533569","0","0"
"points500000-sources3","retained","1","92","179098366.1934","179098369.56999999","3.3765999972820282","0","0"
"points500000-sources3","retained","1","93","179098369.6893","179098373.0715","3.3822000026702881","0","0"
"points500000-sources3","retained","1","94","179098373.18430001","179098376.83739999","3.6530999839305878","0","0"
"points500000-sources3","retained","1","95","179098376.9526","179098380.65259999","3.699999988079071","0","0"
"points500000-sources3","retained","1","96","179098380.76969999","179098386.71450001","5.9448000192642212","0","0"
"points500000-sources3","retained","1","97","179098386.83430001","179098390.15020001","3.3158999979496002","0","0"
"points500000-sources3","retained","1","98","179098390.26539999","179098393.70109999","3.435699999332428","0","0"
"points500000-sources3","retained","1","99","179098393.80989999","179098397.3132","3.5033000111579895","0","0"
"points500000-sources3","retained","1","100","179098397.4391","179098403.12189999","5.6827999949455261","0","0"
"points500000-sources3","retained","1","101","179098403.23980001","179098407.5896","4.3497999906539917","0","0"
"points500000-sources3","retained","1","102","179098407.7022","179098410.6749","2.9726999998092651","0","0"
"points500000-sources3","retained","1","103","179098410.7859","179098417.08239999","6.2964999973773956","0","0"
"points500000-sources3","retained","1","104","179098417.34099999","179098421.72209999","4.3810999989509583","0","0"
"points500000-sources3","retained","1","105","179098421.84830001","179098425.18000001","3.3316999971866608","0","0"
"points500000-sources3","retained","1","106","179098425.29640001","179098428.41980001","3.1234000027179718","0","0"
"points500000-sources3","retained","1","107","179098428.60699999","179098432.16659999","3.5595999956130981","0","0"
"points500000-sources3","retained","1","108","179098432.30070001","179098435.57890001","3.2782000005245209","0","0"
"points500000-sources3","retained","1","109","179098435.69100001","179098438.5535","2.8624999821186066","0","0"
"points500000-sources3","retained","1","110","179098438.6629","179098441.35859999","2.6956999897956848","0","0"
"points500000-sources3","retained","1","111","179098441.46830001","179098444.11219999","2.6438999772071838","0","0"
"points500000-sources3","retained","1","112","179098444.21950001","179098451.04440001","6.8249000012874603","0","0"
"points500000-sources3","retained","1","113","179098451.2186","179098455.71259999","4.4939999878406525","0","0"
"points500000-sources3","retained","1","114","179098455.86700001","179098459.55379999","3.6867999732494354","0","0"
"points500000-sources3","retained","1","115","179098459.66389999","179098463.79319999","4.1292999982833862","0","0"
"points500000-sources3","retained","1","116","179098463.90990001","179098467.05500001","3.1450999975204468","0","0"
"points500000-sources3","retained","1","117","179098467.17179999","179098470.74829999","3.5764999985694885","0","0"
"points500000-sources3","retained","1","118","179098470.8558","179098474.2078","3.3519999980926514","0","0"
"points500000-sources3","retained","1","119","179098474.31490001","179098478.10510001","3.7901999950408936","0","0"
"points500000-sources3","retained","1","120","179098478.21779999","179098484.11230001","5.8945000171661377","0","0"
"points500000-sources3","retained","2","1","179098532.91620001","179098536.6137","3.6974999904632568","0","0"
"points500000-sources3","retained","2","2","179098536.796","179098540.352","3.5559999942779541","0","0"
"points500000-sources3","retained","2","3","179098540.46950001","179098545.60420001","5.1347000002861023","0","0"
"points500000-sources3","retained","2","4","179098545.7274","179098550.74959999","5.0221999883651733","0","0"
"points500000-sources3","retained","2","5","179098550.91569999","179098554.68040001","3.7647000253200531","0","0"
"points500000-sources3","retained","2","6","179098554.82390001","179098559.56119999","4.7372999787330627","0","0"
"points500000-sources3","retained","2","7","179098559.70950001","179098564.95100001","5.2414999902248383","0","0"
"points500000-sources3","retained","2","8","179098565.09979999","179098568.18189999","3.0821000039577484","0","0"
"points500000-sources3","retained","2","9","179098568.33039999","179098571.83770001","3.5073000192642212","0","0"
"points500000-sources3","retained","2","10","179098571.97319999","179098574.7895","2.8163000047206879","0","0"
"points500000-sources3","retained","2","11","179098574.91","179098577.65939999","2.7493999898433685","0","0"
"points500000-sources3","retained","2","12","179098577.77270001","179098580.8775","3.1047999858856201","0","0"
"points500000-sources3","retained","2","13","179098581.0011","179098584.20989999","3.2087999880313873","0","0"
"points500000-sources3","retained","2","14","179098584.33500001","179098587.1234","2.7883999943733215","0","0"
"points500000-sources3","retained","2","15","179098587.24129999","179098590.93599999","3.6947000026702881","0","0"
"points500000-sources3","retained","2","16","179098591.05039999","179098594.80270001","3.7523000240325928","0","0"
"points500000-sources3","retained","2","17","179098594.91780001","179098599.43329999","4.5154999792575836","0","0"
"points500000-sources3","retained","2","18","179098599.56639999","179098603.80989999","4.2434999942779541","0","0"
"points500000-sources3","retained","2","19","179098603.93000001","179098609.02680001","5.0967999994754791","0","0"
"points500000-sources3","retained","2","20","179098609.14590001","179098613.27739999","4.1314999759197235","0","0"
"points500000-sources3","retained","2","21","179098613.3973","179098617.6248","4.2274999916553497","0","0"
"points500000-sources3","retained","2","22","179098617.77990001","179098622.47389999","4.6939999759197235","0","0"
"points500000-sources3","retained","2","23","179098622.60420001","179098626.36629999","3.7620999813079834","0","0"
"points500000-sources3","retained","2","24","179098626.48069999","179098630.81569999","4.3350000083446503","0","0"
"points500000-sources3","retained","2","25","179098630.93059999","179098634.5192","3.5886000096797943","0","0"
"points500000-sources3","retained","2","26","179098634.6365","179098640.34990001","5.7134000062942505","0","0"
"points500000-sources3","retained","2","27","179098640.4628","179098643.93270001","3.4699000120162964","0","0"
"points500000-sources3","retained","2","28","179098644.044","179098647.15630001","3.1123000085353851","0","0"
"points500000-sources3","retained","2","29","179098647.27410001","179098650.54429999","3.2701999843120575","0","0"
"points500000-sources3","retained","2","30","179098650.66060001","179098653.47979999","2.8191999793052673","0","0"
"points500000-sources3","retained","2","31","179098653.5932","179098656.6794","3.0861999988555908","0","0"
"points500000-sources3","retained","2","32","179098656.79460001","179098659.59709999","2.8024999797344208","0","0"
"points500000-sources3","retained","2","33","179098659.70809999","179098662.38800001","2.6799000203609467","0","0"
"points500000-sources3","retained","2","34","179098662.49399999","179098666.71520001","4.22120001912117","0","0"
"points500000-sources3","retained","2","35","179098666.88229999","179098672.61449999","5.7321999967098236","0","0"
"points500000-sources3","retained","2","36","179098672.7482","179098676.9646","4.2163999974727631","0","0"
"points500000-sources3","retained","2","37","179098677.0871","179098680.59689999","3.509799987077713","0","0"
"points500000-sources3","retained","2","38","179098680.72389999","179098685.8565","5.1326000094413757","0","0"
"points500000-sources3","retained","2","39","179098686.0138","179098689.49520001","3.4814000129699707","0","0"
"points500000-sources3","retained","2","40","179098689.62130001","179098693.70300001","4.0816999971866608","0","0"
"points500000-sources3","retained","2","41","179098693.82519999","179098697.70179999","3.8765999972820282","0","0"
"points500000-sources3","retained","2","42","179098697.8312","179098703.2834","5.4521999955177307","0","0"
"points500000-sources3","retained","2","43","179098703.41330001","179098706.898","3.4846999943256378","0","0"
"points500000-sources3","retained","2","44","179098707.021","179098711.12329999","4.1022999882698059","0","0"
"points500000-sources3","retained","2","45","179098711.23820001","179098715.30410001","4.0658999979496002","0","0"
"points500000-sources3","retained","2","46","179098715.44749999","179098719.08989999","3.6423999965190887","0","0"
"points500000-sources3","retained","2","47","179098719.21669999","179098722.40180001","3.1851000189781189","0","0"
"points500000-sources3","retained","2","48","179098722.52599999","179098725.4235","2.8975000083446503","0","0"
"points500000-sources3","retained","2","49","179098725.539","179098728.36149999","2.8224999904632568","0","0"
"points500000-sources3","retained","2","50","179098728.47420001","179098732.94929999","4.4750999808311462","0","0"
"points500000-sources3","retained","2","51","179098733.0848","179098735.89410001","2.8093000054359436","0","0"
"points500000-sources3","retained","2","52","179098736.01409999","179098739.75119999","3.7371000051498413","0","0"
"points500000-sources3","retained","2","53","179098739.8678","179098743.47799999","3.6101999878883362","0","0"
"points500000-sources3","retained","2","54","179098743.59029999","179098748.4368","4.8465000092983246","0","0"
"points500000-sources3","retained","2","55","179098748.5772","179098752.62220001","4.0450000166893005","0","0"
"points500000-sources3","retained","2","56","179098752.7473","179098756.61269999","3.8653999865055084","0","0"
"points500000-sources3","retained","2","57","179098756.7369","179098760.39300001","3.6561000049114227","0","0"
"points500000-sources3","retained","2","58","179098760.5113","179098766.9359","6.4246000051498413","0","0"
"points500000-sources3","retained","2","59","179098767.13519999","179098771.46419999","4.3289999961853027","0","0"
"points500000-sources3","retained","2","60","179098771.59810001","179098775.79530001","4.1972000002861023","0","0"
"points500000-sources3","retained","2","61","179098775.99829999","179098780.82910001","4.8308000266551971","0","0"
"points500000-sources3","retained","2","62","179098781.00119999","179098784.8644","3.8632000088691711","0","0"
"points500000-sources3","retained","2","63","179098785.0016","179098789.4181","4.4165000021457672","0","0"
"points500000-sources3","retained","2","64","179098789.54480001","179098792.2703","2.7254999876022339","0","0"
"points500000-sources3","retained","2","65","179098792.3831","179098795.26210001","2.8790000081062317","0","0"
"points500000-sources3","retained","2","66","179098795.3813","179098798.28290001","2.9016000032424927","0","0"
"points500000-sources3","retained","2","67","179098798.41010001","179098801.69679999","3.2866999804973602","0","0"
"points500000-sources3","retained","2","68","179098801.81999999","179098804.94819999","3.1281999945640564","0","0"
"points500000-sources3","retained","2","69","179098805.06310001","179098807.9849","2.9217999875545502","0","0"
"points500000-sources3","retained","2","70","179098808.10010001","179098811.71509999","3.6149999797344208","0","0"
"points500000-sources3","retained","2","71","179098811.82449999","179098815.24309999","3.4185999929904938","0","0"
"points500000-sources3","retained","2","72","179098815.37799999","179098819.4465","4.0685000121593475","0","0"
"points500000-sources3","retained","2","73","179098819.56529999","179098823.2658","3.7005000114440918","0","0"
"points500000-sources3","retained","2","74","179098823.39449999","179098828.53029999","5.1358000040054321","0","0"
"points500000-sources3","retained","2","75","179098828.64480001","179098832.36629999","3.7214999794960022","0","0"
"points500000-sources3","retained","2","76","179098832.48410001","179098836.25870001","3.7745999991893768","0","0"
"points500000-sources3","retained","2","77","179098836.3768","179098840.20739999","3.8305999934673309","0","0"
"points500000-sources3","retained","2","78","179098840.31869999","179098845.19850001","4.879800021648407","0","0"
"points500000-sources3","retained","2","79","179098845.31169999","179098849.42449999","4.1128000020980835","0","0"
"points500000-sources3","retained","2","80","179098849.55309999","179098853.86930001","4.3162000179290771","0","0"
"points500000-sources3","retained","2","81","179098854.0316","179098859.3635","5.3319000005722046","0","0"
"points500000-sources3","retained","2","82","179098859.47920001","179098862.6825","3.2032999992370605","0","0"
"points500000-sources3","retained","2","83","179098862.79280001","179098866.07789999","3.285099983215332","0","0"
"points500000-sources3","retained","2","84","179098866.19530001","179098869.11379999","2.9184999763965607","0","0"
"points500000-sources3","retained","2","85","179098869.2256","179098872.96160001","3.7360000014305115","0","0"
"points500000-sources3","retained","2","86","179098873.07589999","179098875.92609999","2.8501999974250793","0","0"
"points500000-sources3","retained","2","87","179098876.04620001","179098878.78799999","2.7417999804019928","0","0"
"points500000-sources3","retained","2","88","179098878.89950001","179098883.1543","4.2547999918460846","0","0"
"points500000-sources3","retained","2","89","179098883.30880001","179098889.3066","5.9977999925613403","0","0"
"points500000-sources3","retained","2","90","179098889.46450001","179098892.98269999","3.5181999802589417","0","0"
"points500000-sources3","retained","2","91","179098893.10170001","179098896.66890001","3.5672000050544739","0","0"
"points500000-sources3","retained","2","92","179098896.7888","179098900.1543","3.3655000030994415","0","0"
"points500000-sources3","retained","2","93","179098900.3829","179098908.9156","8.5327000021934509","0","0"
"points500000-sources3","retained","2","94","179098909.20140001","179098915.07960001","5.8781999945640564","0","0"
"points500000-sources3","retained","2","95","179098915.3583","179098924.99470001","9.6364000141620636","0","0"
"points500000-sources3","retained","2","96","179098925.19459999","179098930.1681","4.9735000133514404","0","0"
"points500000-sources3","retained","2","97","179098930.4127","179098937.454","7.0412999987602234","0","0"
"points500000-sources3","retained","2","98","179098937.71430001","179098943.17860001","5.4643000066280365","0","0"
"points500000-sources3","retained","2","99","179098943.42969999","179098949.54820001","6.1185000240802765","0","0"
"points500000-sources3","retained","2","100","179098949.8436","179098956.46830001","6.6247000098228455","0","0"
"points500000-sources3","retained","2","101","179098956.68380001","179098960.39840001","3.714599996805191","0","0"
"points500000-sources3","retained","2","102","179098960.5772","179098964.61039999","4.0331999957561493","0","0"
"points500000-sources3","retained","2","103","179098964.81150001","179098970.6065","5.7949999868869781","0","0"
"points500000-sources3","retained","2","104","179098970.82960001","179098974.93020001","4.100600004196167","0","0"
"points500000-sources3","retained","2","105","179098975.14160001","179098980.33500001","5.1933999955654144","0","0"
"points500000-sources3","retained","2","106","179098980.66569999","179098987.2281","6.5624000132083893","0","0"
"points500000-sources3","retained","2","107","179098987.41299999","179098991.1618","3.7488000094890594","0","0"
"points500000-sources3","retained","2","108","179098991.4481","179099000.204","8.7558999955654144","0","0"
"points500000-sources3","retained","2","109","179099000.60769999","179099009.14250001","8.5348000228404999","0","0"
"points500000-sources3","retained","2","110","179099009.36469999","179099016.0557","6.6910000145435333","0","0"
"points500000-sources3","retained","2","111","179099016.24360001","179099020.33340001","4.0898000001907349","0","0"
"points500000-sources3","retained","2","112","179099020.5016","179099024.40380001","3.9022000133991241","0","0"
"points500000-sources3","retained","2","113","179099024.54120001","179099029.32429999","4.7830999791622162","0","0"
"points500000-sources3","retained","2","114","179099029.4348","179099032.9242","3.4893999993801117","0","0"
"points500000-sources3","retained","2","115","179099033.04629999","179099036.958","3.9117000102996826","0","0"
"points500000-sources3","retained","2","116","179099037.0713","179099040.63499999","3.5636999905109406","0","0"
"points500000-sources3","retained","2","117","179099040.74739999","179099044.28749999","3.5401000082492828","0","0"
"points500000-sources3","retained","2","118","179099044.3994","179099049.2915","4.8921000063419342","0","0"
"points500000-sources3","retained","2","119","179099049.46059999","179099052.7712","3.3106000125408173","0","0"
"points500000-sources3","retained","2","120","179099052.91780001","179099055.9795","3.0616999864578247","0","0"
"points500000-sources3","gw","2","1","179099511.19749999","179099545.87369999","34.67620000243187","27.458499997854233","2"
"points500000-sources3","gw","2","2","179099546.0652","179099580.0544","33.989199995994568","27.756300002336502","2"
"points500000-sources3","gw","2","3","179099580.2735","179099616.00690001","35.733400017023087","27.883799999952316","2"
"points500000-sources3","gw","2","4","179099616.21669999","179099652.33989999","36.123199999332428","27.793099999427795","2"
"points500000-sources3","gw","2","5","179099652.54679999","179099687.28979999","34.743000000715256","27.653999984264374","2"
"points500000-sources3","gw","2","6","179099687.4736","179099721.41800001","33.944400012493134","27.671300023794174","2"
"points500000-sources3","gw","2","7","179099721.60210001","179099755.57179999","33.96969997882843","27.634999990463257","2"
"points500000-sources3","gw","2","8","179099755.76499999","179099790.14430001","34.379300028085709","28.38400000333786","2"
"points500000-sources3","gw","2","9","179099790.34130001","179099824.68700001","34.345699995756149","28.196700006723404","2"
"points500000-sources3","gw","2","10","179099824.92379999","179099860.65349999","35.729699999094009","28.881500005722046","2"
"points500000-sources3","gw","2","11","179099860.8373","179099894.59310001","33.755800008773804","27.993999987840652","2"
"points500000-sources3","gw","2","12","179099894.77790001","179099930.8838","36.10589998960495","28.20890000462532","2"
"points500000-sources3","gw","2","13","179099931.06639999","179099966.09760001","35.031200021505356","27.706300020217896","2"
"points500000-sources3","gw","2","14","179099966.32409999","179100001.28209999","34.958000004291534","28.059599995613098","2"
"points500000-sources3","gw","2","15","179100001.4621","179100039.83109999","38.368999987840652","30.755899995565414","2"
"points500000-sources3","gw","2","16","179100040.04069999","179100075.2358","35.195100009441376","27.560000002384186","2"
"points500000-sources3","gw","2","17","179100075.42340001","179100109.41679999","33.993399977684021","27.577399969100952","2"
"points500000-sources3","gw","2","18","179100109.60679999","179100143.3888","33.782000005245209","27.795000016689301","2"
"points500000-sources3","gw","2","19","179100143.57179999","179100175.60690001","32.035100013017654","27.762199997901917","2"
"points500000-sources3","gw","2","20","179100175.78349999","179100209.37909999","33.595600008964539","27.626800000667572","2"
"points500000-sources3","gw","2","21","179100209.58919999","179100244.39160001","34.802400022745132","28.763500034809113","2"
"points500000-sources3","gw","2","22","179100244.5905","179100279.75940001","35.168900012969971","27.7742999792099","2"
"points500000-sources3","gw","2","23","179100279.98289999","179100314.8594","34.876500010490417","27.746700018644333","2"
"points500000-sources3","gw","2","24","179100315.0415","179100351.06470001","36.023200005292892","29.36420002579689","2"
"points500000-sources3","gw","2","25","179100351.24610001","179100384.96329999","33.717199981212616","27.610200017690659","2"
"points500000-sources3","gw","2","26","179100385.13980001","179100420.24309999","35.103299975395203","27.494000017642975","2"
"points500000-sources3","gw","2","27","179100420.4188","179100455.28349999","34.864699989557266","28.189499974250793","2"
"points500000-sources3","gw","2","28","179100455.47929999","179100489.88299999","34.403699994087219","27.47790002822876","2"
"points500000-sources3","gw","2","29","179100490.0668","179100523.65459999","33.587799996137619","27.659200012683868","2"
"points500000-sources3","gw","2","30","179100523.83919999","179100557.13299999","33.293799996376038","27.802300035953522","2"
"points500000-sources3","gw","2","31","179100557.32480001","179100589.8062","32.481399983167648","27.621400028467178","2"
"points500000-sources3","gw","2","32","179100589.99070001","179100623.95660001","33.965900003910065","27.407000005245209","2"
"points500000-sources3","gw","2","33","179100624.1701","179100659.134","34.963899999856949","27.437800019979477","2"
"points500000-sources3","gw","2","34","179100659.36070001","179100694.22870001","34.868000000715256","27.554700016975403","2"
"points500000-sources3","gw","2","35","179100694.4181","179100733.3822","38.964100003242493","28.893299996852875","2"
"points500000-sources3","gw","2","36","179100733.57640001","179100770.5043","36.927899986505508","29.322800010442734","2"
"points500000-sources3","gw","2","37","179100770.7112","179100805.32600001","34.614800006151199","27.52659997344017","2"
"points500000-sources3","gw","2","38","179100805.50830001","179100840.7658","35.257499992847443","27.534500002861023","2"
"points500000-sources3","gw","2","39","179100840.96520001","179100876.264","35.298799991607666","28.026099979877472","2"
"points500000-sources3","gw","2","40","179100876.4553","179100911.0413","34.585999995470047","27.767200022935867","2"
"points500000-sources3","gw","2","41","179100911.22909999","179100944.53600001","33.306900024414062","27.638599991798401","2"
"points500000-sources3","gw","2","42","179100944.7105","179100977.7983","33.087799996137619","27.619800001382828","2"
"points500000-sources3","gw","2","43","179100977.9991","179101012.73460001","34.735500007867813","27.581200003623962","2"
"points500000-sources3","gw","2","44","179101012.94119999","179101049.92590001","36.98470002412796","28.621999979019165","2"
"points500000-sources3","gw","2","45","179101050.171","179101085.6063","35.43529999256134","28.382299989461899","2"
"points500000-sources3","gw","2","46","179101085.79089999","179101121.11379999","35.322899997234344","27.797900021076202","2"
"points500000-sources3","gw","2","47","179101121.3053","179101157.97040001","36.665100008249283","29.447500020265579","2"
"points500000-sources3","gw","2","48","179101158.15059999","179101192.24919999","34.098600000143051","27.372999995946884","2"
"points500000-sources3","gw","2","49","179101192.4501","179101226.93540001","34.485300004482269","27.611800044775009","2"
"points500000-sources3","gw","2","50","179101227.1248","179101260.7265","33.601700007915497","27.533600002527237","2"
"points500000-sources3","gw","2","51","179101260.91929999","179101294.71430001","33.795000016689301","28.178200006484985","2"
"points500000-sources3","gw","2","52","179101294.91780001","179101328.2868","33.368999987840652","27.577499985694885","2"
"points500000-sources3","gw","2","53","179101328.47780001","179101361.73500001","33.257200002670288","27.438800007104874","2"
"points500000-sources3","gw","2","54","179101361.9165","179101396.73750001","34.821000009775162","27.452299982309341","2"
"points500000-sources3","gw","2","55","179101396.9237","179101432.43450001","35.510800004005432","27.908099979162216","2"
"points500000-sources3","gw","2","56","179101432.62650001","179101466.4962","33.869699984788895","27.44130003452301","2"
"points500000-sources3","gw","2","57","179101466.67500001","179101502.0007","35.325699985027313","27.826700001955032","2"
"points500000-sources3","gw","2","58","179101502.22400001","179101536.66139999","34.437399983406067","27.886900007724762","2"
"points500000-sources3","gw","2","59","179101536.86559999","179101572.21939999","35.353799998760223","28.416599988937378","2"
"points500000-sources3","gw","2","60","179101572.4075","179101607.3529","34.94539999961853","28.045200020074844","2"
"points500000-sources3","gw","2","61","179101607.53240001","179101641.8874","34.354999989271164","27.375799983739853","2"
"points500000-sources3","gw","2","62","179101642.06639999","179101675.79620001","33.729800015687943","27.768700003623962","2"
"points500000-sources3","gw","2","63","179101675.98050001","179101709.34110001","33.360599994659424","27.837499976158142","2"
"points500000-sources3","gw","2","64","179101709.56529999","179101743.99259999","34.427300006151199","27.952300041913986","2"
"points500000-sources3","gw","2","65","179101744.17140001","179101779.1442","34.972799986600876","27.750799983739853","2"
"points500000-sources3","gw","2","66","179101779.33450001","179101814.50400001","35.16949999332428","27.686000019311905","2"
"points500000-sources3","gw","2","67","179101814.70699999","179101849.25299999","34.546000003814697","27.857600003480911","2"
"points500000-sources3","gw","2","68","179101849.43380001","179101884.8899","35.456099987030029","28.600799977779388","2"
"points500000-sources3","gw","2","69","179101885.07339999","179101920.64160001","35.568200021982193","27.834800004959106","2"
"points500000-sources3","gw","2","70","179101920.9111","179101957.0932","36.182099997997284","28.111900001764297","2"
"points500000-sources3","gw","2","71","179101957.30930001","179101991.97929999","34.669999986886978","27.630400002002716","2"
"points500000-sources3","gw","2","72","179101992.1807","179102026.67480001","34.494100004434586","27.665799975395203","2"
"points500000-sources3","gw","2","73","179102026.87990001","179102061.3405","34.460599988698959","28.5557000041008","2"
"points500000-sources3","gw","2","74","179102061.5404","179102095.34599999","33.805599987506866","27.567299991846085","2"
"points500000-sources3","gw","2","75","179102095.53549999","179102128.17930001","32.643800020217896","27.487400025129318","2"
"points500000-sources3","gw","2","76","179102128.3777","179102164.45460001","36.076900005340576","27.426800012588501","2"
"points500000-sources3","gw","2","77","179102164.65959999","179102199.73820001","35.078600019216537","28.53669998049736","2"
"points500000-sources3","gw","2","78","179102199.9251","179102234.43740001","34.51230001449585","27.575000017881393","2"
"points500000-sources3","gw","2","79","179102234.6453","179102268.54949999","33.904199987649918","27.438599973917007","2"
"points500000-sources3","gw","2","80","179102268.7333","179102303.36700001","34.633700013160706","27.789100021123886","2"
"points500000-sources3","gw","2","81","179102303.55410001","179102338.5228","34.968699991703033","27.610799998044968","2"
"points500000-sources3","gw","2","82","179102338.73390001","179102373.25409999","34.520199984312057","27.814700037240982","2"
"points500000-sources3","gw","2","83","179102373.44870001","179102405.7773","32.328599989414215","27.32710000872612","2"
"points500000-sources3","gw","2","84","179102405.96759999","179102438.0783","32.110700011253357","27.575099974870682","2"
"points500000-sources3","gw","2","85","179102438.32600001","179102471.2049","32.878899991512299","27.499700009822845","2"
"points500000-sources3","gw","2","86","179102471.3881","179102503.55109999","32.162999987602234","27.709199965000153","2"
"points500000-sources3","gw","2","87","179102503.7374","179102536.58270001","32.845300018787384","27.796400010585785","2"
"points500000-sources3","gw","2","88","179102536.76809999","179102570.5609","33.792800009250641","28.306300014257431","2"
"points500000-sources3","gw","2","89","179102570.76930001","179102604.64230001","33.872999995946884","27.848800003528595","2"
"points500000-sources3","gw","2","90","179102604.84799999","179102637.8689","33.020900011062622","27.713599979877472","2"
"points500000-sources3","gw","2","91","179102638.04969999","179102671.20609999","33.156399995088577","28.011900007724762","2"
"points500000-sources3","gw","2","92","179102671.38780001","179102704.9075","33.519699990749359","27.73199999332428","2"
"points500000-sources3","gw","2","93","179102705.09709999","179102737.4693","32.372200012207031","27.447700023651123","2"
"points500000-sources3","gw","2","94","179102737.6652","179102771.82530001","34.160100013017654","28.481500029563904","2"
"points500000-sources3","gw","2","95","179102772.03580001","179102805.35100001","33.315200001001358","27.809399992227554","2"
"points500000-sources3","gw","2","96","179102805.54840001","179102839.01570001","33.467299997806549","27.400199979543686","2"
"points500000-sources3","gw","2","97","179102839.20140001","179102872.34060001","33.139200001955032","27.962600022554398","2"
"points500000-sources3","gw","2","98","179102872.54440001","179102906.37239999","33.827999979257584","27.721099972724915","2"
"points500000-sources3","gw","2","99","179102906.57530001","179102940.84920001","34.273900002241135","27.411799997091293","2"
"points500000-sources3","gw","2","100","179102941.03290001","179102975.1002","34.067299991846085","28.320199996232986","2"
"points500000-sources3","gw","2","101","179102975.28659999","179103009.65290001","34.366300016641617","27.855000048875809","2"
"points500000-sources3","gw","2","102","179103009.8326","179103043.792","33.959399998188019","27.524499982595444","2"
"points500000-sources3","gw","2","103","179103043.9659","179103076.72830001","32.76240000128746","27.593699991703033","2"
"points500000-sources3","gw","2","104","179103076.91150001","179103111.34920001","34.437700003385544","28.287000000476837","2"
"points500000-sources3","gw","2","105","179103111.55129999","179103144.79859999","33.247299998998642","27.981000006198883","2"
"points500000-sources3","gw","2","106","179103144.9698","179103179.01210001","34.042300015687943","28.798799961805344","2"
"points500000-sources3","gw","2","107","179103179.20100001","179103213.03799999","33.836999982595444","28.53930002450943","2"
"points500000-sources3","gw","2","108","179103213.243","179103246.79449999","33.551499992609024","27.354800015687943","2"
"points500000-sources3","gw","2","109","179103246.9883","179103279.46309999","32.474799990653992","27.415700018405914","2"
"points500000-sources3","gw","2","110","179103279.6541","179103313.8784","34.224299997091293","27.69159996509552","2"
"points500000-sources3","gw","2","111","179103314.07440001","179103348.7897","34.715299993753433","28.595899969339371","2"
"points500000-sources3","gw","2","112","179103348.9743","179103381.5072","32.532900005578995","27.505400002002716","2"
"points500000-sources3","gw","2","113","179103381.6904","179103416.55469999","34.864299982786179","28.05919998884201","2"
"points500000-sources3","gw","2","114","179103416.7568","179103450.03510001","33.278300017118454","27.932699978351593","2"
"points500000-sources3","gw","2","115","179103450.21160001","179103482.77270001","32.561100006103516","27.265599995851517","2"
"points500000-sources3","gw","2","116","179103482.9646","179103515.5763","32.611699998378754","27.350000023841858","2"
"points500000-sources3","gw","2","117","179103515.7692","179103549.57600001","33.806800007820129","27.303200006484985","2"
"points500000-sources3","gw","2","118","179103549.81029999","179103583.00999999","33.199699997901917","27.567600011825562","2"
"points500000-sources3","gw","2","119","179103583.2105","179103616.6979","33.487399995326996","27.850600004196167","2"
"points500000-sources3","gw","2","120","179103616.8854","179103650.03220001","33.146800011396408","27.553900003433228","2"
"points500000-sources3","off","2","1","179103700.24160001","179103702.93099999","2.6893999874591827","0","0"
"points500000-sources3","off","2","2","179103703.1103","179103705.74000001","2.6297000050544739","0","0"
"points500000-sources3","off","2","3","179103705.85980001","179103709.49419999","3.6343999803066254","0","0"
"points500000-sources3","off","2","4","179103709.61179999","179103712.25600001","2.6442000269889832","0","0"
"points500000-sources3","off","2","5","179103712.3671","179103715.50729999","3.1401999890804291","0","0"
"points500000-sources3","off","2","6","179103715.65599999","179103718.36790001","2.7119000256061554","0","0"
"points500000-sources3","off","2","7","179103718.49180001","179103721.6927","3.2008999884128571","0","0"
"points500000-sources3","off","2","8","179103721.8039","179103725.87740001","4.073500007390976","0","0"
"points500000-sources3","off","2","9","179103725.99079999","179103728.64019999","2.649399995803833","0","0"
"points500000-sources3","off","2","10","179103728.7518","179103731.7969","3.0451000034809113","0","0"
"points500000-sources3","off","2","11","179103731.9235","179103734.66639999","2.7428999841213226","0","0"
"points500000-sources3","off","2","12","179103734.7782","179103737.33559999","2.5573999881744385","0","0"
"points500000-sources3","off","2","13","179103737.4472","179103740.61719999","3.1699999868869781","0","0"
"points500000-sources3","off","2","14","179103740.7286","179103743.3044","2.5758000016212463","0","0"
"points500000-sources3","off","2","15","179103743.41209999","179103746.2421","2.8300000131130219","0","0"
"points500000-sources3","off","2","16","179103746.35440001","179103749.4077","3.0532999932765961","0","0"
"points500000-sources3","off","2","17","179103749.54519999","179103752.36899999","2.8237999975681305","0","0"
"points500000-sources3","off","2","18","179103752.49360001","179103755.3274","2.8337999880313873","0","0"
"points500000-sources3","off","2","19","179103755.44069999","179103759.00170001","3.5610000193119049","0","0"
"points500000-sources3","off","2","20","179103759.1153","179103761.7924","2.6771000027656555","0","0"
"points500000-sources3","off","2","21","179103761.9012","179103764.84549999","2.9442999958992004","0","0"
"points500000-sources3","off","2","22","179103764.9664","179103767.88209999","2.9156999886035919","0","0"
"points500000-sources3","off","2","23","179103767.99649999","179103770.85179999","2.8553000092506409","0","0"
"points500000-sources3","off","2","24","179103770.96160001","179103774.604","3.6423999965190887","0","0"
"points500000-sources3","off","2","25","179103774.7159","179103777.31529999","2.5993999838829041","0","0"
"points500000-sources3","off","2","26","179103777.42070001","179103780.13029999","2.7095999717712402","0","0"
"points500000-sources3","off","2","27","179103780.24720001","179103783.45370001","3.2064999938011169","0","0"
"points500000-sources3","off","2","28","179103783.60249999","179103786.65040001","3.0479000210762024","0","0"
"points500000-sources3","off","2","29","179103786.76019999","179103791.44589999","4.685699999332428","0","0"
"points500000-sources3","off","2","30","179103791.59330001","179103794.3897","2.7963999807834625","0","0"
"points500000-sources3","off","2","31","179103794.5178","179103798.27039999","3.7525999844074249","0","0"
"points500000-sources3","off","2","32","179103798.42539999","179103802.5508","4.1254000067710876","0","0"
"points500000-sources3","off","2","33","179103802.73980001","179103805.78659999","3.0467999875545502","0","0"
"points500000-sources3","off","2","34","179103805.94069999","179103808.80989999","2.8691999912261963","0","0"
"points500000-sources3","off","2","35","179103808.96219999","179103813.14590001","4.1837000250816345","0","0"
"points500000-sources3","off","2","36","179103813.35589999","179103818.6435","5.2876000106334686","0","0"
"points500000-sources3","off","2","37","179103818.79440001","179103824.2597","5.4652999937534332","0","0"
"points500000-sources3","off","2","38","179103824.38659999","179103828.40560001","4.0190000236034393","0","0"
"points500000-sources3","off","2","39","179103828.514","179103832.0812","3.5672000050544739","0","0"
"points500000-sources3","off","2","40","179103832.19780001","179103836.1652","3.9673999845981598","0","0"
"points500000-sources3","off","2","41","179103836.27579999","179103839.38389999","3.1080999970436096","0","0"
"points500000-sources3","off","2","42","179103839.49070001","179103843.0185","3.5277999937534332","0","0"
"points500000-sources3","off","2","43","179103843.12720001","179103846.66659999","3.5393999814987183","0","0"
"points500000-sources3","off","2","44","179103846.78850001","179103851.63820001","4.849700003862381","0","0"
"points500000-sources3","off","2","45","179103851.79550001","179103855.1363","3.3407999873161316","0","0"
"points500000-sources3","off","2","46","179103855.26179999","179103858.81259999","3.5507999956607819","0","0"
"points500000-sources3","off","2","47","179103858.91909999","179103863.34959999","4.4305000007152557","0","0"
"points500000-sources3","off","2","48","179103863.4657","179103867.2049","3.7391999959945679","0","0"
"points500000-sources3","off","2","49","179103867.32820001","179103870.44310001","3.1148999929428101","0","0"
"points500000-sources3","off","2","50","179103870.55540001","179103873.18349999","2.6280999779701233","0","0"
"points500000-sources3","off","2","51","179103873.29210001","179103876.08829999","2.7961999773979187","0","0"
"points500000-sources3","off","2","52","179103876.19600001","179103878.76859999","2.5725999772548676","0","0"
"points500000-sources3","off","2","53","179103878.87279999","179103882.2642","3.391400009393692","0","0"
"points500000-sources3","off","2","54","179103882.4066","179103887.2385","4.8319000005722046","0","0"
"points500000-sources3","off","2","55","179103887.3626","179103890.5742","3.2116000056266785","0","0"
"points500000-sources3","off","2","56","179103890.69569999","179103894.68610001","3.9904000163078308","0","0"
"points500000-sources3","off","2","57","179103894.8001","179103899.56999999","4.769899994134903","0","0"
"points500000-sources3","off","2","58","179103899.75229999","179103903.55849999","3.8061999976634979","0","0"
"points500000-sources3","off","2","59","179103903.69679999","179103907.32690001","3.6301000118255615","0","0"
"points500000-sources3","off","2","60","179103907.44839999","179103910.50369999","3.0552999973297119","0","0"
"points500000-sources3","off","2","61","179103910.62279999","179103915.63440001","5.0116000175476074","0","0"
"points500000-sources3","off","2","62","179103915.80970001","179103919.9217","4.1119999885559082","0","0"
"points500000-sources3","off","2","63","179103920.05329999","179103923.7604","3.7071000039577484","0","0"
"points500000-sources3","off","2","64","179103923.8779","179103927.3441","3.4661999940872192","0","0"
"points500000-sources3","off","2","65","179103927.458","179103932.2545","4.7964999973773956","0","0"
"points500000-sources3","off","2","66","179103932.38870001","179103936.62029999","4.2315999865531921","0","0"
"points500000-sources3","off","2","67","179103936.75420001","179103941.05410001","4.2998999953269958","0","0"
"points500000-sources3","off","2","68","179103941.1595","179103943.95559999","2.796099990606308","0","0"
"points500000-sources3","off","2","69","179103944.0679","179103946.9844","2.9165000021457672","0","0"
"points500000-sources3","off","2","70","179103947.09959999","179103950.2353","3.1357000172138214","0","0"
"points500000-sources3","off","2","71","179103950.3495","179103953.3777","3.0282000005245209","0","0"
"points500000-sources3","off","2","72","179103953.49149999","179103956.49180001","3.0003000199794769","0","0"
"points500000-sources3","off","2","73","179103956.60319999","179103959.2022","2.5990000069141388","0","0"
"points500000-sources3","off","2","74","179103959.33840001","179103963.16530001","3.8269000053405762","0","0"
"points500000-sources3","off","2","75","179103963.3355","179103966.48050001","3.1450000107288361","0","0"
"points500000-sources3","off","2","76","179103966.59439999","179103970.99360001","4.3992000222206116","0","0"
"points500000-sources3","off","2","77","179103971.10949999","179103975.82179999","4.7123000025749207","0","0"
"points500000-sources3","off","2","78","179103975.94029999","179103980.9445","5.0042000114917755","0","0"
"points500000-sources3","off","2","79","179103981.07409999","179103984.5914","3.517300009727478","0","0"
"points500000-sources3","off","2","80","179103984.7119","179103988.8522","4.1403000056743622","0","0"
"points500000-sources3","off","2","81","179103988.96779999","179103992.9982","4.0304000079631805","0","0"
"points500000-sources3","off","2","82","179103993.11160001","179103996.44479999","3.3331999778747559","0","0"
"points500000-sources3","off","2","83","179103996.55360001","179103999.94589999","3.3922999799251556","0","0"
"points500000-sources3","off","2","84","179104000.0663","179104003.63870001","3.5724000036716461","0","0"
"points500000-sources3","off","2","85","179104003.75819999","179104007.94549999","4.1872999966144562","0","0"
"points500000-sources3","off","2","86","179104008.05939999","179104013.0923","5.0329000055789948","0","0"
"points500000-sources3","off","2","87","179104013.22499999","179104016.45100001","3.2260000109672546","0","0"
"points500000-sources3","off","2","88","179104016.57519999","179104019.66159999","3.0864000022411346","0","0"
"points500000-sources3","off","2","89","179104019.78389999","179104023.26440001","3.4805000126361847","0","0"
"points500000-sources3","off","2","90","179104023.41209999","179104026.51969999","3.1076000034809113","0","0"
"points500000-sources3","off","2","91","179104028.52020001","179104031.8908","3.3705999851226807","0","0"
"points500000-sources3","off","2","92","179104032.02869999","179104036.4763","4.4476000070571899","0","0"
"points500000-sources3","off","2","93","179104036.60600001","179104039.8761","3.2700999975204468","0","0"
"points500000-sources3","off","2","94","179104039.99630001","179104043.52739999","3.5310999751091003","0","0"
"points500000-sources3","off","2","95","179104043.63890001","179104047.08719999","3.4482999742031097","0","0"
"points500000-sources3","off","2","96","179104047.2049","179104050.9411","3.7362000048160553","0","0"
"points500000-sources3","off","2","97","179104051.06349999","179104055.0747","4.0112000107765198","0","0"
"points500000-sources3","off","2","98","179104055.19929999","179104059.71340001","4.5141000151634216","0","0"
"points500000-sources3","off","2","99","179104059.82499999","179104063.25440001","3.4294000267982483","0","0"
"points500000-sources3","off","2","100","179104063.3696","179104067.48089999","4.111299991607666","0","0"
"points500000-sources3","off","2","101","179104067.60409999","179104073.2746","5.6705000102519989","0","0"
"points500000-sources3","off","2","102","179104073.39680001","179104076.4673","3.070499986410141","0","0"
"points500000-sources3","off","2","103","179104076.586","179104079.34990001","2.7639000117778778","0","0"
"points500000-sources3","off","2","104","179104079.47530001","179104084.07280001","4.5974999964237213","0","0"
"points500000-sources3","off","2","105","179104084.4772","179104088.51840001","4.0412000119686127","0","0"
"points500000-sources3","off","2","106","179104088.64410001","179104091.6171","2.9729999899864197","0","0"
"points500000-sources3","off","2","107","179104091.74149999","179104094.68130001","2.9398000240325928","0","0"
"points500000-sources3","off","2","108","179104094.79190001","179104097.77340001","2.9814999997615814","0","0"
"points500000-sources3","off","2","109","179104097.94069999","179104102.3531","4.4124000072479248","0","0"
"points500000-sources3","off","2","110","179104102.4752","179104105.102","2.626800000667572","0","0"
"points500000-sources3","off","2","111","179104105.22009999","179104108.49700001","3.2769000232219696","0","0"
"points500000-sources3","off","2","112","179104108.6137","179104111.66229999","3.0485999882221222","0","0"
"points500000-sources3","off","2","113","179104111.77419999","179104115.08649999","3.3122999966144562","0","0"
"points500000-sources3","off","2","114","179104115.43430001","179104121.0104","5.5760999917984009","0","0"
"points500000-sources3","off","2","115","179104121.14610001","179104124.7782","3.632099986076355","0","0"
"points500000-sources3","off","2","116","179104124.9122","179104128.12509999","3.2128999829292297","0","0"
"points500000-sources3","off","2","117","179104128.2843","179104133.30039999","5.0160999894142151","0","0"
"points500000-sources3","off","2","118","179104133.4657","179104136.50830001","3.042600005865097","0","0"
"points500000-sources3","off","2","119","179104136.62470001","179104140.27669999","3.6519999802112579","0","0"
"points500000-sources3","off","2","120","179104140.4075","179104144.0896","3.6820999979972839","0","0"
"points500000-sources3","off","3","1","179104191.6708","179104196.91139999","5.2405999898910522","0","0"
"points500000-sources3","off","3","2","179104197.10969999","179104200.9765","3.8668000102043152","0","0"
"points500000-sources3","off","3","3","179104201.13119999","179104204.7279","3.5967000126838684","0","0"
"points500000-sources3","off","3","4","179104204.85370001","179104208.22409999","3.3703999817371368","0","0"
"points500000-sources3","off","3","5","179104208.33750001","179104213.12760001","4.7901000082492828","0","0"
"points500000-sources3","off","3","6","179104213.24250001","179104216.6925","3.449999988079071","0","0"
"points500000-sources3","off","3","7","179104216.8143","179104220.30770001","3.4934000074863434","0","0"
"points500000-sources3","off","3","8","179104220.42219999","179104223.75929999","3.3370999991893768","0","0"
"points500000-sources3","off","3","9","179104223.8714","179104228.06259999","4.1911999881267548","0","0"
"points500000-sources3","off","3","10","179104228.1866","179104231.23730001","3.0507000088691711","0","0"
"points500000-sources3","off","3","11","179104231.37689999","179104235.52110001","4.1442000269889832","0","0"
"points500000-sources3","off","3","12","179104235.6388","179104238.4939","2.855100005865097","0","0"
"points500000-sources3","off","3","13","179104238.6022","179104242.52180001","3.9196000099182129","0","0"
"points500000-sources3","off","3","14","179104242.63330001","179104246.7712","4.1378999948501587","0","0"
"points500000-sources3","off","3","15","179104246.88530001","179104250.8987","4.0133999884128571","0","0"
"points500000-sources3","off","3","16","179104251.06099999","179104254.20429999","3.1432999968528748","0","0"
"points500000-sources3","off","3","17","179104254.32440001","179104259.33270001","5.0083000063896179","0","0"
"points500000-sources3","off","3","18","179104259.47299999","179104262.34330001","2.8703000247478485","0","0"
"points500000-sources3","off","3","19","179104262.4549","179104266.15529999","3.7003999948501587","0","0"
"points500000-sources3","off","3","20","179104266.26820001","179104269.78400001","3.5157999992370605","0","0"
"points500000-sources3","off","3","21","179104269.89140001","179104273.4612","3.5697999894618988","0","0"
"points500000-sources3","off","3","22","179104273.56990001","179104277.7008","4.1308999955654144","0","0"
"points500000-sources3","off","3","23","179104277.8109","179104281.56240001","3.7515000104904175","0","0"
"points500000-sources3","off","3","24","179104281.6945","179104284.965","3.2705000042915344","0","0"
"points500000-sources3","off","3","25","179104285.08270001","179104288.58140001","3.4986999928951263","0","0"
"points500000-sources3","off","3","26","179104288.70950001","179104293.04550001","4.335999995470047","0","0"
"points500000-sources3","off","3","27","179104293.16499999","179104295.98640001","2.8214000165462494","0","0"
"points500000-sources3","off","3","28","179104296.09959999","179104299.21970001","3.1201000213623047","0","0"
"points500000-sources3","off","3","29","179104299.37009999","179104301.99779999","2.627700001001358","0","0"
"points500000-sources3","off","3","30","179104302.11669999","179104305.7911","3.6744000017642975","0","0"
"points500000-sources3","off","3","31","179104305.90990001","179104308.62819999","2.7182999849319458","0","0"
"points500000-sources3","off","3","32","179104308.73750001","179104311.28749999","2.5499999821186066","0","0"
"points500000-sources3","off","3","33","179104311.40200001","179104315.3461","3.9440999925136566","0","0"
"points500000-sources3","off","3","34","179104315.47209999","179104319.24270001","3.7706000208854675","0","0"
"points500000-sources3","off","3","35","179104319.3619","179104324.92539999","5.5634999871253967","0","0"
"points500000-sources3","off","3","36","179104325.04089999","179104328.61559999","3.5746999979019165","0","0"
"points500000-sources3","off","3","37","179104328.72870001","179104331.74340001","3.0146999955177307","0","0"
"points500000-sources3","off","3","38","179104331.85659999","179104336.19409999","4.3375000059604645","0","0"
"points500000-sources3","off","3","39","179104336.30669999","179104340.61899999","4.3122999966144562","0","0"
"points500000-sources3","off","3","40","179104340.73120001","179104344.3346","3.6033999919891357","0","0"
"points500000-sources3","off","3","41","179104344.44870001","179104347.6859","3.237199991941452","0","0"
"points500000-sources3","off","3","42","179104347.85569999","179104352.45030001","4.5946000218391418","0","0"
"points500000-sources3","off","3","43","179104352.57589999","179104357.7638","5.1879000067710876","0","0"
"points500000-sources3","off","3","44","179104357.88460001","179104361.32339999","3.4387999773025513","0","0"
"points500000-sources3","off","3","45","179104361.43430001","179104364.70289999","3.2685999870300293","0","0"
"points500000-sources3","off","3","46","179104364.82519999","179104368.46939999","3.6441999971866608","0","0"
"points500000-sources3","off","3","47","179104368.58410001","179104371.67629999","3.092199981212616","0","0"
"points500000-sources3","off","3","48","179104371.78819999","179104374.5539","2.7657000124454498","0","0"
"points500000-sources3","off","3","49","179104374.66029999","179104377.28529999","2.625","0","0"
"points500000-sources3","off","3","50","179104377.39520001","179104379.89489999","2.4996999800205231","0","0"
"points500000-sources3","off","3","51","179104380.00400001","179104385.42460001","5.4205999970436096","0","0"
"points500000-sources3","off","3","52","179104385.56569999","179104389.88060001","4.3149000108242035","0","0"
"points500000-sources3","off","3","53","179104390.00029999","179104392.87619999","2.875900000333786","0","0"
"points500000-sources3","off","3","54","179104393.00350001","179104396.6415","3.6379999816417694","0","0"
"points500000-sources3","off","3","55","179104396.77700001","179104402.03889999","5.2618999779224396","0","0"
"points500000-sources3","off","3","56","179104402.1929","179104406.61070001","4.4178000092506409","0","0"
"points500000-sources3","off","3","57","179104406.736","179104410.31619999","3.5801999866962433","0","0"
"points500000-sources3","off","3","58","179104410.43189999","179104414.28","3.8481000065803528","0","0"
"points500000-sources3","off","3","59","179104414.417","179104420.62259999","6.2055999934673309","0","0"
"points500000-sources3","off","3","60","179104420.76230001","179104424.29179999","3.5294999778270721","0","0"
"points500000-sources3","off","3","61","179104424.4154","179104427.46799999","3.0525999963283539","0","0"
"points500000-sources3","off","3","62","179104427.57870001","179104432.88909999","5.310399979352951","0","0"
"points500000-sources3","off","3","63","179104433.0196","179104435.85910001","2.8395000100135803","0","0"
"points500000-sources3","off","3","64","179104435.97729999","179104438.78510001","2.8078000247478485","0","0"
"points500000-sources3","off","3","65","179104438.9073","179104441.6178","2.7105000019073486","0","0"
"points500000-sources3","off","3","66","179104441.73559999","179104446.30970001","4.5741000175476074","0","0"
"points500000-sources3","off","3","67","179104446.48449999","179104449.9481","3.4636000096797943","0","0"
"points500000-sources3","off","3","68","179104450.08329999","179104454.01339999","3.9300999939441681","0","0"
"points500000-sources3","off","3","69","179104454.13510001","179104457.82339999","3.6882999837398529","0","0"
"points500000-sources3","off","3","70","179104457.92969999","179104462.54319999","4.6134999990463257","0","0"
"points500000-sources3","off","3","71","179104462.66600001","179104467.15709999","4.4910999834537506","0","0"
"points500000-sources3","off","3","72","179104467.2814","179104471.39050001","4.1091000139713287","0","0"
"points500000-sources3","off","3","73","179104471.5126","179104475.1487","3.6360999941825867","0","0"
"points500000-sources3","off","3","74","179104475.2647","179104480.2559","4.9912000000476837","0","0"
"points500000-sources3","off","3","75","179104480.39379999","179104484.9149","4.5211000144481659","0","0"
"points500000-sources3","off","3","76","179104485.03749999","179104488.50470001","3.4672000110149384","0","0"
"points500000-sources3","off","3","77","179104488.6216","179104492.38730001","3.7657000124454498","0","0"
"points500000-sources3","off","3","78","179104492.50150001","179104495.8723","3.3707999885082245","0","0"
"points500000-sources3","off","3","79","179104495.9876","179104500.9438","4.9562000036239624","0","0"
"points500000-sources3","off","3","80","179104501.08019999","179104504.06479999","2.9846000075340271","0","0"
"points500000-sources3","off","3","81","179104504.18740001","179104506.9472","2.759799987077713","0","0"
"points500000-sources3","off","3","82","179104507.0722","179104509.82969999","2.7574999928474426","0","0"
"points500000-sources3","off","3","83","179104509.965","179104512.95179999","2.9867999851703644","0","0"
"points500000-sources3","off","3","84","179104513.06169999","179104516.1726","3.1109000146389008","0","0"
"points500000-sources3","off","3","85","179104516.29249999","179104519.03189999","2.7393999993801117","0","0"
"points500000-sources3","off","3","86","179104519.14390001","179104522.29969999","3.1557999849319458","0","0"
"points500000-sources3","off","3","87","179104522.41319999","179104526.9844","4.5712000131607056","0","0"
"points500000-sources3","off","3","88","179104527.09689999","179104531.26609999","4.1692000031471252","0","0"
"points500000-sources3","off","3","89","179104531.3876","179104535.59470001","4.2071000039577484","0","0"
"points500000-sources3","off","3","90","179104535.70919999","179104540.5952","4.886000007390976","0","0"
"points500000-sources3","off","3","91","179104540.71200001","179104544.07570001","3.3637000024318695","0","0"
"points500000-sources3","off","3","92","179104544.18419999","179104548.31490001","4.130700021982193","0","0"
"points500000-sources3","off","3","93","179104548.4474","179104552.1841","3.7366999983787537","0","0"
"points500000-sources3","off","3","94","179104552.3057","179104556.32980001","4.0241000056266785","0","0"
"points500000-sources3","off","3","95","179104556.45140001","179104559.54640001","3.0949999988079071","0","0"
"points500000-sources3","off","3","96","179104559.66819999","179104563.6652","3.9970000088214874","0","0"
"points500000-sources3","off","3","97","179104563.7825","179104567.3055","3.5230000019073486","0","0"
"points500000-sources3","off","3","98","179104567.4438","179104573.14669999","5.7028999924659729","0","0"
"points500000-sources3","off","3","99","179104573.29710001","179104576.06659999","2.7694999873638153","0","0"
"points500000-sources3","off","3","100","179104576.19769999","179104579.7793","3.58160001039505","0","0"
"points500000-sources3","off","3","101","179104579.90200001","179104582.56650001","2.6644999980926514","0","0"
"points500000-sources3","off","3","102","179104582.69659999","179104585.5011","2.804500013589859","0","0"
"points500000-sources3","off","3","103","179104585.62549999","179104588.9217","3.2962000072002411","0","0"
"points500000-sources3","off","3","104","179104589.03999999","179104592.19949999","3.1595000028610229","0","0"
"points500000-sources3","off","3","105","179104592.3193","179104595.6552","3.3359000086784363","0","0"
"points500000-sources3","off","3","106","179104595.771","179104598.75580001","2.9848000109195709","0","0"
"points500000-sources3","off","3","107","179104598.87689999","179104602.76980001","3.8929000198841095","0","0"
"points500000-sources3","off","3","108","179104602.8822","179104607.5627","4.6805000007152557","0","0"
"points500000-sources3","off","3","109","179104607.6717","179104611.2863","3.6146000027656555","0","0"
"points500000-sources3","off","3","110","179104611.47","179104615.27599999","3.8059999942779541","0","0"
"points500000-sources3","off","3","111","179104615.4289","179104620.31349999","4.8845999836921692","0","0"
"points500000-sources3","off","3","112","179104620.47330001","179104623.77039999","3.2970999777317047","0","0"
"points500000-sources3","off","3","113","179104623.89719999","179104627.5492","3.6520000100135803","0","0"
"points500000-sources3","off","3","114","179104627.67429999","179104630.85910001","3.1848000288009644","0","0"
"points500000-sources3","off","3","115","179104630.9817","179104635.80059999","4.8188999891281128","0","0"
"points500000-sources3","off","3","116","179104635.92230001","179104639.1568","3.234499990940094","0","0"
"points500000-sources3","off","3","117","179104639.2784","179104642.24509999","2.9666999876499176","0","0"
"points500000-sources3","off","3","118","179104642.35600001","179104645.21039999","2.8543999791145325","0","0"
"points500000-sources3","off","3","119","179104645.322","179104648.44420001","3.1222000122070312","0","0"
"points500000-sources3","off","3","120","179104648.7588","179104653.11669999","4.3578999936580658","0","0"
"points500000-sources3","gw","3","1","179105103.17340001","179105137.9093","34.735899984836578","27.730300009250641","2"
"points500000-sources3","gw","3","2","179105138.09850001","179105173.11340001","35.014899998903275","27.801499992609024","2"
"points500000-sources3","gw","3","3","179105173.2969","179105211.6464","38.349500000476837","31.350799977779388","2"
"points500000-sources3","gw","3","4","179105211.83039999","179105245.16999999","33.339599996805191","27.430299997329712","2"
"points500000-sources3","gw","3","5","179105245.35519999","179105280.92140001","35.566200017929077","27.826900005340576","2"
"points500000-sources3","gw","3","6","179105281.1918","179105316.3743","35.182500004768372","28.014299988746643","2"
"points500000-sources3","gw","3","7","179105316.5614","179105350.96340001","34.40200001001358","27.663599997758865","2"
"points500000-sources3","gw","3","8","179105351.14520001","179105384.2888","33.143599987030029","27.61669996380806","2"
"points500000-sources3","gw","3","9","179105384.477","179105417.9127","33.435699999332428","27.603899985551834","2"
"points500000-sources3","gw","3","10","179105418.0961","179105451.57910001","33.483000010251999","27.562900006771088","2"
"points500000-sources3","gw","3","11","179105451.7599","179105485.4005","33.640599995851517","27.433399975299835","2"
"points500000-sources3","gw","3","12","179105485.5774","179105521.45140001","35.874000012874603","28.304299980401993","2"
"points500000-sources3","gw","3","13","179105521.6647","179105556.46219999","34.797499984502792","27.708400040864944","2"
"points500000-sources3","gw","3","14","179105556.68079999","179105591.21489999","34.534099996089935","27.43299999833107","2"
"points500000-sources3","gw","3","15","179105591.3964","179105626.87059999","35.47419998049736","27.905200034379959","2"
"points500000-sources3","gw","3","16","179105627.06299999","179105661.977","34.914000004529953","27.544100016355515","2"
"points500000-sources3","gw","3","17","179105662.1514","179105696.84650001","34.695100009441376","27.542899966239929","2"
"points500000-sources3","gw","3","18","179105697.20089999","179105732.78529999","35.584399998188019","28.174900025129318","2"
"points500000-sources3","gw","3","19","179105732.9716","179105766.12990001","33.158300012350082","27.337000012397766","2"
"points500000-sources3","gw","3","20","179105766.32589999","179105799.84220001","33.516300022602081","27.553699970245361","2"
"points500000-sources3","gw","3","21","179105800.03040001","179105834.67539999","34.644999980926514","29.150000005960464","2"
"points500000-sources3","gw","3","22","179105834.88139999","179105869.3163","34.434900015592575","27.432900011539459","2"
"points500000-sources3","gw","3","23","179105869.49509999","179105904.17379999","34.678700000047684","27.830599993467331","2"
"points500000-sources3","gw","3","24","179105904.37310001","179105940.70539999","36.33229997754097","28.233899980783463","2"
"points500000-sources3","gw","3","25","179105940.89579999","179105975.6708","34.775000005960464","27.617700010538101","2"
"points500000-sources3","gw","3","26","179105975.8655","179106009.78839999","33.92289999127388","27.574900031089783","2"
"points500000-sources3","gw","3","27","179106009.97690001","179106044.98769999","35.01079997420311","27.557799994945526","2"
"points500000-sources3","gw","3","28","179106045.18090001","179106081.66119999","36.480299979448318","27.989399999380112","2"
"points500000-sources3","gw","3","29","179106081.85210001","179106116.33649999","34.484399974346161","27.853499978780746","2"
"points500000-sources3","gw","3","30","179106116.52149999","179106150.26640001","33.744900017976761","28.19420000910759","2"
"points500000-sources3","gw","3","31","179106150.45460001","179106186.13069999","35.676099985837936","29.073100000619888","2"
"points500000-sources3","gw","3","32","179106186.3195","179106219.2744","32.954899996519089","27.732200026512146","2"
"points500000-sources3","gw","3","33","179106219.46959999","179106254.26449999","34.794900000095367","27.952700018882751","2"
"points500000-sources3","gw","3","34","179106254.442","179106289.29449999","34.85249999165535","27.609200000762939","2"
"points500000-sources3","gw","3","35","179106289.48449999","179106324.3439","34.859400004148483","27.83899998664856","2"
"points500000-sources3","gw","3","36","179106324.5309","179106359.82749999","35.296599984169006","27.96560001373291","2"
"points500000-sources3","gw","3","37","179106360.01019999","179106394.94780001","34.937600016593933","27.735300004482269","2"
"points500000-sources3","gw","3","38","179106395.1363","179106430.62439999","35.488099992275238","27.66100001335144","2"
"points500000-sources3","gw","3","39","179106430.8071","179106465.08219999","34.275099992752075","27.493900001049042","2"
"points500000-sources3","gw","3","40","179106465.289","179106499.17899999","33.889999985694885","27.698599964380264","2"
"points500000-sources3","gw","3","41","179106499.38299999","179106533.2385","33.855500012636185","27.751800000667572","2"
"points500000-sources3","gw","3","42","179106533.43340001","179106569.3831","35.949699997901917","29.388899981975555","2"
"points500000-sources3","gw","3","43","179106569.57800001","179106605.10769999","35.529699981212616","29.470699995756149","2"
"points500000-sources3","gw","3","44","179106605.2881","179106640.87869999","35.590599983930588","28.069900006055832","2"
"points500000-sources3","gw","3","45","179106641.0632","179106675.4127","34.349500000476837","27.342999994754791","2"
"points500000-sources3","gw","3","46","179106675.5961","179106710.28529999","34.689199984073639","27.673099964857101","2"
"points500000-sources3","gw","3","47","179106710.47049999","179106745.95969999","35.489199995994568","27.78600001335144","2"
"points500000-sources3","gw","3","48","179106746.171","179106781.72459999","35.553599983453751","28.076600015163422","2"
"points500000-sources3","gw","3","49","179106781.91999999","179106816.544","34.624000012874603","27.403499960899353","2"
"points500000-sources3","gw","3","50","179106816.7529","179106851.33160001","34.578700006008148","27.662699997425079","2"
"points500000-sources3","gw","3","51","179106851.51640001","179106885.2466","33.730199992656708","27.472699999809265","2"
"points500000-sources3","gw","3","52","179106885.44749999","179106918.8759","33.428400009870529","27.65200001001358","2"
"points500000-sources3","gw","3","53","179106919.07929999","179106953.12900001","34.049700021743774","27.869899988174438","2"
"points500000-sources3","gw","3","54","179106953.33579999","179106987.0652","33.729400008916855","27.898599982261658","2"
"points500000-sources3","gw","3","55","179106987.24340001","179107020.75330001","33.509900003671646","27.549100011587143","2"
"points500000-sources3","gw","3","56","179107020.9382","179107055.6726","34.734400004148483","27.596799999475479","2"
"points500000-sources3","gw","3","57","179107055.86199999","179107090.61770001","34.755700021982193","27.768999993801117","2"
"points500000-sources3","gw","3","58","179107090.80250001","179107125.01750001","34.215000003576279","27.52470001578331","2"
"points500000-sources3","gw","3","59","179107125.21039999","179107160.08489999","34.874500006437302","28.160999983549118","2"
"points500000-sources3","gw","3","60","179107160.27720001","179107196.73590001","36.458700001239777","27.868999987840652","2"
"points500000-sources3","gw","3","61","179107196.97420001","179107232.1225","35.148299992084503","27.617299973964691","2"
"points500000-sources3","gw","3","62","179107232.324","179107266.67930001","34.355300009250641","27.614399999380112","2"
"points500000-sources3","gw","3","63","179107266.89320001","179107301.01530001","34.122099995613098","27.582500010728836","2"
"points500000-sources3","gw","3","64","179107301.19620001","179107334.22279999","33.02659997344017","27.654900014400482","2"
"points500000-sources3","gw","3","65","179107334.4064","179107367.23109999","32.824699997901917","27.417399972677231","2"
"points500000-sources3","gw","3","66","179107367.4219","179107402.5124","35.090499997138977","28.392299979925156","2"
"points500000-sources3","gw","3","67","179107402.69440001","179107436.991","34.296599984169006","27.65870001912117","2"
"points500000-sources3","gw","3","68","179107437.17429999","179107470.50839999","33.334100008010864","27.616599977016449","2"
"points500000-sources3","gw","3","69","179107470.6846","179107504.73449999","34.049899995326996","27.597499996423721","2"
"points500000-sources3","gw","3","70","179107504.91940001","179107538.6214","33.701999992132187","27.447400003671646","2"
"points500000-sources3","gw","3","71","179107538.8012","179107573.57339999","34.772199988365173","27.549400001764297","2"
"points500000-sources3","gw","3","72","179107573.7696","179107609.477","35.707399994134903","28.206399977207184","2"
"points500000-sources3","gw","3","73","179107609.68360001","179107644.771","35.087399989366531","27.916299998760223","2"
"points500000-sources3","gw","3","74","179107644.95030001","179107679.53080001","34.58050000667572","27.396500021219254","2"
"points500000-sources3","gw","3","75","179107679.72440001","179107714.31040001","34.585999995470047","28.155500024557114","2"
"points500000-sources3","gw","3","76","179107714.5113","179107748.0697","33.558400005102158","27.533399999141693","2"
"points500000-sources3","gw","3","77","179107748.26840001","179107781.61149999","33.343099981546402","27.490700006484985","2"
"points500000-sources3","gw","3","78","179107781.82030001","179107816.35440001","34.534099996089935","27.934099972248077","2"
"points500000-sources3","gw","3","79","179107816.5499","179107850.91780001","34.367900013923645","27.497600018978119","2"
"points500000-sources3","gw","3","80","179107851.0961","179107884.41600001","33.319900006055832","27.682400017976761","2"
"points500000-sources3","gw","3","81","179107884.5988","179107919.15040001","34.551600009202957","27.485000014305115","2"
"points500000-sources3","gw","3","82","179107919.347","179107954.7746","35.427599996328354","27.585700035095215","2"
"points500000-sources3","gw","3","83","179107954.96070001","179107988.64039999","33.67969998717308","27.481000036001205","2"
"points500000-sources3","gw","3","84","179107988.8283","179108024.1101","35.281800001859665","28.165999978780746","2"
"points500000-sources3","gw","3","85","179108024.3263","179108059.2622","34.935900002717972","27.78150001168251","2"
"points500000-sources3","gw","3","86","179108059.46200001","179108094.05379999","34.591799974441528","27.605299979448318","2"
"points500000-sources3","gw","3","87","179108094.2412","179108127.3759","33.134700000286102","27.656899988651276","2"
"points500000-sources3","gw","3","88","179108127.55720001","179108161.9443","34.387099981307983","28.020099967718124","2"
"points500000-sources3","gw","3","89","179108162.12259999","179108195.6794","33.556800007820129","27.589999973773956","2"
"points500000-sources3","gw","3","90","179108195.86759999","179108236.75920001","40.891600012779236","33.083700031042099","2"
"points500000-sources3","gw","3","91","179108236.9578","179108274.96529999","38.007499992847443","30.789799988269806","2"
"points500000-sources3","gw","3","92","179108275.1485","179108314.86219999","39.713699996471405","30.360099971294403","2"
"points500000-sources3","gw","3","93","179108315.0702","179108350.81240001","35.742200016975403","28.186000019311905","2"
"points500000-sources3","gw","3","94","179108351.0072","179108384.99959999","33.992399990558624","28.231700003147125","2"
"points500000-sources3","gw","3","95","179108385.25060001","179108421.27700001","36.026399999856949","28.803000003099442","2"
"points500000-sources3","gw","3","96","179108421.44710001","179108457.8732","36.426099985837936","28.335400015115738","2"
"points500000-sources3","gw","3","97","179108458.07460001","179108493.45210001","35.377499997615814","28.500500023365021","2"
"points500000-sources3","gw","3","98","179108493.64539999","179108532.8091","39.163700014352798","30.360000014305115","2"
"points500000-sources3","gw","3","99","179108533.02430001","179108567.1913","34.166999995708466","27.481700003147125","2"
"points500000-sources3","gw","3","100","179108567.37900001","179108603.78209999","36.403099983930588","28.306999981403351","2"
"points500000-sources3","gw","3","101","179108603.9937","179108639.7062","35.712500005960464","28.284100025892258","2"
"points500000-sources3","gw","3","102","179108639.90380001","179108675.3184","35.414599984884262","28.138999968767166","2"
"points500000-sources3","gw","3","103","179108675.52959999","179108711.28","35.750400006771088","28.31360000371933","2"
"points500000-sources3","gw","3","104","179108711.4639","179108747.97170001","36.50780001282692","28.388399988412857","2"
"points500000-sources3","gw","3","105","179108748.1706","179108782.92680001","34.756200015544891","27.814099997282028","2"
"points500000-sources3","gw","3","106","179108783.11410001","179108820.75409999","37.639999985694885","29.585399985313416","2"
"points500000-sources3","gw","3","107","179108820.94400001","179108855.78690001","34.842900007963181","27.619700014591217","2"
"points500000-sources3","gw","3","108","179108855.99529999","179108892.5616","36.566300004720688","30.425999999046326","2"
"points500000-sources3","gw","3","109","179108892.75999999","179108926.838","34.078000009059906","27.695600032806396","2"
"points500000-sources3","gw","3","110","179108927.02970001","179108963.12149999","36.091799974441528","28.308300018310547","2"
"points500000-sources3","gw","3","111","179108963.30860001","179108999.04589999","35.737299978733063","28.328299969434738","2"
"points500000-sources3","gw","3","112","179108999.24180001","179109035.5262","36.28439998626709","28.437899976968765","2"
"points500000-sources3","gw","3","113","179109035.71959999","179109072.25999999","36.540399998426437","29.529499977827072","2"
"points500000-sources3","gw","3","114","179109072.46799999","179109111.38069999","38.912699997425079","31.650200009346008","2"
"points500000-sources3","gw","3","115","179109111.5738","179109157.338","45.764200001955032","33.750100016593933","2"
"points500000-sources3","gw","3","116","179109157.53060001","179109199.289","41.758399993181229","33.623999983072281","2"
"points500000-sources3","gw","3","117","179109199.4903","179109240.52239999","41.032099992036819","30.576700001955032","2"
"points500000-sources3","gw","3","118","179109243.7157","179109285.44929999","41.733599990606308","34.407100021839142","2"
"points500000-sources3","gw","3","119","179109285.653","179109324.5609","38.907900005578995","33.57439997792244","2"
"points500000-sources3","gw","3","120","179109324.76519999","179109364.9515","40.186300009489059","33.647900015115738","2"
"points500000-sources3","retained","3","1","179109439.2247","179109444.12689999","4.9021999835968018","0","0"
"points500000-sources3","retained","3","2","179109444.3161","179109447.1692","2.8531000018119812","0","0"
"points500000-sources3","retained","3","3","179109447.2879","179109450.54120001","3.2533000111579895","0","0"
"points500000-sources3","retained","3","4","179109450.67609999","179109455.8163","5.1402000188827515","0","0"
"points500000-sources3","retained","3","5","179109455.9585","179109462.02059999","6.0620999932289124","0","0"
"points500000-sources3","retained","3","6","179109462.20660001","179109465.8994","3.692799985408783","0","0"
"points500000-sources3","retained","3","7","179109466.0318","179109470.91429999","4.8824999928474426","0","0"
"points500000-sources3","retained","3","8","179109471.035","179109477.37850001","6.343500018119812","0","0"
"points500000-sources3","retained","3","9","179109477.59580001","179109482.93419999","5.3383999764919281","0","0"
"points500000-sources3","retained","3","10","179109483.07749999","179109488.3493","5.2718000113964081","0","0"
"points500000-sources3","retained","3","11","179109488.50799999","179109493.2924","4.7844000160694122","0","0"
"points500000-sources3","retained","3","12","179109493.42570001","179109497.00310001","3.5773999989032745","0","0"
"points500000-sources3","retained","3","13","179109497.13980001","179109502.6295","5.4896999895572662","0","0"
"points500000-sources3","retained","3","14","179109502.76499999","179109506.21740001","3.4524000287055969","0","0"
"points500000-sources3","retained","3","15","179109506.34380001","179109510.653","4.3091999888420105","0","0"
"points500000-sources3","retained","3","16","179109510.7701","179109514.4375","3.6674000024795532","0","0"
"points500000-sources3","retained","3","17","179109514.56900001","179109519.18200001","4.6130000054836273","0","0"
"points500000-sources3","retained","3","18","179109519.30669999","179109522.2374","2.9307000041007996","0","0"
"points500000-sources3","retained","3","19","179109522.37889999","179109525.38980001","3.0109000205993652","0","0"
"points500000-sources3","retained","3","20","179109525.53040001","179109528.27070001","2.7402999997138977","0","0"
"points500000-sources3","retained","3","21","179109528.37810001","179109532.97490001","4.5967999994754791","0","0"
"points500000-sources3","retained","3","22","179109533.12239999","179109536.6367","3.5143000185489655","0","0"
"points500000-sources3","retained","3","23","179109536.75049999","179109540.29899999","3.5485000014305115","0","0"
"points500000-sources3","retained","3","24","179109540.40599999","179109544.01429999","3.6083000004291534","0","0"
"points500000-sources3","retained","3","25","179109544.148","179109549.9005","5.7524999976158142","0","0"
"points500000-sources3","retained","3","26","179109550.0837","179109554.2933","4.2096000015735626","0","0"
"points500000-sources3","retained","3","27","179109554.46880001","179109559.21450001","4.7457000017166138","0","0"
"points500000-sources3","retained","3","28","179109559.37079999","179109563.9542","4.5834000110626221","0","0"
"points500000-sources3","retained","3","29","179109564.1128","179109567.85800001","3.7452000081539154","0","0"
"points500000-sources3","retained","3","30","179109567.99340001","179109571.7656","3.7721999883651733","0","0"
"points500000-sources3","retained","3","31","179109571.88589999","179109575.46470001","3.5788000226020813","0","0"
"points500000-sources3","retained","3","32","179109575.5801","179109580.69589999","5.1157999932765961","0","0"
"points500000-sources3","retained","3","33","179109580.84529999","179109584.12180001","3.276500016450882","0","0"
"points500000-sources3","retained","3","34","179109584.2518","179109587.21399999","2.9621999859809875","0","0"
"points500000-sources3","retained","3","35","179109587.33199999","179109590.1988","2.8668000102043152","0","0"
"points500000-sources3","retained","3","36","179109590.31850001","179109593.19859999","2.8800999820232391","0","0"
"points500000-sources3","retained","3","37","179109593.31549999","179109596.8691","3.553600013256073","0","0"
"points500000-sources3","retained","3","38","179109596.9867","179109599.84189999","2.8551999926567078","0","0"
"points500000-sources3","retained","3","39","179109599.95519999","179109603.3714","3.4162000119686127","0","0"
"points500000-sources3","retained","3","40","179109603.48679999","179109607.1284","3.6416000127792358","0","0"
"points500000-sources3","retained","3","41","179109607.241","179109612.3883","5.1473000049591064","0","0"
"points500000-sources3","retained","3","42","179109612.51050001","179109616.29300001","3.7824999988079071","0","0"
"points500000-sources3","retained","3","43","179109616.43720001","179109620.73769999","4.3004999756813049","0","0"
"points500000-sources3","retained","3","44","179109620.86379999","179109624.68509999","3.8212999999523163","0","0"
"points500000-sources3","retained","3","45","179109624.80399999","179109629.32190001","4.5179000198841095","0","0"
"points500000-sources3","retained","3","46","179109629.46180001","179109632.81400001","3.3522000014781952","0","0"
"points500000-sources3","retained","3","47","179109632.93520001","179109636.9488","4.0135999917984009","0","0"
"points500000-sources3","retained","3","48","179109637.06110001","179109640.419","3.3578999936580658","0","0"
"points500000-sources3","retained","3","49","179109640.5334","179109645.89809999","5.3646999895572662","0","0"
"points500000-sources3","retained","3","50","179109646.00999999","179109649.7353","3.7253000140190125","0","0"
"points500000-sources3","retained","3","51","179109649.86950001","179109653.2665","3.3969999849796295","0","0"
"points500000-sources3","retained","3","52","179109653.3827","179109656.57620001","3.1935000121593475","0","0"
"points500000-sources3","retained","3","53","179109656.6902","179109660.0923","3.402099996805191","0","0"
"points500000-sources3","retained","3","54","179109660.22040001","179109662.89809999","2.6776999831199646","0","0"
"points500000-sources3","retained","3","55","179109663.01359999","179109666.0909","3.0773000121116638","0","0"
"points500000-sources3","retained","3","56","179109666.22409999","179109669.1999","2.9758000075817108","0","0"
"points500000-sources3","retained","3","57","179109669.31310001","179109671.97260001","2.6595000028610229","0","0"
"points500000-sources3","retained","3","58","179109672.08129999","179109676.64660001","4.5653000175952911","0","0"
"points500000-sources3","retained","3","59","179109676.7642","179109680.35030001","3.5861000120639801","0","0"
"points500000-sources3","retained","3","60","179109680.4813","179109685.19850001","4.7172000110149384","0","0"
"points500000-sources3","retained","3","61","179109685.3303","179109689.23280001","3.9025000035762787","0","0"
"points500000-sources3","retained","3","62","179109689.3531","179109693.7098","4.3567000031471252","0","0"
"points500000-sources3","retained","3","63","179109693.85640001","179109697.73280001","3.8763999938964844","0","0"
"points500000-sources3","retained","3","64","179109697.89230001","179109702.87549999","4.9831999838352203","0","0"
"points500000-sources3","retained","3","65","179109703.00670001","179109708.171","5.1642999947071075","0","0"
"points500000-sources3","retained","3","66","179109708.3046","179109711.72319999","3.4185999929904938","0","0"
"points500000-sources3","retained","3","67","179109711.8664","179109716.44499999","4.5785999894142151","0","0"
"points500000-sources3","retained","3","68","179109716.6006","179109721.84900001","5.2484000027179718","0","0"
"points500000-sources3","retained","3","69","179109721.98370001","179109725.3633","3.3795999884605408","0","0"
"points500000-sources3","retained","3","70","179109725.48320001","179109728.73969999","3.2564999759197235","0","0"
"points500000-sources3","retained","3","71","179109728.8549","179109732.03389999","3.1789999902248383","0","0"
"points500000-sources3","retained","3","72","179109732.16209999","179109735.05379999","2.8916999995708466","0","0"
"points500000-sources3","retained","3","73","179109735.1735","179109739.73019999","4.5566999912261963","0","0"
"points500000-sources3","retained","3","74","179109739.84760001","179109742.55860001","2.710999995470047","0","0"
"points500000-sources3","retained","3","75","179109742.6735","179109745.33340001","2.6599000096321106","0","0"
"points500000-sources3","retained","3","76","179109745.43990001","179109750.11750001","4.6775999963283539","0","0"
"points500000-sources3","retained","3","77","179109750.2511","179109754.81310001","4.5620000064373016","0","0"
"points500000-sources3","retained","3","78","179109754.93709999","179109758.60929999","3.6721999943256378","0","0"
"points500000-sources3","retained","3","79","179109758.7245","179109762.31490001","3.5904000103473663","0","0"
"points500000-sources3","retained","3","80","179109762.42719999","179109766.88749999","4.4602999985218048","0","0"
"points500000-sources3","retained","3","81","179109767.014","179109772.2766","5.2626000046730042","0","0"
"points500000-sources3","retained","3","82","179109772.4014","179109775.74779999","3.3463999927043915","0","0"
"points500000-sources3","retained","3","83","179109775.85690001","179109779.5817","3.7247999906539917","0","0"
"points500000-sources3","retained","3","84","179109779.69319999","179109783.98559999","4.2924000024795532","0","0"
"points500000-sources3","retained","3","85","179109784.20379999","179109789.1604","4.95660001039505","0","0"
"points500000-sources3","retained","3","86","179109789.29519999","179109792.88999999","3.5947999954223633","0","0"
"points500000-sources3","retained","3","87","179109793.01089999","179109796.94760001","3.9367000162601471","0","0"
"points500000-sources3","retained","3","88","179109797.07159999","179109801.90380001","4.8322000205516815","0","0"
"points500000-sources3","retained","3","89","179109802.03389999","179109804.87220001","2.8383000195026398","0","0"
"points500000-sources3","retained","3","90","179109804.99290001","179109807.88249999","2.8895999789237976","0","0"
"points500000-sources3","retained","3","91","179109808.00240001","179109811.47979999","3.4773999750614166","0","0"
"points500000-sources3","retained","3","92","179109811.5934","179109814.5587","2.9652999937534332","0","0"
"points500000-sources3","retained","3","93","179109814.68720001","179109817.6963","3.0090999901294708","0","0"
"points500000-sources3","retained","3","94","179109817.81380001","179109820.44490001","2.6310999989509583","0","0"
"points500000-sources3","retained","3","95","179109820.55689999","179109823.91240001","3.3555000126361847","0","0"
"points500000-sources3","retained","3","96","179109824.02559999","179109827.24160001","3.2160000205039978","0","0"
"points500000-sources3","retained","3","97","179109827.35589999","179109831.61919999","4.2633000016212463","0","0"
"points500000-sources3","retained","3","98","179109831.7432","179109836.93450001","5.1913000047206879","0","0"
"points500000-sources3","retained","3","99","179109837.05270001","179109840.35120001","3.2985000014305115","0","0"
"points500000-sources3","retained","3","100","179109840.46090001","179109844.80649999","4.3455999791622162","0","0"
"points500000-sources3","retained","3","101","179109844.91710001","179109850.32179999","5.404699981212616","0","0"
"points500000-sources3","retained","3","102","179109850.47130001","179109853.9492","3.4778999984264374","0","0"
"points500000-sources3","retained","3","103","179109854.06799999","179109857.75009999","3.6820999979972839","0","0"
"points500000-sources3","retained","3","104","179109857.86090001","179109863.3626","5.5016999840736389","0","0"
"points500000-sources3","retained","3","105","179109863.48539999","179109866.71290001","3.2275000214576721","0","0"
"points500000-sources3","retained","3","106","179109866.83070001","179109870.03049999","3.1997999846935272","0","0"
"points500000-sources3","retained","3","107","179109870.14480001","179109873.45969999","3.3148999810218811","0","0"
"points500000-sources3","retained","3","108","179109873.57260001","179109876.77419999","3.2015999853610992","0","0"
"points500000-sources3","retained","3","109","179109876.8872","179109880.3175","3.4302999973297119","0","0"
"points500000-sources3","retained","3","110","179109880.4386","179109883.46919999","3.030599981546402","0","0"
"points500000-sources3","retained","3","111","179109883.5957","179109886.71919999","3.1234999895095825","0","0"
"points500000-sources3","retained","3","112","179109886.84040001","179109889.60120001","2.7608000040054321","0","0"
"points500000-sources3","retained","3","113","179109889.7132","179109892.5239","2.810699999332428","0","0"
"points500000-sources3","retained","3","114","179109892.63600001","179109897.65009999","5.0140999853610992","0","0"
"points500000-sources3","retained","3","115","179109897.79319999","179109901.37979999","3.5866000056266785","0","0"
"points500000-sources3","retained","3","116","179109901.5406","179109905.59920001","4.0586000084877014","0","0"
"points500000-sources3","retained","3","117","179109905.74669999","179109912.29370001","6.5470000207424164","0","0"
"points500000-sources3","retained","3","118","179109912.47580001","179109917.14789999","4.6720999777317047","0","0"
"points500000-sources3","retained","3","119","179109917.405","179109921.16960001","3.76460000872612","0","0"
"points500000-sources3","retained","3","120","179109921.3263","179109925.4032","4.0769000053405762","0","0"
