case,arm,repeat,frame,begin_qpc_ms,end_qpc_ms,step_ms,callback_ms,callback_calls
"points1000000-sources3","off","1","1","179111922.56709999","179111925.79530001","3.2282000184059143","0","0"
"points1000000-sources3","off","1","2","179111925.98679999","179111929.36840001","3.381600022315979","0","0"
"points1000000-sources3","off","1","3","179111929.5165","179111932.87419999","3.357699990272522","0","0"
"points1000000-sources3","off","1","4","179111933.0174","179111939.995","6.9776000082492828","0","0"
"points1000000-sources3","off","1","5","179111940.13980001","179111945.57409999","5.4342999756336212","0","0"
"points1000000-sources3","off","1","6","179111945.71180001","179111949.83930001","4.1274999976158142","0","0"
"points1000000-sources3","off","1","7","179111950.70460001","179111953.89449999","3.1898999810218811","0","0"
"points1000000-sources3","off","1","8","179111954.03099999","179111958.13780001","4.1068000197410583","0","0"
"points1000000-sources3","off","1","9","179111958.33700001","179111963.08649999","4.7494999766349792","0","0"
"points1000000-sources3","off","1","10","179111963.2261","179111966.74200001","3.5159000158309937","0","0"
"points1000000-sources3","off","1","11","179111966.89160001","179111970.60260001","3.710999995470047","0","0"
"points1000000-sources3","off","1","12","179111970.72510001","179111976.3242","5.5990999937057495","0","0"
"points1000000-sources3","off","1","13","179111976.44729999","179111979.46110001","3.0138000249862671","0","0"
"points1000000-sources3","off","1","14","179111979.58340001","179111983.38080001","3.7973999977111816","0","0"
"points1000000-sources3","off","1","15","179111983.52090001","179111986.6081","3.0871999859809875","0","0"
"points1000000-sources3","off","1","16","179111986.73550001","179111990.3299","3.5943999886512756","0","0"
"points1000000-sources3","off","1","17","179111990.46610001","179111993.4384","2.9722999930381775","0","0"
"points1000000-sources3","off","1","18","179111993.5835","179111996.9483","3.3648000061511993","0","0"
"points1000000-sources3","off","1","19","179111997.08719999","179112000.4434","3.3562000095844269","0","0"
"points1000000-sources3","off","1","20","179112000.58309999","179112003.4849","2.9018000066280365","0","0"
"points1000000-sources3","off","1","21","179112003.59760001","179112007.99599999","4.3983999788761139","0","0"
"points1000000-sources3","off","1","22","179112008.10659999","179112011.39989999","3.2933000028133392","0","0"
"points1000000-sources3","off","1","23","179112011.516","179112014.99439999","3.4783999919891357","0","0"
"points1000000-sources3","off","1","24","179112015.13710001","179112018.93020001","3.7930999994277954","0","0"
"points1000000-sources3","off","1","25","179112019.08250001","179112023.5799","4.4973999857902527","0","0"
"points1000000-sources3","off","1","26","179112023.69190001","179112026.78600001","3.0940999984741211","0","0"
"points1000000-sources3","off","1","27","179112026.9201","179112030.56799999","3.6478999853134155","0","0"
"points1000000-sources3","off","1","28","179112030.6798","179112034.55239999","3.8725999891757965","0","0"
"points1000000-sources3","off","1","29","179112034.6573","179112040.3046","5.6473000049591064","0","0"
"points1000000-sources3","off","1","30","179112040.41589999","179112043.97920001","3.5633000135421753","0","0"
"points1000000-sources3","off","1","31","179112044.08450001","179112047.7599","3.6753999888896942","0","0"
"points1000000-sources3","off","1","32","179112047.92950001","179112051.29069999","3.3611999750137329","0","0"
"points1000000-sources3","off","1","33","179112051.4339","179112056.2854","4.851500004529953","0","0"
"points1000000-sources3","off","1","34","179112056.39489999","179112059.60080001","3.2059000134468079","0","0"
"points1000000-sources3","off","1","35","179112059.70789999","179112062.80790001","3.1000000238418579","0","0"
"points1000000-sources3","off","1","36","179112062.9325","179112065.73269999","2.8001999855041504","0","0"
"points1000000-sources3","off","1","37","179112065.85800001","179112070.29339999","4.435399979352951","0","0"
"points1000000-sources3","off","1","38","179112070.47330001","179112073.1067","2.6333999931812286","0","0"
"points1000000-sources3","off","1","39","179112073.2261","179112075.82859999","2.6024999916553497","0","0"
"points1000000-sources3","off","1","40","179112075.9339","179112079.46470001","3.5308000147342682","0","0"
"points1000000-sources3","off","1","41","179112079.57480001","179112082.9553","3.3804999887943268","0","0"
"points1000000-sources3","off","1","42","179112083.08880001","179112087.77869999","4.6898999810218811","0","0"
"points1000000-sources3","off","1","43","179112087.89410001","179112091.11899999","3.2248999774456024","0","0"
"points1000000-sources3","off","1","44","179112091.2536","179112094.7502","3.4966000020503998","0","0"
"points1000000-sources3","off","1","45","179112094.86199999","179112099.2256","4.3636000156402588","0","0"
"points1000000-sources3","off","1","46","179112099.37450001","179112104.87439999","5.4998999834060669","0","0"
"points1000000-sources3","off","1","47","179112105.0307","179112108.5415","3.5108000040054321","0","0"
"points1000000-sources3","off","1","48","179112108.6692","179112111.44389999","2.7746999859809875","0","0"
"points1000000-sources3","off","1","49","179112111.56830001","179112116.19620001","4.6279000043869019","0","0"
"points1000000-sources3","off","1","50","179112116.35730001","179112121.02180001","4.6644999980926514","0","0"
"points1000000-sources3","off","1","51","179112121.15619999","179112124.62779999","3.4715999960899353","0","0"
"points1000000-sources3","off","1","52","179112124.7498","179112128.26570001","3.5159000158309937","0","0"
"points1000000-sources3","off","1","53","179112128.3831","179112132.7225","4.3393999934196472","0","0"
"points1000000-sources3","off","1","54","179112132.8556","179112135.51199999","2.6563999950885773","0","0"
"points1000000-sources3","off","1","55","179112135.6354","179112138.51519999","2.8797999918460846","0","0"
"points1000000-sources3","off","1","56","179112138.65459999","179112141.50409999","2.8495000004768372","0","0"
"points1000000-sources3","off","1","57","179112141.65000001","179112144.41460001","2.76460000872612","0","0"
"points1000000-sources3","off","1","58","179112144.54179999","179112147.61109999","3.0692999958992004","0","0"
"points1000000-sources3","off","1","59","179112147.77720001","179112153.3348","5.5575999915599823","0","0"
"points1000000-sources3","off","1","60","179112153.48159999","179112156.5539","3.0723000168800354","0","0"
"points1000000-sources3","off","1","61","179112156.68830001","179112160.16769999","3.4793999791145325","0","0"
"points1000000-sources3","off","1","62","179112160.29069999","179112164.29460001","4.003900021314621","0","0"
"points1000000-sources3","off","1","63","179112164.41859999","179112169.36199999","4.9433999955654144","0","0"
"points1000000-sources3","off","1","64","179112169.4966","179112173.04100001","3.5444000065326691","0","0"
"points1000000-sources3","off","1","65","179112173.16139999","179112176.56349999","3.402099996805191","0","0"
"points1000000-sources3","off","1","66","179112176.68189999","179112181.48590001","4.8040000200271606","0","0"
"points1000000-sources3","off","1","67","179112181.6552","179112185.2834","3.6281999945640564","0","0"
"points1000000-sources3","off","1","68","179112185.42039999","179112188.6365","3.2161000072956085","0","0"
"points1000000-sources3","off","1","69","179112188.76159999","179112192.02540001","3.2638000249862671","0","0"
"points1000000-sources3","off","1","70","179112192.14789999","179112195.8849","3.7370000183582306","0","0"
"points1000000-sources3","off","1","71","179112196.0131","179112200.8391","4.8260000050067902","0","0"
"points1000000-sources3","off","1","72","179112200.98930001","179112203.75170001","2.7624000012874603","0","0"
"points1000000-sources3","off","1","73","179112203.8775","179112206.7121","2.8346000015735626","0","0"
"points1000000-sources3","off","1","74","179112206.83149999","179112209.4533","2.6218000054359436","0","0"
"points1000000-sources3","off","1","75","179112209.63010001","179112213.3452","3.7150999903678894","0","0"
"points1000000-sources3","off","1","76","179112213.5345","179112216.8229","3.2883999943733215","0","0"
"points1000000-sources3","off","1","77","179112216.9729","179112219.62729999","2.6543999910354614","0","0"
"points1000000-sources3","off","1","78","179112219.74829999","179112223.38749999","3.6392000019550323","0","0"
"points1000000-sources3","off","1","79","179112223.51179999","179112227.97929999","4.4675000011920929","0","0"
"points1000000-sources3","off","1","80","179112228.1243","179112234.0905","5.9661999940872192","0","0"
"points1000000-sources3","off","1","81","179112234.23699999","179112237.68489999","3.4478999972343445","0","0"
"points1000000-sources3","off","1","82","179112237.81110001","179112240.82749999","3.0163999795913696","0","0"
"points1000000-sources3","off","1","83","179112240.94310001","179112245.4091","4.4659999907016754","0","0"
"points1000000-sources3","off","1","84","179112245.5311","179112249.1234","3.5922999978065491","0","0"
"points1000000-sources3","off","1","85","179112249.3028","179112252.5476","3.2448000013828278","0","0"
"points1000000-sources3","off","1","86","179112252.70050001","179112255.9413","3.2407999932765961","0","0"
"points1000000-sources3","off","1","87","179112256.06009999","179112260.48910001","4.4290000200271606","0","0"
"points1000000-sources3","off","1","88","179112260.61109999","179112264.11649999","3.5054000020027161","0","0"
"points1000000-sources3","off","1","89","179112264.2421","179112267.3655","3.1234000027179718","0","0"
"points1000000-sources3","off","1","90","179112267.48410001","179112270.68040001","3.1962999999523163","0","0"
"points1000000-sources3","off","1","91","179112270.79339999","179112274.1807","3.3873000144958496","0","0"
"points1000000-sources3","off","1","92","179112274.29269999","179112277.62279999","3.3300999999046326","0","0"
"points1000000-sources3","off","1","93","179112277.7412","179112280.479","2.7378000020980835","0","0"
"points1000000-sources3","off","1","94","179112280.60389999","179112283.49869999","2.8948000073432922","0","0"
"points1000000-sources3","off","1","95","179112283.6191","179112286.27219999","2.6530999839305878","0","0"
"points1000000-sources3","off","1","96","179112286.38679999","179112289.39829999","3.0115000009536743","0","0"
"points1000000-sources3","off","1","97","179112289.51499999","179112293.7184","4.2034000158309937","0","0"
"points1000000-sources3","off","1","98","179112293.84240001","179112296.9677","3.1252999901771545","0","0"
"points1000000-sources3","off","1","99","179112297.11090001","179112301.4183","4.3073999881744385","0","0"
"points1000000-sources3","off","1","100","179112301.5537","179112305.32550001","3.7718000113964081","0","0"
"points1000000-sources3","off","1","101","179112305.45050001","179112309.95359999","4.5030999779701233","0","0"
"points1000000-sources3","off","1","102","179112310.09040001","179112313.65110001","3.560699999332428","0","0"
"points1000000-sources3","off","1","103","179112313.7845","179112317.21020001","3.4257000088691711","0","0"
"points1000000-sources3","off","1","104","179112317.33559999","179112321.36140001","4.0258000195026398","0","0"
"points1000000-sources3","off","1","105","179112321.48859999","179112326.56799999","5.0794000029563904","0","0"
"points1000000-sources3","off","1","106","179112326.6846","179112330.2164","3.5318000018596649","0","0"
"points1000000-sources3","off","1","107","179112330.36129999","179112333.9508","3.5895000100135803","0","0"
"points1000000-sources3","off","1","108","179112334.08320001","179112338.5846","4.5013999938964844","0","0"
"points1000000-sources3","off","1","109","179112338.697","179112342.53870001","3.84170001745224","0","0"
"points1000000-sources3","off","1","110","179112342.64719999","179112345.82620001","3.1790000200271606","0","0"
"points1000000-sources3","off","1","111","179112345.94100001","179112349.26010001","3.3190999925136566","0","0"
"points1000000-sources3","off","1","112","179112349.39320001","179112352.2879","2.8946999907493591","0","0"
"points1000000-sources3","off","1","113","179112352.4154","179112356.80770001","4.392300009727478","0","0"
"points1000000-sources3","off","1","114","179112356.9262","179112359.4154","2.4891999959945679","0","0"
"points1000000-sources3","off","1","115","179112359.52250001","179112362.09400001","2.5715000033378601","0","0"
"points1000000-sources3","off","1","116","179112362.20629999","179112365.73910001","3.532800018787384","0","0"
"points1000000-sources3","off","1","117","179112365.8558","179112371.29890001","5.4431000053882599","0","0"
"points1000000-sources3","off","1","118","179112371.42129999","179112375.65130001","4.2300000190734863","0","0"
"points1000000-sources3","off","1","119","179112375.76370001","179112379.2956","3.5318999886512756","0","0"
"points1000000-sources3","off","1","120","179112379.43790001","179112383.21349999","3.7755999863147736","0","0"
"points1000000-sources3","gw","1","1","179113343.49200001","179113415.0451","71.553099989891052","64.818500012159348","2"
"points1000000-sources3","gw","1","2","179113415.2529","179113487.3389","72.085999995470047","65.605399996042252","2"
"points1000000-sources3","gw","1","3","179113487.54350001","179113561.20289999","73.65939998626709","67.043900012969971","2"
"points1000000-sources3","gw","1","4","179113561.4061","179113632.58750001","71.181400001049042","64.700699985027313","2"
"points1000000-sources3","gw","1","5","179113632.78310001","179113704.62279999","71.839699983596802","65.621499985456467","2"
"points1000000-sources3","gw","1","6","179113704.8193","179113777.32080001","72.501500010490417","65.932399988174438","2"
"points1000000-sources3","gw","1","7","179113777.5165","179113848.61930001","71.102800011634827","64.905799984931946","2"
"points1000000-sources3","gw","1","8","179113848.81819999","179113923.1683","74.350100010633469","67.804299980401993","2"
"points1000000-sources3","gw","1","9","179113923.37059999","179113998.039","74.668400019407272","67.745999991893768","2"
"points1000000-sources3","gw","1","10","179113998.24489999","179114069.3215","71.076600015163422","64.840200006961823","2"
"points1000000-sources3","gw","1","11","179114069.5336","179114142.33669999","72.803099989891052","66.273499995470047","2"
"points1000000-sources3","gw","1","12","179114142.5323","179114216.11829999","73.585999995470047","66.899600028991699","2"
"points1000000-sources3","gw","1","13","179114216.32519999","179114287.55849999","71.233300000429153","64.449999988079071","2"
"points1000000-sources3","gw","1","14","179114287.7579","179114360.25400001","72.496100008487701","65.890999972820282","2"
"points1000000-sources3","gw","1","15","179114360.4623","179114433.8468","73.384499996900558","66.068199992179871","2"
"points1000000-sources3","gw","1","16","179114434.06290001","179114505.97279999","71.909899979829788","64.888099998235703","2"
"points1000000-sources3","gw","1","17","179114506.16600001","179114579.73190001","73.5658999979496","64.772300004959106","2"
"points1000000-sources3","gw","1","18","179114579.94240001","179114652.7536","72.811199992895126","64.837800025939941","2"
"points1000000-sources3","gw","1","19","179114652.95370001","179114724.6992","71.74549999833107","65.060999989509583","2"
"points1000000-sources3","gw","1","20","179114724.90290001","179114796.62009999","71.717199981212616","65.197099983692169","2"
"points1000000-sources3","gw","1","21","179114796.82089999","179114869.66339999","72.842500001192093","65.926600009202957","2"
"points1000000-sources3","gw","1","22","179114869.85600001","179114940.97960001","71.123600006103516","64.814400017261505","2"
"points1000000-sources3","gw","1","23","179114941.16960001","179115014.8971","73.72749999165535","66.521399974822998","2"
"points1000000-sources3","gw","1","24","179115015.09549999","179115088.4526","73.357100009918213","67.488099992275238","2"
"points1000000-sources3","gw","1","25","179115088.64719999","179115160.1356","71.488400012254715","65.007600009441376","2"
"points1000000-sources3","gw","1","26","179115160.32659999","179115233.17109999","72.844500005245209","66.064900010824203","2"
"points1000000-sources3","gw","1","27","179115233.41980001","179115305.84650001","72.426699995994568","64.902400016784668","2"
"points1000000-sources3","gw","1","28","179115306.04589999","179115377.4425","71.396600008010864","64.54119998216629","2"
"points1000000-sources3","gw","1","29","179115377.65549999","179115450.4941","72.838600009679794","65.146499991416931","2"
"points1000000-sources3","gw","1","30","179115450.68470001","179115521.89930001","71.214599996805191","64.629199981689453","2"
"points1000000-sources3","gw","1","31","179115522.09580001","179115594.4201","72.324299991130829","65.937099993228912","2"
"points1000000-sources3","gw","1","32","179115594.6216","179115666.21939999","71.597799986600876","65.257000029087067","2"
"points1000000-sources3","gw","1","33","179115666.40830001","179115739.10870001","72.700399994850159","65.571299999952316","2"
"points1000000-sources3","gw","1","34","179115739.3204","179115811.95370001","72.633300006389618","66.18189999461174","2"
"points1000000-sources3","gw","1","35","179115812.15959999","179115883.70539999","71.545800000429153","64.682099997997284","2"
"points1000000-sources3","gw","1","36","179115883.95739999","179115955.88209999","71.924699991941452","65.105099976062775","2"
"points1000000-sources3","gw","1","37","179115956.08059999","179116027.22690001","71.14630001783371","65.17969998717308","2"
"points1000000-sources3","gw","1","38","179116027.4226","179116101.08989999","73.66729998588562","64.685199975967407","2"
"points1000000-sources3","gw","1","39","179116101.292","179116175.873","74.581000000238419","65.195400029420853","2"
"points1000000-sources3","gw","1","40","179116176.0715","179116248.45860001","72.387100011110306","65.311500042676926","2"
"points1000000-sources3","gw","1","41","179116248.6661","179116319.46039999","70.794299989938736","64.83270001411438","2"
"points1000000-sources3","gw","1","42","179116319.65310001","179116390.86309999","71.209999978542328","64.725999981164932","2"
"points1000000-sources3","gw","1","43","179116391.1243","179116462.34740001","71.223100006580353","65.118600010871887","2"
"points1000000-sources3","gw","1","44","179116462.53670001","179116534.1593","71.622599989175797","64.737900018692017","2"
"points1000000-sources3","gw","1","45","179116534.35859999","179116605.9989","71.640300005674362","64.673200041055679","2"
"points1000000-sources3","gw","1","46","179116606.19240001","179116678.03459999","71.842199981212616","64.81659996509552","2"
"points1000000-sources3","gw","1","47","179116678.2333","179116751.3265","73.093199998140335","66.171200007200241","2"
"points1000000-sources3","gw","1","48","179116751.52880001","179116822.375","70.846199989318848","64.656199991703033","2"
"points1000000-sources3","gw","1","49","179116822.56580001","179116894.20539999","71.639599978923798","64.887700021266937","2"
"points1000000-sources3","gw","1","50","179116894.40130001","179116966.1945","71.793199986219406","64.645400017499924","2"
"points1000000-sources3","gw","1","51","179116966.41010001","179117039.66800001","73.25789999961853","65.913199990987778","2"
"points1000000-sources3","gw","1","52","179117039.8576","179117115.05829999","75.200699985027313","66.954200029373169","2"
"points1000000-sources3","gw","1","53","179117115.26480001","179117188.46970001","73.204899996519089","64.532200008630753","2"
"points1000000-sources3","gw","1","54","179117188.65329999","179117261.2155","72.562200009822845","64.629699975252151","2"
"points1000000-sources3","gw","1","55","179117261.41350001","179117335.23190001","73.818399995565414","65.666700005531311","2"
"points1000000-sources3","gw","1","56","179117335.45280001","179117409.0334","73.580599993467331","65.9307000041008","2"
"points1000000-sources3","gw","1","57","179117409.22659999","179117482.6329","73.406300008296967","64.834199965000153","2"
"points1000000-sources3","gw","1","58","179117482.86880001","179117556.10190001","73.23309999704361","65.448599994182587","2"
"points1000000-sources3","gw","1","59","179117556.32499999","179117628.9429","72.617900013923645","65.05510002374649","2"
"points1000000-sources3","gw","1","60","179117629.19639999","179117701.04300001","71.846600025892258","65.349900007247925","2"
"points1000000-sources3","gw","1","61","179117701.2331","179117773.1929","71.959800004959106","65.550799995660782","2"
"points1000000-sources3","gw","1","62","179117773.39219999","179117848.17449999","74.782299995422363","67.73539999127388","2"
"points1000000-sources3","gw","1","63","179117848.38139999","179117921.8928","73.511400014162064","65.592000037431717","2"
"points1000000-sources3","gw","1","64","179117922.08649999","179117994.2744","72.187900006771088","64.287099987268448","2"
"points1000000-sources3","gw","1","65","179117994.4693","179118067.65939999","73.190099984407425","64.810499995946884","2"
"points1000000-sources3","gw","1","66","179118067.85789999","179118141.0336","73.175700008869171","65.015000015497208","2"
"points1000000-sources3","gw","1","67","179118141.25060001","179118214.6437","73.393099993467331","64.674899995326996","2"
"points1000000-sources3","gw","1","68","179118214.83739999","179118288.44940001","73.612000018358231","65.493999987840652","2"
"points1000000-sources3","gw","1","69","179118288.65239999","179118361.52630001","72.873900026082993","64.855000019073486","2"
"points1000000-sources3","gw","1","70","179118361.74239999","179118435.47580001","73.733400017023087","65.665300011634827","2"
"points1000000-sources3","gw","1","71","179118435.67809999","179118507.26140001","71.583300024271011","64.771699994802475","2"
"points1000000-sources3","gw","1","72","179118507.47229999","179118581.7277","74.255400002002716","66.510999977588654","2"
"points1000000-sources3","gw","1","73","179118581.93380001","179118654.64230001","72.708499997854233","64.694800019264221","2"
"points1000000-sources3","gw","1","74","179118654.84029999","179118729.29229999","74.451999992132187","66.193300008773804","2"
"points1000000-sources3","gw","1","75","179118729.54010001","179118802.73879999","73.198699980974197","65.093899995088577","2"
"points1000000-sources3","gw","1","76","179118802.93279999","179118876.78569999","73.852899998426437","65.827399998903275","2"
"points1000000-sources3","gw","1","77","179118876.9779","179118952.74649999","75.768599987030029","66.248400032520294","2"
"points1000000-sources3","gw","1","78","179118952.96990001","179119028.2852","75.315299987792969","66.547900021076202","2"
"points1000000-sources3","gw","1","79","179119028.48190001","179119102.90920001","74.427300006151199","65.705599993467331","2"
"points1000000-sources3","gw","1","80","179119103.0995","179119177.49430001","74.394800007343292","66.243399977684021","2"
"points1000000-sources3","gw","1","81","179119177.68939999","179119251.36950001","73.68010002374649","66.373099982738495","2"
"points1000000-sources3","gw","1","82","179119251.57550001","179119324.33140001","72.755899995565414","65.60699999332428","2"
"points1000000-sources3","gw","1","83","179119324.51890001","179119398.72060001","74.201700001955032","65.921499997377396","2"
"points1000000-sources3","gw","1","84","179119398.92019999","179119473.90470001","74.984500020742416","66.004599988460541","2"
"points1000000-sources3","gw","1","85","179119474.11539999","179119548.39109999","74.275700002908707","65.83229997754097","2"
"points1000000-sources3","gw","1","86","179119548.5749","179119623.21020001","74.635300010442734","65.877500027418137","2"
"points1000000-sources3","gw","1","87","179119623.43099999","179119700.3732","76.942200005054474","68.89860001206398","2"
"points1000000-sources3","gw","1","88","179119700.55759999","179119774.68149999","74.12389999628067","64.710500001907349","2"
"points1000000-sources3","gw","1","89","179119774.87110001","179119848.97600001","74.104900002479553","65.691200017929077","2"
"points1000000-sources3","gw","1","90","179119849.176","179119924.25749999","75.081499993801117","67.488499999046326","2"
"points1000000-sources3","gw","1","91","179119924.46650001","179119996.38299999","71.916499972343445","65.040100008249283","2"
"points1000000-sources3","gw","1","92","179119996.59040001","179120070.2545","73.664099991321564","67.295300006866455","2"
"points1000000-sources3","gw","1","93","179120070.49849999","179120142.9429","72.444400012493134","64.657499998807907","2"
"points1000000-sources3","gw","1","94","179120143.17449999","179120216.65470001","73.48020002245903","65.344099998474121","2"
"points1000000-sources3","gw","1","95","179120216.84439999","179120288.85319999","72.008799999952316","64.438099980354309","2"
"points1000000-sources3","gw","1","96","179120289.037","179120363.70820001","74.671200007200241","66.72979998588562","2"
"points1000000-sources3","gw","1","97","179120363.9093","179120438.68689999","74.777599990367889","66.884199976921082","2"
"points1000000-sources3","gw","1","98","179120438.89770001","179120511.92390001","73.026199996471405","65.122500032186508","2"
"points1000000-sources3","gw","1","99","179120512.14289999","179120585.53150001","73.388600021600723","64.91839998960495","2"
"points1000000-sources3","gw","1","100","179120585.7502","179120658.7764","73.026199996471405","65.608599990606308","2"
"points1000000-sources3","gw","1","101","179120658.977","179120729.829","70.851999998092651","64.301100015640259","2"
"points1000000-sources3","gw","1","102","179120730.06060001","179120803.39590001","73.335299998521805","66.271100014448166","2"
"points1000000-sources3","gw","1","103","179120803.5968","179120876.7288","73.131999999284744","64.725199997425079","2"
"points1000000-sources3","gw","1","104","179120876.98159999","179120950.15290001","73.171300023794174","64.482800006866455","2"
"points1000000-sources3","gw","1","105","179120950.43709999","179121023.86039999","73.423299998044968","65.077599972486496","2"
"points1000000-sources3","gw","1","106","179121024.0544","179121097.68040001","73.626000016927719","65.540100008249283","2"
"points1000000-sources3","gw","1","107","179121097.86660001","179121170.05039999","72.183799982070923","64.390399992465973","2"
"points1000000-sources3","gw","1","108","179121170.24329999","179121242.90779999","72.664499998092651","64.949400007724762","2"
"points1000000-sources3","gw","1","109","179121243.12920001","179121317.7836","74.654399991035461","65.918700009584427","2"
"points1000000-sources3","gw","1","110","179121317.9867","179121391.15349999","73.166799992322922","65.854699969291687","2"
"points1000000-sources3","gw","1","111","179121391.34639999","179121465.01519999","73.668799996376038","67.116899996995926","2"
"points1000000-sources3","gw","1","112","179121465.21439999","179121541.52959999","76.315200001001358","69.142999976873398","2"
"points1000000-sources3","gw","1","113","179121541.74919999","179121614.9567","73.207500010728836","64.994100004434586","2"
"points1000000-sources3","gw","1","114","179121615.1575","179121688.88139999","73.723899990320206","65.712000012397766","2"
"points1000000-sources3","gw","1","115","179121689.0846","179121762.11860001","73.034000009298325","65.282300025224686","2"
"points1000000-sources3","gw","1","116","179121762.30950001","179121835.37889999","73.069399982690811","64.704699963331223","2"
"points1000000-sources3","gw","1","117","179121835.5794","179121909.39770001","73.818300008773804","66.081499993801117","2"
"points1000000-sources3","gw","1","118","179121909.708","179121983.8484","74.140399992465973","64.946400016546249","2"
"points1000000-sources3","gw","1","119","179121984.04660001","179122057.41499999","73.368399977684021","65.41499999165535","2"
"points1000000-sources3","gw","1","120","179122057.61489999","179122131.39719999","73.782299995422363","65.798600018024445","2"
"points1000000-sources3","retained","1","1","179122187.14089999","179122190.89700001","3.7561000287532806","0","0"
"points1000000-sources3","retained","1","2","179122191.0654","179122195.59779999","4.532399982213974","0","0"
"points1000000-sources3","retained","1","3","179122195.74700001","179122199.4576","3.7105999886989594","0","0"
"points1000000-sources3","retained","1","4","179122199.61399999","179122203.15939999","3.5453999936580658","0","0"
"points1000000-sources3","retained","1","5","179122203.29080001","179122206.40000001","3.1092000007629395","0","0"
"points1000000-sources3","retained","1","6","179122206.5194","179122209.57949999","3.0600999891757965","0","0"
"points1000000-sources3","retained","1","7","179122209.71869999","179122214.37709999","4.6583999991416931","0","0"
"points1000000-sources3","retained","1","8","179122214.53279999","179122217.50350001","2.9707000255584717","0","0"
"points1000000-sources3","retained","1","9","179122217.64629999","179122220.42879999","2.7824999988079071","0","0"
"points1000000-sources3","retained","1","10","179122220.55320001","179122224.29409999","3.7408999800682068","0","0"
"points1000000-sources3","retained","1","11","179122224.4488","179122229.4851","5.036300003528595","0","0"
"points1000000-sources3","retained","1","12","179122229.70320001","179122233.6954","3.9921999871730804","0","0"
"points1000000-sources3","retained","1","13","179122233.8292","179122237.11849999","3.2892999947071075","0","0"
"points1000000-sources3","retained","1","14","179122237.23949999","179122240.9131","3.6736000180244446","0","0"
"points1000000-sources3","retained","1","15","179122241.028","179122246.08579999","5.0577999949455261","0","0"
"points1000000-sources3","retained","1","16","179122246.20590001","179122250.0309","3.824999988079071","0","0"
"points1000000-sources3","retained","1","17","179122250.1613","179122253.9285","3.7671999931335449","0","0"
"points1000000-sources3","retained","1","18","179122254.0467","179122258.87020001","4.823500007390976","0","0"
"points1000000-sources3","retained","1","19","179122258.99079999","179122263.39230001","4.401500016450882","0","0"
"points1000000-sources3","retained","1","20","179122263.5142","179122267.5772","4.0629999935626984","0","0"
"points1000000-sources3","retained","1","21","179122267.70379999","179122271.20480001","3.5010000169277191","0","0"
"points1000000-sources3","retained","1","22","179122271.31999999","179122276.23840001","4.9184000194072723","0","0"
"points1000000-sources3","retained","1","23","179122276.35659999","179122279.18560001","2.8290000259876251","0","0"
"points1000000-sources3","retained","1","24","179122279.3443","179122282.94819999","3.6038999855518341","0","0"
"points1000000-sources3","retained","1","25","179122283.17140001","179122286.19150001","3.0200999975204468","0","0"
"points1000000-sources3","retained","1","26","179122286.30899999","179122290.7031","4.39410001039505","0","0"
"points1000000-sources3","retained","1","27","179122290.82390001","179122295.1024","4.2784999907016754","0","0"
"points1000000-sources3","retained","1","28","179122295.22189999","179122298.92289999","3.7010000050067902","0","0"
"points1000000-sources3","retained","1","29","179122299.05379999","179122302.8003","3.7465000152587891","0","0"
"points1000000-sources3","retained","1","30","179122302.91870001","179122307.97330001","5.0546000003814697","0","0"
"points1000000-sources3","retained","1","31","179122308.09529999","179122311.82960001","3.7343000173568726","0","0"
"points1000000-sources3","retained","1","32","179122311.98570001","179122317.2446","5.258899986743927","0","0"
"points1000000-sources3","retained","1","33","179122317.41659999","179122322.52860001","5.1120000183582306","0","0"
"points1000000-sources3","retained","1","34","179122322.66499999","179122326.8276","4.1626000106334686","0","0"
"points1000000-sources3","retained","1","35","179122326.95190001","179122330.69010001","3.7382000088691711","0","0"
"points1000000-sources3","retained","1","36","179122330.81819999","179122334.16800001","3.3498000204563141","0","0"
"points1000000-sources3","retained","1","37","179122334.28189999","179122339.92919999","5.6473000049591064","0","0"
"points1000000-sources3","retained","1","38","179122340.05050001","179122343.68900001","3.6385000050067902","0","0"
"points1000000-sources3","retained","1","39","179122343.80599999","179122346.9594","3.1534000039100647","0","0"
"points1000000-sources3","retained","1","40","179122347.10550001","179122350.0993","2.9937999844551086","0","0"
"points1000000-sources3","retained","1","41","179122350.22490001","179122353.67500001","3.4501000046730042","0","0"
"points1000000-sources3","retained","1","42","179122353.79460001","179122357.25470001","3.460099995136261","0","0"
"points1000000-sources3","retained","1","43","179122357.37419999","179122360.51210001","3.1379000246524811","0","0"
"points1000000-sources3","retained","1","44","179122360.62729999","179122363.4323","2.8050000071525574","0","0"
"points1000000-sources3","retained","1","45","179122363.5465","179122367.28529999","3.7387999892234802","0","0"
"points1000000-sources3","retained","1","46","179122367.41150001","179122372.73300001","5.3215000033378601","0","0"
"points1000000-sources3","retained","1","47","179122372.84729999","179122376.77239999","3.9250999987125397","0","0"
"points1000000-sources3","retained","1","48","179122376.89969999","179122379.986","3.0863000154495239","0","0"
"points1000000-sources3","retained","1","49","179122380.10980001","179122384.9145","4.8046999871730804","0","0"
"points1000000-sources3","retained","1","50","179122385.05489999","179122390.60429999","5.5494000017642975","0","0"
"points1000000-sources3","retained","1","51","179122390.72580001","179122394.19870001","3.472900003194809","0","0"
"points1000000-sources3","retained","1","52","179122394.31920001","179122398.31279999","3.9935999810695648","0","0"
"points1000000-sources3","retained","1","53","179122398.49869999","179122402.63960001","4.1409000158309937","0","0"
"points1000000-sources3","retained","1","54","179122402.7744","179122406.47479999","3.7003999948501587","0","0"
"points1000000-sources3","retained","1","55","179122406.61000001","179122410.1934","3.5833999812602997","0","0"
"points1000000-sources3","retained","1","56","179122410.30950001","179122413.9648","3.6552999913692474","0","0"
"points1000000-sources3","retained","1","57","179122414.10190001","179122418.2568","4.1548999845981598","0","0"
"points1000000-sources3","retained","1","58","179122418.3847","179122421.3075","2.9228000044822693","0","0"
"points1000000-sources3","retained","1","59","179122421.42429999","179122424.3608","2.9365000128746033","0","0"
"points1000000-sources3","retained","1","60","179122424.48429999","179122427.24129999","2.7569999992847443","0","0"
"points1000000-sources3","retained","1","61","179122427.34909999","179122430.51550001","3.1664000153541565","0","0"
"points1000000-sources3","retained","1","62","179122430.6354","179122435.13789999","4.5024999976158142","0","0"
"points1000000-sources3","retained","1","63","179122435.26019999","179122438.74700001","3.4868000149726868","0","0"
"points1000000-sources3","retained","1","64","179122438.8626","179122442.46720001","3.6046000123023987","0","0"
"points1000000-sources3","retained","1","65","179122442.581","179122446.74779999","4.1667999923229218","0","0"
"points1000000-sources3","retained","1","66","179122446.87459999","179122452.289","5.4144000113010406","0","0"
"points1000000-sources3","retained","1","67","179122452.43180001","179122456.25690001","3.8251000046730042","0","0"
"points1000000-sources3","retained","1","68","179122456.3831","179122460.08860001","3.7055000066757202","0","0"
"points1000000-sources3","retained","1","69","179122460.20840001","179122466.94150001","6.7330999970436096","0","0"
"points1000000-sources3","retained","1","70","179122467.11469999","179122471.8003","4.6856000125408173","0","0"
"points1000000-sources3","retained","1","71","179122471.94119999","179122475.28060001","3.3394000232219696","0","0"
"points1000000-sources3","retained","1","72","179122475.39520001","179122480.1956","4.8003999888896942","0","0"
"points1000000-sources3","retained","1","73","179122480.31549999","179122484.64579999","4.3303000032901764","0","0"
"points1000000-sources3","retained","1","74","179122484.77000001","179122488.32749999","3.5574999749660492","0","0"
"points1000000-sources3","retained","1","75","179122488.4413","179122491.57859999","3.1372999846935272","0","0"
"points1000000-sources3","retained","1","76","179122491.68880001","179122496.76750001","5.0787000060081482","0","0"
"points1000000-sources3","retained","1","77","179122496.90180001","179122500.00400001","3.1022000014781952","0","0"
"points1000000-sources3","retained","1","78","179122500.13749999","179122502.94659999","2.8091000020503998","0","0"
"points1000000-sources3","retained","1","79","179122503.0539","179122506.85800001","3.8041000068187714","0","0"
"points1000000-sources3","retained","1","80","179122506.99689999","179122511.36950001","4.3726000189781189","0","0"
"points1000000-sources3","retained","1","81","179122511.49110001","179122515.57260001","4.0814999938011169","0","0"
"points1000000-sources3","retained","1","82","179122515.7035","179122519.45930001","3.7558000087738037","0","0"
"points1000000-sources3","retained","1","83","179122519.6004","179122523.05160001","3.451200008392334","0","0"
"points1000000-sources3","retained","1","84","179122523.18309999","179122529.3477","6.1646000146865845","0","0"
"points1000000-sources3","retained","1","85","179122529.48570001","179122533.86649999","4.3807999789714813","0","0"
"points1000000-sources3","retained","1","86","179122534.00389999","179122537.2245","3.2206000089645386","0","0"
"points1000000-sources3","retained","1","87","179122537.34740001","179122541.6024","4.2549999952316284","0","0"
"points1000000-sources3","retained","1","88","179122541.72","179122545.1744","3.4544000029563904","0","0"
"points1000000-sources3","retained","1","89","179122545.28619999","179122549.8926","4.6064000129699707","0","0"
"points1000000-sources3","retained","1","90","179122550.04440001","179122553.6309","3.5864999890327454","0","0"
"points1000000-sources3","retained","1","91","179122553.75819999","179122558.2748","4.5166000127792358","0","0"
"points1000000-sources3","retained","1","92","179122558.42269999","179122561.4346","3.011900007724762","0","0"
"points1000000-sources3","retained","1","93","179122561.5512","179122564.69240001","3.1412000060081482","0","0"
"points1000000-sources3","retained","1","94","179122564.8202","179122567.75960001","2.9394000172615051","0","0"
"points1000000-sources3","retained","1","95","179122567.89210001","179122572.13139999","4.2392999827861786","0","0"
"points1000000-sources3","retained","1","96","179122572.26230001","179122575.23210001","2.9697999954223633","0","0"
"points1000000-sources3","retained","1","97","179122575.33989999","179122579.09279999","3.7529000043869019","0","0"
"points1000000-sources3","retained","1","98","179122579.21990001","179122583.4483","4.2283999919891357","0","0"
"points1000000-sources3","retained","1","99","179122583.59040001","179122588.8224","5.2319999933242798","0","0"
"points1000000-sources3","retained","1","100","179122588.94769999","179122592.60069999","3.6529999971389771","0","0"
"points1000000-sources3","retained","1","101","179122592.71610001","179122596.6525","3.9363999962806702","0","0"
"points1000000-sources3","retained","1","102","179122596.7825","179122599.96180001","3.1793000102043152","0","0"
"points1000000-sources3","retained","1","103","179122600.08140001","179122605.42559999","5.3441999852657318","0","0"
"points1000000-sources3","retained","1","104","179122605.55700001","179122609.32210001","3.7651000022888184","0","0"
"points1000000-sources3","retained","1","105","179122609.45050001","179122613.75490001","4.3043999969959259","0","0"
"points1000000-sources3","retained","1","106","179122613.87729999","179122618.7396","4.8623000085353851","0","0"
"points1000000-sources3","retained","1","107","179122618.87689999","179122624.00409999","5.1272000074386597","0","0"
"points1000000-sources3","retained","1","108","179122624.15700001","179122628.6728","4.5157999992370605","0","0"
"points1000000-sources3","retained","1","109","179122628.78529999","179122632.0108","3.2255000174045563","0","0"
"points1000000-sources3","retained","1","110","179122632.1284","179122635.02610001","2.8977000117301941","0","0"
"points1000000-sources3","retained","1","111","179122635.13870001","179122637.9883","2.8495999872684479","0","0"
"points1000000-sources3","retained","1","112","179122638.10139999","179122640.9305","2.8291000127792358","0","0"
"points1000000-sources3","retained","1","113","179122641.0476","179122643.81869999","2.7710999846458435","0","0"
"points1000000-sources3","retained","1","114","179122643.93130001","179122647.12979999","3.1984999775886536","0","0"
"points1000000-sources3","retained","1","115","179122647.24790001","179122651.85389999","4.6059999763965607","0","0"
"points1000000-sources3","retained","1","116","179122651.97369999","179122655.6022","3.6285000145435333","0","0"
"points1000000-sources3","retained","1","117","179122655.7198","179122659.57179999","3.8519999980926514","0","0"
"points1000000-sources3","retained","1","118","179122659.68630001","179122663.551","3.8646999895572662","0","0"
"points1000000-sources3","retained","1","119","179122663.68349999","179122668.5422","4.8587000072002411","0","0"
"points1000000-sources3","retained","1","120","179122668.68470001","179122672.57820001","3.8935000002384186","0","0"
"points1000000-sources3","retained","2","1","179122725.8624","179122730.90169999","5.0392999947071075","0","0"
"points1000000-sources3","retained","2","2","179122731.10870001","179122734.59400001","3.4853000044822693","0","0"
"points1000000-sources3","retained","2","3","179122734.7633","179122739.164","4.4007000029087067","0","0"
"points1000000-sources3","retained","2","4","179122739.31920001","179122743.16150001","3.8422999978065491","0","0"
"points1000000-sources3","retained","2","5","179122743.29300001","179122748.68419999","5.3911999762058258","0","0"
"points1000000-sources3","retained","2","6","179122748.8378","179122752.79170001","3.953900009393692","0","0"
"points1000000-sources3","retained","2","7","179122752.9303","179122756.95719999","4.0268999934196472","0","0"
"points1000000-sources3","retained","2","8","179122757.067","179122761.1196","4.0525999963283539","0","0"
"points1000000-sources3","retained","2","9","179122761.23710001","179122764.68889999","3.4517999887466431","0","0"
"points1000000-sources3","retained","2","10","179122764.8265","179122768.47299999","3.6464999914169312","0","0"
"points1000000-sources3","retained","2","11","179122768.59450001","179122772.94800001","4.3535000085830688","0","0"
"points1000000-sources3","retained","2","12","179122773.06909999","179122776.12459999","3.0555000007152557","0","0"
"points1000000-sources3","retained","2","13","179122776.24149999","179122779.01899999","2.7775000035762787","0","0"
"points1000000-sources3","retained","2","14","179122779.139","179122782.0345","2.8955000042915344","0","0"
"points1000000-sources3","retained","2","15","179122782.18200001","179122786.04139999","3.8593999743461609","0","0"
"points1000000-sources3","retained","2","16","179122786.16029999","179122789.16060001","3.0003000199794769","0","0"
"points1000000-sources3","retained","2","17","179122789.27090001","179122793.10389999","3.832999974489212","0","0"
"points1000000-sources3","retained","2","18","179122793.21759999","179122797.21250001","3.9949000179767609","0","0"
"points1000000-sources3","retained","2","19","179122797.3434","179122801.9118","4.5683999955654144","0","0"
"points1000000-sources3","retained","2","20","179122802.03999999","179122806.80039999","4.7603999972343445","0","0"
"points1000000-sources3","retained","2","21","179122806.91909999","179122812.02880001","5.1097000241279602","0","0"
"points1000000-sources3","retained","2","22","179122812.14379999","179122815.88190001","3.7381000220775604","0","0"
"points1000000-sources3","retained","2","23","179122816.01449999","179122819.84830001","3.8338000178337097","0","0"
"points1000000-sources3","retained","2","24","179122819.9612","179122824.766","4.8048000037670135","0","0"
"points1000000-sources3","retained","2","25","179122824.9226","179122828.52079999","3.5981999933719635","0","0"
"points1000000-sources3","retained","2","26","179122828.66319999","179122832.08660001","3.4234000146389008","0","0"
"points1000000-sources3","retained","2","27","179122832.21700001","179122836.09099999","3.8739999830722809","0","0"
"points1000000-sources3","retained","2","28","179122836.20730001","179122841.16069999","4.9533999860286713","0","0"
"points1000000-sources3","retained","2","29","179122841.28780001","179122844.62099999","3.3331999778747559","0","0"
"points1000000-sources3","retained","2","30","179122844.7351","179122848.10530001","3.3702000081539154","0","0"
"points1000000-sources3","retained","2","31","179122848.23570001","179122851.22600001","2.9902999997138977","0","0"
"points1000000-sources3","retained","2","32","179122851.34310001","179122854.6435","3.3003999888896942","0","0"
"points1000000-sources3","retained","2","33","179122854.76570001","179122857.73550001","2.9697999954223633","0","0"
"points1000000-sources3","retained","2","34","179122857.8441","179122860.6744","2.8303000032901764","0","0"
"points1000000-sources3","retained","2","35","179122860.7825","179122863.54390001","2.7614000141620636","0","0"
"points1000000-sources3","retained","2","36","179122863.65740001","179122867.29609999","3.6386999785900116","0","0"
"points1000000-sources3","retained","2","37","179122867.4082","179122872.30360001","4.8954000174999237","0","0"
"points1000000-sources3","retained","2","38","179122872.41659999","179122876.1178","3.701200008392334","0","0"
"points1000000-sources3","retained","2","39","179122876.2286","179122880.14520001","3.9166000187397003","0","0"
"points1000000-sources3","retained","2","40","179122880.2586","179122884.7071","4.448500007390976","0","0"
"points1000000-sources3","retained","2","41","179122884.83899999","179122889.40149999","4.5625","0","0"
"points1000000-sources3","retained","2","42","179122889.5214","179122893.18090001","3.6595000028610229","0","0"
"points1000000-sources3","retained","2","43","179122893.3019","179122896.76609999","3.4641999900341034","0","0"
"points1000000-sources3","retained","2","44","179122896.91569999","179122902.3484","5.4327000081539154","0","0"
"points1000000-sources3","retained","2","45","179122902.5539","179122908.9395","6.3856000006198883","0","0"
"points1000000-sources3","retained","2","46","179122909.07679999","179122912.26530001","3.1885000169277191","0","0"
"points1000000-sources3","retained","2","47","179122912.39789999","179122916.06029999","3.6624000072479248","0","0"
"points1000000-sources3","retained","2","48","179122916.19679999","179122919.75060001","3.5538000166416168","0","0"
"points1000000-sources3","retained","2","49","179122919.87450001","179122923.04210001","3.167600005865097","0","0"
"points1000000-sources3","retained","2","50","179122923.15059999","179122926.08750001","2.9369000196456909","0","0"
"points1000000-sources3","retained","2","51","179122926.1952","179122929.0783","2.8831000030040741","0","0"
"points1000000-sources3","retained","2","52","179122929.21830001","179122935.95719999","6.7388999760150909","0","0"
"points1000000-sources3","retained","2","53","179122936.1293","179122940.06549999","3.9361999928951263","0","0"
"points1000000-sources3","retained","2","54","179122940.18059999","179122943.21880001","3.0382000207901001","0","0"
"points1000000-sources3","retained","2","55","179122943.32929999","179122948.14969999","4.8203999996185303","0","0"
"points1000000-sources3","retained","2","56","179122948.29879999","179122953.14199999","4.8431999981403351","0","0"
"points1000000-sources3","retained","2","57","179122953.27219999","179122956.9702","3.6980000138282776","0","0"
"points1000000-sources3","retained","2","58","179122957.1173","179122960.75009999","3.6327999830245972","0","0"
"points1000000-sources3","retained","2","59","179122960.85879999","179122966.486","5.6272000074386597","0","0"
"points1000000-sources3","retained","2","60","179122966.64390001","179122970.51989999","3.8759999871253967","0","0"
"points1000000-sources3","retained","2","61","179122970.64899999","179122974.23359999","3.5846000015735626","0","0"
"points1000000-sources3","retained","2","62","179122974.3457","179122977.5442","3.198500007390976","0","0"
"points1000000-sources3","retained","2","63","179122977.6753","179122983.32139999","5.6460999846458435","0","0"
"points1000000-sources3","retained","2","64","179122983.56490001","179122987.34999999","3.785099983215332","0","0"
"points1000000-sources3","retained","2","65","179122987.47999999","179122990.61269999","3.1326999962329865","0","0"
"points1000000-sources3","retained","2","66","179122990.7261","179122993.5273","2.8012000024318695","0","0"
"points1000000-sources3","retained","2","67","179122993.64379999","179122998.83450001","5.1907000243663788","0","0"
"points1000000-sources3","retained","2","68","179122999.00229999","179123002.22549999","3.2231999933719635","0","0"
"points1000000-sources3","retained","2","69","179123002.37169999","179123005.44780001","3.0761000216007233","0","0"
"points1000000-sources3","retained","2","70","179123005.61579999","179123009.32080001","3.7050000131130219","0","0"
"points1000000-sources3","retained","2","71","179123009.4677","179123015.24630001","5.7786000072956085","0","0"
"points1000000-sources3","retained","2","72","179123015.43790001","179123020.17460001","4.7366999983787537","0","0"
"points1000000-sources3","retained","2","73","179123020.37020001","179123024.50690001","4.1367000043392181","0","0"
"points1000000-sources3","retained","2","74","179123024.69080001","179123031.82370001","7.1328999996185303","0","0"
"points1000000-sources3","retained","2","75","179123032.0458","179123036.56779999","4.5219999849796295","0","0"
"points1000000-sources3","retained","2","76","179123036.89269999","179123041.27669999","4.3840000033378601","0","0"
"points1000000-sources3","retained","2","77","179123041.43130001","179123044.8405","3.409199982881546","0","0"
"points1000000-sources3","retained","2","78","179123044.98660001","179123049.5117","4.5250999927520752","0","0"
"points1000000-sources3","retained","2","79","179123049.7349","179123053.59209999","3.8571999967098236","0","0"
"points1000000-sources3","retained","2","80","179123053.8098","179123059.23050001","5.4207000136375427","0","0"
"points1000000-sources3","retained","2","81","179123059.41659999","179123067.41549999","7.9988999962806702","0","0"
"points1000000-sources3","retained","2","82","179123067.62920001","179123072.1381","4.508899986743927","0","0"
"points1000000-sources3","retained","2","83","179123072.4043","179123076.60530001","4.2010000050067902","0","0"
"points1000000-sources3","retained","2","84","179123076.76449999","179123080.13060001","3.366100013256073","0","0"
"points1000000-sources3","retained","2","85","179123080.3163","179123084.25040001","3.9341000020503998","0","0"
"points1000000-sources3","retained","2","86","179123084.4242","179123087.4752","3.0509999990463257","0","0"
"points1000000-sources3","retained","2","87","179123087.62549999","179123092.12279999","4.497299998998642","0","0"
"points1000000-sources3","retained","2","88","179123092.31580001","179123095.104","2.7881999909877777","0","0"
"points1000000-sources3","retained","2","89","179123095.23010001","179123099.7807","4.550599992275238","0","0"
"points1000000-sources3","retained","2","90","179123099.97679999","179123104.02700001","4.0502000153064728","0","0"
"points1000000-sources3","retained","2","91","179123104.18430001","179123110.5309","6.3465999960899353","0","0"
"points1000000-sources3","retained","2","92","179123110.7013","179123114.61790001","3.9166000187397003","0","0"
"points1000000-sources3","retained","2","93","179123114.80939999","179123118.85620001","4.0468000173568726","0","0"
"points1000000-sources3","retained","2","94","179123119.0178","179123122.8786","3.8607999980449677","0","0"
"points1000000-sources3","retained","2","95","179123123.016","179123126.42629999","3.4102999866008759","0","0"
"points1000000-sources3","retained","2","96","179123126.5695","179123130.49649999","3.9269999861717224","0","0"
"points1000000-sources3","retained","2","97","179123130.653","179123134.7994","4.1464000046253204","0","0"
"points1000000-sources3","retained","2","98","179123134.95989999","179123140.31720001","5.3573000133037567","0","0"
"points1000000-sources3","retained","2","99","179123140.4594","179123144.39410001","3.9347000122070312","0","0"
"points1000000-sources3","retained","2","100","179123144.52849999","179123149.1388","4.6103000044822693","0","0"
"points1000000-sources3","retained","2","101","179123149.31979999","179123154.93669999","5.6168999969959259","0","0"
"points1000000-sources3","retained","2","102","179123155.13550001","179123158.96079999","3.8252999782562256","0","0"
"points1000000-sources3","retained","2","103","179123159.0997","179123162.19319999","3.0934999883174896","0","0"
"points1000000-sources3","retained","2","104","179123162.31889999","179123166.13980001","3.820900022983551","0","0"
"points1000000-sources3","retained","2","105","179123166.3132","179123170.44139999","4.1281999945640564","0","0"
"points1000000-sources3","retained","2","106","179123170.59209999","179123173.53760001","2.9455000162124634","0","0"
"points1000000-sources3","retained","2","107","179123173.6735","179123176.62529999","2.9517999887466431","0","0"
"points1000000-sources3","retained","2","108","179123176.78049999","179123181.72049999","4.9399999976158142","0","0"
"points1000000-sources3","retained","2","109","179123181.96540001","179123188.80149999","6.8360999822616577","0","0"
"points1000000-sources3","retained","2","110","179123188.98480001","179123193.83109999","4.8462999761104584","0","0"
"points1000000-sources3","retained","2","111","179123193.98289999","179123198.4136","4.4307000041007996","0","0"
"points1000000-sources3","retained","2","112","179123198.60949999","179123202.66999999","4.0604999959468842","0","0"
"points1000000-sources3","retained","2","113","179123202.833","179123206.8741","4.0410999953746796","0","0"
"points1000000-sources3","retained","2","114","179123207.10659999","179123210.92879999","3.8222000002861023","0","0"
"points1000000-sources3","retained","2","115","179123211.1031","179123218.64700001","7.5439000129699707","0","0"
"points1000000-sources3","retained","2","116","179123218.8524","179123223.98289999","5.1304999887943268","0","0"
"points1000000-sources3","retained","2","117","179123224.19670001","179123228.1627","3.9659999907016754","0","0"
"points1000000-sources3","retained","2","118","179123228.30410001","179123234.36399999","6.0598999857902527","0","0"
"points1000000-sources3","retained","2","119","179123234.57100001","179123239.7333","5.1622999906539917","0","0"
"points1000000-sources3","retained","2","120","179123239.92469999","179123243.53420001","3.6095000207424164","0","0"
"points1000000-sources3","gw","2","1","179124236.98300001","179124310.3175","73.33449998497963","65.180899977684021","2"
"points1000000-sources3","gw","2","2","179124310.53929999","179124386.75749999","76.218199998140335","66.910400003194809","2"
"points1000000-sources3","gw","2","3","179124386.97569999","179124463.7015","76.725800007581711","68.00380003452301","2"
"points1000000-sources3","gw","2","4","179124463.9073","179124538.62900001","74.721700012683868","66.092699974775314","2"
"points1000000-sources3","gw","2","5","179124538.82030001","179124613.4743","74.653999984264374","65.391999989748001","2"
"points1000000-sources3","gw","2","6","179124613.6789","179124687.3175","73.638599991798401","65.547500014305115","2"
"points1000000-sources3","gw","2","7","179124687.50330001","179124761.11179999","73.608499974012375","65.357900023460388","2"
"points1000000-sources3","gw","2","8","179124761.31150001","179124834.4806","73.169099986553192","64.817499965429306","2"
"points1000000-sources3","gw","2","9","179124834.6753","179124906.44139999","71.766099989414215","65.354399979114532","2"
"points1000000-sources3","gw","2","10","179124906.63640001","179124981.86970001","75.233300000429153","67.620600014925003","2"
"points1000000-sources3","gw","2","11","179124982.06189999","179125057.4355","75.373600006103516","67.313899993896484","2"
"points1000000-sources3","gw","2","12","179125057.6329","179125130.52020001","72.88730001449585","65.244299978017807","2"
"points1000000-sources3","gw","2","13","179125130.72499999","179125205.0002","74.275200009346008","66.485299974679947","2"
"points1000000-sources3","gw","2","14","179125205.2209","179125279.66600001","74.445100009441376","66.208200007677078","2"
"points1000000-sources3","gw","2","15","179125279.8856","179125353.11289999","73.227299988269806","65.341500043869019","2"
"points1000000-sources3","gw","2","16","179125353.30610001","179125425.56720001","72.261099994182587","64.733000010251999","2"
"points1000000-sources3","gw","2","17","179125425.7647","179125499.5571","73.792400002479553","65.619599968194962","2"
"points1000000-sources3","gw","2","18","179125499.7536","179125572.016","72.26240000128746","64.972900003194809","2"
"points1000000-sources3","gw","2","19","179125572.21309999","179125644.044","71.830900013446808","64.803099989891052","2"
"points1000000-sources3","gw","2","20","179125644.24360001","179125716.65669999","72.413099974393845","65.495000004768372","2"
"points1000000-sources3","gw","2","21","179125716.8524","179125788.1243","71.271899998188019","64.88629999756813","2"
"points1000000-sources3","gw","2","22","179125788.31569999","179125861.30039999","72.984699994325638","65.209699988365173","2"
"points1000000-sources3","gw","2","23","179125861.49270001","179125936.21489999","74.722199976444244","65.656200021505356","2"
"points1000000-sources3","gw","2","24","179125936.4325","179126010.94049999","74.507999986410141","66.686800003051758","2"
"points1000000-sources3","gw","2","25","179126011.13150001","179126084.51890001","73.38740000128746","65.112900018692017","2"
"points1000000-sources3","gw","2","26","179126084.7119","179126158.52160001","73.809700012207031","66.275099992752075","2"
"points1000000-sources3","gw","2","27","179126158.7186","179126234.75209999","76.033499985933304","67.785800009965897","2"
"points1000000-sources3","gw","2","28","179126234.9386","179126308.18189999","73.24329999089241","65.246999979019165","2"
"points1000000-sources3","gw","2","29","179126308.37349999","179126382.41980001","74.046300023794174","65.266299992799759","2"
"points1000000-sources3","gw","2","30","179126382.62360001","179126454.49160001","71.868000000715256","65.554100006818771","2"
"points1000000-sources3","gw","2","31","179126454.6882","179126528.08379999","73.395599991083145","67.129200011491776","2"
"points1000000-sources3","gw","2","32","179126528.27950001","179126601.0677","72.788199990987778","65.288199990987778","2"
"points1000000-sources3","gw","2","33","179126601.28439999","179126676.00799999","74.723600000143051","66.806799978017807","2"
"points1000000-sources3","gw","2","34","179126676.22080001","179126750.0995","73.878699988126755","65.157299965620041","2"
"points1000000-sources3","gw","2","35","179126750.30270001","179126823.37549999","73.072799980640411","64.795300036668777","2"
"points1000000-sources3","gw","2","36","179126823.5993","179126898.0099","74.410600006580353","66.075000017881393","2"
"points1000000-sources3","gw","2","37","179126898.32589999","179126973.21340001","74.887500017881393","65.181299984455109","2"
"points1000000-sources3","gw","2","38","179126973.4075","179127047.11160001","73.704100012779236","65.218600004911423","2"
"points1000000-sources3","gw","2","39","179127047.3035","179127120.19369999","72.890199989080429","65.141699999570847","2"
"points1000000-sources3","gw","2","40","179127120.38699999","179127192.7852","72.398200005292892","64.864499986171722","2"
"points1000000-sources3","gw","2","41","179127192.98519999","179127264.5149","71.529700011014938","64.467299997806549","2"
"points1000000-sources3","gw","2","42","179127264.72","179127335.9993","71.279300004243851","64.869299978017807","2"
"points1000000-sources3","gw","2","43","179127336.19409999","179127407.9149","71.720800012350082","65.708700001239777","2"
"points1000000-sources3","gw","2","44","179127408.11210001","179127480.5812","72.469099998474121","64.4375","2"
"points1000000-sources3","gw","2","45","179127480.78529999","179127554.08989999","73.30460000038147","65.922699958086014","2"
"points1000000-sources3","gw","2","46","179127554.2949","179127629.65169999","75.356799989938736","66.899300009012222","2"
"points1000000-sources3","gw","2","47","179127629.8572","179127711.1832","81.32600000500679","64.766999989748001","2"
"points1000000-sources3","gw","2","48","179127711.4021","179127785.37549999","73.973399996757507","65.206299990415573","2"
"points1000000-sources3","gw","2","49","179127785.6279","179127858.34","72.712099999189377","64.798299998044968","2"
"points1000000-sources3","gw","2","50","179127858.5386","179127930.49779999","71.959199994802475","64.666399985551834","2"
"points1000000-sources3","gw","2","51","179127930.7455","179128005.93979999","75.1942999958992","66.018400013446808","2"
"points1000000-sources3","gw","2","52","179128006.15099999","179128076.63319999","70.482199996709824","64.501399993896484","2"
"points1000000-sources3","gw","2","53","179128076.8242","179128149.0528","72.22859999537468","65.534299999475479","2"
"points1000000-sources3","gw","2","54","179128149.24959999","179128222.3362","73.086600005626678","65.190399974584579","2"
"points1000000-sources3","gw","2","55","179128222.5178","179128297.9844","75.466600000858307","67.624200016260147","2"
"points1000000-sources3","gw","2","56","179128298.18779999","179128370.64129999","72.453500002622604","64.815300017595291","2"
"points1000000-sources3","gw","2","57","179128370.838","179128444.07429999","73.236299991607666","65.337599992752075","2"
"points1000000-sources3","gw","2","58","179128444.29499999","179128517.22940001","72.934400022029877","64.603799998760223","2"
"points1000000-sources3","gw","2","59","179128517.42730001","179128590.79339999","73.366099983453751","65.355699986219406","2"
"points1000000-sources3","gw","2","60","179128591.01440001","179128665.6541","74.639699995517731","64.806600004434586","2"
"points1000000-sources3","gw","2","61","179128665.85479999","179128738.40979999","72.555000007152557","64.879000008106232","2"
"points1000000-sources3","gw","2","62","179128738.59439999","179128810.54429999","71.94990000128746","65.306900024414062","2"
"points1000000-sources3","gw","2","63","179128810.81920001","179128884.3249","73.505699992179871","65.763900011777878","2"
"points1000000-sources3","gw","2","64","179128884.51969999","179128957.40979999","72.890100002288818","64.823600023984909","2"
"points1000000-sources3","gw","2","65","179128957.6248","179129029.74860001","72.123800009489059","64.449999988079071","2"
"points1000000-sources3","gw","2","66","179129029.95120001","179129103.92739999","73.976199984550476","65.960600018501282","2"
"points1000000-sources3","gw","2","67","179129104.13600001","179129177.52770001","73.391699999570847","65.394500017166138","2"
"points1000000-sources3","gw","2","68","179129177.7437","179129251.03569999","73.291999995708466","64.924199998378754","2"
"points1000000-sources3","gw","2","69","179129251.22479999","179129324.6182","73.393400013446808","65.355799973011017","2"
"points1000000-sources3","gw","2","70","179129324.81729999","179129400.42309999","75.605800002813339","67.814900010824203","2"
"points1000000-sources3","gw","2","71","179129400.61269999","179129473.55759999","72.944900006055832","64.876300007104874","2"
"points1000000-sources3","gw","2","72","179129473.76159999","179129544.73100001","70.969400018453598","64.640599966049194","2"
"points1000000-sources3","gw","2","73","179129544.92390001","179129616.3637","71.43979999423027","64.552700012922287","2"
"points1000000-sources3","gw","2","74","179129616.5512","179129690.37779999","73.826599985361099","66.028600007295609","2"
"points1000000-sources3","gw","2","75","179129690.57730001","179129762.5995","72.022199988365173","64.405499994754791","2"
"points1000000-sources3","gw","2","76","179129762.79030001","179129835.54519999","72.754899978637695","64.661300003528595","2"
"points1000000-sources3","gw","2","77","179129835.75799999","179129909.7254","73.967400014400482","65.719599992036819","2"
"points1000000-sources3","gw","2","78","179129909.93920001","179129983.861","73.92179998755455","65.382600009441376","2"
"points1000000-sources3","gw","2","79","179129984.04890001","179130056.60690001","72.55799999833107","65.008400022983551","2"
"points1000000-sources3","gw","2","80","179130056.81670001","179130130.22029999","73.403599977493286","65.054100006818771","2"
"points1000000-sources3","gw","2","81","179130130.4314","179130202.7791","72.347699999809265","64.794200003147125","2"
"points1000000-sources3","gw","2","82","179130202.9745","179130275.09990001","72.125400006771088","66.016200006008148","2"
"points1000000-sources3","gw","2","83","179130275.31009999","179130348.2818","72.971700012683868","65.606800019741058","2"
"points1000000-sources3","gw","2","84","179130348.4761","179130420.75479999","72.278699994087219","64.83830001950264","2"
"points1000000-sources3","gw","2","85","179130420.96709999","179130495.2516","74.284500002861023","66.087199985980988","2"
"points1000000-sources3","gw","2","86","179130495.4562","179130570.23190001","74.775700002908707","65.945600003004074","2"
"points1000000-sources3","gw","2","87","179130570.4332","179130642.98640001","72.553200006484985","64.901399970054626","2"
"points1000000-sources3","gw","2","88","179130643.18020001","179130716.04890001","72.868699997663498","64.763999998569489","2"
"points1000000-sources3","gw","2","89","179130716.24970001","179130789.597","73.347299993038177","65.025299996137619","2"
"points1000000-sources3","gw","2","90","179130789.80070001","179130863.43720001","73.636500000953674","65.566699981689453","2"
"points1000000-sources3","gw","2","91","179130863.63319999","179130939.47400001","75.840800017118454","68.128899991512299","2"
"points1000000-sources3","gw","2","92","179130939.678","179131016.02219999","76.344199985265732","68.879300028085709","2"
"points1000000-sources3","gw","2","93","179131016.2139","179131088.75029999","72.536399990320206","65.065299957990646","2"
"points1000000-sources3","gw","2","94","179131088.96110001","179131164.70539999","75.744299978017807","66.80060002207756","2"
"points1000000-sources3","gw","2","95","179131164.90560001","179131240.04319999","75.137599974870682","66.06630003452301","2"
"points1000000-sources3","gw","2","96","179131240.2335","179131320.66190001","80.428400009870529","71.816199988126755","2"
"points1000000-sources3","gw","2","97","179131320.87990001","179131412.5713","91.691399991512299","80.420100003480911","2"
"points1000000-sources3","gw","2","98","179131412.9188","179131489.82690001","76.908100008964539","67.214599996805191","2"
"points1000000-sources3","gw","2","99","179131490.0138","179131567.80899999","77.795199990272522","68.438400000333786","2"
"points1000000-sources3","gw","2","100","179131568.0402","179131642.65599999","74.615799993276596","66.073100000619888","2"
"points1000000-sources3","gw","2","101","179131642.85190001","179131716.8813","74.029399991035461","65.318999975919724","2"
"points1000000-sources3","gw","2","102","179131717.07359999","179131790.79519999","73.721599996089935","67.563499987125397","2"
"points1000000-sources3","gw","2","103","179131790.99720001","179131862.62259999","71.625399976968765","64.904799997806549","2"
"points1000000-sources3","gw","2","104","179131862.8213","179131934.176","71.354699999094009","64.730099976062775","2"
"points1000000-sources3","gw","2","105","179131934.38010001","179132008.84819999","74.468099981546402","65.266099989414215","2"
"points1000000-sources3","gw","2","106","179132009.0544","179132081.7588","72.70440000295639","64.629000008106232","2"
"points1000000-sources3","gw","2","107","179132081.95230001","179132154.69330001","72.74099999666214","65.116999983787537","2"
"points1000000-sources3","gw","2","108","179132154.89070001","179132229.57069999","74.679999977350235","66.424100011587143","2"
"points1000000-sources3","gw","2","109","179132229.7956","179132303.03009999","73.234499990940094","64.805599957704544","2"
"points1000000-sources3","gw","2","110","179132303.222","179132375.83399999","72.611999988555908","64.759399980306625","2"
"points1000000-sources3","gw","2","111","179132376.05160001","179132449.55140001","73.499799996614456","65.139499992132187","2"
"points1000000-sources3","gw","2","112","179132449.75099999","179132522.45300001","72.702000021934509","65.319000005722046","2"
"points1000000-sources3","gw","2","113","179132522.6442","179132593.74559999","71.10139998793602","64.533100008964539","2"
"points1000000-sources3","gw","2","114","179132593.94639999","179132665.41819999","71.471799999475479","64.917899996042252","2"
"points1000000-sources3","gw","2","115","179132665.62029999","179132737.5386","71.918300002813339","65.059799998998642","2"
"points1000000-sources3","gw","2","116","179132737.74590001","179132810.66940001","72.923500001430511","65.291500002145767","2"
"points1000000-sources3","gw","2","117","179132810.88530001","179132884.00409999","73.118799984455109","64.957699984312057","2"
"points1000000-sources3","gw","2","118","179132884.19800001","179132956.86399999","72.665999978780746","64.541799992322922","2"
"points1000000-sources3","gw","2","119","179132957.058","179133031.80410001","74.746100008487701","66.771899998188019","2"
"points1000000-sources3","gw","2","120","179133031.99509999","179133104.62740001","72.632300019264221","64.927500009536743","2"
"points1000000-sources3","off","2","1","179133158.16170001","179133161.5079","3.3461999893188477","0","0"
"points1000000-sources3","off","2","2","179133161.69010001","179133165.6313","3.9411999881267548","0","0"
"points1000000-sources3","off","2","3","179133165.7863","179133170.8159","5.0295999944210052","0","0"
"points1000000-sources3","off","2","4","179133170.956","179133175.04359999","4.0875999927520752","0","0"
"points1000000-sources3","off","2","5","179133175.16819999","179133178.68099999","3.512800008058548","0","0"
"points1000000-sources3","off","2","6","179133178.80019999","179133183.67519999","4.875","0","0"
"points1000000-sources3","off","2","7","179133183.79809999","179133187.44620001","3.6481000185012817","0","0"
"points1000000-sources3","off","2","8","179133187.5634","179133190.8786","3.315200001001358","0","0"
"points1000000-sources3","off","2","9","179133190.99149999","179133193.928","2.9365000128746033","0","0"
"points1000000-sources3","off","2","10","179133194.03529999","179133198.64840001","4.6131000220775604","0","0"
"points1000000-sources3","off","2","11","179133198.8231","179133202.68529999","3.862199991941452","0","0"
"points1000000-sources3","off","2","12","179133202.83219999","179133205.84029999","3.0081000030040741","0","0"
"points1000000-sources3","off","2","13","179133205.96250001","179133208.73609999","2.7735999822616577","0","0"
"points1000000-sources3","off","2","14","179133208.84799999","179133211.65020001","2.8022000193595886","0","0"
"points1000000-sources3","off","2","15","179133211.75909999","179133215.97459999","4.2154999971389771","0","0"
"points1000000-sources3","off","2","16","179133216.09209999","179133219.31290001","3.2208000123500824","0","0"
"points1000000-sources3","off","2","17","179133219.42930001","179133223.2175","3.7881999909877777","0","0"
"points1000000-sources3","off","2","18","179133223.33019999","179133227.04139999","3.7111999988555908","0","0"
"points1000000-sources3","off","2","19","179133227.14919999","179133231.5167","4.3675000071525574","0","0"
"points1000000-sources3","off","2","20","179133231.65020001","179133235.43790001","3.7876999974250793","0","0"
"points1000000-sources3","off","2","21","179133235.55720001","179133239.19549999","3.638299971818924","0","0"
"points1000000-sources3","off","2","22","179133239.3098","179133243.1092","3.7994000017642975","0","0"
"points1000000-sources3","off","2","23","179133243.22080001","179133248.98429999","5.7634999752044678","0","0"
"points1000000-sources3","off","2","24","179133249.14969999","179133254.03490001","4.885200023651123","0","0"
"points1000000-sources3","off","2","25","179133254.19589999","179133258.06760001","3.8717000186443329","0","0"
"points1000000-sources3","off","2","26","179133258.19150001","179133262.2281","4.0365999937057495","0","0"
"points1000000-sources3","off","2","27","179133262.38519999","179133265.71740001","3.3322000205516815","0","0"
"points1000000-sources3","off","2","28","179133265.85299999","179133270.11289999","4.2599000036716461","0","0"
"points1000000-sources3","off","2","29","179133270.2358","179133272.9294","2.6935999989509583","0","0"
"points1000000-sources3","off","2","30","179133273.0548","179133275.93329999","2.8784999847412109","0","0"
"points1000000-sources3","off","2","31","179133276.04879999","179133279.15279999","3.1040000021457672","0","0"
"points1000000-sources3","off","2","32","179133279.26370001","179133281.98910001","2.7254000008106232","0","0"
"points1000000-sources3","off","2","33","179133282.10879999","179133285.3168","3.2080000042915344","0","0"
"points1000000-sources3","off","2","34","179133285.43180001","179133288.2168","2.7849999964237213","0","0"
"points1000000-sources3","off","2","35","179133288.32890001","179133290.98590001","2.6570000052452087","0","0"
"points1000000-sources3","off","2","36","179133291.09290001","179133294.71309999","3.620199978351593","0","0"
"points1000000-sources3","off","2","37","179133294.866","179133299.17640001","4.3104000091552734","0","0"
"points1000000-sources3","off","2","38","179133299.32710001","179133303.6006","4.273499995470047","0","0"
"points1000000-sources3","off","2","39","179133303.7622","179133307.2333","3.4711000025272369","0","0"
"points1000000-sources3","off","2","40","179133307.3827","179133312.91729999","5.5345999896526337","0","0"
"points1000000-sources3","off","2","41","179133313.05970001","179133317.30070001","4.2409999966621399","0","0"
"points1000000-sources3","off","2","42","179133317.42680001","179133321.09990001","3.6730999946594238","0","0"
"points1000000-sources3","off","2","43","179133321.2184","179133325.52939999","4.3109999895095825","0","0"
"points1000000-sources3","off","2","44","179133325.64179999","179133330.2274","4.5856000185012817","0","0"
"points1000000-sources3","off","2","45","179133330.42879999","179133334.96399999","4.5351999998092651","0","0"
"points1000000-sources3","off","2","46","179133335.09020001","179133338.5566","3.4663999974727631","0","0"
"points1000000-sources3","off","2","47","179133338.67179999","179133343.333","4.6612000167369843","0","0"
"points1000000-sources3","off","2","48","179133343.45289999","179133346.68830001","3.2354000210762024","0","0"
"points1000000-sources3","off","2","49","179133346.8114","179133350.42300001","3.6116000115871429","0","0"
"points1000000-sources3","off","2","50","179133350.54359999","179133353.2843","2.7407000064849854","0","0"
"points1000000-sources3","off","2","51","179133353.40099999","179133356.3423","2.9413000047206879","0","0"
"points1000000-sources3","off","2","52","179133356.46070001","179133359.15180001","2.691100001335144","0","0"
"points1000000-sources3","off","2","53","179133359.25780001","179133361.84400001","2.5861999988555908","0","0"
"points1000000-sources3","off","2","54","179133361.95289999","179133364.98280001","3.0299000144004822","0","0"
"points1000000-sources3","off","2","55","179133365.10730001","179133368.47600001","3.3686999976634979","0","0"
"points1000000-sources3","off","2","56","179133368.5979","179133371.84470001","3.2468000054359436","0","0"
"points1000000-sources3","off","2","57","179133371.99340001","179133377.46939999","5.4759999811649323","0","0"
"points1000000-sources3","off","2","58","179133377.58329999","179133381.85780001","4.2745000123977661","0","0"
"points1000000-sources3","off","2","59","179133381.98120001","179133385.28690001","3.3057000041007996","0","0"
"points1000000-sources3","off","2","60","179133385.3985","179133390.039","4.640500009059906","0","0"
"points1000000-sources3","off","2","61","179133390.14739999","179133393.4621","3.3147000074386597","0","0"
"points1000000-sources3","off","2","62","179133393.5751","179133398.27900001","4.703900009393692","0","0"
"points1000000-sources3","off","2","63","179133398.4156","179133401.9068","3.4912000000476837","0","0"
"points1000000-sources3","off","2","64","179133402.0291","179133405.45140001","3.4223000109195709","0","0"
"points1000000-sources3","off","2","65","179133405.56420001","179133408.44","2.8757999837398529","0","0"
"points1000000-sources3","off","2","66","179133408.57659999","179133412.65599999","4.0794000029563904","0","0"
"points1000000-sources3","off","2","67","179133412.77180001","179133416.32960001","3.5577999949455261","0","0"
"points1000000-sources3","off","2","68","179133416.4479","179133420.11590001","3.6680000126361847","0","0"
"points1000000-sources3","off","2","69","179133420.23629999","179133423.0544","2.8181000053882599","0","0"
"points1000000-sources3","off","2","70","179133423.1661","179133425.89539999","2.7292999923229218","0","0"
"points1000000-sources3","off","2","71","179133426.005","179133430.5923","4.5873000025749207","0","0"
"points1000000-sources3","off","2","72","179133430.71869999","179133434.8012","4.0825000107288361","0","0"
"points1000000-sources3","off","2","73","179133434.92879999","179133438.53189999","3.6031000018119812","0","0"
"points1000000-sources3","off","2","74","179133438.67070001","179133441.66240001","2.9916999936103821","0","0"
"points1000000-sources3","off","2","75","179133441.77239999","179133445.04280001","3.2704000174999237","0","0"
"points1000000-sources3","off","2","76","179133445.16429999","179133448.94940001","3.7851000130176544","0","0"
"points1000000-sources3","off","2","77","179133449.0907","179133454.07139999","4.9806999862194061","0","0"
"points1000000-sources3","off","2","78","179133454.20829999","179133457.9797","3.7714000046253204","0","0"
"points1000000-sources3","off","2","79","179133458.10120001","179133462.61860001","4.5173999965190887","0","0"
"points1000000-sources3","off","2","80","179133462.81200001","179133468.72189999","5.9098999798297882","0","0"
"points1000000-sources3","off","2","81","179133468.88209999","179133472.02680001","3.1447000205516815","0","0"
"points1000000-sources3","off","2","82","179133472.15470001","179133482.42910001","10.274399995803833","0","0"
"points1000000-sources3","off","2","83","179133482.5668","179133486.3039","3.7371000051498413","0","0"
"points1000000-sources3","off","2","84","179133486.4314","179133489.87599999","3.444599986076355","0","0"
"points1000000-sources3","off","2","85","179133489.9962","179133494.236","4.2398000061511993","0","0"
"points1000000-sources3","off","2","86","179133494.35339999","179133497.1645","2.8111000061035156","0","0"
"points1000000-sources3","off","2","87","179133497.29030001","179133500.41980001","3.1295000016689301","0","0"
"points1000000-sources3","off","2","88","179133500.54170001","179133503.42629999","2.8845999836921692","0","0"
"points1000000-sources3","off","2","89","179133503.5399","179133506.1406","2.6006999909877777","0","0"
"points1000000-sources3","off","2","90","179133506.25389999","179133508.85879999","2.6049000024795532","0","0"
"points1000000-sources3","off","2","91","179133508.96560001","179133512.49340001","3.5277999937534332","0","0"
"points1000000-sources3","off","2","92","179133512.60519999","179133517.3163","4.7111000120639801","0","0"
"points1000000-sources3","off","2","93","179133517.43149999","179133521.0512","3.619700014591217","0","0"
"points1000000-sources3","off","2","94","179133521.16350001","179133525.26159999","4.0980999767780304","0","0"
"points1000000-sources3","off","2","95","179133525.3705","179133528.68979999","3.3192999958992004","0","0"
"points1000000-sources3","off","2","96","179133528.79499999","179133534.82339999","6.0284000039100647","0","0"
"points1000000-sources3","off","2","97","179133534.972","179133538.3953","3.4232999980449677","0","0"
"points1000000-sources3","off","2","98","179133538.52489999","179133542.19780001","3.6729000210762024","0","0"
"points1000000-sources3","off","2","99","179133542.3161","179133546.32359999","4.0074999928474426","0","0"
"points1000000-sources3","off","2","100","179133546.44960001","179133550.3845","3.9348999857902527","0","0"
"points1000000-sources3","off","2","101","179133550.53240001","179133553.89039999","3.3579999804496765","0","0"
"points1000000-sources3","off","2","102","179133554.0194","179133556.88389999","2.8644999861717224","0","0"
"points1000000-sources3","off","2","103","179133557.00670001","179133559.79170001","2.7849999964237213","0","0"
"points1000000-sources3","off","2","104","179133559.90349999","179133562.7207","2.8172000050544739","0","0"
"points1000000-sources3","off","2","105","179133562.83880001","179133565.7473","2.9084999859333038","0","0"
"points1000000-sources3","off","2","106","179133565.87580001","179133568.88319999","3.0073999762535095","0","0"
"points1000000-sources3","off","2","107","179133569.00150001","179133572.8089","3.8073999881744385","0","0"
"points1000000-sources3","off","2","108","179133572.92649999","179133575.7121","2.7856000065803528","0","0"
"points1000000-sources3","off","2","109","179133575.829","179133578.66639999","2.8373999893665314","0","0"
"points1000000-sources3","off","2","110","179133578.77970001","179133581.78940001","3.0097000002861023","0","0"
"points1000000-sources3","off","2","111","179133581.9066","179133584.62560001","2.7190000116825104","0","0"
"points1000000-sources3","off","2","112","179133584.7414","179133587.33180001","2.5904000103473663","0","0"
"points1000000-sources3","off","2","113","179133587.44","179133590.07339999","2.6333999931812286","0","0"
"points1000000-sources3","off","2","114","179133590.18200001","179133594.28009999","4.0980999767780304","0","0"
"points1000000-sources3","off","2","115","179133594.42919999","179133597.52689999","3.0976999998092651","0","0"
"points1000000-sources3","off","2","116","179133597.66249999","179133600.77759999","3.1150999963283539","0","0"
"points1000000-sources3","off","2","117","179133600.89930001","179133603.80919999","2.9098999798297882","0","0"
"points1000000-sources3","off","2","118","179133603.92410001","179133606.47920001","2.5550999939441681","0","0"
"points1000000-sources3","off","2","119","179133606.58939999","179133609.8646","3.2752000093460083","0","0"
"points1000000-sources3","off","2","120","179133609.97589999","179133612.6785","2.7026000022888184","0","0"
"points1000000-sources3","off","3","1","179133652.78740001","179133657.02419999","4.2367999851703644","0","0"
"points1000000-sources3","off","3","2","179133657.20449999","179133659.85730001","2.6528000235557556","0","0"
"points1000000-sources3","off","3","3","179133660.00330001","179133662.794","2.7906999886035919","0","0"
"points1000000-sources3","off","3","4","179133662.92500001","179133666.06490001","3.1398999989032745","0","0"
"points1000000-sources3","off","3","5","179133666.20840001","179133669.11219999","2.90379998087883","0","0"
"points1000000-sources3","off","3","6","179133669.25049999","179133672.55669999","3.3061999976634979","0","0"
"points1000000-sources3","off","3","7","179133672.68740001","179133675.9093","3.2218999862670898","0","0"
"points1000000-sources3","off","3","8","179133676.03330001","179133678.824","2.7906999886035919","0","0"
"points1000000-sources3","off","3","9","179133678.9499","179133682.03279999","3.0828999876976013","0","0"
"points1000000-sources3","off","3","10","179133682.15459999","179133686.47420001","4.3196000158786774","0","0"
"points1000000-sources3","off","3","11","179133686.59150001","179133689.20339999","2.6118999719619751","0","0"
"points1000000-sources3","off","3","12","179133689.31299999","179133692.07870001","2.7657000124454498","0","0"
"points1000000-sources3","off","3","13","179133692.1893","179133695.0018","2.8125","0","0"
"points1000000-sources3","off","3","14","179133695.11210001","179133697.97589999","2.8637999892234802","0","0"
"points1000000-sources3","off","3","15","179133698.11090001","179133701.24540001","3.1344999969005585","0","0"
"points1000000-sources3","off","3","16","179133701.3678","179133704.21759999","2.8497999906539917","0","0"
"points1000000-sources3","off","3","17","179133704.3283","179133707.37529999","3.046999990940094","0","0"
"points1000000-sources3","off","3","18","179133707.48179999","179133710.23750001","2.755700021982193","0","0"
"points1000000-sources3","off","3","19","179133710.34580001","179133713.10319999","2.7573999762535095","0","0"
"points1000000-sources3","off","3","20","179133713.2177","179133716.3953","3.1775999963283539","0","0"
"points1000000-sources3","off","3","21","179133716.51620001","179133721.93349999","5.4172999858856201","0","0"
"points1000000-sources3","off","3","22","179133722.11109999","179133725.1636","3.0525000095367432","0","0"
"points1000000-sources3","off","3","23","179133725.28420001","179133728.7606","3.4763999879360199","0","0"
"points1000000-sources3","off","3","24","179133728.87540001","179133732.73649999","3.8610999882221222","0","0"
"points1000000-sources3","off","3","25","179133732.86809999","179133736.3247","3.45660001039505","0","0"
"points1000000-sources3","off","3","26","179133736.4413","179133739.6911","3.2497999966144562","0","0"
"points1000000-sources3","off","3","27","179133739.80520001","179133742.63409999","2.8288999795913696","0","0"
"points1000000-sources3","off","3","28","179133742.7423","179133745.50420001","2.761900007724762","0","0"
"points1000000-sources3","off","3","29","179133745.61840001","179133751.37450001","5.7560999989509583","0","0"
"points1000000-sources3","off","3","30","179133751.539","179133754.24000001","2.7010000050067902","0","0"
"points1000000-sources3","off","3","31","179133754.35519999","179133756.92160001","2.566400021314621","0","0"
"points1000000-sources3","off","3","32","179133757.0298","179133759.62279999","2.5929999947547913","0","0"
"points1000000-sources3","off","3","33","179133759.73019999","179133762.5986","2.8684000074863434","0","0"
"points1000000-sources3","off","3","34","179133762.7123","179133766.9677","4.2554000020027161","0","0"
"points1000000-sources3","off","3","35","179133767.1056","179133769.98120001","2.8756000101566315","0","0"
"points1000000-sources3","off","3","36","179133770.09740001","179133772.68270001","2.5852999985218048","0","0"
"points1000000-sources3","off","3","37","179133772.79229999","179133775.41749999","2.6252000033855438","0","0"
"points1000000-sources3","off","3","38","179133775.53099999","179133778.6841","3.1531000137329102","0","0"
"points1000000-sources3","off","3","39","179133778.7967","179133783.88960001","5.0929000079631805","0","0"
"points1000000-sources3","off","3","40","179133784.06400001","179133786.90290001","2.8388999998569489","0","0"
"points1000000-sources3","off","3","41","179133787.01769999","179133789.75619999","2.7384999990463257","0","0"
"points1000000-sources3","off","3","42","179133789.86939999","179133792.63299999","2.7635999917984009","0","0"
"points1000000-sources3","off","3","43","179133792.74340001","179133796.6701","3.9266999959945679","0","0"
"points1000000-sources3","off","3","44","179133796.80140001","179133799.93810001","3.1367000043392181","0","0"
"points1000000-sources3","off","3","45","179133800.05649999","179133802.84459999","2.788100004196167","0","0"
"points1000000-sources3","off","3","46","179133802.95719999","179133805.65920001","2.7020000219345093","0","0"
"points1000000-sources3","off","3","47","179133805.77000001","179133808.51609999","2.746099978685379","0","0"
"points1000000-sources3","off","3","48","179133808.62810001","179133811.51809999","2.8899999856948853","0","0"
"points1000000-sources3","off","3","49","179133811.62889999","179133816.7423","5.113400012254715","0","0"
"points1000000-sources3","off","3","50","179133816.8637","179133819.6855","2.8217999935150146","0","0"
"points1000000-sources3","off","3","51","179133819.7969","179133822.5185","2.7215999960899353","0","0"
"points1000000-sources3","off","3","52","179133822.62639999","179133825.36289999","2.7364999949932098","0","0"
"points1000000-sources3","off","3","53","179133825.47139999","179133829.10949999","3.6380999982357025","0","0"
"points1000000-sources3","off","3","54","179133829.2218","179133832.17109999","2.9492999911308289","0","0"
"points1000000-sources3","off","3","55","179133832.2929","179133835.14539999","2.8524999916553497","0","0"
"points1000000-sources3","off","3","56","179133835.25740001","179133837.95680001","2.699400007724762","0","0"
"points1000000-sources3","off","3","57","179133838.06600001","179133841.0117","2.9456999897956848","0","0"
"points1000000-sources3","off","3","58","179133841.15630001","179133843.94580001","2.7894999980926514","0","0"
"points1000000-sources3","off","3","59","179133844.1126","179133849.73179999","5.6191999912261963","0","0"
"points1000000-sources3","off","3","60","179133849.8766","179133852.73930001","2.8627000153064728","0","0"
"points1000000-sources3","off","3","61","179133852.8563","179133855.68630001","2.8300000131130219","0","0"
"points1000000-sources3","off","3","62","179133855.79719999","179133858.75049999","2.9532999992370605","0","0"
"points1000000-sources3","off","3","63","179133858.866","179133863.09999999","4.2339999973773956","0","0"
"points1000000-sources3","off","3","64","179133863.2274","179133866.13789999","2.9104999899864197","0","0"
"points1000000-sources3","off","3","65","179133866.25600001","179133869.0528","2.7967999875545502","0","0"
"points1000000-sources3","off","3","66","179133869.16510001","179133871.98480001","2.8197000026702881","0","0"
"points1000000-sources3","off","3","67","179133872.09349999","179133874.79089999","2.6974000036716461","0","0"
"points1000000-sources3","off","3","68","179133874.94670001","179133879.52810001","4.5814000070095062","0","0"
"points1000000-sources3","off","3","69","179133879.65549999","179133882.49790001","2.8424000144004822","0","0"
"points1000000-sources3","off","3","70","179133882.62029999","179133885.9251","3.3048000037670135","0","0"
"points1000000-sources3","off","3","71","179133886.05320001","179133888.76249999","2.7092999815940857","0","0"
"points1000000-sources3","off","3","72","179133888.87470001","179133892.78830001","3.9135999977588654","0","0"
"points1000000-sources3","off","3","73","179133892.8998","179133895.5596","2.6597999930381775","0","0"
"points1000000-sources3","off","3","74","179133895.70269999","179133898.56400001","2.8613000214099884","0","0"
"points1000000-sources3","off","3","75","179133898.68970001","179133901.88049999","3.1907999813556671","0","0"
"points1000000-sources3","off","3","76","179133902.00889999","179133905.11840001","3.1095000207424164","0","0"
"points1000000-sources3","off","3","77","179133905.3048","179133910.65349999","5.3486999869346619","0","0"
"points1000000-sources3","off","3","78","179133910.87869999","179133913.63049999","2.751800000667572","0","0"
"points1000000-sources3","off","3","79","179133913.76339999","179133916.96509999","3.2017000019550323","0","0"
"points1000000-sources3","off","3","80","179133917.10409999","179133919.8976","2.7935000061988831","0","0"
"points1000000-sources3","off","3","81","179133920.01030001","179133923.30649999","3.2961999773979187","0","0"
"points1000000-sources3","off","3","82","179133923.41819999","179133926.03760001","2.6194000244140625","0","0"
"points1000000-sources3","off","3","83","179133926.1473","179133928.7807","2.6333999931812286","0","0"
"points1000000-sources3","off","3","84","179133928.89300001","179133932.32269999","3.4296999871730804","0","0"
"points1000000-sources3","off","3","85","179133932.46309999","179133936.17120001","3.7081000208854675","0","0"
"points1000000-sources3","off","3","86","179133936.29929999","179133941.69159999","5.392300009727478","0","0"
"points1000000-sources3","off","3","87","179133941.81029999","179133948.51199999","6.7017000019550323","0","0"
"points1000000-sources3","off","3","88","179133948.69","179133952.23030001","3.5403000116348267","0","0"
"points1000000-sources3","off","3","89","179133952.36179999","179133955.6652","3.3034000098705292","0","0"
"points1000000-sources3","off","3","90","179133955.77790001","179133958.4068","2.6288999915122986","0","0"
"points1000000-sources3","off","3","91","179133958.5187","179133961.24579999","2.7270999848842621","0","0"
"points1000000-sources3","off","3","92","179133961.34909999","179133964.48050001","3.1314000189304352","0","0"
"points1000000-sources3","off","3","93","179133964.6124","179133967.1717","2.5593000054359436","0","0"
"points1000000-sources3","off","3","94","179133967.29170001","179133971.49860001","4.2069000005722046","0","0"
"points1000000-sources3","off","3","95","179133971.61939999","179133974.22139999","2.6019999980926514","0","0"
"points1000000-sources3","off","3","96","179133974.33219999","179133976.93540001","2.6032000184059143","0","0"
"points1000000-sources3","off","3","97","179133977.05329999","179133979.8759","2.8226000070571899","0","0"
"points1000000-sources3","off","3","98","179133979.9971","179133982.82139999","2.8242999911308289","0","0"
"points1000000-sources3","off","3","99","179133982.9348","179133986.2608","3.3260000050067902","0","0"
"points1000000-sources3","off","3","100","179133986.3757","179133989.23789999","2.862199991941452","0","0"
"points1000000-sources3","off","3","101","179133989.34740001","179133991.99590001","2.648499995470047","0","0"
"points1000000-sources3","off","3","102","179133992.10319999","179133994.78240001","2.6792000234127045","0","0"
"points1000000-sources3","off","3","103","179133994.88510001","179133997.70640001","2.8212999999523163","0","0"
"points1000000-sources3","off","3","104","179133997.8899","179134002.64160001","4.7517000138759613","0","0"
"points1000000-sources3","off","3","105","179134002.76840001","179134005.3734","2.6049999892711639","0","0"
"points1000000-sources3","off","3","106","179134005.4894","179134008.10929999","2.6198999881744385","0","0"
"points1000000-sources3","off","3","107","179134008.21740001","179134011.00299999","2.7855999767780304","0","0"
"points1000000-sources3","off","3","108","179134011.10859999","179134013.99680001","2.8882000148296356","0","0"
"points1000000-sources3","off","3","109","179134014.11039999","179134017.86840001","3.7580000162124634","0","0"
"points1000000-sources3","off","3","110","179134018.0113","179134020.96520001","2.953900009393692","0","0"
"points1000000-sources3","off","3","111","179134021.08750001","179134023.73449999","2.6469999849796295","0","0"
"points1000000-sources3","off","3","112","179134023.84450001","179134026.454","2.609499990940094","0","0"
"points1000000-sources3","off","3","113","179134026.56549999","179134029.3143","2.7488000094890594","0","0"
"points1000000-sources3","off","3","114","179134029.42699999","179134034.19589999","4.7689000070095062","0","0"
"points1000000-sources3","off","3","115","179134034.32570001","179134037.0192","2.6934999823570251","0","0"
"points1000000-sources3","off","3","116","179134037.13569999","179134039.78960001","2.6539000272750854","0","0"
"points1000000-sources3","off","3","117","179134039.90369999","179134042.47679999","2.5731000006198883","0","0"
"points1000000-sources3","off","3","118","179134042.58759999","179134045.1945","2.6069000065326691","0","0"
"points1000000-sources3","off","3","119","179134045.30180001","179134049.22279999","3.9209999740123749","0","0"
"points1000000-sources3","off","3","120","179134049.4061","179134052.31060001","2.9045000076293945","0","0"
"points1000000-sources3","gw","3","1","179135004.38710001","179135078.0614","73.674299985170364","65.930099993944168","2"
"points1000000-sources3","gw","3","2","179135078.27630001","179135152.79409999","74.517799973487854","65.600799977779388","2"
"points1000000-sources3","gw","3","3","179135152.9892","179135225.83719999","72.84799998998642","64.871399998664856","2"
"points1000000-sources3","gw","3","4","179135226.04730001","179135299.09220001","73.044900000095367","64.906999975442886","2"
"points1000000-sources3","gw","3","5","179135299.2832","179135372.73280001","73.449600011110306","65.449400007724762","2"
"points1000000-sources3","gw","3","6","179135372.93309999","179135446.3998","73.46670001745224","64.622999995946884","2"
"points1000000-sources3","gw","3","7","179135446.60969999","179135519.62760001","73.017900019884109","64.583999991416931","2"
"points1000000-sources3","gw","3","8","179135519.81760001","179135592.19499999","72.377399981021881","64.710900008678436","2"
"points1000000-sources3","gw","3","9","179135592.39300001","179135662.83360001","70.440600007772446","64.124699980020523","2"
"points1000000-sources3","gw","3","10","179135663.0474","179135734.77900001","71.731600016355515","64.377199977636337","2"
"points1000000-sources3","gw","3","11","179135734.9727","179135808.6877","73.715000003576279","65.377000033855438","2"
"points1000000-sources3","gw","3","12","179135808.93869999","179135881.30770001","72.369000017642975","64.48199999332428","2"
"points1000000-sources3","gw","3","13","179135881.5291","179135955.7114","74.182300001382828","65.734400033950806","2"
"points1000000-sources3","gw","3","14","179135955.91049999","179136028.67109999","72.760600000619888","64.934500008821487","2"
"points1000000-sources3","gw","3","15","179136029.12189999","179136109.5512","80.429300010204315","71.15599998831749","2"
"points1000000-sources3","gw","3","16","179136109.83230001","179136203.80309999","93.97079998254776","83.216399997472763","2"
"points1000000-sources3","gw","3","17","179136204.0027","179136276.96259999","72.959899991750717","64.87770003080368","2"
"points1000000-sources3","gw","3","18","179136277.14950001","179136350.57620001","73.426699995994568","65.091099977493286","2"
"points1000000-sources3","gw","3","19","179136350.77079999","179136421.71259999","70.941799998283386","64.861299991607666","2"
"points1000000-sources3","gw","3","20","179136421.91150001","179136492.72400001","70.8125","64.253000020980835","2"
"points1000000-sources3","gw","3","21","179136492.91769999","179136566.0133","73.095600008964539","65.535799980163574","2"
"points1000000-sources3","gw","3","22","179136566.215","179136639.3039","73.088899999856949","65.235499978065491","2"
"points1000000-sources3","gw","3","23","179136639.50619999","179136715.81220001","76.306000024080276","68.049600005149841","2"
"points1000000-sources3","gw","3","24","179136716.01199999","179136789.26100001","73.249000012874603","64.398000001907349","2"
"points1000000-sources3","gw","3","25","179136789.4745","179136862.71200001","73.237500011920929","64.471000015735626","2"
"points1000000-sources3","gw","3","26","179136862.92429999","179136936.20070001","73.276400029659271","64.353200018405914","2"
"points1000000-sources3","gw","3","27","179136936.4084","179137011.0677","74.659299999475479","66.563100010156631","2"
"points1000000-sources3","gw","3","28","179137011.257","179137086.3601","75.103100001811981","66.095300018787384","2"
"points1000000-sources3","gw","3","29","179137086.61829999","179137164.16150001","77.543200016021729","69.637600004673004","2"
"points1000000-sources3","gw","3","30","179137164.36070001","179137236.47299999","72.112299978733063","64.858799993991852","2"
"points1000000-sources3","gw","3","31","179137236.6661","179137308.58860001","71.922500014305115","65.313800007104874","2"
"points1000000-sources3","gw","3","32","179137308.79370001","179137382.33590001","73.542199999094009","65.065600007772446","2"
"points1000000-sources3","gw","3","33","179137382.54069999","179137455.62850001","73.087800025939941","65.138300001621246","2"
"points1000000-sources3","gw","3","34","179137455.8355","179137529.97","74.134499996900558","65.674099981784821","2"
"points1000000-sources3","gw","3","35","179137530.17230001","179137605.5169","75.344599992036819","66.367200016975403","2"
"points1000000-sources3","gw","3","36","179137605.7261","179137680.01499999","74.28889998793602","65.430600017309189","2"
"points1000000-sources3","gw","3","37","179137680.2281","179137753.25569999","73.027599990367889","64.958200037479401","2"
"points1000000-sources3","gw","3","38","179137753.44400001","179137826.7863","73.342299997806549","65.048400014638901","2"
"points1000000-sources3","gw","3","39","179137827.00060001","179137900.6144","73.61379998922348","65.284700006246567","2"
"points1000000-sources3","gw","3","40","179137900.81549999","179137973.00040001","72.184900015592575","65.263899981975555","2"
"points1000000-sources3","gw","3","41","179137973.19659999","179138044.24509999","71.048500001430511","64.327899992465973","2"
"points1000000-sources3","gw","3","42","179138044.43709999","179138118.9215","74.484400004148483","65.922600001096725","2"
"points1000000-sources3","gw","3","43","179138119.12040001","179138191.9937","72.873299986124039","65.246200025081635","2"
"points1000000-sources3","gw","3","44","179138192.1891","179138267.91029999","75.721199989318848","67.104400008916855","2"
"points1000000-sources3","gw","3","45","179138268.10949999","179138341.80250001","73.693000018596649","65.336899995803833","2"
"points1000000-sources3","gw","3","46","179138342.0072","179138414.78349999","72.776299983263016","64.881200015544891","2"
"points1000000-sources3","gw","3","47","179138414.9781","179138490.27309999","75.294999986886978","67.714600026607513","2"
"points1000000-sources3","gw","3","48","179138490.48910001","179138566.08250001","75.593400001525879","65.648000001907349","2"
"points1000000-sources3","gw","3","49","179138566.2841","179138639.745","73.460900008678436","66.232100009918213","2"
"points1000000-sources3","gw","3","50","179138639.9418","179138711.19589999","71.254099994897842","64.980499982833862","2"
"points1000000-sources3","gw","3","51","179138711.3973","179138784.34279999","72.945499986410141","65.590499967336655","2"
"points1000000-sources3","gw","3","52","179138784.52829999","179138856.7827","72.254400014877319","64.207199990749359","2"
"points1000000-sources3","gw","3","53","179138857.00850001","179138931.1618","74.153299987316132","65.503799974918365","2"
"points1000000-sources3","gw","3","54","179138931.43309999","179139004.294","72.860900014638901","64.73089998960495","2"
"points1000000-sources3","gw","3","55","179139004.51550001","179139077.51989999","73.004399985074997","64.119600027799606","2"
"points1000000-sources3","gw","3","56","179139077.74259999","179139151.71349999","73.970899999141693","65.927700012922287","2"
"points1000000-sources3","gw","3","57","179139151.90990001","179139224.47819999","72.568299978971481","64.66430002450943","2"
"points1000000-sources3","gw","3","58","179139224.6638","179139298.6749","74.011099994182587","65.218699991703033","2"
"points1000000-sources3","gw","3","59","179139298.8705","179139372.1726","73.302100002765656","65.866400003433228","2"
"points1000000-sources3","gw","3","60","179139372.37279999","179139443.72150001","71.348700016736984","65.174100011587143","2"
"points1000000-sources3","gw","3","61","179139443.92129999","179139515.23809999","71.316799998283386","64.766400009393692","2"
"points1000000-sources3","gw","3","62","179139515.42950001","179139589.23390001","73.804399996995926","65.098800003528595","2"
"points1000000-sources3","gw","3","63","179139589.42899999","179139662.28709999","72.85809999704361","64.919200032949448","2"
"points1000000-sources3","gw","3","64","179139662.4901","179139737.68720001","75.197100013494492","66.96450001001358","2"
"points1000000-sources3","gw","3","65","179139737.8836","179139810.83770001","72.954100012779236","65.362499982118607","2"
"points1000000-sources3","gw","3","66","179139811.03439999","179139884.4307","73.39630001783371","64.591799974441528","2"
"points1000000-sources3","gw","3","67","179139884.6212","179139956.9623","72.341100007295609","64.476799994707108","2"
"points1000000-sources3","gw","3","68","179139957.1868","179140031.64399999","74.457199990749359","66.08229997754097","2"
"points1000000-sources3","gw","3","69","179140031.8407","179140103.29730001","71.45660001039505","64.424100011587143","2"
"points1000000-sources3","gw","3","70","179140103.4894","179140175.78799999","72.298599988222122","65.362799972295761","2"
"points1000000-sources3","gw","3","71","179140175.98019999","179140247.6656","71.685400009155273","64.972999960184097","2"
"points1000000-sources3","gw","3","72","179140247.9233","179140322.56009999","74.636799991130829","66.371399998664856","2"
"points1000000-sources3","gw","3","73","179140322.757","179140397.60190001","74.844900012016296","66.508799999952316","2"
"points1000000-sources3","gw","3","74","179140397.80140001","179140470.73289999","72.931499987840652","65.365399986505508","2"
"points1000000-sources3","gw","3","75","179140470.95809999","179140543.69119999","72.73309999704361","64.867399990558624","2"
"points1000000-sources3","gw","3","76","179140543.89129999","179140617.34209999","73.450800001621246","65.477899968624115","2"
"points1000000-sources3","gw","3","77","179140617.53670001","179140689.55919999","72.022499978542328","64.60479998588562","2"
"points1000000-sources3","gw","3","78","179140689.7615","179140762.50260001","72.741100013256073","64.98870000243187","2"
"points1000000-sources3","gw","3","79","179140762.69949999","179140839.56709999","76.867599993944168","68.45729997754097","2"
"points1000000-sources3","gw","3","80","179140839.76460001","179140911.7823","72.017699986696243","65.675800025463104","2"
"points1000000-sources3","gw","3","81","179140911.97679999","179140985.2746","73.297800004482269","65.749399989843369","2"
"points1000000-sources3","gw","3","82","179140985.463","179141059.6979","74.234899997711182","66.111800014972687","2"
"points1000000-sources3","gw","3","83","179141059.8951","179141133.6187","73.723600000143051","65.973700016736984","2"
"points1000000-sources3","gw","3","84","179141133.82159999","179141206.57530001","72.753700017929077","64.593200027942657","2"
"points1000000-sources3","gw","3","85","179141206.77079999","179141280.50940001","73.738600015640259","64.761600017547607","2"
"points1000000-sources3","gw","3","86","179141280.70649999","179141353.65079999","72.9442999958992","65.675599962472916","2"
"points1000000-sources3","gw","3","87","179141353.87349999","179141426.9082","73.034700006246567","65.076999992132187","2"
"points1000000-sources3","gw","3","88","179141427.1196","179141500.22299999","73.103399991989136","64.833000004291534","2"
"points1000000-sources3","gw","3","89","179141500.41859999","179141573.20910001","72.79050001502037","65.439599990844727","2"
"points1000000-sources3","gw","3","90","179141573.4118","179141644.8299","71.418099999427795","65.012799978256226","2"
"points1000000-sources3","gw","3","91","179141645.03999999","179141717.45860001","72.418600022792816","65.756099998950958","2"
"points1000000-sources3","gw","3","92","179141717.65059999","179141790.57409999","72.923500001430511","65.624599993228912","2"
"points1000000-sources3","gw","3","93","179141790.7994","179141864.27900001","73.479600012302399","64.763999998569489","2"
"points1000000-sources3","gw","3","94","179141864.47569999","179141938.68439999","74.208700001239777","65.180600017309189","2"
"points1000000-sources3","gw","3","95","179141938.90540001","179142011.17210001","72.266699999570847","64.821999996900558","2"
"points1000000-sources3","gw","3","96","179142011.36930001","179142085.81200001","74.442699998617172","64.860299974679947","2"
"points1000000-sources3","gw","3","97","179142086.04190001","179142159.91819999","73.876299977302551","65.633099973201752","2"
"points1000000-sources3","gw","3","98","179142160.11629999","179142233.24779999","73.131500005722046","65.206400007009506","2"
"points1000000-sources3","gw","3","99","179142233.6974","179142305.98679999","72.289399981498718","65.201700001955032","2"
"points1000000-sources3","gw","3","100","179142306.19029999","179142377.72040001","71.530100017786026","65.0067999958992","2"
"points1000000-sources3","gw","3","101","179142377.9136","179142448.48089999","70.567299991846085","64.41100001335144","2"
"points1000000-sources3","gw","3","102","179142448.683","179142521.78349999","73.100499987602234","65.880600035190582","2"
"points1000000-sources3","gw","3","103","179142521.9646","179142595.2868","73.322200000286102","64.15200001001358","2"
"points1000000-sources3","gw","3","104","179142595.47780001","179142668.06479999","72.586999982595444","64.394400000572205","2"
"points1000000-sources3","gw","3","105","179142668.25369999","179142741.68939999","73.435699999332428","64.677199989557266","2"
"points1000000-sources3","gw","3","106","179142741.88690001","179142814.93270001","73.045800000429153","65.013700038194656","2"
"points1000000-sources3","gw","3","107","179142815.13690001","179142888.25839999","73.121499985456467","65.055200010538101","2"
"points1000000-sources3","gw","3","108","179142888.4689","179142963.322","74.853100001811981","65.3333999812603","2"
"points1000000-sources3","gw","3","109","179142963.5386","179143037.3251","73.786500006914139","65.237900018692017","2"
"points1000000-sources3","gw","3","110","179143037.5115","179143109.9034","72.39190000295639","65.385700017213821","2"
"points1000000-sources3","gw","3","111","179143110.1067","179143183.5201","73.413399994373322","65.682499974966049","2"
"points1000000-sources3","gw","3","112","179143183.7164","179143257.62720001","73.910800009965897","65.927100002765656","2"
"points1000000-sources3","gw","3","113","179143257.81400001","179143332.34760001","74.533600002527237","65.541400015354156","2"
"points1000000-sources3","gw","3","114","179143332.5404","179143406.9483","74.407900005578995","65.787400007247925","2"
"points1000000-sources3","gw","3","115","179143407.14950001","179143481.54629999","74.396799981594086","66.182900011539459","2"
"points1000000-sources3","gw","3","116","179143481.78839999","179143553.63260001","71.844200015068054","64.127399981021881","2"
"points1000000-sources3","gw","3","117","179143553.85890001","179143629.47799999","75.619099974632263","66.910700023174286","2"
"points1000000-sources3","gw","3","118","179143629.6913","179143704.5776","74.88629999756813","66.014200001955032","2"
"points1000000-sources3","gw","3","119","179143704.77509999","179143777.39649999","72.621399998664856","65.382500022649765","2"
"points1000000-sources3","gw","3","120","179143777.58129999","179143850.02520001","72.443900018930435","65.367700010538101","2"
"points1000000-sources3","retained","3","1","179143910.36790001","179143913.6848","3.3168999850749969","0","0"
"points1000000-sources3","retained","3","2","179143913.8766","179143916.84959999","2.9729999899864197","0","0"
"points1000000-sources3","retained","3","3","179143917.0054","179143920.60510001","3.599700003862381","0","0"
"points1000000-sources3","retained","3","4","179143920.72240001","179143923.89050001","3.1680999994277954","0","0"
"points1000000-sources3","retained","3","5","179143923.99680001","179143926.88080001","2.8840000033378601","0","0"
"points1000000-sources3","retained","3","6","179143926.9876","179143929.70339999","2.7157999873161316","0","0"
"points1000000-sources3","retained","3","7","179143929.81560001","179143932.7852","2.9695999920368195","0","0"
"points1000000-sources3","retained","3","8","179143932.9007","179143939.36919999","6.4684999883174896","0","0"
"points1000000-sources3","retained","3","9","179143939.509","179143943.96110001","4.45210000872612","0","0"
"points1000000-sources3","retained","3","10","179143944.07699999","179143947.82609999","3.749099999666214","0","0"
"points1000000-sources3","retained","3","11","179143947.97220001","179143952.13589999","4.1636999845504761","0","0"
"points1000000-sources3","retained","3","12","179143952.27070001","179143956.4445","4.173799991607666","0","0"
"points1000000-sources3","retained","3","13","179143956.572","179143960.24430001","3.6723000109195709","0","0"
"points1000000-sources3","retained","3","14","179143960.35879999","179143964.26140001","3.9026000201702118","0","0"
"points1000000-sources3","retained","3","15","179143964.40369999","179143969.68079999","5.277099996805191","0","0"
"points1000000-sources3","retained","3","16","179143969.83610001","179143974.32929999","4.4931999742984772","0","0"
"points1000000-sources3","retained","3","17","179143974.4876","179143978.6568","4.1692000031471252","0","0"
"points1000000-sources3","retained","3","18","179143978.78830001","179143982.52289999","3.7345999777317047","0","0"
"points1000000-sources3","retained","3","19","179143982.6469","179143987.16060001","4.513700008392334","0","0"
"points1000000-sources3","retained","3","20","179143987.28189999","179143990.1072","2.825300008058548","0","0"
"points1000000-sources3","retained","3","21","179143990.2146","179143993.02509999","2.8104999959468842","0","0"
"points1000000-sources3","retained","3","22","179143993.1331","179143995.90009999","2.7669999897480011","0","0"
"points1000000-sources3","retained","3","23","179143996.01429999","179143999.99149999","3.9772000014781952","0","0"
"points1000000-sources3","retained","3","24","179144000.1151","179144002.9346","2.8194999992847443","0","0"
"points1000000-sources3","retained","3","25","179144003.04710001","179144005.68329999","2.6361999809741974","0","0"
"points1000000-sources3","retained","3","26","179144005.80250001","179144009.5343","3.731799989938736","0","0"
"points1000000-sources3","retained","3","27","179144009.6733","179144014.03569999","4.3623999953269958","0","0"
"points1000000-sources3","retained","3","28","179144014.15239999","179144020.19279999","6.0403999984264374","0","0"
"points1000000-sources3","retained","3","29","179144020.31119999","179144023.9729","3.6617000102996826","0","0"
"points1000000-sources3","retained","3","30","179144024.0882","179144027.4461","3.3578999936580658","0","0"
"points1000000-sources3","retained","3","31","179144027.55219999","179144033.64019999","6.0879999995231628","0","0"
"points1000000-sources3","retained","3","32","179144033.80579999","179144038.59799999","4.7921999990940094","0","0"
"points1000000-sources3","retained","3","33","179144038.7279","179144042.36629999","3.6383999884128571","0","0"
"points1000000-sources3","retained","3","34","179144042.4754","179144046.70930001","4.2339000105857849","0","0"
"points1000000-sources3","retained","3","35","179144046.8531","179144051.2098","4.3567000031471252","0","0"
"points1000000-sources3","retained","3","36","179144051.34060001","179144055.44330001","4.1026999950408936","0","0"
"points1000000-sources3","retained","3","37","179144055.55270001","179144058.678","3.1252999901771545","0","0"
"points1000000-sources3","retained","3","38","179144058.8177","179144062.39680001","3.5791000127792358","0","0"
"points1000000-sources3","retained","3","39","179144062.56819999","179144065.8484","3.2802000045776367","0","0"
"points1000000-sources3","retained","3","40","179144065.98390001","179144068.89289999","2.9089999794960022","0","0"
"points1000000-sources3","retained","3","41","179144069.00229999","179144071.68759999","2.6852999925613403","0","0"
"points1000000-sources3","retained","3","42","179144071.79789999","179144074.8836","3.0857000052928925","0","0"
"points1000000-sources3","retained","3","43","179144074.9948","179144079.26609999","4.2712999880313873","0","0"
"points1000000-sources3","retained","3","44","179144079.3856","179144083.1144","3.7287999987602234","0","0"
"points1000000-sources3","retained","3","45","179144083.32800001","179144087.09029999","3.7622999846935272","0","0"
"points1000000-sources3","retained","3","46","179144087.2024","179144090.64750001","3.4451000094413757","0","0"
"points1000000-sources3","retained","3","47","179144090.75350001","179144095.5149","4.7613999843597412","0","0"
"points1000000-sources3","retained","3","48","179144095.62470001","179144100.3251","4.7003999948501587","0","0"
"points1000000-sources3","retained","3","49","179144100.4639","179144103.88249999","3.4185999929904938","0","0"
"points1000000-sources3","retained","3","50","179144103.99829999","179144107.48519999","3.4869000017642975","0","0"
"points1000000-sources3","retained","3","51","179144107.5941","179144112.69409999","5.0999999940395355","0","0"
"points1000000-sources3","retained","3","52","179144112.80790001","179144117.12670001","4.3188000023365021","0","0"
"points1000000-sources3","retained","3","53","179144117.25130001","179144120.44119999","3.1898999810218811","0","0"
"points1000000-sources3","retained","3","54","179144120.5605","179144124.62670001","4.0662000179290771","0","0"
"points1000000-sources3","retained","3","55","179144124.74259999","179144128.37459999","3.6319999992847443","0","0"
"points1000000-sources3","retained","3","56","179144128.48089999","179144132.14219999","3.661300003528595","0","0"
"points1000000-sources3","retained","3","57","179144132.28369999","179144135.45910001","3.1754000186920166","0","0"
"points1000000-sources3","retained","3","58","179144135.56920001","179144138.57949999","3.0102999806404114","0","0"
"points1000000-sources3","retained","3","59","179144138.69159999","179144143.00760001","4.3160000145435333","0","0"
"points1000000-sources3","retained","3","60","179144143.12180001","179144145.89500001","2.7732000052928925","0","0"
"points1000000-sources3","retained","3","61","179144146.01019999","179144150.1336","4.1234000027179718","0","0"
"points1000000-sources3","retained","3","62","179144150.287","179144154.20739999","3.9203999936580658","0","0"
"points1000000-sources3","retained","3","63","179144154.32269999","179144158.81200001","4.489300012588501","0","0"
"points1000000-sources3","retained","3","64","179144158.92230001","179144162.82800001","3.9056999981403351","0","0"
"points1000000-sources3","retained","3","65","179144162.96219999","179144167.92820001","4.9660000205039978","0","0"
"points1000000-sources3","retained","3","66","179144168.0508","179144173.2518","5.2010000050067902","0","0"
"points1000000-sources3","retained","3","67","179144173.37509999","179144177.06889999","3.6938000023365021","0","0"
"points1000000-sources3","retained","3","68","179144177.20300001","179144181.67089999","4.4678999781608582","0","0"
"points1000000-sources3","retained","3","69","179144181.82139999","179144185.95559999","4.1342000067234039","0","0"
"points1000000-sources3","retained","3","70","179144186.1119","179144190.81720001","4.7053000032901764","0","0"
"points1000000-sources3","retained","3","71","179144190.92820001","179144194.81020001","3.8819999992847443","0","0"
"points1000000-sources3","retained","3","72","179144194.91960001","179144199.7085","4.7888999879360199","0","0"
"points1000000-sources3","retained","3","73","179144199.84580001","179144204.40239999","4.5565999746322632","0","0"
"points1000000-sources3","retained","3","74","179144204.52059999","179144207.3707","2.8501000106334686","0","0"
"points1000000-sources3","retained","3","75","179144207.47780001","179144210.21950001","2.7416999936103821","0","0"
"points1000000-sources3","retained","3","76","179144210.32749999","179144213.4948","3.1673000156879425","0","0"
"points1000000-sources3","retained","3","77","179144213.6011","179144216.5018","2.9007000029087067","0","0"
"points1000000-sources3","retained","3","78","179144216.62200001","179144220.20100001","3.5789999961853027","0","0"
"points1000000-sources3","retained","3","79","179144220.31040001","179144223.8915","3.5810999870300293","0","0"
"points1000000-sources3","retained","3","80","179144223.99599999","179144227.90270001","3.9067000150680542","0","0"
"points1000000-sources3","retained","3","81","179144228.0169","179144231.8389","3.8219999969005585","0","0"
"points1000000-sources3","retained","3","82","179144231.9754","179144237.13370001","5.1583000123500824","0","0"
"points1000000-sources3","retained","3","83","179144237.2507","179144240.86579999","3.6150999963283539","0","0"
"points1000000-sources3","retained","3","84","179144240.97040001","179144245.2103","4.2398999929428101","0","0"
"points1000000-sources3","retained","3","85","179144245.32730001","179144249.78709999","4.4597999751567841","0","0"
"points1000000-sources3","retained","3","86","179144249.92340001","179144253.6983","3.7748999893665314","0","0"
"points1000000-sources3","retained","3","87","179144253.81029999","179144257.5729","3.7626000046730042","0","0"
"points1000000-sources3","retained","3","88","179144257.6776","179144261.7622","4.0846000015735626","0","0"
"points1000000-sources3","retained","3","89","179144261.87149999","179144268.11250001","6.2410000264644623","0","0"
"points1000000-sources3","retained","3","90","179144268.25920001","179144271.3497","3.0904999971389771","0","0"
"points1000000-sources3","retained","3","91","179144271.46419999","179144274.26809999","2.8039000034332275","0","0"
"points1000000-sources3","retained","3","92","179144274.37529999","179144277.38679999","3.0115000009536743","0","0"
"points1000000-sources3","retained","3","93","179144277.50330001","179144280.52430001","3.0209999978542328","0","0"
"points1000000-sources3","retained","3","94","179144280.6855","179144283.72049999","3.0349999964237213","0","0"
"points1000000-sources3","retained","3","95","179144283.84029999","179144286.97580001","3.1355000138282776","0","0"
"points1000000-sources3","retained","3","96","179144287.08579999","179144289.84470001","2.7589000165462494","0","0"
"points1000000-sources3","retained","3","97","179144289.9648","179144292.9752","3.0103999972343445","0","0"
"points1000000-sources3","retained","3","98","179144293.0839","179144296.74739999","3.6634999811649323","0","0"
"points1000000-sources3","retained","3","99","179144296.8673","179144300.7137","3.8463999927043915","0","0"
"points1000000-sources3","retained","3","100","179144300.8387","179144304.05759999","3.2188999950885773","0","0"
"points1000000-sources3","retained","3","101","179144304.169","179144307.8328","3.6638000011444092","0","0"
"points1000000-sources3","retained","3","102","179144307.94400001","179144313.5499","5.60589998960495","0","0"
"points1000000-sources3","retained","3","103","179144313.6753","179144316.81909999","3.1437999904155731","0","0"
"points1000000-sources3","retained","3","104","179144316.92950001","179144320.29789999","3.368399977684021","0","0"
"points1000000-sources3","retained","3","105","179144320.40669999","179144324.81299999","4.4063000082969666","0","0"
"points1000000-sources3","retained","3","106","179144324.92050001","179144329.5979","4.6773999929428101","0","0"
"points1000000-sources3","retained","3","107","179144329.72510001","179144334.0126","4.2874999940395355","0","0"
"points1000000-sources3","retained","3","108","179144334.13","179144336.91080001","2.7808000147342682","0","0"
"points1000000-sources3","retained","3","109","179144337.02329999","179144341.96039999","4.9370999932289124","0","0"
"points1000000-sources3","retained","3","110","179144342.06810001","179144345.33989999","3.2717999815940857","0","0"
"points1000000-sources3","retained","3","111","179144345.47459999","179144349.15509999","3.6805000007152557","0","0"
"points1000000-sources3","retained","3","112","179144349.28510001","179144352.5503","3.2651999890804291","0","0"
"points1000000-sources3","retained","3","113","179144352.66729999","179144356.6397","3.9724000096321106","0","0"
"points1000000-sources3","retained","3","114","179144356.76969999","179144359.58050001","2.8108000159263611","0","0"
"points1000000-sources3","retained","3","115","179144359.7008","179144362.71399999","3.0131999850273132","0","0"
"points1000000-sources3","retained","3","116","179144362.8387","179144366.05809999","3.2193999886512756","0","0"
"points1000000-sources3","retained","3","117","179144366.1839","179144370.00830001","3.824400007724762","0","0"
"points1000000-sources3","retained","3","118","179144370.1225","179144375.59990001","5.477400004863739","0","0"
"points1000000-sources3","retained","3","119","179144375.7119","179144379.5557","3.8438000082969666","0","0"
"points1000000-sources3","retained","3","120","179144379.66249999","179144382.7938","3.1313000023365021","0","0"
