case,arm,repeat,frame,begin_qpc_ms,end_qpc_ms,step_ms,callback_ms,callback_calls
"points25000-sources3","off","1","1","179067146.78349999","179067154.39629999","7.6128000020980835","0","0"
"points25000-sources3","off","1","2","179067154.82839999","179067158.8556","4.0272000133991241","0","0"
"points25000-sources3","off","1","3","179067159.03130001","179067162.77860001","3.747299998998642","0","0"
"points25000-sources3","off","1","4","179067162.93110001","179067167.1564","4.2252999842166901","0","0"
"points25000-sources3","off","1","5","179067167.3114","179067176.02399999","8.7125999927520752","0","0"
"points25000-sources3","off","1","6","179067176.17750001","179067178.86019999","2.682699978351593","0","0"
"points25000-sources3","off","1","7","179067179.41679999","179067187.05779999","7.6410000026226044","0","0"
"points25000-sources3","off","1","8","179067187.20289999","179067191.22330001","4.0204000174999237","0","0"
"points25000-sources3","off","1","9","179067191.34920001","179067196.07460001","4.7254000008106232","0","0"
"points25000-sources3","off","1","10","179067196.20930001","179067203.06729999","6.8579999804496765","0","0"
"points25000-sources3","off","1","11","179067203.19490001","179067207.57530001","4.3804000020027161","0","0"
"points25000-sources3","off","1","12","179067207.70989999","179067213.01120001","5.3013000190258026","0","0"
"points25000-sources3","off","1","13","179067213.15740001","179067217.42410001","4.2666999995708466","0","0"
"points25000-sources3","off","1","14","179067217.6162","179067224.1552","6.539000004529953","0","0"
"points25000-sources3","off","1","15","179067224.30320001","179067228.5751","4.2718999981880188","0","0"
"points25000-sources3","off","1","16","179067228.7137","179067231.95050001","3.2368000149726868","0","0"
"points25000-sources3","off","1","17","179067232.0882","179067238.85210001","6.7639000117778778","0","0"
"points25000-sources3","off","1","18","179067238.9797","179067243.9964","5.0166999995708466","0","0"
"points25000-sources3","off","1","19","179067244.1151","179067248.01640001","3.9013000130653381","0","0"
"points25000-sources3","off","1","20","179067248.13280001","179067254.2042","6.071399986743927","0","0"
"points25000-sources3","off","1","21","179067254.3163","179067258.9434","4.6270999908447266","0","0"
"points25000-sources3","off","1","22","179067259.0643","179067262.35600001","3.291700005531311","0","0"
"points25000-sources3","off","1","23","179067262.4698","179067270.92719999","8.457399994134903","0","0"
"points25000-sources3","off","1","24","179067271.0959","179067276.6918","5.5958999991416931","0","0"
"points25000-sources3","off","1","25","179067276.81150001","179067279.50389999","2.6923999786376953","0","0"
"points25000-sources3","off","1","26","179067279.61719999","179067286.9138","7.2966000139713287","0","0"
"points25000-sources3","off","1","27","179067287.07690001","179067291.92919999","4.8522999882698059","0","0"
"points25000-sources3","off","1","28","179067292.0404","179067295.75920001","3.7188000082969666","0","0"
"points25000-sources3","off","1","29","179067295.86930001","179067300.49590001","4.6265999972820282","0","0"
"points25000-sources3","off","1","30","179067300.6207","179067304.47670001","3.8560000061988831","0","0"
"points25000-sources3","off","1","31","179067304.59119999","179067309.9795","5.3883000016212463","0","0"
"points25000-sources3","off","1","32","179067310.09819999","179067313.79899999","3.7008000016212463","0","0"
"points25000-sources3","off","1","33","179067313.9228","179067318.4601","4.5372999906539917","0","0"
"points25000-sources3","off","1","34","179067318.59580001","179067323.0623","4.4664999842643738","0","0"
"points25000-sources3","off","1","35","179067323.19060001","179067326.60690001","3.4162999987602234","0","0"
"points25000-sources3","off","1","36","179067326.72690001","179067330.08230001","3.3553999960422516","0","0"
"points25000-sources3","off","1","37","179067330.26339999","179067335.3193","5.0559000074863434","0","0"
"points25000-sources3","off","1","38","179067335.43970001","179067340.77970001","5.3400000035762787","0","0"
"points25000-sources3","off","1","39","179067340.9386","179067343.546","2.6074000000953674","0","0"
"points25000-sources3","off","1","40","179067343.6534","179067346.5862","2.9327999949455261","0","0"
"points25000-sources3","off","1","41","179067346.68889999","179067351.08129999","4.3923999965190887","0","0"
"points25000-sources3","off","1","42","179067351.23140001","179067354.07359999","2.842199981212616","0","0"
"points25000-sources3","off","1","43","179067354.20140001","179067356.87329999","2.6718999743461609","0","0"
"points25000-sources3","off","1","44","179067356.99880001","179067360.60429999","3.6054999828338623","0","0"
"points25000-sources3","off","1","45","179067360.7439","179067364.12639999","3.3824999928474426","0","0"
"points25000-sources3","off","1","46","179067364.26750001","179067370.0246","5.757099986076355","0","0"
"points25000-sources3","off","1","47","179067370.17649999","179067373.8091","3.6326000094413757","0","0"
"points25000-sources3","off","1","48","179067373.9452","179067377.7243","3.7791000008583069","0","0"
"points25000-sources3","off","1","49","179067377.84830001","179067382.7525","4.9041999876499176","0","0"
"points25000-sources3","off","1","50","179067382.90059999","179067386.55599999","3.6554000079631805","0","0"
"points25000-sources3","off","1","51","179067386.68779999","179067390.09220001","3.4044000208377838","0","0"
"points25000-sources3","off","1","52","179067390.21430001","179067393.28749999","3.073199987411499","0","0"
"points25000-sources3","off","1","53","179067393.4276","179067397.54879999","4.1211999952793121","0","0"
"points25000-sources3","off","1","54","179067397.67879999","179067404.2128","6.5340000092983246","0","0"
"points25000-sources3","off","1","55","179067404.40630001","179067407.96180001","3.5555000007152557","0","0"
"points25000-sources3","off","1","56","179067408.11649999","179067412.33590001","4.219400018453598","0","0"
"points25000-sources3","off","1","57","179067412.47830001","179067415.29879999","2.820499986410141","0","0"
"points25000-sources3","off","1","58","179067415.46560001","179067418.5997","3.1340999901294708","0","0"
"points25000-sources3","off","1","59","179067418.7529","179067421.47490001","2.7220000028610229","0","0"
"points25000-sources3","off","1","60","179067421.63350001","179067424.38069999","2.7471999824047089","0","0"
"points25000-sources3","off","1","61","179067424.53150001","179067427.56060001","3.0291000008583069","0","0"
"points25000-sources3","off","1","62","179067427.69440001","179067432.51289999","4.8184999823570251","0","0"
"points25000-sources3","off","1","63","179067432.6516","179067436.28459999","3.632999986410141","0","0"
"points25000-sources3","off","1","64","179067436.41690001","179067440.248","3.8310999870300293","0","0"
"points25000-sources3","off","1","65","179067440.37270001","179067444.88659999","4.5138999819755554","0","0"
"points25000-sources3","off","1","66","179067445.00999999","179067448.49599999","3.4860000014305115","0","0"
"points25000-sources3","off","1","67","179067448.64309999","179067452.5889","3.9458000063896179","0","0"
"points25000-sources3","off","1","68","179067452.75389999","179067456.42789999","3.6739999949932098","0","0"
"points25000-sources3","off","1","69","179067456.5517","179067461.31290001","4.7612000107765198","0","0"
"points25000-sources3","off","1","70","179067461.44639999","179067464.8919","3.4455000162124634","0","0"
"points25000-sources3","off","1","71","179067465.0284","179067468.7473","3.7188999950885773","0","0"
"points25000-sources3","off","1","72","179067468.86829999","179067471.8511","2.9828000068664551","0","0"
"points25000-sources3","off","1","73","179067471.96689999","179067476.00319999","4.036300003528595","0","0"
"points25000-sources3","off","1","74","179067476.1322","179067479.63150001","3.4993000030517578","0","0"
"points25000-sources3","off","1","75","179067479.76300001","179067483.5158","3.7527999877929688","0","0"
"points25000-sources3","off","1","76","179067483.6613","179067486.45550001","2.7942000031471252","0","0"
"points25000-sources3","off","1","77","179067486.62689999","179067489.5311","2.90420001745224","0","0"
"points25000-sources3","off","1","78","179067489.65380001","179067493.83489999","4.1810999810695648","0","0"
"points25000-sources3","off","1","79","179067493.9576","179067497.3057","3.3481000065803528","0","0"
"points25000-sources3","off","1","80","179067497.4312","179067500.69170001","3.2605000138282776","0","0"
"points25000-sources3","off","1","81","179067500.81729999","179067504.5501","3.7328000068664551","0","0"
"points25000-sources3","off","1","82","179067504.67109999","179067509.13690001","4.465800017118454","0","0"
"points25000-sources3","off","1","83","179067509.29319999","179067512.85100001","3.5578000247478485","0","0"
"points25000-sources3","off","1","84","179067512.96450001","179067516.68090001","3.7163999974727631","0","0"
"points25000-sources3","off","1","85","179067516.81220001","179067520.58109999","3.7688999772071838","0","0"
"points25000-sources3","off","1","86","179067520.70500001","179067526.1938","5.4887999892234802","0","0"
"points25000-sources3","off","1","87","179067526.31400001","179067529.3583","3.044299989938736","0","0"
"points25000-sources3","off","1","88","179067529.479","179067532.935","3.4560000002384186","0","0"
"points25000-sources3","off","1","89","179067533.05779999","179067537.11000001","4.0522000193595886","0","0"
"points25000-sources3","off","1","90","179067537.229","179067541.61489999","4.3858999907970428","0","0"
"points25000-sources3","off","1","91","179067541.736","179067544.94139999","3.2053999900817871","0","0"
"points25000-sources3","off","1","92","179067545.05829999","179067548.7001","3.6418000161647797","0","0"
"points25000-sources3","off","1","93","179067548.87720001","179067552.56240001","3.6852000057697296","0","0"
"points25000-sources3","off","1","94","179067552.68439999","179067557.09150001","4.4071000218391418","0","0"
"points25000-sources3","off","1","95","179067557.21430001","179067559.83700001","2.6227000057697296","0","0"
"points25000-sources3","off","1","96","179067559.9533","179067562.55669999","2.6033999919891357","0","0"
"points25000-sources3","off","1","97","179067562.66749999","179067566.40279999","3.7353000044822693","0","0"
"points25000-sources3","off","1","98","179067566.54069999","179067572.3829","5.8422000110149384","0","0"
"points25000-sources3","off","1","99","179067572.5406","179067576.0934","3.5527999997138977","0","0"
"points25000-sources3","off","1","100","179067576.22799999","179067579.63800001","3.4100000262260437","0","0"
"points25000-sources3","off","1","101","179067579.76109999","179067583.301","3.539900004863739","0","0"
"points25000-sources3","off","1","102","179067583.4594","179067588.84459999","5.3851999938488007","0","0"
"points25000-sources3","off","1","103","179067588.9896","179067592.5537","3.5640999972820282","0","0"
"points25000-sources3","off","1","104","179067592.69260001","179067596.125","3.4323999881744385","0","0"
"points25000-sources3","off","1","105","179067596.24349999","179067600.19420001","3.9507000148296356","0","0"
"points25000-sources3","off","1","106","179067600.3206","179067604.86610001","4.5455000102519989","0","0"
"points25000-sources3","off","1","107","179067604.9822","179067608.39340001","3.4112000167369843","0","0"
"points25000-sources3","off","1","108","179067608.50600001","179067611.7031","3.1970999836921692","0","0"
"points25000-sources3","off","1","109","179067611.8233","179067615.0571","3.2337999939918518","0","0"
"points25000-sources3","off","1","110","179067615.1821","179067619.72780001","4.5457000136375427","0","0"
"points25000-sources3","off","1","111","179067619.8538","179067622.77399999","2.920199990272522","0","0"
"points25000-sources3","off","1","112","179067622.889","179067625.55059999","2.6615999937057495","0","0"
"points25000-sources3","off","1","113","179067625.65709999","179067628.25639999","2.5992999970912933","0","0"
"points25000-sources3","off","1","114","179067628.36309999","179067632.55950001","4.1964000165462494","0","0"
"points25000-sources3","off","1","115","179067632.69220001","179067636.6864","3.9941999912261963","0","0"
"points25000-sources3","off","1","116","179067636.82210001","179067640.6891","3.8669999837875366","0","0"
"points25000-sources3","off","1","117","179067640.83790001","179067644.69620001","3.8583000004291534","0","0"
"points25000-sources3","off","1","118","179067644.81119999","179067650.18560001","5.3744000196456909","0","0"
"points25000-sources3","off","1","119","179067650.34670001","179067654.72799999","4.3812999725341797","0","0"
"points25000-sources3","off","1","120","179067654.85589999","179067658.2306","3.3747000098228455","0","0"
"points25000-sources3","gw","1","1","179067729.89449999","179067735.48570001","5.5912000238895416","1.416700005531311","2"
"points25000-sources3","gw","1","2","179067735.66119999","179067741.13069999","5.4695000052452087","1.425000011920929","2"
"points25000-sources3","gw","1","3","179067741.27720001","179067748.4745","7.197299987077713","1.4433999955654144","2"
"points25000-sources3","gw","1","4","179067748.63769999","179067753.60330001","4.9656000137329102","1.4216999709606171","2"
"points25000-sources3","gw","1","5","179067753.76320001","179067759.57010001","5.8068999946117401","1.4029999971389771","2"
"points25000-sources3","gw","1","6","179067759.75080001","179067765.23249999","5.4816999733448029","1.4270999729633331","2"
"points25000-sources3","gw","1","7","179067765.3691","179067770.67289999","5.3037999868392944","1.4136999845504761","2"
"points25000-sources3","gw","1","8","179067770.79890001","179067777.1205","6.3215999901294708","1.4132000207901001","2"
"points25000-sources3","gw","1","9","179067777.2624","179067783.43970001","6.1773000061511993","1.4356000125408173","2"
"points25000-sources3","gw","1","10","179067783.5927","179067788.98559999","5.3928999900817871","1.4171000123023987","2"
"points25000-sources3","gw","1","11","179067789.11379999","179067793.7001","4.5863000154495239","1.4205999970436096","2"
"points25000-sources3","gw","1","12","179067793.81990001","179067798.1891","4.3691999912261963","1.4147000014781952","2"
"points25000-sources3","gw","1","13","179067798.3197","179067803.40079999","5.0810999870300293","1.4248000085353851","2"
"points25000-sources3","gw","1","14","179067803.52720001","179067809.2414","5.7141999900341034","1.4659000039100647","2"
"points25000-sources3","gw","1","15","179067809.38519999","179067814.0848","4.6996000111103058","1.5067000091075897","2"
"points25000-sources3","gw","1","16","179067814.20730001","179067819.92019999","5.7128999829292297","1.414900004863739","2"
"points25000-sources3","gw","1","17","179067820.06709999","179067825.84259999","5.7754999995231628","1.4133000075817108","2"
"points25000-sources3","gw","1","18","179067825.97209999","179067831.6988","5.7267000079154968","1.4135999977588654","2"
"points25000-sources3","gw","1","19","179067831.82249999","179067838.3572","6.5347000062465668","1.4321999847888947","2"
"points25000-sources3","gw","1","20","179067838.49000001","179067843.63800001","5.1480000019073486","1.4213999807834625","2"
"points25000-sources3","gw","1","21","179067843.75940001","179067849.7209","5.9614999890327454","1.4905999898910522","2"
"points25000-sources3","gw","1","22","179067849.88159999","179067856.7841","6.9025000035762787","1.5266999900341034","2"
"points25000-sources3","gw","1","23","179067856.9242","179067862.60870001","5.6845000088214874","1.4503999948501587","2"
"points25000-sources3","gw","1","24","179067862.73710001","179067869.84529999","7.1081999838352203","1.4471000134944916","2"
"points25000-sources3","gw","1","25","179067870.00170001","179067875.47310001","5.4713999927043915","1.4137999713420868","2"
"points25000-sources3","gw","1","26","179067875.5977","179067881.9806","6.3828999996185303","1.502100020647049","2"
"points25000-sources3","gw","1","27","179067882.10879999","179067886.65779999","4.5489999949932098","1.4156000018119812","2"
"points25000-sources3","gw","1","28","179067886.7807","179067890.9887","4.2080000042915344","1.4025000035762787","2"
"points25000-sources3","gw","1","29","179067891.10479999","179067895.5729","4.4681000113487244","1.4092999994754791","2"
"points25000-sources3","gw","1","30","179067895.7976","179067902.8926","7.0949999988079071","1.6827999949455261","2"
"points25000-sources3","gw","1","31","179067903.06279999","179067907.31799999","4.2551999986171722","1.4108999967575073","2"
"points25000-sources3","gw","1","32","179067907.442","179067912.54319999","5.1011999845504761","1.5359000265598297","2"
"points25000-sources3","gw","1","33","179067912.66760001","179067919.74970001","7.0821000039577484","1.4438000023365021","2"
"points25000-sources3","gw","1","34","179067919.91249999","179067925.50139999","5.5888999998569489","1.4502000212669373","2"
"points25000-sources3","gw","1","35","179067925.6302","179067932.38749999","6.7572999894618988","1.40420001745224","2"
"points25000-sources3","gw","1","36","179067932.53240001","179067938.16850001","5.6360999941825867","1.4671000242233276","2"
"points25000-sources3","gw","1","37","179067938.29190001","179067944.86579999","6.5738999843597412","1.4002000093460083","2"
"points25000-sources3","gw","1","38","179067944.9896","179067952.04859999","7.0589999854564667","1.6080000102519989","2"
"points25000-sources3","gw","1","39","179067952.1855","179067957.1927","5.0072000026702881","1.4171999990940094","2"
"points25000-sources3","gw","1","40","179067957.33199999","179067964.4091","7.07710000872612","1.4750999808311462","2"
"points25000-sources3","gw","1","41","179067964.5293","179067969.77610001","5.2468000054359436","1.4003999829292297","2"
"points25000-sources3","gw","1","42","179067969.89820001","179067975.64489999","5.7466999888420105","1.4442000091075897","2"
"points25000-sources3","gw","1","43","179067975.76320001","179067981.1532","5.3899999856948853","1.4227000176906586","2"
"points25000-sources3","gw","1","44","179067981.2753","179067986.00040001","4.7251000106334686","1.414000004529953","2"
"points25000-sources3","gw","1","45","179067986.12130001","179067990.5002","4.3788999915122986","1.4796999990940094","2"
"points25000-sources3","gw","1","46","179067990.6124","179067996.3364","5.7240000069141388","1.4251999855041504","2"
"points25000-sources3","gw","1","47","179067996.44659999","179068001.0257","4.5791000127792358","1.4593000113964081","2"
"points25000-sources3","gw","1","48","179068001.15470001","179068006.40889999","5.2541999816894531","1.4483000040054321","2"
"points25000-sources3","gw","1","49","179068006.5273","179068012.42730001","5.9000000059604645","1.4566999971866608","2"
"points25000-sources3","gw","1","50","179068012.54350001","179068018.19350001","5.6500000059604645","1.4126000106334686","2"
"points25000-sources3","gw","1","51","179068018.32659999","179068025.63940001","7.3128000199794769","1.4317000210285187","2"
"points25000-sources3","gw","1","52","179068025.77950001","179068030.6442","4.8646999895572662","1.4551999866962433","2"
"points25000-sources3","gw","1","53","179068030.76269999","179068035.9567","5.1940000057220459","1.4234000146389008","2"
"points25000-sources3","gw","1","54","179068036.0966","179068041.79809999","5.7014999985694885","1.3991000056266785","2"
"points25000-sources3","gw","1","55","179068041.91","179068046.51339999","4.6033999919891357","1.4105000197887421","2"
"points25000-sources3","gw","1","56","179068046.62639999","179068052.44440001","5.8180000185966492","1.4214000105857849","2"
"points25000-sources3","gw","1","57","179068052.67070001","179068059.5095","6.8387999832630157","1.4008999764919281","2"
"points25000-sources3","gw","1","58","179068059.64399999","179068065.28380001","5.6398000121116638","1.5367999970912933","2"
"points25000-sources3","gw","1","59","179068065.45969999","179068072.67120001","7.2115000188350677","1.5824999809265137","2"
"points25000-sources3","gw","1","60","179068072.79929999","179068077.0975","4.2982000112533569","1.4182000160217285","2"
"points25000-sources3","gw","1","61","179068077.21399999","179068081.33649999","4.1225000023841858","1.3989000022411346","2"
"points25000-sources3","gw","1","62","179068081.45460001","179068087.39950001","5.9449000060558319","1.5372999906539917","2"
"points25000-sources3","gw","1","63","179068087.56920001","179068091.77649999","4.2072999775409698","1.4214000105857849","2"
"points25000-sources3","gw","1","64","179068091.8955","179068097.14489999","5.2493999898433685","1.4178999960422516","2"
"points25000-sources3","gw","1","65","179068097.25979999","179068103.1532","5.8934000134468079","1.4610999822616577","2"
"points25000-sources3","gw","1","66","179068103.2825","179068108.29260001","5.0101000070571899","1.4090999960899353","2"
"points25000-sources3","gw","1","67","179068108.40970001","179068113.73379999","5.324099987745285","1.4124999940395355","2"
"points25000-sources3","gw","1","68","179068113.85229999","179068121.0124","7.1601000130176544","1.432200014591217","2"
"points25000-sources3","gw","1","69","179068121.15849999","179068126.215","5.0565000176429749","1.406900018453598","2"
"points25000-sources3","gw","1","70","179068126.33180001","179068132.4093","6.0774999856948853","1.462799996137619","2"
"points25000-sources3","gw","1","71","179068132.5483","179068138.73719999","6.1888999938964844","1.4697999954223633","2"
"points25000-sources3","gw","1","72","179068138.86219999","179068143.9932","5.1310000121593475","1.4195999801158905","2"
"points25000-sources3","gw","1","73","179068144.15180001","179068150.8466","6.6947999894618988","1.4453000128269196","2"
"points25000-sources3","gw","1","74","179068151.037","179068155.86939999","4.832399994134903","1.4121000170707703","2"
"points25000-sources3","gw","1","75","179068155.99590001","179068160.88339999","4.887499988079071","1.404699981212616","2"
"points25000-sources3","gw","1","76","179068161.0054","179068166.02970001","5.0243000090122223","1.4160000085830688","2"
"points25000-sources3","gw","1","77","179068166.15149999","179068171.0573","4.9058000147342682","1.4824000000953674","2"
"points25000-sources3","gw","1","78","179068171.17680001","179068175.36410001","4.1872999966144562","1.4239999949932098","2"
"points25000-sources3","gw","1","79","179068175.47679999","179068181.69229999","6.2154999971389771","1.5101000070571899","2"
"points25000-sources3","gw","1","80","179068181.8276","179068187.03960001","5.2120000123977661","1.4123999774456024","2"
"points25000-sources3","gw","1","81","179068187.15920001","179068192.2101","5.0508999824523926","1.4429999887943268","2"
"points25000-sources3","gw","1","82","179068192.32780001","179068198.52939999","6.2015999853610992","1.4498999714851379","2"
"points25000-sources3","gw","1","83","179068198.69800001","179068204.28819999","5.5901999771595001","1.5863000154495239","2"
"points25000-sources3","gw","1","84","179068204.4068","179068209.75049999","5.3436999917030334","1.4109000265598297","2"
"points25000-sources3","gw","1","85","179068209.86770001","179068217.0704","7.2026999890804291","1.4254000186920166","2"
"points25000-sources3","gw","1","86","179068217.20410001","179068221.85589999","4.6517999768257141","1.4072000086307526","2"
"points25000-sources3","gw","1","87","179068221.99419999","179068227.3953","5.4011000096797943","1.4129000008106232","2"
"points25000-sources3","gw","1","88","179068227.51069999","179068233.9499","6.4392000138759613","1.4376000165939331","2"
"points25000-sources3","gw","1","89","179068234.0808","179068238.80720001","4.7264000177383423","1.4111000001430511","2"
"points25000-sources3","gw","1","90","179068238.92309999","179068245.41330001","6.490200012922287","1.5174999833106995","2"
"points25000-sources3","gw","1","91","179068245.5431","179068251.03839999","5.4952999949455261","1.7533999979496002","2"
"points25000-sources3","gw","1","92","179068251.19589999","179068256.40720001","5.2113000154495239","1.4560000002384186","2"
"points25000-sources3","gw","1","93","179068256.5566","179068261.59920001","5.042600005865097","1.419899970293045","2"
"points25000-sources3","gw","1","94","179068261.72369999","179068266.34580001","4.6221000254154205","1.5207000076770782","2"
"points25000-sources3","gw","1","95","179068266.48300001","179068271.51969999","5.0366999804973602","1.7648999989032745","2"
"points25000-sources3","gw","1","96","179068271.68399999","179068277.5959","5.9119000136852264","1.4207000136375427","2"
"points25000-sources3","gw","1","97","179068277.72440001","179068282.20159999","4.4771999716758728","1.4039999842643738","2"
"points25000-sources3","gw","1","98","179068282.3409","179068287.57100001","5.230100005865097","1.4409999847412109","2"
"points25000-sources3","gw","1","99","179068287.69080001","179068294.07429999","6.3834999799728394","1.4162999987602234","2"
"points25000-sources3","gw","1","100","179068294.18149999","179068300.1182","5.9367000162601471","1.4361999928951263","2"
"points25000-sources3","gw","1","101","179068300.26120001","179068307.09869999","6.8374999761581421","1.419299989938736","2"
"points25000-sources3","gw","1","102","179068307.22510001","179068312.90889999","5.6837999820709229","1.4505000114440918","2"
"points25000-sources3","gw","1","103","179068313.02509999","179068317.61500001","4.589900016784668","1.410099983215332","2"
"points25000-sources3","gw","1","104","179068317.74399999","179068323.6085","5.8645000159740448","1.4018000364303589","2"
"points25000-sources3","gw","1","105","179068323.73539999","179068328.47440001","4.7390000224113464","1.4175000190734863","2"
"points25000-sources3","gw","1","106","179068328.58019999","179068333.38850001","4.8083000183105469","1.5815000236034393","2"
"points25000-sources3","gw","1","107","179068333.5007","179068340.51269999","7.0119999945163727","1.4192000031471252","2"
"points25000-sources3","gw","1","108","179068340.65490001","179068345.7719","5.1169999837875366","1.3988000154495239","2"
"points25000-sources3","gw","1","109","179068345.88339999","179068351.33669999","5.4532999992370605","1.4029000103473663","2"
"points25000-sources3","gw","1","110","179068351.47830001","179068356.44440001","4.9661000072956085","1.4041999876499176","2"
"points25000-sources3","gw","1","111","179068356.56990001","179068360.87169999","4.3017999827861786","1.4199000000953674","2"
"points25000-sources3","gw","1","112","179068360.98339999","179068365.39539999","4.4120000004768372","1.4106999933719635","2"
"points25000-sources3","gw","1","113","179068365.54429999","179068371.398","5.8537000119686127","1.5657000243663788","2"
"points25000-sources3","gw","1","114","179068371.51629999","179068375.53999999","4.0236999988555908","1.4296999871730804","2"
"points25000-sources3","gw","1","115","179068375.65400001","179068380.73820001","5.084199994802475","1.455100029706955","2"
"points25000-sources3","gw","1","116","179068380.8759","179068387.5609","6.6850000023841858","1.4165000319480896","2"
"points25000-sources3","gw","1","117","179068387.6794","179068392.7983","5.1189000010490417","1.4231999814510345","2"
"points25000-sources3","gw","1","118","179068392.91069999","179068399.199","6.2883000075817108","1.4357999861240387","2"
"points25000-sources3","gw","1","119","179068399.33970001","179068406.98199999","7.6422999799251556","1.4088999927043915","2"
"points25000-sources3","gw","1","120","179068407.11629999","179068412.4321","5.3158000111579895","1.4501000046730042","2"
"points25000-sources3","retained","1","1","179068466.00839999","179068470.58379999","4.5753999948501587","0","0"
"points25000-sources3","retained","1","2","179068470.7744","179068474.63170001","3.8573000133037567","0","0"
"points25000-sources3","retained","1","3","179068474.7667","179068479.2987","4.5320000052452087","0","0"
"points25000-sources3","retained","1","4","179068479.43970001","179068483.92219999","4.4824999868869781","0","0"
"points25000-sources3","retained","1","5","179068484.0695","179068487.4391","3.3695999979972839","0","0"
"points25000-sources3","retained","1","6","179068487.55129999","179068491.7308","4.179500013589859","0","0"
"points25000-sources3","retained","1","7","179068491.8497","179068497.36140001","5.5117000043392181","0","0"
"points25000-sources3","retained","1","8","179068497.48289999","179068502.73100001","5.2481000125408173","0","0"
"points25000-sources3","retained","1","9","179068502.85499999","179068505.62830001","2.7733000218868256","0","0"
"points25000-sources3","retained","1","10","179068505.80630001","179068508.7577","2.9513999819755554","0","0"
"points25000-sources3","retained","1","11","179068508.87189999","179068511.7965","2.9246000051498413","0","0"
"points25000-sources3","retained","1","12","179068511.90369999","179068515.14129999","3.2375999987125397","0","0"
"points25000-sources3","retained","1","13","179068515.29269999","179068518.428","3.1353000104427338","0","0"
"points25000-sources3","retained","1","14","179068518.54319999","179068521.45899999","2.915800005197525","0","0"
"points25000-sources3","retained","1","15","179068521.57100001","179068525.62850001","4.0575000047683716","0","0"
"points25000-sources3","retained","1","16","179068525.74380001","179068528.50260001","2.7587999999523163","0","0"
"points25000-sources3","retained","1","17","179068528.6126","179068531.5724","2.9598000049591064","0","0"
"points25000-sources3","retained","1","18","179068531.68340001","179068534.447","2.7635999917984009","0","0"
"points25000-sources3","retained","1","19","179068534.56259999","179068537.7631","3.2005000114440918","0","0"
"points25000-sources3","retained","1","20","179068537.9348","179068541.3946","3.4598000049591064","0","0"
"points25000-sources3","retained","1","21","179068541.50029999","179068544.4885","2.9882000088691711","0","0"
"points25000-sources3","retained","1","22","179068544.60080001","179068549.75240001","5.1516000032424927","0","0"
"points25000-sources3","retained","1","23","179068549.9348","179068553.41819999","3.4833999872207642","0","0"
"points25000-sources3","retained","1","24","179068553.5413","179068556.47299999","2.9316999912261963","0","0"
"points25000-sources3","retained","1","25","179068556.5855","179068559.31389999","2.7283999919891357","0","0"
"points25000-sources3","retained","1","26","179068559.42269999","179068562.14250001","2.7198000252246857","0","0"
"points25000-sources3","retained","1","27","179068562.25040001","179068565.0959","2.8454999923706055","0","0"
"points25000-sources3","retained","1","28","179068565.2236","179068568.45609999","3.2324999868869781","0","0"
"points25000-sources3","retained","1","29","179068568.59200001","179068572.8215","4.2294999957084656","0","0"
"points25000-sources3","retained","1","30","179068572.99360001","179068576.0575","3.0638999938964844","0","0"
"points25000-sources3","retained","1","31","179068576.19069999","179068579.11860001","2.9279000163078308","0","0"
"points25000-sources3","retained","1","32","179068579.23210001","179068582.4984","3.2662999927997589","0","0"
"points25000-sources3","retained","1","33","179068582.65650001","179068586.97620001","4.3197000026702881","0","0"
"points25000-sources3","retained","1","34","179068587.1108","179068589.87360001","2.762800008058548","0","0"
"points25000-sources3","retained","1","35","179068589.99169999","179068592.69159999","2.6999000012874603","0","0"
"points25000-sources3","retained","1","36","179068592.7999","179068595.55019999","2.7502999901771545","0","0"
"points25000-sources3","retained","1","37","179068595.65689999","179068599.259","3.6021000146865845","0","0"
"points25000-sources3","retained","1","38","179068599.3872","179068602.6925","3.3052999973297119","0","0"
"points25000-sources3","retained","1","39","179068602.8497","179068605.50479999","2.6550999879837036","0","0"
"points25000-sources3","retained","1","40","179068605.61379999","179068608.2938","2.6800000071525574","0","0"
"points25000-sources3","retained","1","41","179068608.40329999","179068611.38780001","2.9845000207424164","0","0"
"points25000-sources3","retained","1","42","179068611.49770001","179068614.44","2.9422999918460846","0","0"
"points25000-sources3","retained","1","43","179068614.55489999","179068619.83660001","5.2817000150680542","0","0"
"points25000-sources3","retained","1","44","179068619.99919999","179068622.88150001","2.8823000192642212","0","0"
"points25000-sources3","retained","1","45","179068623.00319999","179068625.76620001","2.7630000114440918","0","0"
"points25000-sources3","retained","1","46","179068625.87990001","179068628.81189999","2.9319999814033508","0","0"
"points25000-sources3","retained","1","47","179068628.92559999","179068632.45269999","3.527099996805191","0","0"
"points25000-sources3","retained","1","48","179068632.5722","179068635.38080001","2.8086000084877014","0","0"
"points25000-sources3","retained","1","49","179068635.4998","179068638.45730001","2.9575000107288361","0","0"
"points25000-sources3","retained","1","50","179068638.56510001","179068641.46919999","2.9040999710559845","0","0"
"points25000-sources3","retained","1","51","179068641.57499999","179068645.4763","3.9013000130653381","0","0"
"points25000-sources3","retained","1","52","179068645.58289999","179068648.8355","3.2526000142097473","0","0"
"points25000-sources3","retained","1","53","179068648.9673","179068652.27559999","3.3082999885082245","0","0"
"points25000-sources3","retained","1","54","179068652.40380001","179068655.30590001","2.902099996805191","0","0"
"points25000-sources3","retained","1","55","179068655.42480001","179068658.41240001","2.9875999987125397","0","0"
"points25000-sources3","retained","1","56","179068658.5724","179068661.43970001","2.8673000037670135","0","0"
"points25000-sources3","retained","1","57","179068661.58109999","179068665.32969999","3.7486000061035156","0","0"
"points25000-sources3","retained","1","58","179068665.47319999","179068668.16589999","2.6926999986171722","0","0"
"points25000-sources3","retained","1","59","179068668.27450001","179068670.92680001","2.6523000001907349","0","0"
"points25000-sources3","retained","1","60","179068671.039","179068675.10159999","4.0625999867916107","0","0"
"points25000-sources3","retained","1","61","179068675.21079999","179068681.12599999","5.9151999950408936","0","0"
"points25000-sources3","retained","1","62","179068681.2705","179068685.75389999","4.4833999872207642","0","0"
"points25000-sources3","retained","1","63","179068685.9375","179068689.8062","3.8686999976634979","0","0"
"points25000-sources3","retained","1","64","179068689.97389999","179068693.50799999","3.5340999960899353","0","0"
"points25000-sources3","retained","1","65","179068693.6309","179068697.19780001","3.5669000148773193","0","0"
"points25000-sources3","retained","1","66","179068697.3263","179068700.4005","3.0742000043392181","0","0"
"points25000-sources3","retained","1","67","179068700.52579999","179068703.73429999","3.2084999978542328","0","0"
"points25000-sources3","retained","1","68","179068703.8497","179068706.61000001","2.7603000104427338","0","0"
"points25000-sources3","retained","1","69","179068706.7227","179068710.79609999","4.0733999907970428","0","0"
"points25000-sources3","retained","1","70","179068710.90970001","179068713.7518","2.8420999944210052","0","0"
"points25000-sources3","retained","1","71","179068713.86750001","179068717.15090001","3.2833999991416931","0","0"
"points25000-sources3","retained","1","72","179068717.2825","179068720.1798","2.8973000049591064","0","0"
"points25000-sources3","retained","1","73","179068720.29550001","179068723.04339999","2.747899979352951","0","0"
"points25000-sources3","retained","1","74","179068723.155","179068726.8233","3.6683000028133392","0","0"
"points25000-sources3","retained","1","75","179068726.9348","179068729.94890001","3.0141000151634216","0","0"
"points25000-sources3","retained","1","76","179068730.1207","179068732.9729","2.8522000014781952","0","0"
"points25000-sources3","retained","1","77","179068733.09920001","179068736.00580001","2.9065999984741211","0","0"
"points25000-sources3","retained","1","78","179068736.116","179068740.89050001","4.7745000123977661","0","0"
"points25000-sources3","retained","1","79","179068741.00209999","179068743.8484","2.8463000059127808","0","0"
"points25000-sources3","retained","1","80","179068743.95699999","179068746.83410001","2.877100020647049","0","0"
"points25000-sources3","retained","1","81","179068746.97139999","179068750.24869999","3.2773000001907349","0","0"
"points25000-sources3","retained","1","82","179068750.37470001","179068753.30770001","2.9329999983310699","0","0"
"points25000-sources3","retained","1","83","179068753.42989999","179068756.29890001","2.8690000176429749","0","0"
"points25000-sources3","retained","1","84","179068756.40990001","179068760.39089999","3.9809999763965607","0","0"
"points25000-sources3","retained","1","85","179068760.50560001","179068763.30070001","2.7951000034809113","0","0"
"points25000-sources3","retained","1","86","179068763.4382","179068766.34","2.9018000066280365","0","0"
"points25000-sources3","retained","1","87","179068766.45730001","179068769.36160001","2.9043000042438507","0","0"
"points25000-sources3","retained","1","88","179068769.47049999","179068774.33880001","4.8683000206947327","0","0"
"points25000-sources3","retained","1","89","179068774.45109999","179068777.29800001","2.8469000160694122","0","0"
"points25000-sources3","retained","1","90","179068777.4104","179068780.28569999","2.8752999901771545","0","0"
"points25000-sources3","retained","1","91","179068780.39469999","179068783.7349","3.3402000069618225","0","0"
"points25000-sources3","retained","1","92","179068783.8653","179068787.0966","3.2312999963760376","0","0"
"points25000-sources3","retained","1","93","179068787.2189","179068791.1661","3.9472000002861023","0","0"
"points25000-sources3","retained","1","94","179068791.29300001","179068794.3317","3.0386999845504761","0","0"
"points25000-sources3","retained","1","95","179068794.45879999","179068797.54249999","3.0837000012397766","0","0"
"points25000-sources3","retained","1","96","179068797.66859999","179068800.48609999","2.8174999952316284","0","0"
"points25000-sources3","retained","1","97","179068800.60789999","179068804.84979999","4.2418999969959259","0","0"
"points25000-sources3","retained","1","98","179068804.9754","179068807.8127","2.8373000025749207","0","0"
"points25000-sources3","retained","1","99","179068807.92789999","179068810.74739999","2.8194999992847443","0","0"
"points25000-sources3","retained","1","100","179068810.8644","179068813.77849999","2.9140999913215637","0","0"
"points25000-sources3","retained","1","101","179068813.8951","179068817.03929999","3.1441999971866608","0","0"
"points25000-sources3","retained","1","102","179068817.16600001","179068820.986","3.8199999928474426","0","0"
"points25000-sources3","retained","1","103","179068821.10319999","179068823.83360001","2.730400025844574","0","0"
"points25000-sources3","retained","1","104","179068823.93979999","179068826.81330001","2.8735000193119049","0","0"
"points25000-sources3","retained","1","105","179068826.9262","179068829.73159999","2.8053999841213226","0","0"
"points25000-sources3","retained","1","106","179068829.83970001","179068832.72040001","2.8806999921798706","0","0"
"points25000-sources3","retained","1","107","179068832.83399999","179068837.66909999","4.835099995136261","0","0"
"points25000-sources3","retained","1","108","179068837.78889999","179068840.59150001","2.8026000261306763","0","0"
"points25000-sources3","retained","1","109","179068840.69890001","179068843.61660001","2.9176999926567078","0","0"
"points25000-sources3","retained","1","110","179068843.7252","179068846.49509999","2.769899994134903","0","0"
"points25000-sources3","retained","1","111","179068846.6045","179068850.09310001","3.4886000156402588","0","0"
"points25000-sources3","retained","1","112","179068850.21869999","179068853.8001","3.5814000070095062","0","0"
"points25000-sources3","retained","1","113","179068853.917","179068856.59119999","2.6741999983787537","0","0"
"points25000-sources3","retained","1","114","179068856.7022","179068859.66620001","2.964000016450882","0","0"
"points25000-sources3","retained","1","115","179068859.77410001","179068862.55540001","2.7813000082969666","0","0"
"points25000-sources3","retained","1","116","179068862.66389999","179068865.68970001","3.0258000195026398","0","0"
"points25000-sources3","retained","1","117","179068865.8062","179068870.0975","4.2912999987602234","0","0"
"points25000-sources3","retained","1","118","179068870.21169999","179068872.94600001","2.7343000173568726","0","0"
"points25000-sources3","retained","1","119","179068873.0596","179068875.90310001","2.843500018119812","0","0"
"points25000-sources3","retained","1","120","179068876.02410001","179068878.79609999","2.7719999849796295","0","0"
"points25000-sources3","retained","2","1","179068931.03310001","179068933.97029999","2.9371999800205231","0","0"
"points25000-sources3","retained","2","2","179068934.14559999","179068937.74259999","3.5970000028610229","0","0"
"points25000-sources3","retained","2","3","179068937.87529999","179068940.61410001","2.7388000190258026","0","0"
"points25000-sources3","retained","2","4","179068940.72589999","179068944.54840001","3.8225000202655792","0","0"
"points25000-sources3","retained","2","5","179068944.66119999","179068947.59540001","2.9342000186443329","0","0"
"points25000-sources3","retained","2","6","179068947.71619999","179068951.08860001","3.3724000155925751","0","0"
"points25000-sources3","retained","2","7","179068951.2516","179068954.2247","2.9731000065803528","0","0"
"points25000-sources3","retained","2","8","179068954.33559999","179068957.27669999","2.941100001335144","0","0"
"points25000-sources3","retained","2","9","179068957.41409999","179068961.33899999","3.9248999953269958","0","0"
"points25000-sources3","retained","2","10","179068961.4481","179068964.26859999","2.820499986410141","0","0"
"points25000-sources3","retained","2","11","179068964.3836","179068967.05180001","2.6682000160217285","0","0"
"points25000-sources3","retained","2","12","179068967.16409999","179068969.99489999","2.8307999968528748","0","0"
"points25000-sources3","retained","2","13","179068970.104","179068973.1399","3.0358999967575073","0","0"
"points25000-sources3","retained","2","14","179068973.24900001","179068976.51679999","3.267799973487854","0","0"
"points25000-sources3","retained","2","15","179068976.62630001","179068979.55039999","2.9240999817848206","0","0"
"points25000-sources3","retained","2","16","179068979.65849999","179068983.14919999","3.4907000064849854","0","0"
"points25000-sources3","retained","2","17","179068983.2809","179068986.1424","2.8614999949932098","0","0"
"points25000-sources3","retained","2","18","179068986.2674","179068989.09439999","2.8269999921321869","0","0"
"points25000-sources3","retained","2","19","179068989.21020001","179068993.20100001","3.9907999932765961","0","0"
"points25000-sources3","retained","2","20","179068993.31220001","179068996.0927","2.7804999947547913","0","0"
"points25000-sources3","retained","2","21","179068996.20199999","179068999.43560001","3.2336000204086304","0","0"
"points25000-sources3","retained","2","22","179068999.5562","179069002.69260001","3.1364000141620636","0","0"
"points25000-sources3","retained","2","23","179069002.81119999","179069006.32030001","3.5091000199317932","0","0"
"points25000-sources3","retained","2","24","179069006.46869999","179069009.35589999","2.8871999979019165","0","0"
"points25000-sources3","retained","2","25","179069009.48930001","179069012.32539999","2.8360999822616577","0","0"
"points25000-sources3","retained","2","26","179069012.43430001","179069015.55559999","3.1212999820709229","0","0"
"points25000-sources3","retained","2","27","179069015.68419999","179069018.44909999","2.7648999989032745","0","0"
"points25000-sources3","retained","2","28","179069018.56850001","179069023.03850001","4.4699999988079071","0","0"
"points25000-sources3","retained","2","29","179069023.1516","179069025.9813","2.8296999931335449","0","0"
"points25000-sources3","retained","2","30","179069026.0918","179069029.20249999","3.1106999814510345","0","0"
"points25000-sources3","retained","2","31","179069029.3109","179069032.39309999","3.0821999907493591","0","0"
"points25000-sources3","retained","2","32","179069032.50850001","179069035.27320001","2.7646999955177307","0","0"
"points25000-sources3","retained","2","33","179069035.3822","179069038.7992","3.4169999957084656","0","0"
"points25000-sources3","retained","2","34","179069038.9091","179069042.64539999","3.736299991607666","0","0"
"points25000-sources3","retained","2","35","179069042.75670001","179069046.98429999","4.2275999784469604","0","0"
"points25000-sources3","retained","2","36","179069047.11210001","179069051.17789999","4.0657999813556671","0","0"
"points25000-sources3","retained","2","37","179069051.34290001","179069056.97260001","5.6297000050544739","0","0"
"points25000-sources3","retained","2","38","179069057.11970001","179069061.56560001","4.4458999931812286","0","0"
"points25000-sources3","retained","2","39","179069061.6812","179069064.92019999","3.238999992609024","0","0"
"points25000-sources3","retained","2","40","179069065.06400001","179069069.86930001","4.8052999973297119","0","0"
"points25000-sources3","retained","2","41","179069069.99270001","179069073.60530001","3.6125999987125397","0","0"
"points25000-sources3","retained","2","42","179069073.71720001","179069077.80520001","4.0879999995231628","0","0"
"points25000-sources3","retained","2","43","179069077.91749999","179069081.32440001","3.406900018453598","0","0"
"points25000-sources3","retained","2","44","179069081.4447","179069087.22580001","5.7811000049114227","0","0"
"points25000-sources3","retained","2","45","179069087.36019999","179069090.5765","3.2163000106811523","0","0"
"points25000-sources3","retained","2","46","179069090.69350001","179069094.14320001","3.4496999979019165","0","0"
"points25000-sources3","retained","2","47","179069094.25490001","179069097.61390001","3.3589999973773956","0","0"
"points25000-sources3","retained","2","48","179069097.73210001","179069100.9152","3.1830999851226807","0","0"
"points25000-sources3","retained","2","49","179069101.03929999","179069104.0223","2.9830000102519989","0","0"
"points25000-sources3","retained","2","50","179069104.17770001","179069106.99430001","2.8165999948978424","0","0"
"points25000-sources3","retained","2","51","179069107.1074","179069109.85080001","2.7434000074863434","0","0"
"points25000-sources3","retained","2","52","179069109.963","179069113.63609999","3.6730999946594238","0","0"
"points25000-sources3","retained","2","53","179069113.76159999","179069119.28670001","5.5251000225543976","0","0"
"points25000-sources3","retained","2","54","179069119.4427","179069123.30700001","3.864300012588501","0","0"
"points25000-sources3","retained","2","55","179069123.43599999","179069126.85679999","3.4208000004291534","0","0"
"points25000-sources3","retained","2","56","179069126.97040001","179069131.20030001","4.2299000024795532","0","0"
"points25000-sources3","retained","2","57","179069131.3204","179069136.31130001","4.9909000098705292","0","0"
"points25000-sources3","retained","2","58","179069136.43279999","179069140.4874","4.0546000003814697","0","0"
"points25000-sources3","retained","2","59","179069140.60120001","179069144.2062","3.6049999892711639","0","0"
"points25000-sources3","retained","2","60","179069144.31799999","179069149.7168","5.3988000154495239","0","0"
"points25000-sources3","retained","2","61","179069149.86179999","179069153.67250001","3.8107000291347504","0","0"
"points25000-sources3","retained","2","62","179069153.79550001","179069157.85499999","4.059499979019165","0","0"
"points25000-sources3","retained","2","63","179069157.9725","179069161.39469999","3.4221999943256378","0","0"
"points25000-sources3","retained","2","64","179069161.5081","179069166.2502","4.7421000003814697","0","0"
"points25000-sources3","retained","2","65","179069166.36480001","179069169.76519999","3.4003999829292297","0","0"
"points25000-sources3","retained","2","66","179069169.88789999","179069174.0485","4.1606000065803528","0","0"
"points25000-sources3","retained","2","67","179069174.162","179069176.97830001","2.8163000047206879","0","0"
"points25000-sources3","retained","2","68","179069177.10339999","179069180.35420001","3.2508000135421753","0","0"
"points25000-sources3","retained","2","69","179069180.46399999","179069183.627","3.1630000174045563","0","0"
"points25000-sources3","retained","2","70","179069183.74990001","179069186.4598","2.7098999917507172","0","0"
"points25000-sources3","retained","2","71","179069186.5715","179069189.2096","2.6380999982357025","0","0"
"points25000-sources3","retained","2","72","179069189.3251","179069193.0025","3.6773999929428101","0","0"
"points25000-sources3","retained","2","73","179069193.11700001","179069197.58180001","4.4648000001907349","0","0"
"points25000-sources3","retained","2","74","179069197.6934","179069200.9808","3.2874000072479248","0","0"
"points25000-sources3","retained","2","75","179069201.09689999","179069205.14770001","4.0508000254631042","0","0"
"points25000-sources3","retained","2","76","179069205.26280001","179069208.90810001","3.6453000009059906","0","0"
"points25000-sources3","retained","2","77","179069209.023","179069214.04440001","5.0214000046253204","0","0"
"points25000-sources3","retained","2","78","179069214.16","179069217.9068","3.7468000054359436","0","0"
"points25000-sources3","retained","2","79","179069218.02669999","179069222.22040001","4.1937000155448914","0","0"
"points25000-sources3","retained","2","80","179069222.33250001","179069226.52880001","4.1962999999523163","0","0"
"points25000-sources3","retained","2","81","179069226.6591","179069229.72589999","3.0667999982833862","0","0"
"points25000-sources3","retained","2","82","179069229.84580001","179069234.0138","4.1679999828338623","0","0"
"points25000-sources3","retained","2","83","179069234.15009999","179069238.52070001","4.3706000149250031","0","0"
"points25000-sources3","retained","2","84","179069238.6399","179069243.39449999","4.7545999884605408","0","0"
"points25000-sources3","retained","2","85","179069243.53639999","179069246.60589999","3.0694999992847443","0","0"
"points25000-sources3","retained","2","86","179069246.72409999","179069249.94800001","3.2239000201225281","0","0"
"points25000-sources3","retained","2","87","179069250.11289999","179069253.88339999","3.7705000042915344","0","0"
"points25000-sources3","retained","2","88","179069254.03240001","179069256.94600001","2.9135999977588654","0","0"
"points25000-sources3","retained","2","89","179069257.0609","179069259.9885","2.9275999963283539","0","0"
"points25000-sources3","retained","2","90","179069260.10969999","179069263.83309999","3.7233999967575073","0","0"
"points25000-sources3","retained","2","91","179069263.9463","179069267.81959999","3.8732999861240387","0","0"
"points25000-sources3","retained","2","92","179069267.93869999","179069271.1092","3.1705000102519989","0","0"
"points25000-sources3","retained","2","93","179069271.26769999","179069276.69350001","5.4258000254631042","0","0"
"points25000-sources3","retained","2","94","179069276.81529999","179069279.95120001","3.1359000205993652","0","0"
"points25000-sources3","retained","2","95","179069280.1288","179069284.403","4.2741999924182892","0","0"
"points25000-sources3","retained","2","96","179069284.5316","179069287.55700001","3.0254000127315521","0","0"
"points25000-sources3","retained","2","97","179069287.67340001","179069292.0724","4.3989999890327454","0","0"
"points25000-sources3","retained","2","98","179069292.1859","179069295.8105","3.6245999932289124","0","0"
"points25000-sources3","retained","2","99","179069295.94760001","179069300.27000001","4.3224000036716461","0","0"
"points25000-sources3","retained","2","100","179069300.42210001","179069304.31439999","3.8922999799251556","0","0"
"points25000-sources3","retained","2","101","179069304.43380001","179069309.50350001","5.0697000026702881","0","0"
"points25000-sources3","retained","2","102","179069309.63960001","179069313.08880001","3.4492000043392181","0","0"
"points25000-sources3","retained","2","103","179069313.21919999","179069317.52250001","4.3033000230789185","0","0"
"points25000-sources3","retained","2","104","179069317.67230001","179069320.68619999","3.0138999819755554","0","0"
"points25000-sources3","retained","2","105","179069320.8168","179069324.25940001","3.4426000118255615","0","0"
"points25000-sources3","retained","2","106","179069324.44409999","179069327.3511","2.9070000052452087","0","0"
"points25000-sources3","retained","2","107","179069327.46360001","179069330.59009999","3.1264999806880951","0","0"
"points25000-sources3","retained","2","108","179069330.70640001","179069333.67120001","2.9648000001907349","0","0"
"points25000-sources3","retained","2","109","179069333.78920001","179069338.17910001","4.3898999989032745","0","0"
"points25000-sources3","retained","2","110","179069338.32870001","179069341.91679999","3.5880999863147736","0","0"
"points25000-sources3","retained","2","111","179069342.04750001","179069345.5034","3.4558999836444855","0","0"
"points25000-sources3","retained","2","112","179069345.6345","179069350.4524","4.8179000020027161","0","0"
"points25000-sources3","retained","2","113","179069350.58930001","179069355.82859999","5.2392999827861786","0","0"
"points25000-sources3","retained","2","114","179069355.97749999","179069359.97909999","4.0015999972820282","0","0"
"points25000-sources3","retained","2","115","179069360.12619999","179069364.22549999","4.0992999970912933","0","0"
"points25000-sources3","retained","2","116","179069364.3687","179069368.7227","4.3540000021457672","0","0"
"points25000-sources3","retained","2","117","179069368.87400001","179069374.1785","5.3044999837875366","0","0"
"points25000-sources3","retained","2","118","179069374.32390001","179069377.88370001","3.559799998998642","0","0"
"points25000-sources3","retained","2","119","179069377.99779999","179069382.63589999","4.6380999982357025","0","0"
"points25000-sources3","retained","2","120","179069382.81569999","179069388.08399999","5.2682999968528748","0","0"
"points25000-sources3","gw","2","1","179069476.7234","179069484.4745","7.7511000037193298","1.6377000212669373","2"
"points25000-sources3","gw","2","2","179069484.64610001","179069490.15549999","5.5093999803066254","1.4448000192642212","2"
"points25000-sources3","gw","2","3","179069490.30809999","179069496.9375","6.6294000148773193","1.4077000319957733","2"
"points25000-sources3","gw","2","4","179069497.08019999","179069501.5244","4.4442000091075897","1.4323000013828278","2"
"points25000-sources3","gw","2","5","179069501.6683","179069505.91229999","4.2439999878406525","1.4327000081539154","2"
"points25000-sources3","gw","2","6","179069506.0336","179069511.1823","5.1486999988555908","1.4180000126361847","2"
"points25000-sources3","gw","2","7","179069511.3066","179069515.63409999","4.3274999856948853","1.4311000108718872","2"
"points25000-sources3","gw","2","8","179069515.7712","179069520.16080001","4.38960000872612","1.4755999743938446","2"
"points25000-sources3","gw","2","9","179069520.28119999","179069525.70910001","5.4279000163078308","1.425000011920929","2"
"points25000-sources3","gw","2","10","179069525.85389999","179069532.48710001","6.6332000195980072","1.4406999945640564","2"
"points25000-sources3","gw","2","11","179069532.71799999","179069538.18430001","5.4663000106811523","1.4848000109195709","2"
"points25000-sources3","gw","2","12","179069538.30630001","179069544.98190001","6.675599992275238","1.8593999743461609","2"
"points25000-sources3","gw","2","13","179069545.09900001","179069550.3926","5.2935999929904938","1.4332999885082245","2"
"points25000-sources3","gw","2","14","179069550.5905","179069555.45410001","4.8636000156402588","1.4289000034332275","2"
"points25000-sources3","gw","2","15","179069555.5758","179069562.60420001","7.0284000039100647","1.4833000004291534","2"
"points25000-sources3","gw","2","16","179069562.73210001","179069567.56209999","4.8299999833106995","1.4599000215530396","2"
"points25000-sources3","gw","2","17","179069567.7202","179069574.09959999","6.3793999850749969","1.4334999918937683","2"
"points25000-sources3","gw","2","18","179069574.24239999","179069580.51280001","6.2704000174999237","1.4438000321388245","2"
"points25000-sources3","gw","2","19","179069580.67919999","179069586.08050001","5.4013000130653381","1.4631000161170959","2"
"points25000-sources3","gw","2","20","179069586.22690001","179069592.9307","6.7037999927997589","1.4081999957561493","2"
"points25000-sources3","gw","2","21","179069593.06240001","179069597.595","4.5325999855995178","1.4298000037670135","2"
"points25000-sources3","gw","2","22","179069597.76190001","179069602.4402","4.6782999932765961","1.5237000286579132","2"
"points25000-sources3","gw","2","23","179069602.57120001","179069608.0298","5.4585999846458435","1.4020999670028687","2"
"points25000-sources3","gw","2","24","179069608.15009999","179069612.39500001","4.2449000179767609","1.4153000116348267","2"
"points25000-sources3","gw","2","25","179069612.51249999","179069616.83289999","4.3203999996185303","1.4156999886035919","2"
"points25000-sources3","gw","2","26","179069616.97400001","179069622.86300001","5.8889999985694885","1.5446000099182129","2"
"points25000-sources3","gw","2","27","179069622.98930001","179069627.9086","4.919299989938736","1.413100004196167","2"
"points25000-sources3","gw","2","28","179069628.03929999","179069633.37979999","5.3404999971389771","1.4472000002861023","2"
"points25000-sources3","gw","2","29","179069633.50740001","179069639.92210001","6.4147000014781952","1.406900018453598","2"
"points25000-sources3","gw","2","30","179069640.0695","179069644.86559999","4.796099990606308","1.4437000155448914","2"
"points25000-sources3","gw","2","31","179069644.9903","179069650.90560001","5.9153000116348267","1.5172000229358673","2"
"points25000-sources3","gw","2","32","179069651.03619999","179069657.5237","6.487500011920929","1.4294999837875366","2"
"points25000-sources3","gw","2","33","179069657.68619999","179069662.50999999","4.8237999975681305","1.4367999732494354","2"
"points25000-sources3","gw","2","34","179069662.62889999","179069668.9515","6.3226000070571899","2.009799987077713","2"
"points25000-sources3","gw","2","35","179069669.09810001","179069674.04170001","4.9435999989509583","1.529699981212616","2"
"points25000-sources3","gw","2","36","179069674.22029999","179069679.2236","5.0033000111579895","1.4039999842643738","2"
"points25000-sources3","gw","2","37","179069679.3409","179069686.32249999","6.9815999865531921","1.4248999953269958","2"
"points25000-sources3","gw","2","38","179069686.4813","179069691.42500001","4.9437000155448914","1.4462999999523163","2"
"points25000-sources3","gw","2","39","179069691.55109999","179069696.2252","4.6741000115871429","1.4148999750614166","2"
"points25000-sources3","gw","2","40","179069696.34580001","179069701.35640001","5.0106000006198883","1.455299973487854","2"
"points25000-sources3","gw","2","41","179069701.48550001","179069705.56130001","4.0758000016212463","1.41839998960495","2"
"points25000-sources3","gw","2","42","179069705.68059999","179069710.0645","4.3839000165462494","1.4191999733448029","2"
"points25000-sources3","gw","2","43","179069710.17089999","179069716.91909999","6.748199999332428","1.48539999127388","2"
"points25000-sources3","gw","2","44","179069717.1112","179069722.1045","4.9932999908924103","1.4138000011444092","2"
"points25000-sources3","gw","2","45","179069722.2333","179069727.26359999","5.0302999913692474","1.4063999652862549","2"
"points25000-sources3","gw","2","46","179069727.3829","179069734.23769999","6.8547999858856201","1.578000009059906","2"
"points25000-sources3","gw","2","47","179069734.3845","179069739.4612","5.0767000019550323","1.4040000140666962","2"
"points25000-sources3","gw","2","48","179069739.62090001","179069745.96470001","6.3438000082969666","1.4498000144958496","2"
"points25000-sources3","gw","2","49","179069746.09830001","179069753.71950001","7.6211999952793121","1.4608999788761139","2"
"points25000-sources3","gw","2","50","179069753.87279999","179069758.67449999","4.8016999959945679","1.4068000018596649","2"
"points25000-sources3","gw","2","51","179069758.93799999","179069764.02379999","5.0857999920845032","1.4103000164031982","2"
"points25000-sources3","gw","2","52","179069764.14669999","179069768.65310001","4.5064000189304352","1.4169000089168549","2"
"points25000-sources3","gw","2","53","179069768.78130001","179069774.04100001","5.2597000002861023","1.4220999777317047","2"
"points25000-sources3","gw","2","54","179069774.1805","179069781.12290001","6.9424000084400177","1.4379000067710876","2"
"points25000-sources3","gw","2","55","179069781.30430001","179069786.30109999","4.9967999756336212","1.4693000018596649","2"
"points25000-sources3","gw","2","56","179069786.45379999","179069791.1753","4.7215000092983246","1.4127000272274017","2"
"points25000-sources3","gw","2","57","179069791.2983","179069797.02700001","5.7287000119686127","1.4283999800682068","2"
"points25000-sources3","gw","2","58","179069797.1609","179069801.88909999","4.7281999886035919","1.4180000126361847","2"
"points25000-sources3","gw","2","59","179069802.0244","179069806.30669999","4.2822999954223633","1.4989999830722809","2"
"points25000-sources3","gw","2","60","179069806.42699999","179069810.44690001","4.0199000239372253","1.4266999661922455","2"
"points25000-sources3","gw","2","61","179069810.5693","179069816.05329999","5.4839999973773956","1.4396999776363373","2"
"points25000-sources3","gw","2","62","179069816.19220001","179069821.76769999","5.5754999816417694","1.415399968624115","2"
"points25000-sources3","gw","2","63","179069821.89820001","179069828.01989999","6.1216999888420105","1.4424999952316284","2"
"points25000-sources3","gw","2","64","179069828.1433","179069833.23840001","5.0951000154018402","1.4708000123500824","2"
"points25000-sources3","gw","2","65","179069833.36489999","179069838.91479999","5.5498999953269958","1.3995000123977661","2"
"points25000-sources3","gw","2","66","179069839.028","179069845.83500001","6.8070000112056732","1.4111000001430511","2"
"points25000-sources3","gw","2","67","179069845.95199999","179069850.7437","4.791700005531311","1.4099000096321106","2"
"points25000-sources3","gw","2","68","179069850.87639999","179069855.9808","5.1044000089168549","1.4226999878883362","2"
"points25000-sources3","gw","2","69","179069856.10460001","179069861.0368","4.9321999847888947","1.4123999774456024","2"
"points25000-sources3","gw","2","70","179069861.1604","179069865.9197","4.7592999935150146","1.4169999957084656","2"
"points25000-sources3","gw","2","71","179069866.0711","179069872.26269999","6.1915999948978424","1.4616999924182892","2"
"points25000-sources3","gw","2","72","179069872.37720001","179069877.11610001","4.7389000058174133","1.4230999946594238","2"
"points25000-sources3","gw","2","73","179069877.229","179069882.05950001","4.8305000066757202","1.4135999977588654","2"
"points25000-sources3","gw","2","74","179069882.183","179069887.4368","5.2538000047206879","1.5622000098228455","2"
"points25000-sources3","gw","2","75","179069887.59889999","179069892.3502","4.7513000071048737","1.4625000059604645","2"
"points25000-sources3","gw","2","76","179069892.47870001","179069896.8933","4.4145999848842621","1.4602999687194824","2"
"points25000-sources3","gw","2","77","179069897.01570001","179069902.96880001","5.9530999958515167","1.4173999726772308","2"
"points25000-sources3","gw","2","78","179069903.1593","179069908.26499999","5.1056999862194061","1.5986999869346619","2"
"points25000-sources3","gw","2","79","179069908.44350001","179069913.38100001","4.9375","1.4182000160217285","2"
"points25000-sources3","gw","2","80","179069913.56110001","179069920.08360001","6.5225000083446503","1.4189999997615814","2"
"points25000-sources3","gw","2","81","179069920.24739999","179069926.0724","5.8250000178813934","1.4113999903202057","2"
"points25000-sources3","gw","2","82","179069926.20190001","179069931.44659999","5.2446999847888947","1.5768999755382538","2"
"points25000-sources3","gw","2","83","179069931.58539999","179069941.83090001","10.245500028133392","1.4117999970912933","2"
"points25000-sources3","gw","2","84","179069942.0314","179069946.8592","4.8278000056743622","1.5135999917984009","2"
"points25000-sources3","gw","2","85","179069946.99849999","179069952.62149999","5.6229999959468842","1.601500004529953","2"
"points25000-sources3","gw","2","86","179069952.77900001","179069958.3299","5.5508999824523926","1.5339000225067139","2"
"points25000-sources3","gw","2","87","179069958.5007","179069963.7509","5.2502000033855438","1.4070999920368195","2"
"points25000-sources3","gw","2","88","179069963.87619999","179069970.93430001","7.0581000149250031","1.4167999923229218","2"
"points25000-sources3","gw","2","89","179069971.06490001","179069976.56729999","5.5023999810218811","1.4124000072479248","2"
"points25000-sources3","gw","2","90","179069976.7376","179069982.56979999","5.8321999907493591","1.4192000031471252","2"
"points25000-sources3","gw","2","91","179069982.715","179069987.75240001","5.0374000072479248","1.428600013256073","2"
"points25000-sources3","gw","2","92","179069987.87729999","179069993.55829999","5.6809999942779541","1.4553000032901764","2"
"points25000-sources3","gw","2","93","179069993.68040001","179069997.82210001","4.1416999995708466","1.4452999830245972","2"
"points25000-sources3","gw","2","94","179069997.96810001","179070003.55599999","5.5878999829292297","1.5579999983310699","2"
"points25000-sources3","gw","2","95","179070003.7254","179070008.02790001","4.3025000095367432","1.424699991941452","2"
"points25000-sources3","gw","2","96","179070008.148","179070013.6074","5.4593999981880188","1.5592000186443329","2"
"points25000-sources3","gw","2","97","179070013.73320001","179070018.85080001","5.1175999939441681","1.4300000071525574","2"
"points25000-sources3","gw","2","98","179070018.9822","179070024.8502","5.8680000007152557","1.4094000160694122","2"
"points25000-sources3","gw","2","99","179070024.9725","179070031.62","6.6475000083446503","1.4340999722480774","2"
"points25000-sources3","gw","2","100","179070031.7475","179070037.1173","5.3698000013828278","1.417199969291687","2"
"points25000-sources3","gw","2","101","179070037.2344","179070042.76069999","5.5262999832630157","1.416100025177002","2"
"points25000-sources3","gw","2","102","179070042.88510001","179070049.11610001","6.2310000061988831","1.4236000180244446","2"
"points25000-sources3","gw","2","103","179070049.2489","179070054.73089999","5.4819999933242798","1.4296000301837921","2"
"points25000-sources3","gw","2","104","179070054.84779999","179070061.6837","6.8359000086784363","1.4221000373363495","2"
"points25000-sources3","gw","2","105","179070061.82269999","179070066.7313","4.9086000025272369","1.524399995803833","2"
"points25000-sources3","gw","2","106","179070066.86590001","179070072.80500001","5.9390999972820282","1.4131999909877777","2"
"points25000-sources3","gw","2","107","179070072.9285","179070078.8651","5.936599999666214","1.4151000082492828","2"
"points25000-sources3","gw","2","108","179070078.9835","179070083.56999999","4.5864999890327454","1.45169997215271","2"
"points25000-sources3","gw","2","109","179070083.7146","179070089.49219999","5.7775999903678894","1.4232999980449677","2"
"points25000-sources3","gw","2","110","179070089.6169","179070094.00650001","4.38960000872612","1.4574000239372253","2"
"points25000-sources3","gw","2","111","179070094.1223","179070098.55540001","4.4331000149250031","1.4077999889850616","2"
"points25000-sources3","gw","2","112","179070098.6981","179070103.42879999","4.7306999862194061","1.5379000306129456","2"
"points25000-sources3","gw","2","113","179070103.5934","179070109.92640001","6.3330000042915344","1.4368999898433685","2"
"points25000-sources3","gw","2","114","179070110.04519999","179070115.3242","5.2790000140666962","1.4435999989509583","2"
"points25000-sources3","gw","2","115","179070115.48890001","179070122.47240001","6.9835000038146973","1.5053000152111053","2"
"points25000-sources3","gw","2","116","179070122.6006","179070127.412","4.8113999962806702","1.4144000113010406","2"
"points25000-sources3","gw","2","117","179070127.53799999","179070132.0275","4.4895000159740448","1.4036000370979309","2"
"points25000-sources3","gw","2","118","179070132.1424","179070137.7139","5.5715000033378601","1.3970999717712402","2"
"points25000-sources3","gw","2","119","179070137.82359999","179070142.87689999","5.0532999932765961","1.4066999852657318","2"
"points25000-sources3","gw","2","120","179070142.98289999","179070147.90090001","4.9180000126361847","1.4345000088214874","2"
"points25000-sources3","off","2","1","179070194.95359999","179070199.0176","4.0640000104904175","0","0"
"points25000-sources3","off","2","2","179070199.2358","179070202.5361","3.3003000020980835","0","0"
"points25000-sources3","off","2","3","179070202.6699","179070206.02469999","3.3547999858856201","0","0"
"points25000-sources3","off","2","4","179070206.13460001","179070209.53940001","3.4047999978065491","0","0"
"points25000-sources3","off","2","5","179070209.65189999","179070215.3926","5.7407000064849854","0","0"
"points25000-sources3","off","2","6","179070215.5544","179070219.34650001","3.7921000123023987","0","0"
"points25000-sources3","off","2","7","179070219.47589999","179070223.03130001","3.555400013923645","0","0"
"points25000-sources3","off","2","8","179070223.1564","179070226.33930001","3.1829000115394592","0","0"
"points25000-sources3","off","2","9","179070226.44690001","179070230.40450001","3.9575999975204468","0","0"
"points25000-sources3","off","2","10","179070230.51620001","179070233.99680001","3.4805999994277954","0","0"
"points25000-sources3","off","2","11","179070234.12419999","179070237.42899999","3.3048000037670135","0","0"
"points25000-sources3","off","2","12","179070237.54769999","179070240.7137","3.1660000085830688","0","0"
"points25000-sources3","off","2","13","179070240.82229999","179070249.5749","8.7526000142097473","0","0"
"points25000-sources3","off","2","14","179070249.70989999","179070253.0397","3.329800009727478","0","0"
"points25000-sources3","off","2","15","179070253.16339999","179070255.90490001","2.7415000200271606","0","0"
"points25000-sources3","off","2","16","179070256.02959999","179070259.9786","3.9490000009536743","0","0"
"points25000-sources3","off","2","17","179070260.09279999","179070265.02739999","4.9345999956130981","0","0"
"points25000-sources3","off","2","18","179070265.14649999","179070268.48800001","3.3415000140666962","0","0"
"points25000-sources3","off","2","19","179070268.61179999","179070271.7008","3.089000016450882","0","0"
"points25000-sources3","off","2","20","179070271.83160001","179070275.9199","4.0882999897003174","0","0"
"points25000-sources3","off","2","21","179070276.03029999","179070281.71180001","5.6815000176429749","0","0"
"points25000-sources3","off","2","22","179070281.83880001","179070284.72130001","2.8824999928474426","0","0"
"points25000-sources3","off","2","23","179070284.8351","179070288.09209999","3.2569999992847443","0","0"
"points25000-sources3","off","2","24","179070288.204","179070292.35890001","4.1549000144004822","0","0"
"points25000-sources3","off","2","25","179070292.47060001","179070297.00029999","4.529699981212616","0","0"
"points25000-sources3","off","2","26","179070297.11520001","179070300.29069999","3.1754999756813049","0","0"
"points25000-sources3","off","2","27","179070300.4131","179070303.3312","2.9180999994277954","0","0"
"points25000-sources3","off","2","28","179070303.44479999","179070307.41299999","3.9681999981403351","0","0"
"points25000-sources3","off","2","29","179070307.52790001","179070312.1577","4.6297999918460846","0","0"
"points25000-sources3","off","2","30","179070312.2667","179070315.24939999","2.982699990272522","0","0"
"points25000-sources3","off","2","31","179070315.3978","179070318.18630001","2.7885000109672546","0","0"
"points25000-sources3","off","2","32","179070318.29899999","179070321.0239","2.7249000072479248","0","0"
"points25000-sources3","off","2","33","179070321.13139999","179070324.30180001","3.1704000234603882","0","0"
"points25000-sources3","off","2","34","179070324.421","179070327.3484","2.9273999929428101","0","0"
"points25000-sources3","off","2","35","179070327.46509999","179070330.25470001","2.7896000146865845","0","0"
"points25000-sources3","off","2","36","179070330.39140001","179070333.92269999","3.5312999784946442","0","0"
"points25000-sources3","off","2","37","179070334.03690001","179070337.6049","3.5679999887943268","0","0"
"points25000-sources3","off","2","38","179070337.77079999","179070342.71689999","4.9460999965667725","0","0"
"points25000-sources3","off","2","39","179070342.83039999","179070346.22799999","3.397599995136261","0","0"
"points25000-sources3","off","2","40","179070346.33559999","179070350.32139999","3.9857999980449677","0","0"
"points25000-sources3","off","2","41","179070350.4596","179070353.84150001","3.3819000124931335","0","0"
"points25000-sources3","off","2","42","179070353.9612","179070359.53200001","5.5708000063896179","0","0"
"points25000-sources3","off","2","43","179070359.6512","179070363.02649999","3.3752999901771545","0","0"
"points25000-sources3","off","2","44","179070363.1331","179070366.0203","2.8871999979019165","0","0"
"points25000-sources3","off","2","45","179070366.13519999","179070369.7886","3.6534000039100647","0","0"
"points25000-sources3","off","2","46","179070369.94639999","179070373.77610001","3.8297000229358673","0","0"
"points25000-sources3","off","2","47","179070373.9472","179070377.7286","3.7813999950885773","0","0"
"points25000-sources3","off","2","48","179070377.83950001","179070381.43399999","3.5944999754428864","0","0"
"points25000-sources3","off","2","49","179070381.5526","179070385.12220001","3.5696000158786774","0","0"
"points25000-sources3","off","2","50","179070385.23500001","179070388.616","3.3809999823570251","0","0"
"points25000-sources3","off","2","51","179070388.72909999","179070391.3603","2.6312000155448914","0","0"
"points25000-sources3","off","2","52","179070391.47229999","179070394.29339999","2.8210999965667725","0","0"
"points25000-sources3","off","2","53","179070394.40419999","179070397.09450001","2.6903000175952911","0","0"
"points25000-sources3","off","2","54","179070397.2053","179070400.5133","3.3079999983310699","0","0"
"points25000-sources3","off","2","55","179070400.65360001","179070404.8321","4.1784999966621399","0","0"
"points25000-sources3","off","2","56","179070404.9571","179070408.40580001","3.4487000107765198","0","0"
"points25000-sources3","off","2","57","179070408.51719999","179070411.5246","3.0074000060558319","0","0"
"points25000-sources3","off","2","58","179070411.6329","179070415.0968","3.4638999998569489","0","0"
"points25000-sources3","off","2","59","179070415.22240001","179070420.5289","5.3064999878406525","0","0"
"points25000-sources3","off","2","60","179070420.67609999","179070423.98989999","3.3138000071048737","0","0"
"points25000-sources3","off","2","61","179070424.13960001","179070427.40459999","3.2649999856948853","0","0"
"points25000-sources3","off","2","62","179070427.51589999","179070431.25209999","3.7362000048160553","0","0"
"points25000-sources3","off","2","63","179070431.38550001","179070437.227","5.8414999842643738","0","0"
"points25000-sources3","off","2","64","179070437.35659999","179070440.4596","3.1030000150203705","0","0"
"points25000-sources3","off","2","65","179070440.5794","179070444.0293","3.4499000012874603","0","0"
"points25000-sources3","off","2","66","179070444.13789999","179070447.97760001","3.8397000133991241","0","0"
"points25000-sources3","off","2","67","179070448.1365","179070452.02770001","3.8912000060081482","0","0"
"points25000-sources3","off","2","68","179070452.1864","179070455.7281","3.541700005531311","0","0"
"points25000-sources3","off","2","69","179070455.86219999","179070459.04550001","3.1833000183105469","0","0"
"points25000-sources3","off","2","70","179070459.17950001","179070462.0988","2.919299989938736","0","0"
"points25000-sources3","off","2","71","179070462.24090001","179070466.9228","4.6818999946117401","0","0"
"points25000-sources3","off","2","72","179070467.08289999","179070469.82800001","2.7451000213623047","0","0"
"points25000-sources3","off","2","73","179070469.95280001","179070473.0733","3.1204999983310699","0","0"
"points25000-sources3","off","2","74","179070473.18610001","179070476.70829999","3.5221999883651733","0","0"
"points25000-sources3","off","2","75","179070476.81729999","179070482.14919999","5.3319000005722046","0","0"
"points25000-sources3","off","2","76","179070482.2938","179070486.9531","4.6592999994754791","0","0"
"points25000-sources3","off","2","77","179070487.07080001","179070490.1771","3.1062999963760376","0","0"
"points25000-sources3","off","2","78","179070490.2886","179070493.62040001","3.3318000137805939","0","0"
"points25000-sources3","off","2","79","179070493.72510001","179070500.03819999","6.3130999803543091","0","0"
"points25000-sources3","off","2","80","179070500.21200001","179070503.92089999","3.708899974822998","0","0"
"points25000-sources3","off","2","81","179070504.05109999","179070507.13710001","3.0860000252723694","0","0"
"points25000-sources3","off","2","82","179070507.2518","179070510.77000001","3.518200010061264","0","0"
"points25000-sources3","off","2","83","179070510.91010001","179070513.9569","3.0467999875545502","0","0"
"points25000-sources3","off","2","84","179070514.0891","179070518.28740001","4.1983000040054321","0","0"
"points25000-sources3","off","2","85","179070518.4623","179070522.36480001","3.9025000035762787","0","0"
"points25000-sources3","off","2","86","179070522.48359999","179070525.68090001","3.1973000168800354","0","0"
"points25000-sources3","off","2","87","179070525.794","179070530.20359999","4.4095999896526337","0","0"
"points25000-sources3","off","2","88","179070530.32789999","179070534.01589999","3.6879999935626984","0","0"
"points25000-sources3","off","2","89","179070534.13780001","179070537.75729999","3.6194999814033508","0","0"
"points25000-sources3","off","2","90","179070537.89829999","179070540.80450001","2.9062000215053558","0","0"
"points25000-sources3","off","2","91","179070540.9113","179070544.7482","3.836899995803833","0","0"
"points25000-sources3","off","2","92","179070544.8698","179070548.54949999","3.6796999871730804","0","0"
"points25000-sources3","off","2","93","179070548.7252","179070552.09040001","3.365200012922287","0","0"
"points25000-sources3","off","2","94","179070552.21360001","179070555.6868","3.4731999933719635","0","0"
"points25000-sources3","off","2","95","179070555.79879999","179070561.1877","5.3889000117778778","0","0"
"points25000-sources3","off","2","96","179070561.31029999","179070565.4824","4.1721000075340271","0","0"
"points25000-sources3","off","2","97","179070565.61289999","179070568.9885","3.3756000101566315","0","0"
"points25000-sources3","off","2","98","179070569.12470001","179070573.5688","4.4440999925136566","0","0"
"points25000-sources3","off","2","99","179070573.70559999","179070578.4499","4.7443000078201294","0","0"
"points25000-sources3","off","2","100","179070578.5803","179070582.86899999","4.2886999845504761","0","0"
"points25000-sources3","off","2","101","179070583.086","179070586.93560001","3.8496000170707703","0","0"
"points25000-sources3","off","2","102","179070587.0729","179070591.32690001","4.2540000081062317","0","0"
"points25000-sources3","off","2","103","179070591.4497","179070594.43920001","2.9895000159740448","0","0"
"points25000-sources3","off","2","104","179070594.5517","179070597.46790001","2.9162000119686127","0","0"
"points25000-sources3","off","2","105","179070597.59279999","179070600.28600001","2.693200021982193","0","0"
"points25000-sources3","off","2","106","179070600.40650001","179070603.0458","2.6392999887466431","0","0"
"points25000-sources3","off","2","107","179070603.16249999","179070607.27559999","4.113099992275238","0","0"
"points25000-sources3","off","2","108","179070607.38820001","179070610.93290001","3.5446999967098236","0","0"
"points25000-sources3","off","2","109","179070611.0451","179070614.4152","3.3700999915599823","0","0"
"points25000-sources3","off","2","110","179070614.54910001","179070618.70730001","4.1581999957561493","0","0"
"points25000-sources3","off","2","111","179070618.87239999","179070623.7035","4.8311000168323517","0","0"
"points25000-sources3","off","2","112","179070623.82460001","179070627.44670001","3.6220999956130981","0","0"
"points25000-sources3","off","2","113","179070627.5596","179070631.12819999","3.5685999989509583","0","0"
"points25000-sources3","off","2","114","179070631.25319999","179070634.5212","3.2680000066757202","0","0"
"points25000-sources3","off","2","115","179070634.64070001","179070638.79640001","4.1556999981403351","0","0"
"points25000-sources3","off","2","116","179070638.91010001","179070642.49070001","3.5805999934673309","0","0"
"points25000-sources3","off","2","117","179070642.60159999","179070646.65239999","4.0507999956607819","0","0"
"points25000-sources3","off","2","118","179070646.8091","179070650.72979999","3.9206999838352203","0","0"
"points25000-sources3","off","2","119","179070650.86340001","179070655.9779","5.1144999861717224","0","0"
"points25000-sources3","off","2","120","179070656.11750001","179070659.07839999","2.9608999788761139","0","0"
"points25000-sources3","off","3","1","179070706.47369999","179070710.63260001","4.1589000225067139","0","0"
"points25000-sources3","off","3","2","179070710.8062","179070713.96529999","3.1590999960899353","0","0"
"points25000-sources3","off","3","3","179070714.08880001","179070719.8946","5.8057999908924103","0","0"
"points25000-sources3","off","3","4","179070720.0663","179070723.77039999","3.7040999829769135","0","0"
"points25000-sources3","off","3","5","179070723.89829999","179070727.04049999","3.1421999931335449","0","0"
"points25000-sources3","off","3","6","179070727.1564","179070730.42649999","3.2700999975204468","0","0"
"points25000-sources3","off","3","7","179070730.6142","179070733.96380001","3.3496000170707703","0","0"
"points25000-sources3","off","3","8","179070734.07859999","179070736.9267","2.8481000065803528","0","0"
"points25000-sources3","off","3","9","179070737.0379","179070741.03299999","3.9950999915599823","0","0"
"points25000-sources3","off","3","10","179070741.1453","179070743.7764","2.6310999989509583","0","0"
"points25000-sources3","off","3","11","179070743.8867","179070747.7929","3.9061999917030334","0","0"
"points25000-sources3","off","3","12","179070747.9111","179070751.89719999","3.9860999882221222","0","0"
"points25000-sources3","off","3","13","179070752.04300001","179070755.12110001","3.0780999958515167","0","0"
"points25000-sources3","off","3","14","179070755.2437","179070758.7394","3.4957000017166138","0","0"
"points25000-sources3","off","3","15","179070758.88980001","179070762.6618","3.7719999849796295","0","0"
"points25000-sources3","off","3","16","179070762.77849999","179070767.6275","4.8490000069141388","0","0"
"points25000-sources3","off","3","17","179070767.78839999","179070771.6855","3.8971000015735626","0","0"
"points25000-sources3","off","3","18","179070771.80649999","179070774.68329999","2.876800000667572","0","0"
"points25000-sources3","off","3","19","179070774.80880001","179070778.47830001","3.6694999933242798","0","0"
"points25000-sources3","off","3","20","179070778.60089999","179070784.72240001","6.1215000152587891","0","0"
"points25000-sources3","off","3","21","179070784.8822","179070789.29100001","4.4088000059127808","0","0"
"points25000-sources3","off","3","22","179070789.4298","179070792.71419999","3.2843999862670898","0","0"
"points25000-sources3","off","3","23","179070792.8572","179070796.91319999","4.0559999942779541","0","0"
"points25000-sources3","off","3","24","179070797.05880001","179070800.42840001","3.3695999979972839","0","0"
"points25000-sources3","off","3","25","179070800.56959999","179070803.54699999","2.977400004863739","0","0"
"points25000-sources3","off","3","26","179070803.66859999","179070806.44220001","2.7736000120639801","0","0"
"points25000-sources3","off","3","27","179070806.55950001","179070809.3906","2.8310999870300293","0","0"
"points25000-sources3","off","3","28","179070809.5361","179070813.5406","4.0045000016689301","0","0"
"points25000-sources3","off","3","29","179070813.65040001","179070816.54699999","2.8965999782085419","0","0"
"points25000-sources3","off","3","30","179070816.6807","179070821.02500001","4.3443000018596649","0","0"
"points25000-sources3","off","3","31","179070821.13789999","179070824.736","3.5981000065803528","0","0"
"points25000-sources3","off","3","32","179070824.84990001","179070828.96560001","4.1157000064849854","0","0"
"points25000-sources3","off","3","33","179070829.10429999","179070832.52000001","3.4157000184059143","0","0"
"points25000-sources3","off","3","34","179070832.63429999","179070836.56909999","3.934799998998642","0","0"
"points25000-sources3","off","3","35","179070836.67739999","179070839.82910001","3.1517000198364258","0","0"
"points25000-sources3","off","3","36","179070839.9427","179070845.2863","5.3436000049114227","0","0"
"points25000-sources3","off","3","37","179070845.41029999","179070849.01390001","3.603600025177002","0","0"
"points25000-sources3","off","3","38","179070849.14250001","179070853.3928","4.2502999901771545","0","0"
"points25000-sources3","off","3","39","179070853.50920001","179070856.75049999","3.2412999868392944","0","0"
"points25000-sources3","off","3","40","179070856.85839999","179070860.23249999","3.374099999666214","0","0"
"points25000-sources3","off","3","41","179070860.34900001","179070863.68869999","3.3396999835968018","0","0"
"points25000-sources3","off","3","42","179070863.79969999","179070867.04089999","3.2412000000476837","0","0"
"points25000-sources3","off","3","43","179070867.153","179070870.53349999","3.3804999887943268","0","0"
"points25000-sources3","off","3","44","179070870.6435","179070873.7987","3.1552000045776367","0","0"
"points25000-sources3","off","3","45","179070873.9152","179070876.78529999","2.8700999915599823","0","0"
"points25000-sources3","off","3","46","179070876.8994","179070879.64930001","2.7499000132083893","0","0"
"points25000-sources3","off","3","47","179070879.7572","179070882.8071","3.0498999953269958","0","0"
"points25000-sources3","off","3","48","179070882.96259999","179070885.93970001","2.9771000146865845","0","0"
"points25000-sources3","off","3","49","179070886.06369999","179070890.31470001","4.2510000169277191","0","0"
"points25000-sources3","off","3","50","179070890.43419999","179070893.84299999","3.4088000059127808","0","0"
"points25000-sources3","off","3","51","179070893.95629999","179070897.8132","3.8569000065326691","0","0"
"points25000-sources3","off","3","52","179070897.93669999","179070902.26280001","4.3261000216007233","0","0"
"points25000-sources3","off","3","53","179070902.44150001","179070907.38730001","4.9458000063896179","0","0"
"points25000-sources3","off","3","54","179070907.5379","179070911.3748","3.836899995803833","0","0"
"points25000-sources3","off","3","55","179070911.49599999","179070915.66299999","4.1669999957084656","0","0"
"points25000-sources3","off","3","56","179070915.7985","179070922.3326","6.5340999960899353","0","0"
"points25000-sources3","off","3","57","179070922.46849999","179070925.85339999","3.3849000036716461","0","0"
"points25000-sources3","off","3","58","179070925.9677","179070929.00189999","3.034199982881546","0","0"
"points25000-sources3","off","3","59","179070929.11289999","179070931.95120001","2.8383000195026398","0","0"
"points25000-sources3","off","3","60","179070932.06479999","179070937.2647","5.1999000012874603","0","0"
"points25000-sources3","off","3","61","179070937.39140001","179070941.66859999","4.2771999835968018","0","0"
"points25000-sources3","off","3","62","179070941.7863","179070944.53819999","2.7518999874591827","0","0"
"points25000-sources3","off","3","63","179070944.65149999","179070947.57190001","2.9204000234603882","0","0"
"points25000-sources3","off","3","64","179070947.69440001","179070950.76190001","3.0674999952316284","0","0"
"points25000-sources3","off","3","65","179070950.88100001","179070954.38999999","3.5089999735355377","0","0"
"points25000-sources3","off","3","66","179070954.49950001","179070957.29370001","2.7942000031471252","0","0"
"points25000-sources3","off","3","67","179070957.41280001","179070959.90970001","2.4968999922275543","0","0"
"points25000-sources3","off","3","68","179070960.01480001","179070963.8486","3.8337999880313873","0","0"
"points25000-sources3","off","3","69","179070963.96529999","179070968.96309999","4.9977999925613403","0","0"
"points25000-sources3","off","3","70","179070969.08930001","179070972.77689999","3.6875999867916107","0","0"
"points25000-sources3","off","3","71","179070972.891","179070976.36700001","3.4760000109672546","0","0"
"points25000-sources3","off","3","72","179070976.47549999","179070980.72229999","4.2468000054359436","0","0"
"points25000-sources3","off","3","73","179070980.9057","179070986.6575","5.751800000667572","0","0"
"points25000-sources3","off","3","74","179070986.81799999","179070990.22240001","3.4044000208377838","0","0"
"points25000-sources3","off","3","75","179070990.34290001","179070993.11849999","2.7755999863147736","0","0"
"points25000-sources3","off","3","76","179070993.2238","179070997.5167","4.2928999960422516","0","0"
"points25000-sources3","off","3","77","179070997.63069999","179071003.2617","5.6310000121593475","0","0"
"points25000-sources3","off","3","78","179071003.43340001","179071007.52270001","4.0893000066280365","0","0"
"points25000-sources3","off","3","79","179071007.63240001","179071010.85210001","3.2197000086307526","0","0"
"points25000-sources3","off","3","80","179071010.95950001","179071015.255","4.2954999804496765","0","0"
"points25000-sources3","off","3","81","179071015.4104","179071018.56079999","3.1503999829292297","0","0"
"points25000-sources3","off","3","82","179071018.68130001","179071021.69670001","3.0153999924659729","0","0"
"points25000-sources3","off","3","83","179071021.81310001","179071024.61919999","2.8060999810695648","0","0"
"points25000-sources3","off","3","84","179071024.729","179071027.52900001","2.800000011920929","0","0"
"points25000-sources3","off","3","85","179071027.63789999","179071030.19310001","2.5552000105381012","0","0"
"points25000-sources3","off","3","86","179071030.30540001","179071033.7834","3.4779999852180481","0","0"
"points25000-sources3","off","3","87","179071033.95089999","179071037.4122","3.4613000154495239","0","0"
"points25000-sources3","off","3","88","179071037.52090001","179071040.56040001","3.0394999980926514","0","0"
"points25000-sources3","off","3","89","179071040.66780001","179071044.75870001","4.0909000039100647","0","0"
"points25000-sources3","off","3","90","179071044.86539999","179071050.32080001","5.4554000198841095","0","0"
"points25000-sources3","off","3","91","179071050.4542","179071054.044","3.5898000001907349","0","0"
"points25000-sources3","off","3","92","179071054.18880001","179071057.817","3.6281999945640564","0","0"
"points25000-sources3","off","3","93","179071057.9305","179071063.01480001","5.0843000113964081","0","0"
"points25000-sources3","off","3","94","179071063.12689999","179071066.49129999","3.3643999993801117","0","0"
"points25000-sources3","off","3","95","179071066.62650001","179071070.25229999","3.6257999837398529","0","0"
"points25000-sources3","off","3","96","179071070.37400001","179071073.33950001","2.9654999971389771","0","0"
"points25000-sources3","off","3","97","179071073.45039999","179071076.9201","3.4697000086307526","0","0"
"points25000-sources3","off","3","98","179071077.03080001","179071080.44100001","3.4101999998092651","0","0"
"points25000-sources3","off","3","99","179071080.55230001","179071083.76350001","3.2111999988555908","0","0"
"points25000-sources3","off","3","100","179071083.89070001","179071086.65079999","2.7600999772548676","0","0"
"points25000-sources3","off","3","101","179071086.76789999","179071089.60190001","2.8340000212192535","0","0"
"points25000-sources3","off","3","102","179071089.71650001","179071093.43759999","3.7210999727249146","0","0"
"points25000-sources3","off","3","103","179071093.56029999","179071096.2597","2.699400007724762","0","0"
"points25000-sources3","off","3","104","179071096.37290001","179071099.1895","2.8165999948978424","0","0"
"points25000-sources3","off","3","105","179071099.31650001","179071102.95989999","3.6433999836444855","0","0"
"points25000-sources3","off","3","106","179071103.08270001","179071107.28999999","4.2072999775409698","0","0"
"points25000-sources3","off","3","107","179071107.40599999","179071112.64660001","5.2406000196933746","0","0"
"points25000-sources3","off","3","108","179071112.7604","179071116.74720001","3.9868000149726868","0","0"
"points25000-sources3","off","3","109","179071116.88999999","179071119.89610001","3.0061000287532806","0","0"
"points25000-sources3","off","3","110","179071120.0226","179071123.5483","3.5257000029087067","0","0"
"points25000-sources3","off","3","111","179071123.66769999","179071126.77039999","3.1026999950408936","0","0"
"points25000-sources3","off","3","112","179071126.9183","179071130.4386","3.5203000009059906","0","0"
"points25000-sources3","off","3","113","179071130.55399999","179071133.47310001","2.9191000163555145","0","0"
"points25000-sources3","off","3","114","179071133.59599999","179071137.38820001","3.7922000288963318","0","0"
"points25000-sources3","off","3","115","179071137.5133","179071142.8312","5.3179000020027161","0","0"
"points25000-sources3","off","3","116","179071142.9684","179071146.4795","3.5110999941825867","0","0"
"points25000-sources3","off","3","117","179071146.588","179071149.97119999","3.3831999897956848","0","0"
"points25000-sources3","off","3","118","179071150.10530001","179071153.2462","3.1408999860286713","0","0"
"points25000-sources3","off","3","119","179071153.3646","179071157.49070001","4.1261000037193298","0","0"
"points25000-sources3","off","3","120","179071157.60530001","179071160.35440001","2.749099999666214","0","0"
"points25000-sources3","gw","3","1","179071229.19600001","179071236.877","7.6809999942779541","1.4329000115394592","2"
"points25000-sources3","gw","3","2","179071237.0535","179071242.15650001","5.1030000150203705","1.4115999639034271","2"
"points25000-sources3","gw","3","3","179071242.3008","179071247.0587","4.7578999996185303","1.4081000089645386","2"
"points25000-sources3","gw","3","4","179071247.19960001","179071252.16639999","4.9667999744415283","1.4772000014781952","2"
"points25000-sources3","gw","3","5","179071252.30809999","179071256.70950001","4.4014000296592712","1.416700005531311","2"
"points25000-sources3","gw","3","6","179071256.8276","179071260.97009999","4.1424999833106995","1.4742000102996826","2"
"points25000-sources3","gw","3","7","179071261.09349999","179071266.82120001","5.7277000248432159","1.4162000119686127","2"
"points25000-sources3","gw","3","8","179071266.94510001","179071271.59029999","4.6451999843120575","1.4121999740600586","2"
"points25000-sources3","gw","3","9","179071271.70570001","179071277.12869999","5.4229999780654907","1.3985000252723694","2"
"points25000-sources3","gw","3","10","179071277.24309999","179071283.8768","6.6337000131607056","1.5485000014305115","2"
"points25000-sources3","gw","3","11","179071284.0124","179071289.97749999","5.9650999903678894","1.4311000108718872","2"
"points25000-sources3","gw","3","12","179071290.09630001","179071295.39050001","5.2942000031471252","1.3976000249385834","2"
"points25000-sources3","gw","3","13","179071295.50929999","179071302.68059999","7.1712999939918518","1.4334000051021576","2"
"points25000-sources3","gw","3","14","179071302.81259999","179071307.67289999","4.8603000044822693","1.3993000090122223","2"
"points25000-sources3","gw","3","15","179071307.8292","179071312.9655","5.1362999975681305","1.4356000125408173","2"
"points25000-sources3","gw","3","16","179071313.09279999","179071317.7667","4.6739000082015991","1.4197999835014343","2"
"points25000-sources3","gw","3","17","179071317.8987","179071322.69229999","4.7935999929904938","1.416100025177002","2"
"points25000-sources3","gw","3","18","179071322.83489999","179071329.17989999","6.3449999988079071","1.4954999983310699","2"
"points25000-sources3","gw","3","19","179071329.30219999","179071335.05630001","5.7541000247001648","1.4797000288963318","2"
"points25000-sources3","gw","3","20","179071335.17590001","179071340.22260001","5.0467000007629395","1.4441999793052673","2"
"points25000-sources3","gw","3","21","179071340.33759999","179071345.1613","4.8237000107765198","1.4153000116348267","2"
"points25000-sources3","gw","3","22","179071345.27500001","179071349.98890001","4.7138999998569489","1.4129000008106232","2"
"points25000-sources3","gw","3","23","179071350.1223","179071354.27059999","4.1482999920845032","1.4371999800205231","2"
"points25000-sources3","gw","3","24","179071354.3874","179071360.0984","5.710999995470047","1.4120999872684479","2"
"points25000-sources3","gw","3","25","179071360.2148","179071364.87400001","4.6592000126838684","1.4332999885082245","2"
"points25000-sources3","gw","3","26","179071365.0011","179071369.50459999","4.5034999847412109","1.4089000225067139","2"
"points25000-sources3","gw","3","27","179071369.63960001","179071375.64660001","6.0069999992847443","1.4158999621868134","2"
"points25000-sources3","gw","3","28","179071375.76159999","179071380.7631","5.0015000104904175","1.4137999713420868","2"
"points25000-sources3","gw","3","29","179071380.9082","179071385.64820001","4.7400000095367432","1.4504999816417694","2"
"points25000-sources3","gw","3","30","179071385.7638","179071391.8637","6.0999000072479248","1.4108999669551849","2"
"points25000-sources3","gw","3","31","179071391.97710001","179071397.61480001","5.6376999914646149","1.4375","2"
"points25000-sources3","gw","3","32","179071397.745","179071403.01519999","5.2701999843120575","1.5004999935626984","2"
"points25000-sources3","gw","3","33","179071403.14899999","179071409.36590001","6.2169000208377838","1.4117999970912933","2"
"points25000-sources3","gw","3","34","179071409.4851","179071415.1649","5.6798000037670135","1.4258999824523926","2"
"points25000-sources3","gw","3","35","179071415.30250001","179071422.8039","7.5013999938964844","1.6698000133037567","2"
"points25000-sources3","gw","3","36","179071422.97170001","179071429.06959999","6.0978999733924866","1.5641000270843506","2"
"points25000-sources3","gw","3","37","179071429.2101","179071434.32589999","5.1157999932765961","1.4852000176906586","2"
"points25000-sources3","gw","3","38","179071434.4756","179071439.45039999","4.9747999906539917","1.4070000052452087","2"
"points25000-sources3","gw","3","39","179071439.58059999","179071443.86230001","4.2817000150680542","1.4201000034809113","2"
"points25000-sources3","gw","3","40","179071444.0088","179071448.30849999","4.299699991941452","1.4147999882698059","2"
"points25000-sources3","gw","3","41","179071448.42719999","179071454.05309999","5.625900000333786","1.4117000102996826","2"
"points25000-sources3","gw","3","42","179071454.1812","179071458.60620001","4.425000011920929","1.4274000227451324","2"
"points25000-sources3","gw","3","43","179071458.7265","179071464.2509","5.524399995803833","1.4199999868869781","2"
"points25000-sources3","gw","3","44","179071464.3626","179071471.26969999","6.9070999920368195","1.4387000203132629","2"
"points25000-sources3","gw","3","45","179071471.42030001","179071476.9242","5.5038999915122986","1.4319000244140625","2"
"points25000-sources3","gw","3","46","179071477.0575","179071482.6248","5.5672999918460846","1.4259999990463257","2"
"points25000-sources3","gw","3","47","179071482.7692","179071489.36809999","6.5988999903202057","1.4492000341415405","2"
"points25000-sources3","gw","3","48","179071489.5587","179071495.16","5.6013000011444092","1.4168000221252441","2"
"points25000-sources3","gw","3","49","179071495.26949999","179071501.68200001","6.4125000238418579","1.4444000124931335","2"
"points25000-sources3","gw","3","50","179071501.8233","179071507.45919999","5.6358999907970428","1.4159999787807465","2"
"points25000-sources3","gw","3","51","179071507.59330001","179071513.7687","6.1753999888896942","1.4160999953746796","2"
"points25000-sources3","gw","3","52","179071513.89379999","179071520.9165","7.0227000117301941","1.4309999942779541","2"
"points25000-sources3","gw","3","53","179071521.058","179071526.58629999","5.5282999873161316","1.4226999878883362","2"
"points25000-sources3","gw","3","54","179071526.70660001","179071531.75099999","5.0443999767303467","1.4196000099182129","2"
"points25000-sources3","gw","3","55","179071531.88479999","179071536.26730001","4.382500022649765","1.4808000326156616","2"
"points25000-sources3","gw","3","56","179071536.4095","179071540.7322","4.3226999938488007","1.4385000169277191","2"
"points25000-sources3","gw","3","57","179071540.84169999","179071546.44350001","5.6018000245094299","1.4907000064849854","2"
"points25000-sources3","gw","3","58","179071546.55829999","179071551.2428","4.6845000088214874","1.5349999964237213","2"
"points25000-sources3","gw","3","59","179071551.38280001","179071556.67930001","5.2964999973773956","1.4594000279903412","2"
"points25000-sources3","gw","3","60","179071556.8213","179071562.8161","5.9948000013828278","1.4230000078678131","2"
"points25000-sources3","gw","3","61","179071562.95199999","179071568.3303","5.3783000111579895","1.429999977350235","2"
"points25000-sources3","gw","3","62","179071568.4664","179071574.00490001","5.5385000109672546","1.6001000106334686","2"
"points25000-sources3","gw","3","63","179071574.13949999","179071581.05399999","6.9144999980926514","1.4244000017642975","2"
"points25000-sources3","gw","3","64","179071581.1882","179071586.16850001","4.9803000092506409","1.4458000361919403","2"
"points25000-sources3","gw","3","65","179071586.29960001","179071592.37549999","6.0758999884128571","1.516400009393692","2"
"points25000-sources3","gw","3","66","179071592.49559999","179071597.45249999","4.9569000005722046","1.4829999804496765","2"
"points25000-sources3","gw","3","67","179071597.57449999","179071602.72729999","5.1527999937534332","1.4615000188350677","2"
"points25000-sources3","gw","3","68","179071602.84299999","179071609.10640001","6.2634000182151794","1.4036000072956085","2"
"points25000-sources3","gw","3","69","179071609.23030001","179071614.24160001","5.0112999975681305","1.4569000005722046","2"
"points25000-sources3","gw","3","70","179071614.3603","179071619.37540001","5.0151000022888184","1.4372999966144562","2"
"points25000-sources3","gw","3","71","179071619.50009999","179071625.85550001","6.355400025844574","1.4776000380516052","2"
"points25000-sources3","gw","3","72","179071625.97260001","179071630.32659999","4.3539999723434448","1.4446999728679657","2"
"points25000-sources3","gw","3","73","179071630.47620001","179071635.3062","4.8299999833106995","1.6089000105857849","2"
"points25000-sources3","gw","3","74","179071635.5494","179071640.35120001","4.801800012588501","1.4851000010967255","2"
"points25000-sources3","gw","3","75","179071640.47130001","179071645.00319999","4.5318999886512756","1.4341999888420105","2"
"points25000-sources3","gw","3","76","179071645.11629999","179071649.3576","4.2413000166416168","1.4366999864578247","2"
"points25000-sources3","gw","3","77","179071649.47909999","179071654.87029999","5.3912000060081482","1.4018000066280365","2"
"points25000-sources3","gw","3","78","179071654.99900001","179071659.94620001","4.9472000002861023","1.4199000000953674","2"
"points25000-sources3","gw","3","79","179071660.05970001","179071665.4594","5.3996999859809875","1.4467000067234039","2"
"points25000-sources3","gw","3","80","179071665.5839","179071672.79769999","7.2137999832630157","1.4351000189781189","2"
"points25000-sources3","gw","3","81","179071672.9271","179071677.44549999","4.5183999836444855","1.4124999940395355","2"
"points25000-sources3","gw","3","82","179071677.58270001","179071682.3827","4.7999999821186066","1.4129000008106232","2"
"points25000-sources3","gw","3","83","179071682.51550001","179071688.2739","5.7583999931812286","1.4706000089645386","2"
"points25000-sources3","gw","3","84","179071688.41639999","179071693.5573","5.1409000158309937","1.4110999703407288","2"
"points25000-sources3","gw","3","85","179071693.68619999","179071698.60139999","4.9151999950408936","1.4097999930381775","2"
"points25000-sources3","gw","3","86","179071698.7401","179071706.01820001","7.2781000137329102","1.4530999958515167","2"
"points25000-sources3","gw","3","87","179071706.1593","179071711.20390001","5.0446000099182129","1.406499981880188","2"
"points25000-sources3","gw","3","88","179071711.3371","179071716.98890001","5.6518000066280365","1.4147000014781952","2"
"points25000-sources3","gw","3","89","179071717.1397","179071722.0117","4.8720000088214874","1.4430999755859375","2"
"points25000-sources3","gw","3","90","179071722.12799999","179071726.8576","4.7296000123023987","1.4176999926567078","2"
"points25000-sources3","gw","3","91","179071726.9677","179071731.83840001","4.8707000017166138","1.4539999961853027","2"
"points25000-sources3","gw","3","92","179071731.98050001","179071737.8328","5.8522999882698059","1.4311999976634979","2"
"points25000-sources3","gw","3","93","179071737.95469999","179071742.16069999","4.2060000002384186","1.4061000049114227","2"
"points25000-sources3","gw","3","94","179071742.27970001","179071746.49509999","4.2153999805450439","1.528300017118454","2"
"points25000-sources3","gw","3","95","179071746.60710001","179071753.6275","7.0203999876976013","1.4375999867916107","2"
"points25000-sources3","gw","3","96","179071753.7999","179071759.15040001","5.3505000174045563","1.4589000046253204","2"
"points25000-sources3","gw","3","97","179071759.28439999","179071764.4443","5.1599000096321106","1.4746999740600586","2"
"points25000-sources3","gw","3","98","179071764.5977","179071769.958","5.3603000044822693","1.4528999924659729","2"
"points25000-sources3","gw","3","99","179071770.08570001","179071775.29620001","5.2105000019073486","1.4057999849319458","2"
"points25000-sources3","gw","3","100","179071775.42629999","179071782.9542","7.5279000103473663","1.4172999858856201","2"
"points25000-sources3","gw","3","101","179071783.1144","179071787.98570001","4.8713000118732452","1.4007999897003174","2"
"points25000-sources3","gw","3","102","179071788.13780001","179071793.19960001","5.0618000030517578","1.4199999868869781","2"
"points25000-sources3","gw","3","103","179071793.30989999","179071799.88389999","6.5740000009536743","1.4361999928951263","2"
"points25000-sources3","gw","3","104","179071800.0381","179071805.0124","4.9742999970912933","1.428199976682663","2"
"points25000-sources3","gw","3","105","179071805.1275","179071809.93599999","4.8084999918937683","1.4097999930381775","2"
"points25000-sources3","gw","3","106","179071810.04960001","179071816.82659999","6.7769999802112579","1.4384000301361084","2"
"points25000-sources3","gw","3","107","179071816.97099999","179071821.86719999","4.8962000012397766","1.4391999840736389","2"
"points25000-sources3","gw","3","108","179071821.99919999","179071826.59150001","4.5923000276088715","1.4070999920368195","2"
"points25000-sources3","gw","3","109","179071826.71250001","179071831.8405","5.1279999911785126","1.4749000072479248","2"
"points25000-sources3","gw","3","110","179071832.02090001","179071836.66080001","4.6398999989032745","1.470300018787384","2"
"points25000-sources3","gw","3","111","179071836.8152","179071841.55410001","4.7389000058174133","1.4412999749183655","2"
"points25000-sources3","gw","3","112","179071841.6884","179071847.87419999","6.1857999861240387","1.5467000305652618","2"
"points25000-sources3","gw","3","113","179071848.0196","179071853.21869999","5.199099987745285","1.4104999899864197","2"
"points25000-sources3","gw","3","114","179071853.3504","179071859.07870001","5.728300005197525","1.4086000025272369","2"
"points25000-sources3","gw","3","115","179071859.21270001","179071865.50029999","6.2875999808311462","1.4553000032901764","2"
"points25000-sources3","gw","3","116","179071865.62540001","179071870.2493","4.6238999962806702","1.4323000013828278","2"
"points25000-sources3","gw","3","117","179071870.37200001","179071876.78330001","6.411300003528595","1.442300021648407","2"
"points25000-sources3","gw","3","118","179071876.9233","179071881.83289999","4.9095999896526337","1.4030999839305878","2"
"points25000-sources3","gw","3","119","179071881.96290001","179071887.18689999","5.2239999771118164","1.4352999925613403","2"
"points25000-sources3","gw","3","120","179071887.30860001","179071893.47960001","6.1710000038146973","1.4301000237464905","2"
"points25000-sources3","retained","3","1","179071947.0352","179071950.94949999","3.9142999947071075","0","0"
"points25000-sources3","retained","3","2","179071951.12869999","179071956.02419999","4.8955000042915344","0","0"
"points25000-sources3","retained","3","3","179071956.1541","179071959.78240001","3.6283000111579895","0","0"
"points25000-sources3","retained","3","4","179071959.9003","179071963.5623","3.6620000004768372","0","0"
"points25000-sources3","retained","3","5","179071963.685","179071968.97060001","5.2856000065803528","0","0"
"points25000-sources3","retained","3","6","179071969.12419999","179071973.9061","4.781900018453598","0","0"
"points25000-sources3","retained","3","7","179071974.035","179071977.22589999","3.1908999979496002","0","0"
"points25000-sources3","retained","3","8","179071977.34310001","179071980.70449999","3.3613999783992767","0","0"
"points25000-sources3","retained","3","9","179071980.8339","179071985.06420001","4.2303000092506409","0","0"
"points25000-sources3","retained","3","10","179071985.19929999","179071988.28749999","3.0882000029087067","0","0"
"points25000-sources3","retained","3","11","179071988.405","179071991.11059999","2.7055999934673309","0","0"
"points25000-sources3","retained","3","12","179071991.22499999","179071994.09240001","2.8674000203609467","0","0"
"points25000-sources3","retained","3","13","179071994.1999","179071997.04960001","2.849700003862381","0","0"
"points25000-sources3","retained","3","14","179071997.23269999","179072003.07339999","5.8407000005245209","0","0"
"points25000-sources3","retained","3","15","179072003.20829999","179072007.28369999","4.0753999948501587","0","0"
"points25000-sources3","retained","3","16","179072007.40059999","179072010.7687","3.3681000173091888","0","0"
"points25000-sources3","retained","3","17","179072010.9073","179072015.44260001","4.5353000164031982","0","0"
"points25000-sources3","retained","3","18","179072015.59380001","179072019.59560001","4.001800000667572","0","0"
"points25000-sources3","retained","3","19","179072019.72549999","179072023.34639999","3.6209000051021576","0","0"
"points25000-sources3","retained","3","20","179072023.46180001","179072026.65419999","3.1923999786376953","0","0"
"points25000-sources3","retained","3","21","179072026.76320001","179072030.4244","3.6611999869346619","0","0"
"points25000-sources3","retained","3","22","179072030.53729999","179072035.81479999","5.2775000035762787","0","0"
"points25000-sources3","retained","3","23","179072035.93610001","179072039.43810001","3.5020000040531158","0","0"
"points25000-sources3","retained","3","24","179072039.5661","179072042.81119999","3.2450999915599823","0","0"
"points25000-sources3","retained","3","25","179072042.92129999","179072046.9111","3.9898000061511993","0","0"
"points25000-sources3","retained","3","26","179072047.03420001","179072052.4727","5.4384999871253967","0","0"
"points25000-sources3","retained","3","27","179072052.65669999","179072056.6839","4.0272000133991241","0","0"
"points25000-sources3","retained","3","28","179072056.85440001","179072060.0508","3.196399986743927","0","0"
"points25000-sources3","retained","3","29","179072060.17469999","179072064.76190001","4.5872000157833099","0","0"
"points25000-sources3","retained","3","30","179072064.89320001","179072067.9892","3.0959999859333038","0","0"
"points25000-sources3","retained","3","31","179072068.16999999","179072071.00220001","2.8322000205516815","0","0"
"points25000-sources3","retained","3","32","179072071.11809999","179072073.79710001","2.6790000200271606","0","0"
"points25000-sources3","retained","3","33","179072073.9059","179072078.11860001","4.2127000093460083","0","0"
"points25000-sources3","retained","3","34","179072078.2322","179072083.48410001","5.2519000172615051","0","0"
"points25000-sources3","retained","3","35","179072083.6419","179072087.3969","3.7549999952316284","0","0"
"points25000-sources3","retained","3","36","179072087.52360001","179072091.10690001","3.583299994468689","0","0"
"points25000-sources3","retained","3","37","179072091.2182","179072095.87900001","4.6608000099658966","0","0"
"points25000-sources3","retained","3","38","179072095.98800001","179072100.42269999","4.4346999824047089","0","0"
"points25000-sources3","retained","3","39","179072100.55430001","179072104.3303","3.7759999930858612","0","0"
"points25000-sources3","retained","3","40","179072104.47260001","179072108.0036","3.5309999883174896","0","0"
"points25000-sources3","retained","3","41","179072108.11379999","179072112.79840001","4.6846000254154205","0","0"
"points25000-sources3","retained","3","42","179072112.90380001","179072117.54699999","4.6431999802589417","0","0"
"points25000-sources3","retained","3","43","179072117.67789999","179072121.3761","3.6982000172138214","0","0"
"points25000-sources3","retained","3","44","179072121.52070001","179072125.1864","3.6656999886035919","0","0"
"points25000-sources3","retained","3","45","179072125.29730001","179072129.42390001","4.1265999972820282","0","0"
"points25000-sources3","retained","3","46","179072129.53749999","179072132.7067","3.1692000031471252","0","0"
"points25000-sources3","retained","3","47","179072132.8231","179072135.7315","2.9083999991416931","0","0"
"points25000-sources3","retained","3","48","179072135.84470001","179072138.60299999","2.7582999765872955","0","0"
"points25000-sources3","retained","3","49","179072138.71039999","179072142.55610001","3.8457000255584717","0","0"
"points25000-sources3","retained","3","50","179072142.67019999","179072146.19819999","3.5279999971389771","0","0"
"points25000-sources3","retained","3","51","179072146.30860001","179072150.7304","4.4217999875545502","0","0"
"points25000-sources3","retained","3","52","179072150.89930001","179072154.59760001","3.6983000040054321","0","0"
"points25000-sources3","retained","3","53","179072154.70969999","179072159.89660001","5.1869000196456909","0","0"
"points25000-sources3","retained","3","54","179072160.01120001","179072164.16029999","4.1490999758243561","0","0"
"points25000-sources3","retained","3","55","179072164.28400001","179072168.10769999","3.8236999809741974","0","0"
"points25000-sources3","retained","3","56","179072168.22299999","179072172.43619999","4.2132000029087067","0","0"
"points25000-sources3","retained","3","57","179072172.54949999","179072177.0747","4.5252000093460083","0","0"
"points25000-sources3","retained","3","58","179072177.19010001","179072181.7405","4.5503999888896942","0","0"
"points25000-sources3","retained","3","59","179072181.86899999","179072185.50440001","3.6354000270366669","0","0"
"points25000-sources3","retained","3","60","179072185.62220001","179072190.8003","5.1780999898910522","0","0"
"points25000-sources3","retained","3","61","179072190.92899999","179072194.3028","3.3738000094890594","0","0"
"points25000-sources3","retained","3","62","179072194.42219999","179072197.35139999","2.9291999936103821","0","0"
"points25000-sources3","retained","3","63","179072197.46810001","179072200.7344","3.2662999927997589","0","0"
"points25000-sources3","retained","3","64","179072200.85420001","179072204.55399999","3.6997999846935272","0","0"
"points25000-sources3","retained","3","65","179072204.66549999","179072207.41139999","2.7459000051021576","0","0"
"points25000-sources3","retained","3","66","179072207.51890001","179072210.2049","2.6859999895095825","0","0"
"points25000-sources3","retained","3","67","179072210.31060001","179072213.7272","3.4165999889373779","0","0"
"points25000-sources3","retained","3","68","179072213.83880001","179072218.26660001","4.4277999997138977","0","0"
"points25000-sources3","retained","3","69","179072218.40970001","179072223.61449999","5.2047999799251556","0","0"
"points25000-sources3","retained","3","70","179072223.74000001","179072227.1304","3.3903999924659729","0","0"
"points25000-sources3","retained","3","71","179072227.2455","179072230.9192","3.6737000048160553","0","0"
"points25000-sources3","retained","3","72","179072231.03569999","179072235.04899999","4.0133000016212463","0","0"
"points25000-sources3","retained","3","73","179072235.1663","179072239.70739999","4.5410999953746796","0","0"
"points25000-sources3","retained","3","74","179072239.81729999","179072243.40459999","3.5873000025749207","0","0"
"points25000-sources3","retained","3","75","179072243.51629999","179072247.22580001","3.7095000147819519","0","0"
"points25000-sources3","retained","3","76","179072247.33809999","179072252.3669","5.0288000106811523","0","0"
"points25000-sources3","retained","3","77","179072252.49399999","179072255.9156","3.4216000139713287","0","0"
"points25000-sources3","retained","3","78","179072256.0248","179072259.6494","3.6245999932289124","0","0"
"points25000-sources3","retained","3","79","179072259.7658","179072263.06720001","3.3014000058174133","0","0"
"points25000-sources3","retained","3","80","179072263.19769999","179072267.6525","4.454800009727478","0","0"
"points25000-sources3","retained","3","81","179072267.785","179072270.89140001","3.1064000129699707","0","0"
"points25000-sources3","retained","3","82","179072271.01190001","179072273.9325","2.9205999970436096","0","0"
"points25000-sources3","retained","3","83","179072274.04449999","179072277.2753","3.2308000028133392","0","0"
"points25000-sources3","retained","3","84","179072277.3811","179072280.33570001","2.9546000063419342","0","0"
"points25000-sources3","retained","3","85","179072280.45019999","179072285.14430001","4.694100022315979","0","0"
"points25000-sources3","retained","3","86","179072285.2782","179072288.71950001","3.4413000047206879","0","0"
"points25000-sources3","retained","3","87","179072288.83019999","179072293.0138","4.1836000084877014","0","0"
"points25000-sources3","retained","3","88","179072293.1374","179072297.33149999","4.1940999925136566","0","0"
"points25000-sources3","retained","3","89","179072297.54820001","179072303.1074","5.5591999888420105","0","0"
"points25000-sources3","retained","3","90","179072303.243","179072307.1309","3.8878999948501587","0","0"
"points25000-sources3","retained","3","91","179072307.25740001","179072311.0907","3.833299994468689","0","0"
"points25000-sources3","retained","3","92","179072311.19620001","179072317.03850001","5.8422999978065491","0","0"
"points25000-sources3","retained","3","93","179072317.1814","179072320.5587","3.3772999942302704","0","0"
"points25000-sources3","retained","3","94","179072320.67910001","179072324.21669999","3.5375999808311462","0","0"
"points25000-sources3","retained","3","95","179072324.32589999","179072327.58809999","3.2621999979019165","0","0"
"points25000-sources3","retained","3","96","179072327.77759999","179072331.64140001","3.8638000190258026","0","0"
"points25000-sources3","retained","3","97","179072331.76019999","179072334.53600001","2.7758000195026398","0","0"
"points25000-sources3","retained","3","98","179072334.65020001","179072337.40239999","2.7521999776363373","0","0"
"points25000-sources3","retained","3","99","179072337.5104","179072340.59549999","3.085099995136261","0","0"
"points25000-sources3","retained","3","100","179072340.70289999","179072343.55770001","2.8548000156879425","0","0"
"points25000-sources3","retained","3","101","179072343.6631","179072347.81","4.1468999981880188","0","0"
"points25000-sources3","retained","3","102","179072347.926","179072351.45159999","3.5255999863147736","0","0"
"points25000-sources3","retained","3","103","179072351.56909999","179072354.33930001","2.7702000141143799","0","0"
"points25000-sources3","retained","3","104","179072354.4515","179072357.55379999","3.1022999882698059","0","0"
"points25000-sources3","retained","3","105","179072357.6647","179072360.56850001","2.9038000106811523","0","0"
"points25000-sources3","retained","3","106","179072360.6812","179072363.56529999","2.8840999901294708","0","0"
"points25000-sources3","retained","3","107","179072363.6785","179072366.5293","2.8508000075817108","0","0"
"points25000-sources3","retained","3","108","179072366.65149999","179072369.55270001","2.9012000262737274","0","0"
"points25000-sources3","retained","3","109","179072369.68309999","179072372.47189999","2.7888000011444092","0","0"
"points25000-sources3","retained","3","110","179072372.5781","179072375.66440001","3.0863000154495239","0","0"
"points25000-sources3","retained","3","111","179072375.78189999","179072379.97799999","4.1960999965667725","0","0"
"points25000-sources3","retained","3","112","179072380.1293","179072383.30579999","3.176499992609024","0","0"
"points25000-sources3","retained","3","113","179072383.44870001","179072386.36109999","2.9123999774456024","0","0"
"points25000-sources3","retained","3","114","179072386.47979999","179072389.47530001","2.9955000281333923","0","0"
"points25000-sources3","retained","3","115","179072389.58790001","179072392.8168","3.2288999855518341","0","0"
"points25000-sources3","retained","3","116","179072392.92879999","179072395.83469999","2.9059000015258789","0","0"
"points25000-sources3","retained","3","117","179072395.95179999","179072399.17480001","3.2230000197887421","0","0"
"points25000-sources3","retained","3","118","179072399.3071","179072402.26530001","2.9582000076770782","0","0"
"points25000-sources3","retained","3","119","179072402.40799999","179072406.74610001","4.3381000161170959","0","0"
"points25000-sources3","retained","3","120","179072406.86300001","179072409.77160001","2.9086000025272369","0","0"
