case,arm,repeat,frame,begin_qpc_ms,end_qpc_ms,step_ms,callback_ms,callback_calls
"points250000-sources3","off","1","1","179080827.2159","179080830.63890001","3.4230000078678131","0","0"
"points250000-sources3","off","1","2","179080830.85600001","179080834.96079999","4.1047999858856201","0","0"
"points250000-sources3","off","1","3","179080835.12580001","179080839.61680001","4.4909999966621399","0","0"
"points250000-sources3","off","1","4","179080839.76359999","179080843.05019999","3.2865999937057495","0","0"
"points250000-sources3","off","1","5","179080843.2101","179080846.42930001","3.2192000150680542","0","0"
"points250000-sources3","off","1","6","179080846.59959999","179080850.39489999","3.7953000068664551","0","0"
"points250000-sources3","off","1","7","179080850.9948","179080855.31639999","4.3215999901294708","0","0"
"points250000-sources3","off","1","8","179080855.4501","179080858.0451","2.5949999988079071","0","0"
"points250000-sources3","off","1","9","179080858.1715","179080861.11039999","2.9388999938964844","0","0"
"points250000-sources3","off","1","10","179080861.23359999","179080864.07800001","2.844400018453598","0","0"
"points250000-sources3","off","1","11","179080864.19839999","179080868.44299999","4.2445999979972839","0","0"
"points250000-sources3","off","1","12","179080868.58000001","179080872.088","3.507999986410141","0","0"
"points250000-sources3","off","1","13","179080872.20910001","179080875.22850001","3.0194000005722046","0","0"
"points250000-sources3","off","1","14","179080875.36000001","179080878.8387","3.4786999821662903","0","0"
"points250000-sources3","off","1","15","179080878.9567","179080884.04969999","5.0929999947547913","0","0"
"points250000-sources3","off","1","16","179080884.21000001","179080887.92660001","3.7166000008583069","0","0"
"points250000-sources3","off","1","17","179080888.0616","179080892.02059999","3.9589999914169312","0","0"
"points250000-sources3","off","1","18","179080892.1744","179080895.3231","3.1486999988555908","0","0"
"points250000-sources3","off","1","19","179080895.4454","179080900.04319999","4.5977999866008759","0","0"
"points250000-sources3","off","1","20","179080900.2211","179080903.5993","3.3781999945640564","0","0"
"points250000-sources3","off","1","21","179080903.72530001","179080907.4199","3.694599986076355","0","0"
"points250000-sources3","off","1","22","179080907.528","179080910.62580001","3.0978000164031982","0","0"
"points250000-sources3","off","1","23","179080910.72850001","179080917.32030001","6.5918000042438507","0","0"
"points250000-sources3","off","1","24","179080917.48320001","179080920.83250001","3.3492999970912933","0","0"
"points250000-sources3","off","1","25","179080920.95860001","179080923.6832","2.7245999872684479","0","0"
"points250000-sources3","off","1","26","179080923.79710001","179080926.66100001","2.8639000058174133","0","0"
"points250000-sources3","off","1","27","179080926.76699999","179080930.1868","3.4198000133037567","0","0"
"points250000-sources3","off","1","28","179080930.2969","179080933.32640001","3.0295000076293945","0","0"
"points250000-sources3","off","1","29","179080933.4348","179080938.58899999","5.1541999876499176","0","0"
"points250000-sources3","off","1","30","179080938.90849999","179080942.49579999","3.5873000025749207","0","0"
"points250000-sources3","off","1","31","179080942.5993","179080948.6965","6.0972000062465668","0","0"
"points250000-sources3","off","1","32","179080948.8391","179080952.16929999","3.3301999866962433","0","0"
"points250000-sources3","off","1","33","179080952.27599999","179080955.7089","3.4329000115394592","0","0"
"points250000-sources3","off","1","34","179080955.8177","179080959.79100001","3.9733000099658966","0","0"
"points250000-sources3","off","1","35","179080959.90169999","179080964.52790001","4.6262000203132629","0","0"
"points250000-sources3","off","1","36","179080964.65329999","179080967.8973","3.2440000176429749","0","0"
"points250000-sources3","off","1","37","179080968.01989999","179080971.54809999","3.5282000005245209","0","0"
"points250000-sources3","off","1","38","179080971.6688","179080976.92039999","5.2515999972820282","0","0"
"points250000-sources3","off","1","39","179080977.08579999","179080981.2507","4.164900004863739","0","0"
"points250000-sources3","off","1","40","179080981.44240001","179080985.07229999","3.6298999786376953","0","0"
"points250000-sources3","off","1","41","179080985.18630001","179080988.33770001","3.1513999998569489","0","0"
"points250000-sources3","off","1","42","179080988.44909999","179080991.8513","3.4022000133991241","0","0"
"points250000-sources3","off","1","43","179080991.95770001","179080994.85609999","2.8983999788761139","0","0"
"points250000-sources3","off","1","44","179080994.95719999","179080998.09529999","3.1380999982357025","0","0"
"points250000-sources3","off","1","45","179080998.2369","179081001.17480001","2.9379000067710876","0","0"
"points250000-sources3","off","1","46","179081001.29359999","179081003.95730001","2.6637000143527985","0","0"
"points250000-sources3","off","1","47","179081004.07800001","179081008.80250001","4.7245000004768372","0","0"
"points250000-sources3","off","1","48","179081008.92309999","179081012.90000001","3.9769000113010406","0","0"
"points250000-sources3","off","1","49","179081013.0176","179081017.15360001","4.136000007390976","0","0"
"points250000-sources3","off","1","50","179081017.2987","179081021.3087","4.0099999904632568","0","0"
"points250000-sources3","off","1","51","179081021.4454","179081026.04910001","4.6037000119686127","0","0"
"points250000-sources3","off","1","52","179081026.1692","179081030.3202","4.1509999930858612","0","0"
"points250000-sources3","off","1","53","179081030.44159999","179081033.95300001","3.5114000141620636","0","0"
"points250000-sources3","off","1","54","179081034.0724","179081038.4975","4.4250999987125397","0","0"
"points250000-sources3","off","1","55","179081038.6216","179081042.46000001","3.8384000062942505","0","0"
"points250000-sources3","off","1","56","179081042.57969999","179081046.6699","4.0902000069618225","0","0"
"points250000-sources3","off","1","57","179081046.8294","179081050.64179999","3.8123999834060669","0","0"
"points250000-sources3","off","1","58","179081050.82789999","179081055.3994","4.5715000033378601","0","0"
"points250000-sources3","off","1","59","179081055.52790001","179081058.53490001","3.0069999992847443","0","0"
"points250000-sources3","off","1","60","179081058.6561","179081061.47","2.8138999938964844","0","0"
"points250000-sources3","off","1","61","179081061.58579999","179081064.45680001","2.8710000216960907","0","0"
"points250000-sources3","off","1","62","179081064.58919999","179081067.56079999","2.9715999960899353","0","0"
"points250000-sources3","off","1","63","179081067.6925","179081071.7376","4.0451000034809113","0","0"
"points250000-sources3","off","1","64","179081071.86160001","179081075.14199999","3.2803999781608582","0","0"
"points250000-sources3","off","1","65","179081075.27039999","179081078.2274","2.9570000171661377","0","0"
"points250000-sources3","off","1","66","179081078.3502","179081081.78780001","3.4376000165939331","0","0"
"points250000-sources3","off","1","67","179081081.92399999","179081087.5654","5.641400009393692","0","0"
"points250000-sources3","off","1","68","179081087.7198","179081091.49439999","3.7745999991893768","0","0"
"points250000-sources3","off","1","69","179081091.6284","179081095.2349","3.6064999997615814","0","0"
"points250000-sources3","off","1","70","179081095.4084","179081100.7687","5.3603000044822693","0","0"
"points250000-sources3","off","1","71","179081101.0077","179081107.17410001","6.1664000153541565","0","0"
"points250000-sources3","off","1","72","179081107.35879999","179081111.57679999","4.2179999947547913","0","0"
"points250000-sources3","off","1","73","179081111.7164","179081116.64210001","4.9257000088691711","0","0"
"points250000-sources3","off","1","74","179081116.801","179081120.29820001","3.4972000122070312","0","0"
"points250000-sources3","off","1","75","179081120.4375","179081124.21919999","3.7816999852657318","0","0"
"points250000-sources3","off","1","76","179081124.36050001","179081127.9131","3.5525999963283539","0","0"
"points250000-sources3","off","1","77","179081128.08039999","179081132.33759999","4.2572000026702881","0","0"
"points250000-sources3","off","1","78","179081132.47119999","179081135.05489999","2.5837000012397766","0","0"
"points250000-sources3","off","1","79","179081135.17910001","179081138.10859999","2.9294999837875366","0","0"
"points250000-sources3","off","1","80","179081138.2281","179081141.3017","3.0735999941825867","0","0"
"points250000-sources3","off","1","81","179081141.42379999","179081144.54269999","3.1189000010490417","0","0"
"points250000-sources3","off","1","82","179081144.6559","179081148.6692","4.0133000016212463","0","0"
"points250000-sources3","off","1","83","179081148.79899999","179081152.11210001","3.3131000101566315","0","0"
"points250000-sources3","off","1","84","179081152.2394","179081155.49059999","3.2511999905109406","0","0"
"points250000-sources3","off","1","85","179081155.61269999","179081158.58669999","2.9740000069141388","0","0"
"points250000-sources3","off","1","86","179081158.70719999","179081163.91499999","5.2078000009059906","0","0"
"points250000-sources3","off","1","87","179081164.0341","179081167.68509999","3.6509999930858612","0","0"
"points250000-sources3","off","1","88","179081167.80680001","179081170.998","3.1911999881267548","0","0"
"points250000-sources3","off","1","89","179081171.11860001","179081174.41229999","3.2936999797821045","0","0"
"points250000-sources3","off","1","90","179081174.52599999","179081178.33180001","3.8058000206947327","0","0"
"points250000-sources3","off","1","91","179081178.46689999","179081182.16010001","3.693200021982193","0","0"
"points250000-sources3","off","1","92","179081182.2895","179081186.09240001","3.8029000163078308","0","0"
"points250000-sources3","off","1","93","179081186.21540001","179081190.10499999","3.8895999789237976","0","0"
"points250000-sources3","off","1","94","179081190.22670001","179081193.50479999","3.2780999839305878","0","0"
"points250000-sources3","off","1","95","179081193.625","179081198.62149999","4.9964999854564667","0","0"
"points250000-sources3","off","1","96","179081198.77430001","179081201.73379999","2.9594999849796295","0","0"
"points250000-sources3","off","1","97","179081201.86359999","179081204.67539999","2.8118000030517578","0","0"
"points250000-sources3","off","1","98","179081204.7999","179081207.3522","2.5523000061511993","0","0"
"points250000-sources3","off","1","99","179081207.47040001","179081211.51640001","4.0460000038146973","0","0"
"points250000-sources3","off","1","100","179081211.63049999","179081215.30790001","3.6774000227451324","0","0"
"points250000-sources3","off","1","101","179081215.44080001","179081218.78780001","3.3470000028610229","0","0"
"points250000-sources3","off","1","102","179081218.90759999","179081222.1837","3.2761000096797943","0","0"
"points250000-sources3","off","1","103","179081222.30540001","179081225.6322","3.3267999887466431","0","0"
"points250000-sources3","off","1","104","179081225.7446","179081230.86559999","5.1209999918937683","0","0"
"points250000-sources3","off","1","105","179081230.9901","179081234.56009999","3.5699999928474426","0","0"
"points250000-sources3","off","1","106","179081234.67680001","179081238.59990001","3.9230999946594238","0","0"
"points250000-sources3","off","1","107","179081238.71700001","179081242.63659999","3.9195999801158905","0","0"
"points250000-sources3","off","1","108","179081242.75650001","179081246.32390001","3.5674000084400177","0","0"
"points250000-sources3","off","1","109","179081246.43790001","179081250.14019999","3.7022999823093414","0","0"
"points250000-sources3","off","1","110","179081250.28009999","179081254.6288","4.3487000167369843","0","0"
"points250000-sources3","off","1","111","179081254.7507","179081259.25600001","4.5053000152111053","0","0"
"points250000-sources3","off","1","112","179081259.37940001","179081262.02270001","2.6432999968528748","0","0"
"points250000-sources3","off","1","113","179081262.1392","179081264.95140001","2.8122000098228455","0","0"
"points250000-sources3","off","1","114","179081265.0957","179081268.85929999","3.7635999917984009","0","0"
"points250000-sources3","off","1","115","179081268.9991","179081271.6622","2.663100004196167","0","0"
"points250000-sources3","off","1","116","179081271.76969999","179081274.35710001","2.5874000191688538","0","0"
"points250000-sources3","off","1","117","179081274.46990001","179081277.93340001","3.4634999930858612","0","0"
"points250000-sources3","off","1","118","179081278.04249999","179081281.5785","3.5360000133514404","0","0"
"points250000-sources3","off","1","119","179081281.70410001","179081285.44710001","3.7430000007152557","0","0"
"points250000-sources3","off","1","120","179081285.5632","179081289.00850001","3.4453000128269196","0","0"
"points250000-sources3","gw","1","1","179081540.93439999","179081560.3184","19.38400000333786","13.660299986600876","2"
"points250000-sources3","gw","1","2","179081560.49950001","179081580.85420001","20.354699999094009","14.32930001616478","2"
"points250000-sources3","gw","1","3","179081581.04640001","179081601.39179999","20.345399975776672","13.772799998521805","2"
"points250000-sources3","gw","1","4","179081601.5618","179081621.43290001","19.871100008487701","13.677900016307831","2"
"points250000-sources3","gw","1","5","179081621.67879999","179081640.08849999","18.409700006246567","14.007300019264221","2"
"points250000-sources3","gw","1","6","179081640.27739999","179081660.1478","19.870400011539459","13.788700014352798","2"
"points250000-sources3","gw","1","7","179081660.31740001","179081679.6647","19.347299993038177","13.834099978208542","2"
"points250000-sources3","gw","1","8","179081679.8549","179081697.47819999","17.623299986124039","13.814999997615814","2"
"points250000-sources3","gw","1","9","179081697.64919999","179081716.77590001","19.126700013875961","14.090799987316132","2"
"points250000-sources3","gw","1","10","179081716.96070001","179081737.13330001","20.172600001096725","14.2673000395298","2"
"points250000-sources3","gw","1","11","179081737.31150001","179081757.20249999","19.890999972820282","13.865400016307831","2"
"points250000-sources3","gw","1","12","179081757.3802","179081777.28240001","19.902200013399124","13.742300003767014","2"
"points250000-sources3","gw","1","13","179081777.45820001","179081796.17109999","18.71289998292923","14.011999994516373","2"
"points250000-sources3","gw","1","14","179081796.35190001","179081817.36309999","21.011199980974197","14.043000012636185","2"
"points250000-sources3","gw","1","15","179081817.58329999","179081838.8098","21.226500004529953","14.833599984645844","2"
"points250000-sources3","gw","1","16","179081838.99680001","179081858.8267","19.829899996519089","15.306400001049042","2"
"points250000-sources3","gw","1","17","179081859.0289","179081879.7173","20.688400000333786","13.796199977397919","2"
"points250000-sources3","gw","1","18","179081879.96129999","179081901.04890001","21.087600022554398","13.936700016260147","2"
"points250000-sources3","gw","1","19","179081901.2498","179081920.27540001","19.025600016117096","14.131099998950958","2"
"points250000-sources3","gw","1","20","179081920.48649999","179081939.93020001","19.443700015544891","13.949000000953674","2"
"points250000-sources3","gw","1","21","179081940.1117","179081959.51409999","19.402399986982346","14.032599985599518","2"
"points250000-sources3","gw","1","22","179081959.6873","179081979.17730001","19.490000009536743","13.914000004529953","2"
"points250000-sources3","gw","1","23","179081979.3556","179081997.55050001","18.194900006055832","13.714300006628036","2"
"points250000-sources3","gw","1","24","179081997.7247","179082018.7317","21.006999999284744","13.732700020074844","2"
"points250000-sources3","gw","1","25","179082018.9048","179082038.2351","19.330300003290176","13.709300011396408","2"
"points250000-sources3","gw","1","26","179082038.40279999","179082056.78569999","18.38289999961853","13.788299977779388","2"
"points250000-sources3","gw","1","27","179082056.95640001","179082076.22479999","19.268399983644485","13.707800000905991","2"
"points250000-sources3","gw","1","28","179082076.46599999","179082097.05090001","20.58490002155304","13.838200002908707","2"
"points250000-sources3","gw","1","29","179082097.25740001","179082117.01899999","19.761599987745285","13.775899976491928","2"
"points250000-sources3","gw","1","30","179082117.1943","179082136.8071","19.612800002098083","13.722900003194809","2"
"points250000-sources3","gw","1","31","179082136.99039999","179082155.54049999","18.55009999871254","14.434399992227554","2"
"points250000-sources3","gw","1","32","179082155.72760001","179082175.89770001","20.170100003480911","13.752899974584579","2"
"points250000-sources3","gw","1","33","179082176.05989999","179082195.22549999","19.165600001811981","13.896300047636032","2"
"points250000-sources3","gw","1","34","179082195.3989","179082212.47960001","17.080700010061264","13.651300013065338","2"
"points250000-sources3","gw","1","35","179082212.65439999","179082231.00760001","18.353200018405914","13.825900018215179","2"
"points250000-sources3","gw","1","36","179082231.18340001","179082250.74880001","19.565400004386902","13.682500004768372","2"
"points250000-sources3","gw","1","37","179082250.96439999","179082270.5684","19.604000002145767","13.657099992036819","2"
"points250000-sources3","gw","1","38","179082270.75369999","179082290.26989999","19.516200006008148","13.813899993896484","2"
"points250000-sources3","gw","1","39","179082290.43470001","179082310.0228","19.588099986314774","15.00789999961853","2"
"points250000-sources3","gw","1","40","179082310.2114","179082330.3642","20.152799993753433","13.984300017356873","2"
"points250000-sources3","gw","1","41","179082330.53819999","179082350.2184","19.680200010538101","13.888300031423569","2"
"points250000-sources3","gw","1","42","179082350.3917","179082370.3249","19.933200001716614","14.129899978637695","2"
"points250000-sources3","gw","1","43","179082370.49439999","179082390.3089","19.814500004053116","13.850599974393845","2"
"points250000-sources3","gw","1","44","179082390.47310001","179082409.95300001","19.479900002479553","13.83270001411438","2"
"points250000-sources3","gw","1","45","179082410.16729999","179082429.66690001","19.499600023031235","13.955299973487854","2"
"points250000-sources3","gw","1","46","179082429.85139999","179082448.61109999","18.759700000286102","13.822300016880035","2"
"points250000-sources3","gw","1","47","179082448.78240001","179082465.81569999","17.03329998254776","13.744899988174438","2"
"points250000-sources3","gw","1","48","179082465.98570001","179082483.98899999","18.003299981355667","13.715700000524521","2"
"points250000-sources3","gw","1","49","179082484.1679","179082503.7159","19.548000007867813","13.602200031280518","2"
"points250000-sources3","gw","1","50","179082503.88839999","179082523.81690001","19.928500026464462","13.731400012969971","2"
"points250000-sources3","gw","1","51","179082523.99070001","179082543.61759999","19.626899987459183","13.735300004482269","2"
"points250000-sources3","gw","1","52","179082543.79139999","179082563.54629999","19.754900008440018","13.698399990797043","2"
"points250000-sources3","gw","1","53","179082563.76769999","179082585.15490001","21.387200027704239","13.726499974727631","2"
"points250000-sources3","gw","1","54","179082585.33680001","179082604.81020001","19.473399996757507","13.8473000228405","2"
"points250000-sources3","gw","1","55","179082604.97639999","179082623.32179999","18.345400005578995","13.855300009250641","2"
"points250000-sources3","gw","1","56","179082623.51879999","179082643.4777","19.95890000462532","13.647799998521805","2"
"points250000-sources3","gw","1","57","179082643.64340001","179082663.6349","19.991499990224838","13.857899993658066","2"
"points250000-sources3","gw","1","58","179082663.81150001","179082681.32679999","17.51529997587204","13.780600011348724","2"
"points250000-sources3","gw","1","59","179082681.50209999","179082701.1604","19.658300012350082","13.855100005865097","2"
"points250000-sources3","gw","1","60","179082701.34630001","179082720.2423","18.895999997854233","13.816500008106232","2"
"points250000-sources3","gw","1","61","179082720.5106","179082741.4788","20.968199998140335","14.922199994325638","2"
"points250000-sources3","gw","1","62","179082741.6825","179082761.51460001","19.832100003957748","13.737900018692017","2"
"points250000-sources3","gw","1","63","179082761.69440001","179082780.1067","18.412299990653992","13.983900010585785","2"
"points250000-sources3","gw","1","64","179082780.29620001","179082800.96529999","20.669099986553192","14.355100005865097","2"
"points250000-sources3","gw","1","65","179082801.16670001","179082821.2067","20.03999999165535","13.799499988555908","2"
"points250000-sources3","gw","1","66","179082821.38460001","179082840.96360001","19.578999996185303","14.010500013828278","2"
"points250000-sources3","gw","1","67","179082841.12560001","179082861.5402","20.414599984884262","13.995099991559982","2"
"points250000-sources3","gw","1","68","179082861.7069","179082882.68849999","20.981599986553192","14.064099997282028","2"
"points250000-sources3","gw","1","69","179082882.87169999","179082902.31259999","19.4408999979496","13.780900001525879","2"
"points250000-sources3","gw","1","70","179082902.50009999","179082922.3238","19.82370001077652","13.797600030899048","2"
"points250000-sources3","gw","1","71","179082922.52070001","179082940.75479999","18.234099984169006","13.873900026082993","2"
"points250000-sources3","gw","1","72","179082940.9113","179082960.4332","19.521899998188019","13.837700009346008","2"
"points250000-sources3","gw","1","73","179082960.6072","179082980.6446","20.037400007247925","13.7951999604702","2"
"points250000-sources3","gw","1","74","179082980.8267","179083000.8362","20.009499996900558","14.042000025510788","2"
"points250000-sources3","gw","1","75","179083001.02160001","179083021.2811","20.259499996900558","13.815400004386902","2"
"points250000-sources3","gw","1","76","179083021.47049999","179083041.2035","19.733000010251999","13.752199977636337","2"
"points250000-sources3","gw","1","77","179083041.3599","179083060.74970001","19.389800012111664","13.757499992847443","2"
"points250000-sources3","gw","1","78","179083060.92039999","179083082.11399999","21.193599998950958","13.910100013017654","2"
"points250000-sources3","gw","1","79","179083082.30700001","179083102.6383","20.331299990415573","13.773699969053268","2"
"points250000-sources3","gw","1","80","179083102.80970001","179083121.51820001","18.708499997854233","13.818399995565414","2"
"points250000-sources3","gw","1","81","179083121.6868","179083140.58140001","18.894600003957748","13.797300010919571","2"
"points250000-sources3","gw","1","82","179083140.7428","179083158.83579999","18.092999994754791","13.989699959754944","2"
"points250000-sources3","gw","1","83","179083158.99849999","179083178.18689999","19.188400000333786","13.842499971389771","2"
"points250000-sources3","gw","1","84","179083178.36219999","179083197.8258","19.463600009679794","13.68079999089241","2"
"points250000-sources3","gw","1","85","179083198.0036","179083217.27739999","19.273799985647202","14.094199985265732","2"
"points250000-sources3","gw","1","86","179083217.4646","179083237.30809999","19.84349998831749","13.710500001907349","2"
"points250000-sources3","gw","1","87","179083237.49509999","179083258","20.504900008440018","13.844899982213974","2"
"points250000-sources3","gw","1","88","179083258.17739999","179083276.6864","18.50900000333786","13.656600028276443","2"
"points250000-sources3","gw","1","89","179083276.8671","179083296.24200001","19.374900013208389","13.786399990320206","2"
"points250000-sources3","gw","1","90","179083296.47999999","179083316.2782","19.798200011253357","13.992900013923645","2"
"points250000-sources3","gw","1","91","179083316.449","179083335.9258","19.476799994707108","13.724599987268448","2"
"points250000-sources3","gw","1","92","179083336.09450001","179083355.5756","19.481099992990494","13.779399991035461","2"
"points250000-sources3","gw","1","93","179083355.75929999","179083373.71689999","17.957599997520447","13.778800010681152","2"
"points250000-sources3","gw","1","94","179083373.87630001","179083393.44240001","19.566100001335144","13.795500040054321","2"
"points250000-sources3","gw","1","95","179083393.61759999","179083412.6884","19.070800006389618","13.855500012636185","2"
"points250000-sources3","gw","1","96","179083412.87329999","179083431.83070001","18.957400023937225","14.172700017690659","2"
"points250000-sources3","gw","1","97","179083432.00240001","179083451.76620001","19.763799995183945","13.738499999046326","2"
"points250000-sources3","gw","1","98","179083451.9418","179083470.44839999","18.506599992513657","13.641400009393692","2"
"points250000-sources3","gw","1","99","179083470.6126","179083490.7967","20.1841000020504","13.764200001955032","2"
"points250000-sources3","gw","1","100","179083490.97080001","179083511.56470001","20.593899995088577","13.910700023174286","2"
"points250000-sources3","gw","1","101","179083511.7507","179083533.25839999","21.507699996232986","16.327300012111664","2"
"points250000-sources3","gw","1","102","179083533.43130001","179083553.50240001","20.071099996566772","13.968100011348724","2"
"points250000-sources3","gw","1","103","179083553.68900001","179083572.7518","19.062799990177155","13.688299983739853","2"
"points250000-sources3","gw","1","104","179083572.93470001","179083594.1376","21.202899992465973","13.864300012588501","2"
"points250000-sources3","gw","1","105","179083594.38859999","179083613.87940001","19.490800023078918","13.796599984169006","2"
"points250000-sources3","gw","1","106","179083614.0742","179083633.16850001","19.094300001859665","14.178300023078918","2"
"points250000-sources3","gw","1","107","179083633.3536","179083652.0104","18.656800001859665","13.773100018501282","2"
"points250000-sources3","gw","1","108","179083652.1893","179083671.89809999","19.708799988031387","13.823200017213821","2"
"points250000-sources3","gw","1","109","179083672.0749","179083691.98280001","19.907900005578995","13.675599992275238","2"
"points250000-sources3","gw","1","110","179083692.15349999","179083711.45629999","19.302799999713898","13.731499999761581","2"
"points250000-sources3","gw","1","111","179083711.6455","179083732.1178","20.472299993038177","14.016299992799759","2"
"points250000-sources3","gw","1","112","179083732.32030001","179083752.5995","20.279199987649918","14.334699988365173","2"
"points250000-sources3","gw","1","113","179083752.78619999","179083772.68349999","19.897300004959106","13.792900025844574","2"
"points250000-sources3","gw","1","114","179083772.87329999","179083791.58329999","18.71000000834465","13.656100004911423","2"
"points250000-sources3","gw","1","115","179083791.77630001","179083811.89520001","20.118900001049042","13.726700007915497","2"
"points250000-sources3","gw","1","116","179083812.07699999","179083833.40079999","21.32379999756813","14.178799986839294","2"
"points250000-sources3","gw","1","117","179083833.60550001","179083852.62169999","19.016199976205826","14.179299980401993","2"
"points250000-sources3","gw","1","118","179083852.79120001","179083871.45039999","18.659199982881546","13.708099991083145","2"
"points250000-sources3","gw","1","119","179083871.6117","179083890.89359999","19.281899988651276","13.729499965906143","2"
"points250000-sources3","gw","1","120","179083891.06200001","179083909.02320001","17.961199998855591","13.783999979496002","2"
"points250000-sources3","retained","1","1","179083970.01429999","179083973.10710001","3.0928000211715698","0","0"
"points250000-sources3","retained","1","2","179083973.28439999","179083977.35030001","4.0659000277519226","0","0"
"points250000-sources3","retained","1","3","179083977.49489999","179083980.39899999","2.9041000008583069","0","0"
"points250000-sources3","retained","1","4","179083980.53799999","179083983.53290001","2.9949000179767609","0","0"
"points250000-sources3","retained","1","5","179083983.66909999","179083987.03690001","3.3678000271320343","0","0"
"points250000-sources3","retained","1","6","179083987.16150001","179083991.99070001","4.8291999995708466","0","0"
"points250000-sources3","retained","1","7","179083992.11340001","179083995.77309999","3.6596999764442444","0","0"
"points250000-sources3","retained","1","8","179083995.89739999","179084000.3655","4.4681000113487244","0","0"
"points250000-sources3","retained","1","9","179084000.5106","179084004.73649999","4.2258999943733215","0","0"
"points250000-sources3","retained","1","10","179084004.8626","179084010.33500001","5.4724000096321106","0","0"
"points250000-sources3","retained","1","11","179084010.4598","179084013.82190001","3.3621000051498413","0","0"
"points250000-sources3","retained","1","12","179084013.94530001","179084017.7518","3.8064999878406525","0","0"
"points250000-sources3","retained","1","13","179084017.87920001","179084022.8312","4.9519999921321869","0","0"
"points250000-sources3","retained","1","14","179084022.96090001","179084026.55809999","3.5971999764442444","0","0"
"points250000-sources3","retained","1","15","179084026.67340001","179084030.22260001","3.5491999983787537","0","0"
"points250000-sources3","retained","1","16","179084030.34259999","179084033.80070001","3.4581000208854675","0","0"
"points250000-sources3","retained","1","17","179084033.9192","179084038.83719999","4.9179999828338623","0","0"
"points250000-sources3","retained","1","18","179084038.98100001","179084041.8321","2.8510999977588654","0","0"
"points250000-sources3","retained","1","19","179084041.9508","179084044.67609999","2.7252999842166901","0","0"
"points250000-sources3","retained","1","20","179084044.79170001","179084048.6823","3.8905999958515167","0","0"
"points250000-sources3","retained","1","21","179084048.81979999","179084052.3585","3.5387000143527985","0","0"
"points250000-sources3","retained","1","22","179084052.48789999","179084055.324","2.8361000120639801","0","0"
"points250000-sources3","retained","1","23","179084055.44949999","179084059.4093","3.9598000049591064","0","0"
"points250000-sources3","retained","1","24","179084059.52739999","179084063.36579999","3.8384000062942505","0","0"
"points250000-sources3","retained","1","25","179084063.51350001","179084067.98679999","4.4732999801635742","0","0"
"points250000-sources3","retained","1","26","179084068.1112","179084073.24239999","5.131199985742569","0","0"
"points250000-sources3","retained","1","27","179084073.3829","179084077.09580001","3.7129000127315521","0","0"
"points250000-sources3","retained","1","28","179084077.23199999","179084081.12450001","3.8925000131130219","0","0"
"points250000-sources3","retained","1","29","179084081.33660001","179084087.15369999","5.8170999884605408","0","0"
"points250000-sources3","retained","1","30","179084087.29460001","179084090.95649999","3.6618999838829041","0","0"
"points250000-sources3","retained","1","31","179084091.07710001","179084094.5508","3.4736999869346619","0","0"
"points250000-sources3","retained","1","32","179084094.6679","179084098.37689999","3.7089999914169312","0","0"
"points250000-sources3","retained","1","33","179084098.52950001","179084104.83469999","6.3051999807357788","0","0"
"points250000-sources3","retained","1","34","179084104.97350001","179084108.39340001","3.4199000000953674","0","0"
"points250000-sources3","retained","1","35","179084108.5158","179084111.9436","3.4277999997138977","0","0"
"points250000-sources3","retained","1","36","179084112.06830001","179084116.1778","4.109499990940094","0","0"
"points250000-sources3","retained","1","37","179084116.34999999","179084119.5589","3.2089000046253204","0","0"
"points250000-sources3","retained","1","38","179084119.6999","179084122.6038","2.9038999974727631","0","0"
"points250000-sources3","retained","1","39","179084122.71919999","179084125.5853","2.866100013256073","0","0"
"points250000-sources3","retained","1","40","179084125.69819999","179084128.66780001","2.9696000218391418","0","0"
"points250000-sources3","retained","1","41","179084128.7798","179084133.02289999","4.2430999875068665","0","0"
"points250000-sources3","retained","1","42","179084133.1505","179084135.98809999","2.8375999927520752","0","0"
"points250000-sources3","retained","1","43","179084136.10409999","179084139.454","3.3499000072479248","0","0"
"points250000-sources3","retained","1","44","179084139.56799999","179084142.9003","3.3323000073432922","0","0"
"points250000-sources3","retained","1","45","179084143.0104","179084147.2534","4.2430000007152557","0","0"
"points250000-sources3","retained","1","46","179084147.36919999","179084153.07820001","5.7090000212192535","0","0"
"points250000-sources3","retained","1","47","179084153.21450001","179084156.72","3.5054999887943268","0","0"
"points250000-sources3","retained","1","48","179084156.83899999","179084160.33919999","3.5002000033855438","0","0"
"points250000-sources3","retained","1","49","179084160.45379999","179084165.87580001","5.4220000207424164","0","0"
"points250000-sources3","retained","1","50","179084166.01269999","179084169.55039999","3.5376999974250793","0","0"
"points250000-sources3","retained","1","51","179084169.67919999","179084173.30500001","3.6258000135421753","0","0"
"points250000-sources3","retained","1","52","179084173.41909999","179084176.92879999","3.5097000002861023","0","0"
"points250000-sources3","retained","1","53","179084177.03659999","179084181.86359999","4.8269999921321869","0","0"
"points250000-sources3","retained","1","54","179084181.99579999","179084185.2841","3.2883000075817108","0","0"
"points250000-sources3","retained","1","55","179084185.4021","179084188.77790001","3.3758000135421753","0","0"
"points250000-sources3","retained","1","56","179084188.8919","179084191.94639999","3.0544999837875366","0","0"
"points250000-sources3","retained","1","57","179084192.0564","179084196.7383","4.6818999946117401","0","0"
"points250000-sources3","retained","1","58","179084196.87400001","179084199.82440001","2.9503999948501587","0","0"
"points250000-sources3","retained","1","59","179084199.94580001","179084202.71439999","2.7685999870300293","0","0"
"points250000-sources3","retained","1","60","179084202.85210001","179084206.2543","3.4021999835968018","0","0"
"points250000-sources3","retained","1","61","179084206.36719999","179084210.51809999","4.1509000062942505","0","0"
"points250000-sources3","retained","1","62","179084210.62650001","179084215.91429999","5.2877999842166901","0","0"
"points250000-sources3","retained","1","63","179084216.04390001","179084219.2274","3.1834999918937683","0","0"
"points250000-sources3","retained","1","64","179084219.35789999","179084222.32600001","2.9681000113487244","0","0"
"points250000-sources3","retained","1","65","179084222.43740001","179084227.42539999","4.9879999756813049","0","0"
"points250000-sources3","retained","1","66","179084227.54190001","179084230.766","3.2240999937057495","0","0"
"points250000-sources3","retained","1","67","179084230.88060001","179084234.6649","3.7842999994754791","0","0"
"points250000-sources3","retained","1","68","179084234.77970001","179084237.93880001","3.1590999960899353","0","0"
"points250000-sources3","retained","1","69","179084238.04640001","179084241.98789999","3.9414999783039093","0","0"
"points250000-sources3","retained","1","70","179084242.10210001","179084245.85589999","3.7537999749183655","0","0"
"points250000-sources3","retained","1","71","179084245.96509999","179084249.5896","3.6245000064373016","0","0"
"points250000-sources3","retained","1","72","179084249.73890001","179084252.80759999","3.068699985742569","0","0"
"points250000-sources3","retained","1","73","179084252.93869999","179084255.9711","3.0324000120162964","0","0"
"points250000-sources3","retained","1","74","179084256.12009999","179084260.80109999","4.6809999942779541","0","0"
"points250000-sources3","retained","1","75","179084260.93450001","179084263.58539999","2.6508999764919281","0","0"
"points250000-sources3","retained","1","76","179084263.7089","179084266.5354","2.8264999985694885","0","0"
"points250000-sources3","retained","1","77","179084266.65540001","179084269.37760001","2.7222000062465668","0","0"
"points250000-sources3","retained","1","78","179084269.50580001","179084272.4332","2.9273999929428101","0","0"
"points250000-sources3","retained","1","79","179084272.55019999","179084275.7166","3.1664000153541565","0","0"
"points250000-sources3","retained","1","80","179084275.83739999","179084278.5431","2.705700010061264","0","0"
"points250000-sources3","retained","1","81","179084278.6557","179084281.74259999","3.086899995803833","0","0"
"points250000-sources3","retained","1","82","179084281.861","179084284.87079999","3.009799987077713","0","0"
"points250000-sources3","retained","1","83","179084284.9844","179084287.7811","2.7967000007629395","0","0"
"points250000-sources3","retained","1","84","179084287.8901","179084291.7543","3.8641999959945679","0","0"
"points250000-sources3","retained","1","85","179084291.8689","179084294.86880001","2.9999000132083893","0","0"
"points250000-sources3","retained","1","86","179084294.97979999","179084298.08129999","3.101500004529953","0","0"
"points250000-sources3","retained","1","87","179084298.20660001","179084301.3028","3.0961999893188477","0","0"
"points250000-sources3","retained","1","88","179084301.42289999","179084305.03999999","3.6171000003814697","0","0"
"points250000-sources3","retained","1","89","179084305.1476","179084307.94960001","2.8020000159740448","0","0"
"points250000-sources3","retained","1","90","179084308.05970001","179084310.6656","2.60589998960495","0","0"
"points250000-sources3","retained","1","91","179084310.7737","179084313.49700001","2.7233000099658966","0","0"
"points250000-sources3","retained","1","92","179084313.6081","179084316.59099999","2.9828999936580658","0","0"
"points250000-sources3","retained","1","93","179084316.71239999","179084320.7764","4.0640000104904175","0","0"
"points250000-sources3","retained","1","94","179084320.9057","179084323.8371","2.9314000010490417","0","0"
"points250000-sources3","retained","1","95","179084323.94890001","179084326.79080001","2.8418999910354614","0","0"
"points250000-sources3","retained","1","96","179084326.9032","179084329.65380001","2.7506000101566315","0","0"
"points250000-sources3","retained","1","97","179084329.7638","179084332.4235","2.6597000062465668","0","0"
"points250000-sources3","retained","1","98","179084332.5316","179084335.9673","3.435699999332428","0","0"
"points250000-sources3","retained","1","99","179084336.0758","179084339.0704","2.9945999979972839","0","0"
"points250000-sources3","retained","1","100","179084339.178","179084342.29730001","3.1193000078201294","0","0"
"points250000-sources3","retained","1","101","179084342.40689999","179084345.30399999","2.8971000015735626","0","0"
"points250000-sources3","retained","1","102","179084345.41100001","179084348.0571","2.6460999846458435","0","0"
"points250000-sources3","retained","1","103","179084348.17680001","179084352.88460001","4.7078000009059906","0","0"
"points250000-sources3","retained","1","104","179084353.0036","179084355.72830001","2.724700003862381","0","0"
"points250000-sources3","retained","1","105","179084355.84099999","179084358.6038","2.762800008058548","0","0"
"points250000-sources3","retained","1","106","179084358.71239999","179084361.7189","3.0065000057220459","0","0"
"points250000-sources3","retained","1","107","179084361.82659999","179084364.9765","3.1499000191688538","0","0"
"points250000-sources3","retained","1","108","179084365.17449999","179084368.48159999","3.3070999979972839","0","0"
"points250000-sources3","retained","1","109","179084368.59470001","179084371.5948","3.0000999867916107","0","0"
"points250000-sources3","retained","1","110","179084371.70460001","179084374.70989999","3.005299985408783","0","0"
"points250000-sources3","retained","1","111","179084374.81990001","179084377.63949999","2.819599986076355","0","0"
"points250000-sources3","retained","1","112","179084377.74610001","179084380.6415","2.8953999876976013","0","0"
"points250000-sources3","retained","1","113","179084380.75639999","179084385.72389999","4.9675000011920929","0","0"
"points250000-sources3","retained","1","114","179084385.86669999","179084388.98609999","3.1193999946117401","0","0"
"points250000-sources3","retained","1","115","179084389.10800001","179084392.1241","3.0160999894142151","0","0"
"points250000-sources3","retained","1","116","179084392.24509999","179084395.3184","3.0733000040054321","0","0"
"points250000-sources3","retained","1","117","179084395.4303","179084399.57539999","4.1450999975204468","0","0"
"points250000-sources3","retained","1","118","179084399.71509999","179084403.27630001","3.5612000226974487","0","0"
"points250000-sources3","retained","1","119","179084403.39340001","179084406.26210001","2.8686999976634979","0","0"
"points250000-sources3","retained","1","120","179084406.36989999","179084409.0997","2.7298000156879425","0","0"
"points250000-sources3","retained","2","1","179084455.85049999","179084458.64480001","2.7943000197410583","0","0"
"points250000-sources3","retained","2","2","179084458.82069999","179084461.80500001","2.9843000173568726","0","0"
"points250000-sources3","retained","2","3","179084461.95289999","179084465.4483","3.4954000115394592","0","0"
"points250000-sources3","retained","2","4","179084465.60510001","179084470.8626","5.2574999928474426","0","0"
"points250000-sources3","retained","2","5","179084471.00409999","179084473.81459999","2.8104999959468842","0","0"
"points250000-sources3","retained","2","6","179084473.93869999","179084476.93489999","2.9961999952793121","0","0"
"points250000-sources3","retained","2","7","179084477.0487","179084480.03049999","2.981799989938736","0","0"
"points250000-sources3","retained","2","8","179084480.14610001","179084483.2087","3.0625999867916107","0","0"
"points250000-sources3","retained","2","9","179084483.3312","179084486.16940001","2.8382000029087067","0","0"
"points250000-sources3","retained","2","10","179084486.2881","179084489.14430001","2.8562000095844269","0","0"
"points250000-sources3","retained","2","11","179084489.25400001","179084492.18470001","2.9307000041007996","0","0"
"points250000-sources3","retained","2","12","179084492.3037","179084496.2789","3.9751999974250793","0","0"
"points250000-sources3","retained","2","13","179084496.40329999","179084501.5381","5.1348000168800354","0","0"
"points250000-sources3","retained","2","14","179084501.6758","179084504.64089999","2.9650999903678894","0","0"
"points250000-sources3","retained","2","15","179084504.76210001","179084507.69240001","2.9302999973297119","0","0"
"points250000-sources3","retained","2","16","179084507.8075","179084510.59729999","2.7897999882698059","0","0"
"points250000-sources3","retained","2","17","179084510.7049","179084513.977","3.2721000015735626","0","0"
"points250000-sources3","retained","2","18","179084514.13980001","179084517.28510001","3.1453000009059906","0","0"
"points250000-sources3","retained","2","19","179084517.3976","179084520.26109999","2.8634999990463257","0","0"
"points250000-sources3","retained","2","20","179084520.37670001","179084524.36989999","3.9931999742984772","0","0"
"points250000-sources3","retained","2","21","179084524.48300001","179084527.45199999","2.968999981880188","0","0"
"points250000-sources3","retained","2","22","179084527.56130001","179084532.35460001","4.7933000028133392","0","0"
"points250000-sources3","retained","2","23","179084532.4659","179084535.3682","2.9023000001907349","0","0"
"points250000-sources3","retained","2","24","179084535.48069999","179084538.35820001","2.8775000274181366","0","0"
"points250000-sources3","retained","2","25","179084538.4682","179084541.6045","3.1362999975681305","0","0"
"points250000-sources3","retained","2","26","179084541.71529999","179084544.6699","2.9546000063419342","0","0"
"points250000-sources3","retained","2","27","179084544.77959999","179084547.449","2.6694000065326691","0","0"
"points250000-sources3","retained","2","28","179084547.56479999","179084550.8466","3.2818000018596649","0","0"
"points250000-sources3","retained","2","29","179084550.96689999","179084553.9249","2.9580000042915344","0","0"
"points250000-sources3","retained","2","30","179084554.03830001","179084557.6473","3.6089999973773956","0","0"
"points250000-sources3","retained","2","31","179084557.7572","179084560.53889999","2.7816999852657318","0","0"
"points250000-sources3","retained","2","32","179084560.65059999","179084565.27540001","4.6248000264167786","0","0"
"points250000-sources3","retained","2","33","179084565.41049999","179084568.7351","3.3246000111103058","0","0"
"points250000-sources3","retained","2","34","179084568.91980001","179084572.3637","3.4438999891281128","0","0"
"points250000-sources3","retained","2","35","179084572.4937","179084575.30950001","2.8158000111579895","0","0"
"points250000-sources3","retained","2","36","179084575.4325","179084578.12450001","2.6920000016689301","0","0"
"points250000-sources3","retained","2","37","179084578.23500001","179084581.16170001","2.9266999959945679","0","0"
"points250000-sources3","retained","2","38","179084581.3321","179084585.1187","3.7865999937057495","0","0"
"points250000-sources3","retained","2","39","179084585.245","179084589.11140001","3.8664000034332275","0","0"
"points250000-sources3","retained","2","40","179084589.22729999","179084591.98339999","2.7560999989509583","0","0"
"points250000-sources3","retained","2","41","179084592.09079999","179084596.5948","4.5040000081062317","0","0"
"points250000-sources3","retained","2","42","179084596.70460001","179084599.7678","3.0631999969482422","0","0"
"points250000-sources3","retained","2","43","179084599.8881","179084602.8712","2.9830999970436096","0","0"
"points250000-sources3","retained","2","44","179084602.99309999","179084605.8608","2.8677000105381012","0","0"
"points250000-sources3","retained","2","45","179084606.0002","179084608.9127","2.9124999940395355","0","0"
"points250000-sources3","retained","2","46","179084609.04480001","179084611.9206","2.8757999837398529","0","0"
"points250000-sources3","retained","2","47","179084612.03080001","179084614.88280001","2.8519999980926514","0","0"
"points250000-sources3","retained","2","48","179084615.00420001","179084619.1117","4.1074999868869781","0","0"
"points250000-sources3","retained","2","49","179084619.23980001","179084622.2581","3.0182999968528748","0","0"
"points250000-sources3","retained","2","50","179084622.375","179084625.24939999","2.8743999898433685","0","0"
"points250000-sources3","retained","2","51","179084625.36199999","179084628.23089999","2.8689000010490417","0","0"
"points250000-sources3","retained","2","52","179084628.3529","179084631.36919999","3.0162999927997589","0","0"
"points250000-sources3","retained","2","53","179084631.48109999","179084636.9314","5.450300008058548","0","0"
"points250000-sources3","retained","2","54","179084637.05500001","179084643.42930001","6.3743000030517578","0","0"
"points250000-sources3","retained","2","55","179084643.54210001","179084647.0632","3.5210999846458435","0","0"
"points250000-sources3","retained","2","56","179084647.1816","179084650.8664","3.684799998998642","0","0"
"points250000-sources3","retained","2","57","179084650.99419999","179084653.80469999","2.8104999959468842","0","0"
"points250000-sources3","retained","2","58","179084653.92320001","179084656.83270001","2.9095000028610229","0","0"
"points250000-sources3","retained","2","59","179084656.9438","179084659.9068","2.9629999995231628","0","0"
"points250000-sources3","retained","2","60","179084660.01949999","179084662.7816","2.7621000111103058","0","0"
"points250000-sources3","retained","2","61","179084662.8899","179084666.6417","3.751800000667572","0","0"
"points250000-sources3","retained","2","62","179084666.7656","179084669.58289999","2.8172999918460846","0","0"
"points250000-sources3","retained","2","63","179084669.69589999","179084672.52860001","2.8327000141143799","0","0"
"points250000-sources3","retained","2","64","179084672.6471","179084676.49669999","3.8495999872684479","0","0"
"points250000-sources3","retained","2","65","179084676.63530001","179084679.60820001","2.972900003194809","0","0"
"points250000-sources3","retained","2","66","179084679.71720001","179084682.63280001","2.9156000018119812","0","0"
"points250000-sources3","retained","2","67","179084682.759","179084685.44299999","2.6839999854564667","0","0"
"points250000-sources3","retained","2","68","179084685.5618","179084688.56560001","3.0038000047206879","0","0"
"points250000-sources3","retained","2","69","179084688.72780001","179084691.47479999","2.746999979019165","0","0"
"points250000-sources3","retained","2","70","179084691.58579999","179084694.32010001","2.7343000173568726","0","0"
"points250000-sources3","retained","2","71","179084694.42680001","179084698.9332","4.5063999891281128","0","0"
"points250000-sources3","retained","2","72","179084699.05489999","179084701.96430001","2.9094000160694122","0","0"
"points250000-sources3","retained","2","73","179084702.07969999","179084704.8337","2.7540000081062317","0","0"
"points250000-sources3","retained","2","74","179084704.942","179084708.09400001","3.1520000100135803","0","0"
"points250000-sources3","retained","2","75","179084708.20210001","179084711.97189999","3.7697999775409698","0","0"
"points250000-sources3","retained","2","76","179084712.0948","179084714.85260001","2.7578000128269196","0","0"
"points250000-sources3","retained","2","77","179084714.98120001","179084718.1543","3.1730999946594238","0","0"
"points250000-sources3","retained","2","78","179084718.2746","179084720.99739999","2.7227999866008759","0","0"
"points250000-sources3","retained","2","79","179084721.10800001","179084723.98460001","2.8765999972820282","0","0"
"points250000-sources3","retained","2","80","179084724.09","179084728.4508","4.3607999980449677","0","0"
"points250000-sources3","retained","2","81","179084728.5799","179084731.57300001","2.9931000173091888","0","0"
"points250000-sources3","retained","2","82","179084731.6983","179084734.64309999","2.9447999894618988","0","0"
"points250000-sources3","retained","2","83","179084734.7667","179084737.50889999","2.7421999871730804","0","0"
"points250000-sources3","retained","2","84","179084737.62850001","179084740.40700001","2.7784999907016754","0","0"
"points250000-sources3","retained","2","85","179084740.51660001","179084743.82710001","3.3104999959468842","0","0"
"points250000-sources3","retained","2","86","179084743.93709999","179084746.61750001","2.680400013923645","0","0"
"points250000-sources3","retained","2","87","179084746.72940001","179084749.7281","2.9986999928951263","0","0"
"points250000-sources3","retained","2","88","179084749.86719999","179084752.60440001","2.7372000217437744","0","0"
"points250000-sources3","retained","2","89","179084752.729","179084757.52649999","4.7974999845027924","0","0"
"points250000-sources3","retained","2","90","179084757.64340001","179084760.4883","2.844899982213974","0","0"
"points250000-sources3","retained","2","91","179084760.5966","179084763.4808","2.8842000067234039","0","0"
"points250000-sources3","retained","2","92","179084763.5975","179084766.7721","3.1746000051498413","0","0"
"points250000-sources3","retained","2","93","179084766.97690001","179084769.8089","2.8319999873638153","0","0"
"points250000-sources3","retained","2","94","179084769.95699999","179084773.38569999","3.4287000000476837","0","0"
"points250000-sources3","retained","2","95","179084773.49380001","179084777.5165","4.0226999819278717","0","0"
"points250000-sources3","retained","2","96","179084777.6286","179084781.0792","3.4505999982357025","0","0"
"points250000-sources3","retained","2","97","179084781.20789999","179084784.8053","3.5974000096321106","0","0"
"points250000-sources3","retained","2","98","179084784.9298","179084790.41190001","5.4821000099182129","0","0"
"points250000-sources3","retained","2","99","179084790.5311","179084793.52790001","2.9968000054359436","0","0"
"points250000-sources3","retained","2","100","179084793.63710001","179084797.17500001","3.5379000008106232","0","0"
"points250000-sources3","retained","2","101","179084797.28819999","179084801.15529999","3.8671000003814697","0","0"
"points250000-sources3","retained","2","102","179084801.30140001","179084805.5503","4.2488999962806702","0","0"
"points250000-sources3","retained","2","103","179084805.67449999","179084809.12830001","3.4538000226020813","0","0"
"points250000-sources3","retained","2","104","179084809.24419999","179084812.66060001","3.4164000153541565","0","0"
"points250000-sources3","retained","2","105","179084812.77869999","179084816.9729","4.1942000091075897","0","0"
"points250000-sources3","retained","2","106","179084817.12149999","179084823.11140001","5.9899000227451324","0","0"
"points250000-sources3","retained","2","107","179084823.29159999","179084826.58160001","3.2900000214576721","0","0"
"points250000-sources3","retained","2","108","179084826.7008","179084830.0174","3.3165999948978424","0","0"
"points250000-sources3","retained","2","109","179084830.13080001","179084833.27469999","3.1438999772071838","0","0"
"points250000-sources3","retained","2","110","179084833.3928","179084836.9752","3.582399994134903","0","0"
"points250000-sources3","retained","2","111","179084837.0896","179084840.0844","2.9948000013828278","0","0"
"points250000-sources3","retained","2","112","179084840.19859999","179084842.99779999","2.7991999983787537","0","0"
"points250000-sources3","retained","2","113","179084843.11880001","179084845.83059999","2.7117999792098999","0","0"
"points250000-sources3","retained","2","114","179084845.93799999","179084848.87180001","2.9338000118732452","0","0"
"points250000-sources3","retained","2","115","179084849.0149","179084854.8549","5.8400000035762787","0","0"
"points250000-sources3","retained","2","116","179084854.98899999","179084858.12009999","3.1310999989509583","0","0"
"points250000-sources3","retained","2","117","179084858.24630001","179084861.8617","3.6153999865055084","0","0"
"points250000-sources3","retained","2","118","179084861.97690001","179084865.70280001","3.7258999943733215","0","0"
"points250000-sources3","retained","2","119","179084865.82260001","179084870.63319999","4.8105999827384949","0","0"
"points250000-sources3","retained","2","120","179084870.74939999","179084874.2281","3.4787000119686127","0","0"
"points250000-sources3","gw","2","1","179085130.6758","179085151.07120001","20.395400017499924","14.071099996566772","2"
"points250000-sources3","gw","2","2","179085151.2658","179085171.597","20.331200003623962","13.762999981641769","2"
"points250000-sources3","gw","2","3","179085171.77000001","179085191.11000001","19.340000003576279","13.793699979782104","2"
"points250000-sources3","gw","2","4","179085191.3152","179085210.49700001","19.181800007820129","13.793099969625473","2"
"points250000-sources3","gw","2","5","179085210.66299999","179085228.3075","17.644500017166138","13.857899993658066","2"
"points250000-sources3","gw","2","6","179085228.4826","179085247.39179999","18.909199982881546","14.001700013875961","2"
"points250000-sources3","gw","2","7","179085247.56369999","179085267.42429999","19.860599994659424","13.778800040483475","2"
"points250000-sources3","gw","2","8","179085267.6128","179085286.33860001","18.725800007581711","13.828500002622604","2"
"points250000-sources3","gw","2","9","179085286.50830001","179085306.57789999","20.069599986076355","13.759099990129471","2"
"points250000-sources3","gw","2","10","179085306.79539999","179085324.9481","18.152700006961823","13.833700031042099","2"
"points250000-sources3","gw","2","11","179085325.11359999","179085344.76589999","19.652300000190735","13.729599982500076","2"
"points250000-sources3","gw","2","12","179085344.93000001","179085365.4095","20.479499995708466","13.843800008296967","2"
"points250000-sources3","gw","2","13","179085365.6205","179085384.7094","19.088899999856949","13.656000018119812","2"
"points250000-sources3","gw","2","14","179085384.88229999","179085405.095","20.212700009346008","13.703400015830994","2"
"points250000-sources3","gw","2","15","179085405.2714","179085425.7527","20.481299996376038","14.01800000667572","2"
"points250000-sources3","gw","2","16","179085425.95140001","179085445.7358","19.78439998626709","13.790600031614304","2"
"points250000-sources3","gw","2","17","179085445.8989","179085463.5061","17.607199996709824","13.680000007152557","2"
"points250000-sources3","gw","2","18","179085463.68000001","179085481.91870001","18.23870000243187","13.693699955940247","2"
"points250000-sources3","gw","2","19","179085482.10429999","179085500.56439999","18.460099995136261","13.734400004148483","2"
"points250000-sources3","gw","2","20","179085500.74700001","179085519.9497","19.202699989080429","14.055400013923645","2"
"points250000-sources3","gw","2","21","179085520.17919999","179085540.33239999","20.153200000524521","13.738299995660782","2"
"points250000-sources3","gw","2","22","179085540.59400001","179085559.3897","18.79569998383522","14.024200022220612","2"
"points250000-sources3","gw","2","23","179085559.55379999","179085580.75650001","21.202700018882751","14.043000012636185","2"
"points250000-sources3","gw","2","24","179085580.93689999","179085602.09209999","21.155200004577637","14.042400002479553","2"
"points250000-sources3","gw","2","25","179085602.27700001","179085620.24529999","17.968299984931946","13.781199991703033","2"
"points250000-sources3","gw","2","26","179085620.42480001","179085640.44069999","20.015899986028671","13.666900008916855","2"
"points250000-sources3","gw","2","27","179085640.6027","179085659.71219999","19.109499990940094","13.798599988222122","2"
"points250000-sources3","gw","2","28","179085659.88749999","179085679.1855","19.298000007867813","13.776799976825714","2"
"points250000-sources3","gw","2","29","179085679.3524","179085699.6002","20.24779999256134","13.776100009679794","2"
"points250000-sources3","gw","2","30","179085699.78369999","179085718.29519999","18.511500000953674","13.768199980258942","2"
"points250000-sources3","gw","2","31","179085718.47170001","179085737.97749999","19.505799978971481","13.968699991703033","2"
"points250000-sources3","gw","2","32","179085738.15700001","179085758.13260001","19.975600004196167","13.743699997663498","2"
"points250000-sources3","gw","2","33","179085758.34450001","179085776.62549999","18.28099998831749","13.804400026798248","2"
"points250000-sources3","gw","2","34","179085776.78740001","179085796.7173","19.929899990558624","13.758499979972839","2"
"points250000-sources3","gw","2","35","179085796.9156","179085818.43630001","21.520700007677078","15.158399969339371","2"
"points250000-sources3","gw","2","36","179085818.66","179085838.37079999","19.710799992084503","13.722599983215332","2"
"points250000-sources3","gw","2","37","179085838.53420001","179085859.33840001","20.804199993610382","13.781000018119812","2"
"points250000-sources3","gw","2","38","179085859.5086","179085878.3303","18.821700006723404","13.955900013446808","2"
"points250000-sources3","gw","2","39","179085878.50479999","179085898.78200001","20.277200013399124","13.779800027608871","2"
"points250000-sources3","gw","2","40","179085898.97580001","179085918.68869999","19.71289998292923","14.281199991703033","2"
"points250000-sources3","gw","2","41","179085918.89160001","179085940.00049999","21.108899980783463","13.911500006914139","2"
"points250000-sources3","gw","2","42","179085940.2243","179085959.07449999","18.850199997425079","13.669300019741058","2"
"points250000-sources3","gw","2","43","179085959.2344","179085976.98230001","17.747900009155273","13.868800044059753","2"
"points250000-sources3","gw","2","44","179085977.14489999","179085995.56799999","18.423099994659424","13.78099998831749","2"
"points250000-sources3","gw","2","45","179085995.73289999","179086013.08700001","17.3541000187397","13.726900011301041","2"
"points250000-sources3","gw","2","46","179086013.26519999","179086034.32190001","21.056700021028519","14.028400003910065","2"
"points250000-sources3","gw","2","47","179086034.5029","179086054.14820001","19.645300000905991","13.902399986982346","2"
"points250000-sources3","gw","2","48","179086054.322","179086072.565","18.243000000715256","14.032200008630753","2"
"points250000-sources3","gw","2","49","179086072.74239999","179086093.34540001","20.60300001502037","13.765199989080429","2"
"points250000-sources3","gw","2","50","179086093.51800001","179086113.51969999","20.001699984073639","13.648900002241135","2"
"points250000-sources3","gw","2","51","179086113.70739999","179086132.74559999","19.038199990987778","13.830900013446808","2"
"points250000-sources3","gw","2","52","179086132.91569999","179086155.36860001","22.452900022268295","15.683799982070923","2"
"points250000-sources3","gw","2","53","179086155.55720001","179086174.19960001","18.642399996519089","13.777300000190735","2"
"points250000-sources3","gw","2","54","179086174.3619","179086194.1974","19.835500001907349","13.782000005245209","2"
"points250000-sources3","gw","2","55","179086194.3845","179086213.61269999","19.228199988603592","13.678100019693375","2"
"points250000-sources3","gw","2","56","179086213.8276","179086230.8529","17.025299996137619","13.688600033521652","2"
"points250000-sources3","gw","2","57","179086231.0214","179086250.2385","19.217099994421005","13.844599992036819","2"
"points250000-sources3","gw","2","58","179086250.42950001","179086268.2471","17.817599982023239","13.783899962902069","2"
"points250000-sources3","gw","2","59","179086268.41119999","179086287.87490001","19.463700026273727","13.638599991798401","2"
"points250000-sources3","gw","2","60","179086288.04260001","179086307.79949999","19.756899982690811","13.726899981498718","2"
"points250000-sources3","gw","2","61","179086307.97139999","179086325.80860001","17.83720001578331","13.679800003767014","2"
"points250000-sources3","gw","2","62","179086325.97330001","179086346.80309999","20.829799979925156","13.816399961709976","2"
"points250000-sources3","gw","2","63","179086346.98640001","179086368.18079999","21.194399982690811","14.294799983501434","2"
"points250000-sources3","gw","2","64","179086368.36390001","179086387.24720001","18.883300006389618","13.747800022363663","2"
"points250000-sources3","gw","2","65","179086387.4145","179086407.62990001","20.215400010347366","13.732800006866455","2"
"points250000-sources3","gw","2","66","179086407.8037","179086428.05770001","20.254000008106232","13.704999983310699","2"
"points250000-sources3","gw","2","67","179086428.23719999","179086448.10510001","19.867900013923645","13.808499991893768","2"
"points250000-sources3","gw","2","68","179086448.29260001","179086467.03600001","18.743400007486343","13.776299983263016","2"
"points250000-sources3","gw","2","69","179086467.28600001","179086488.9698","21.683799982070923","16.81920000910759","2"
"points250000-sources3","gw","2","70","179086489.23699999","179086510.62020001","21.383200019598007","14.495400011539459","2"
"points250000-sources3","gw","2","71","179086510.80050001","179086530.08219999","19.281699985265732","13.764499962329865","2"
"points250000-sources3","gw","2","72","179086530.2638","179086549.36660001","19.102800011634827","13.786900013685226","2"
"points250000-sources3","gw","2","73","179086549.54949999","179086570.35080001","20.801300019025803","13.699999988079071","2"
"points250000-sources3","gw","2","74","179086570.58329999","179086591.11179999","20.528499990701675","13.835599988698959","2"
"points250000-sources3","gw","2","75","179086591.28600001","179086611.8193","20.53329998254776","14.919299989938736","2"
"points250000-sources3","gw","2","76","179086612.0183","179086632.03709999","20.018799990415573","13.72859999537468","2"
"points250000-sources3","gw","2","77","179086632.23719999","179086651.95449999","19.717299997806549","13.784199982881546","2"
"points250000-sources3","gw","2","78","179086652.13640001","179086670.47240001","18.335999995470047","13.719099998474121","2"
"points250000-sources3","gw","2","79","179086670.64629999","179086690.5104","19.864100009202957","13.795999974012375","2"
"points250000-sources3","gw","2","80","179086690.69929999","179086710.17410001","19.474800020456314","13.807800024747849","2"
"points250000-sources3","gw","2","81","179086710.36849999","179086729.63659999","19.268099993467331","13.748800009489059","2"
"points250000-sources3","gw","2","82","179086729.84549999","179086748.54929999","18.703799992799759","13.764399975538254","2"
"points250000-sources3","gw","2","83","179086748.7286","179086766.26359999","17.534999996423721","13.823600023984909","2"
"points250000-sources3","gw","2","84","179086766.4447","179086787.2112","20.766499996185303","14.547400027513504","2"
"points250000-sources3","gw","2","85","179086787.4287","179086808.61660001","21.187900006771088","13.752400010824203","2"
"points250000-sources3","gw","2","86","179086808.86610001","179086827.81799999","18.951899975538254","13.793200016021729","2"
"points250000-sources3","gw","2","87","179086828.01769999","179086848.40970001","20.392000019550323","13.894999980926514","2"
"points250000-sources3","gw","2","88","179086848.58860001","179086867.8951","19.306499987840652","13.694399982690811","2"
"points250000-sources3","gw","2","89","179086868.072","179086889.6133","21.541299998760223","14.279900014400482","2"
"points250000-sources3","gw","2","90","179086889.8055","179086912.72530001","22.919800013303757","15.264800012111664","2"
"points250000-sources3","gw","2","91","179086912.91800001","179086933.7315","20.813499987125397","13.928900003433228","2"
"points250000-sources3","gw","2","92","179086933.9147","179086954.29429999","20.379599988460541","13.718300014734268","2"
"points250000-sources3","gw","2","93","179086954.47490001","179086973.64359999","19.168699979782104","13.718799978494644","2"
"points250000-sources3","gw","2","94","179086973.80379999","179086993.28839999","19.484600007534027","14.34579998254776","2"
"points250000-sources3","gw","2","95","179086993.46740001","179087011.0485","17.581099987030029","13.772500038146973","2"
"points250000-sources3","gw","2","96","179087011.23460001","179087030.63460001","19.400000005960464","14.239799976348877","2"
"points250000-sources3","gw","2","97","179087030.80129999","179087050.82780001","20.026500016450882","14.739000022411346","2"
"points250000-sources3","gw","2","98","179087051.02469999","179087070.9337","19.909000009298325","13.895800024271011","2"
"points250000-sources3","gw","2","99","179087071.1112","179087091.5934","20.482199996709824","13.973899990320206","2"
"points250000-sources3","gw","2","100","179087091.7613","179087111.00639999","19.245099991559982","13.781299978494644","2"
"points250000-sources3","gw","2","101","179087111.17919999","179087132.5738","21.394600003957748","14.312100023031235","2"
"points250000-sources3","gw","2","102","179087132.76050001","179087153.10640001","20.345899999141693","13.698300004005432","2"
"points250000-sources3","gw","2","103","179087153.2832","179087172.52849999","19.245299994945526","13.68970000743866","2"
"points250000-sources3","gw","2","104","179087172.69839999","179087192.84209999","20.143700003623962","13.743499994277954","2"
"points250000-sources3","gw","2","105","179087193.0381","179087212.92269999","19.884599983692169","14.253499984741211","2"
"points250000-sources3","gw","2","106","179087213.0988","179087232.09220001","18.993400007486343","13.822899997234344","2"
"points250000-sources3","gw","2","107","179087232.27559999","179087250.91389999","18.638300001621246","13.957000017166138","2"
"points250000-sources3","gw","2","108","179087251.10249999","179087269.17640001","18.073900014162064","13.730900019407272","2"
"points250000-sources3","gw","2","109","179087269.36590001","179087288.97979999","19.613899976015091","13.729099988937378","2"
"points250000-sources3","gw","2","110","179087289.21790001","179087308.96160001","19.743699997663498","13.691300004720688","2"
"points250000-sources3","gw","2","111","179087309.13370001","179087328.93419999","19.800499975681305","14.149800032377243","2"
"points250000-sources3","gw","2","112","179087329.1275","179087352.9596","23.832100003957748","15.821900010108948","2"
"points250000-sources3","gw","2","113","179087353.15220001","179087373.13699999","19.984799981117249","13.752999991178513","2"
"points250000-sources3","gw","2","114","179087373.3019","179087392.37740001","19.075500011444092","13.841999977827072","2"
"points250000-sources3","gw","2","115","179087392.55289999","179087413.58270001","21.029800027608871","14.436600029468536","2"
"points250000-sources3","gw","2","116","179087413.8017","179087433.92179999","20.120099991559982","13.651800006628036","2"
"points250000-sources3","gw","2","117","179087434.11289999","179087452.83320001","18.720300018787384","13.714699983596802","2"
"points250000-sources3","gw","2","118","179087453.01010001","179087471.84509999","18.834999978542328","13.671199977397919","2"
"points250000-sources3","gw","2","119","179087472.06990001","179087490.78259999","18.712699979543686","14.116400003433228","2"
"points250000-sources3","gw","2","120","179087490.947","179087509.57010001","18.623100012540817","13.815500020980835","2"
"points250000-sources3","off","2","1","179087560.33829999","179087563.8127","3.4744000136852264","0","0"
"points250000-sources3","off","2","2","179087563.99649999","179087567.2667","3.2702000141143799","0","0"
"points250000-sources3","off","2","3","179087567.50740001","179087571.73249999","4.2250999808311462","0","0"
"points250000-sources3","off","2","4","179087571.89590001","179087574.6365","2.7405999898910522","0","0"
"points250000-sources3","off","2","5","179087574.76249999","179087577.6593","2.8968000113964081","0","0"
"points250000-sources3","off","2","6","179087577.778","179087580.74869999","2.9706999957561493","0","0"
"points250000-sources3","off","2","7","179087580.86449999","179087584.23730001","3.3728000223636627","0","0"
"points250000-sources3","off","2","8","179087584.57170001","179087589.53310001","4.9614000022411346","0","0"
"points250000-sources3","off","2","9","179087589.67770001","179087593.01120001","3.3334999978542328","0","0"
"points250000-sources3","off","2","10","179087593.1284","179087596.1525","3.0241000056266785","0","0"
"points250000-sources3","off","2","11","179087596.2638","179087599.7685","3.5047000050544739","0","0"
"points250000-sources3","off","2","12","179087599.90000001","179087604.3608","4.4607999920845032","0","0"
"points250000-sources3","off","2","13","179087604.4815","179087607.86399999","3.3824999928474426","0","0"
"points250000-sources3","off","2","14","179087607.97510001","179087610.9962","3.0210999846458435","0","0"
"points250000-sources3","off","2","15","179087611.10730001","179087614.81119999","3.7038999795913696","0","0"
"points250000-sources3","off","2","16","179087614.99529999","179087622.07010001","7.0748000144958496","0","0"
"points250000-sources3","off","2","17","179087622.24689999","179087625.64300001","3.3961000144481659","0","0"
"points250000-sources3","off","2","18","179087625.76750001","179087629.31979999","3.552299976348877","0","0"
"points250000-sources3","off","2","19","179087629.4332","179087633.73590001","4.302700012922287","0","0"
"points250000-sources3","off","2","20","179087633.90180001","179087638.32100001","4.4192000031471252","0","0"
"points250000-sources3","off","2","21","179087638.4395","179087641.493","3.0534999966621399","0","0"
"points250000-sources3","off","2","22","179087641.60800001","179087644.5359","2.9278999865055084","0","0"
"points250000-sources3","off","2","23","179087644.6503","179087649.60249999","4.9521999955177307","0","0"
"points250000-sources3","off","2","24","179087649.77410001","179087652.65200001","2.8779000043869019","0","0"
"points250000-sources3","off","2","25","179087652.78920001","179087655.41260001","2.6234000027179718","0","0"
"points250000-sources3","off","2","26","179087655.52689999","179087659.09369999","3.5667999982833862","0","0"
"points250000-sources3","off","2","27","179087659.20469999","179087663.45570001","4.2510000169277191","0","0"
"points250000-sources3","off","2","28","179087663.56869999","179087668.07839999","4.5097000002861023","0","0"
"points250000-sources3","off","2","29","179087668.20449999","179087671.60139999","3.3968999981880188","0","0"
"points250000-sources3","off","2","30","179087671.7173","179087675.35510001","3.637800008058548","0","0"
"points250000-sources3","off","2","31","179087675.4677","179087680.29069999","4.8229999840259552","0","0"
"points250000-sources3","off","2","32","179087680.4219","179087685.4919","5.0699999928474426","0","0"
"points250000-sources3","off","2","33","179087685.65180001","179087688.87110001","3.2193000018596649","0","0"
"points250000-sources3","off","2","34","179087689.01629999","179087692.53560001","3.5193000137805939","0","0"
"points250000-sources3","off","2","35","179087692.6471","179087697.34819999","4.7010999917984009","0","0"
"points250000-sources3","off","2","36","179087697.486","179087702.45789999","4.9718999862670898","0","0"
"points250000-sources3","off","2","37","179087702.59650001","179087706.12029999","3.5237999856472015","0","0"
"points250000-sources3","off","2","38","179087706.2353","179087709.3581","3.1227999925613403","0","0"
"points250000-sources3","off","2","39","179087709.46759999","179087713.54840001","4.0808000266551971","0","0"
"points250000-sources3","off","2","40","179087713.67550001","179087717.63409999","3.9585999846458435","0","0"
"points250000-sources3","off","2","41","179087717.78549999","179087720.59720001","2.8117000162601471","0","0"
"points250000-sources3","off","2","42","179087720.729","179087724.02070001","3.291700005531311","0","0"
"points250000-sources3","off","2","43","179087724.134","179087727.43759999","3.3035999834537506","0","0"
"points250000-sources3","off","2","44","179087727.54929999","179087731.04859999","3.4993000030517578","0","0"
"points250000-sources3","off","2","45","179087731.16819999","179087734.42750001","3.259300023317337","0","0"
"points250000-sources3","off","2","46","179087734.5399","179087737.82539999","3.2854999899864197","0","0"
"points250000-sources3","off","2","47","179087737.93959999","179087741.78119999","3.8416000008583069","0","0"
"points250000-sources3","off","2","48","179087741.88800001","179087747.64860001","5.7606000006198883","0","0"
"points250000-sources3","off","2","49","179087747.7735","179087752.61880001","4.845300018787384","0","0"
"points250000-sources3","off","2","50","179087752.7385","179087756.54350001","3.8050000071525574","0","0"
"points250000-sources3","off","2","51","179087756.65959999","179087761.4237","4.7641000151634216","0","0"
"points250000-sources3","off","2","52","179087761.53400001","179087765.56999999","4.035999983549118","0","0"
"points250000-sources3","off","2","53","179087765.69459999","179087768.9971","3.3025000095367432","0","0"
"points250000-sources3","off","2","54","179087769.10870001","179087772.45359999","3.344899982213974","0","0"
"points250000-sources3","off","2","55","179087772.56619999","179087776.53130001","3.9651000201702118","0","0"
"points250000-sources3","off","2","56","179087776.6392","179087780.12810001","3.4889000058174133","0","0"
"points250000-sources3","off","2","57","179087780.2403","179087783.19780001","2.9575000107288361","0","0"
"points250000-sources3","off","2","58","179087783.33360001","179087785.98969999","2.6560999751091003","0","0"
"points250000-sources3","off","2","59","179087786.10389999","179087790.11019999","4.0063000023365021","0","0"
"points250000-sources3","off","2","60","179087790.26480001","179087794.0255","3.760699987411499","0","0"
"points250000-sources3","off","2","61","179087794.1798","179087797.55230001","3.3725000023841858","0","0"
"points250000-sources3","off","2","62","179087797.6972","179087801.7692","4.0719999969005585","0","0"
"points250000-sources3","off","2","63","179087801.9082","179087807.0521","5.1439000070095062","0","0"
"points250000-sources3","off","2","64","179087807.1832","179087810.875","3.6917999982833862","0","0"
"points250000-sources3","off","2","65","179087811.00470001","179087815.47749999","4.4727999866008759","0","0"
"points250000-sources3","off","2","66","179087815.66","179087820.21059999","4.550599992275238","0","0"
"points250000-sources3","off","2","67","179087820.33739999","179087824.9849","4.6475000083446503","0","0"
"points250000-sources3","off","2","68","179087825.10960001","179087829.2502","4.1405999958515167","0","0"
"points250000-sources3","off","2","69","179087829.4251","179087833.89899999","4.4738999903202057","0","0"
"points250000-sources3","off","2","70","179087834.02090001","179087839.03600001","5.0151000022888184","0","0"
"points250000-sources3","off","2","71","179087839.1566","179087841.8251","2.6685000061988831","0","0"
"points250000-sources3","off","2","72","179087841.9386","179087845.0273","3.088699996471405","0","0"
"points250000-sources3","off","2","73","179087845.13859999","179087848.4235","3.2849000096321106","0","0"
"points250000-sources3","off","2","74","179087848.5596","179087851.30770001","2.7481000125408173","0","0"
"points250000-sources3","off","2","75","179087851.42109999","179087854.8353","3.4142000079154968","0","0"
"points250000-sources3","off","2","76","179087854.94909999","179087857.47920001","2.530100017786026","0","0"
"points250000-sources3","off","2","77","179087857.5889","179087860.98140001","3.3925000131130219","0","0"
"points250000-sources3","off","2","78","179087861.0896","179087863.93959999","2.8499999940395355","0","0"
"points250000-sources3","off","2","79","179087864.04890001","179087868.1895","4.1405999958515167","0","0"
"points250000-sources3","off","2","80","179087868.30559999","179087873.92469999","5.6191000044345856","0","0"
"points250000-sources3","off","2","81","179087874.03420001","179087878.30779999","4.2735999822616577","0","0"
"points250000-sources3","off","2","82","179087878.42699999","179087881.70730001","3.2803000211715698","0","0"
"points250000-sources3","off","2","83","179087881.8362","179087886.3206","4.4844000041484833","0","0"
"points250000-sources3","off","2","84","179087886.4443","179087889.85690001","3.4126000106334686","0","0"
"points250000-sources3","off","2","85","179087889.97310001","179087894.22029999","4.2471999824047089","0","0"
"points250000-sources3","off","2","86","179087894.3353","179087897.74540001","3.4101000130176544","0","0"
"points250000-sources3","off","2","87","179087897.8707","179087903.5966","5.7258999943733215","0","0"
"points250000-sources3","off","2","88","179087903.736","179087908.0043","4.2682999968528748","0","0"
"points250000-sources3","off","2","89","179087908.12079999","179087911.26989999","3.1491000056266785","0","0"
"points250000-sources3","off","2","90","179087911.384","179087914.1934","2.8093999922275543","0","0"
"points250000-sources3","off","2","91","179087914.3143","179087917.3213","3.0069999992847443","0","0"
"points250000-sources3","off","2","92","179087917.4366","179087920.14649999","2.7098999917507172","0","0"
"points250000-sources3","off","2","93","179087920.2597","179087922.9373","2.6775999963283539","0","0"
"points250000-sources3","off","2","94","179087923.04519999","179087925.942","2.8968000113964081","0","0"
"points250000-sources3","off","2","95","179087926.0492","179087928.77329999","2.7240999937057495","0","0"
"points250000-sources3","off","2","96","179087928.88699999","179087933.1688","4.2818000018596649","0","0"
"points250000-sources3","off","2","97","179087933.29879999","179087937.8373","4.5385000109672546","0","0"
"points250000-sources3","off","2","98","179087937.95199999","179087941.95289999","4.000900000333786","0","0"
"points250000-sources3","off","2","99","179087942.06200001","179087945.28920001","3.2272000014781952","0","0"
"points250000-sources3","off","2","100","179087945.40290001","179087950.2764","4.8734999895095825","0","0"
"points250000-sources3","off","2","101","179087950.43180001","179087954.11930001","3.6875","0","0"
"points250000-sources3","off","2","102","179087954.2369","179087958.28130001","4.0444000065326691","0","0"
"points250000-sources3","off","2","103","179087958.41940001","179087961.80320001","3.3837999999523163","0","0"
"points250000-sources3","off","2","104","179087961.9102","179087967.17640001","5.2662000060081482","0","0"
"points250000-sources3","off","2","105","179087967.3008","179087970.79030001","3.4895000159740448","0","0"
"points250000-sources3","off","2","106","179087970.90239999","179087974.24020001","3.3378000259399414","0","0"
"points250000-sources3","off","2","107","179087974.34909999","179087977.65990001","3.3108000159263611","0","0"
"points250000-sources3","off","2","108","179087977.76879999","179087983.09099999","5.3222000002861023","0","0"
"points250000-sources3","off","2","109","179087983.23280001","179087986.62580001","3.3930000066757202","0","0"
"points250000-sources3","off","2","110","179087986.74990001","179087990.88249999","4.1325999796390533","0","0"
"points250000-sources3","off","2","111","179087990.99340001","179087993.90349999","2.910099983215332","0","0"
"points250000-sources3","off","2","112","179087994.02149999","179087997.3642","3.3427000045776367","0","0"
"points250000-sources3","off","2","113","179087997.49110001","179088000.37760001","2.8865000009536743","0","0"
"points250000-sources3","off","2","114","179088000.49239999","179088003.18020001","2.6878000199794769","0","0"
"points250000-sources3","off","2","115","179088003.28940001","179088005.91319999","2.6237999796867371","0","0"
"points250000-sources3","off","2","116","179088006.0192","179088009.38159999","3.3623999953269958","0","0"
"points250000-sources3","off","2","117","179088009.50909999","179088014.28740001","4.778300017118454","0","0"
"points250000-sources3","off","2","118","179088014.45660001","179088018.98190001","4.525299996137619","0","0"
"points250000-sources3","off","2","119","179088019.1063","179088022.28169999","3.1753999888896942","0","0"
"points250000-sources3","off","2","120","179088022.42770001","179088026.21619999","3.7884999811649323","0","0"
"points250000-sources3","off","3","1","179088075.2062","179088078.15110001","2.9449000060558319","0","0"
"points250000-sources3","off","3","2","179088078.34330001","179088082.00650001","3.6631999909877777","0","0"
"points250000-sources3","off","3","3","179088082.1753","179088086.00659999","3.8312999904155731","0","0"
"points250000-sources3","off","3","4","179088086.1451","179088095.3123","9.1671999990940094","0","0"
"points250000-sources3","off","3","5","179088095.4427","179088099.9973","4.5546000003814697","0","0"
"points250000-sources3","off","3","6","179088100.22830001","179088104.73280001","4.5045000016689301","0","0"
"points250000-sources3","off","3","7","179088104.85679999","179088109.15779999","4.3009999990463257","0","0"
"points250000-sources3","off","3","8","179088109.27360001","179088112.5993","3.3256999850273132","0","0"
"points250000-sources3","off","3","9","179088112.708","179088117.338","4.6299999952316284","0","0"
"points250000-sources3","off","3","10","179088117.48930001","179088121.5399","4.050599992275238","0","0"
"points250000-sources3","off","3","11","179088121.68830001","179088126.67359999","4.9852999746799469","0","0"
"points250000-sources3","off","3","12","179088126.79269999","179088130.0596","3.2669000029563904","0","0"
"points250000-sources3","off","3","13","179088130.17399999","179088133.58070001","3.4067000150680542","0","0"
"points250000-sources3","off","3","14","179088133.70339999","179088136.74090001","3.0375000238418579","0","0"
"points250000-sources3","off","3","15","179088136.87200001","179088139.59169999","2.7196999788284302","0","0"
"points250000-sources3","off","3","16","179088139.70449999","179088142.37850001","2.6740000247955322","0","0"
"points250000-sources3","off","3","17","179088142.48449999","179088145.51820001","3.03370001912117","0","0"
"points250000-sources3","off","3","18","179088145.6309","179088148.92120001","3.2903000116348267","0","0"
"points250000-sources3","off","3","19","179088149.04859999","179088153.2098","4.1612000167369843","0","0"
"points250000-sources3","off","3","20","179088153.33419999","179088156.48289999","3.1486999988555908","0","0"
"points250000-sources3","off","3","21","179088156.59630001","179088159.90740001","3.3111000061035156","0","0"
"points250000-sources3","off","3","22","179088160.0185","179088163.3339","3.3154000043869019","0","0"
"points250000-sources3","off","3","23","179088163.4454","179088167.12180001","3.6764000058174133","0","0"
"points250000-sources3","off","3","24","179088167.24540001","179088171.67410001","4.4287000000476837","0","0"
"points250000-sources3","off","3","25","179088171.792","179088175.14840001","3.3564000129699707","0","0"
"points250000-sources3","off","3","26","179088175.2588","179088178.3626","3.1037999987602234","0","0"
"points250000-sources3","off","3","27","179088178.47960001","179088184.0882","5.608599990606308","0","0"
"points250000-sources3","off","3","28","179088184.22299999","179088187.13260001","2.9096000194549561","0","0"
"points250000-sources3","off","3","29","179088187.2538","179088190.66980001","3.4160000085830688","0","0"
"points250000-sources3","off","3","30","179088190.78400001","179088194.83360001","4.0496000051498413","0","0"
"points250000-sources3","off","3","31","179088194.94999999","179088200.11559999","5.1656000018119812","0","0"
"points250000-sources3","off","3","32","179088200.24849999","179088203.83180001","3.5833000242710114","0","0"
"points250000-sources3","off","3","33","179088203.95950001","179088207.06259999","3.1030999720096588","0","0"
"points250000-sources3","off","3","34","179088207.17559999","179088209.88249999","2.7069000005722046","0","0"
"points250000-sources3","off","3","35","179088209.99450001","179088212.7784","2.7838999927043915","0","0"
"points250000-sources3","off","3","36","179088212.91159999","179088218.6972","5.7856000065803528","0","0"
"points250000-sources3","off","3","37","179088218.85530001","179088222.6239","3.7685999870300293","0","0"
"points250000-sources3","off","3","38","179088222.75909999","179088226.4903","3.7312000095844269","0","0"
"points250000-sources3","off","3","39","179088226.61129999","179088231.36059999","4.7493000030517578","0","0"
"points250000-sources3","off","3","40","179088231.5002","179088234.99290001","3.4927000105381012","0","0"
"points250000-sources3","off","3","41","179088235.11860001","179088238.67379999","3.5551999807357788","0","0"
"points250000-sources3","off","3","42","179088238.7956","179088241.96919999","3.1735999882221222","0","0"
"points250000-sources3","off","3","43","179088242.0835","179088245.91780001","3.8343000113964081","0","0"
"points250000-sources3","off","3","44","179088246.03220001","179088252.93830001","6.9061000049114227","0","0"
"points250000-sources3","off","3","45","179088253.09220001","179088256.6133","3.5210999846458435","0","0"
"points250000-sources3","off","3","46","179088256.757","179088260.53960001","3.7826000154018402","0","0"
"points250000-sources3","off","3","47","179088260.6602","179088265.5124","4.8522000014781952","0","0"
"points250000-sources3","off","3","48","179088265.6347","179088268.68560001","3.050900012254715","0","0"
"points250000-sources3","off","3","49","179088268.8066","179088271.50979999","2.7031999826431274","0","0"
"points250000-sources3","off","3","50","179088271.62130001","179088274.50350001","2.8822000026702881","0","0"
"points250000-sources3","off","3","51","179088274.61160001","179088278.6934","4.0817999839782715","0","0"
"points250000-sources3","off","3","52","179088278.8087","179088281.58629999","2.7775999903678894","0","0"
"points250000-sources3","off","3","53","179088281.7069","179088284.41150001","2.7046000063419342","0","0"
"points250000-sources3","off","3","54","179088284.52489999","179088287.65709999","3.1322000026702881","0","0"
"points250000-sources3","off","3","55","179088287.7694","179088291.31940001","3.550000011920929","0","0"
"points250000-sources3","off","3","56","179088291.43279999","179088296.00409999","4.5712999999523163","0","0"
"points250000-sources3","off","3","57","179088296.11219999","179088299.6363","3.5241000056266785","0","0"
"points250000-sources3","off","3","58","179088299.75870001","179088303.4296","3.6708999872207642","0","0"
"points250000-sources3","off","3","59","179088303.5442","179088307.2263","3.6820999979972839","0","0"
"points250000-sources3","off","3","60","179088307.40349999","179088312.99649999","5.5929999947547913","0","0"
"points250000-sources3","off","3","61","179088313.13999999","179088316.7854","3.6454000174999237","0","0"
"points250000-sources3","off","3","62","179088316.9082","179088319.99919999","3.0909999907016754","0","0"
"points250000-sources3","off","3","63","179088320.11939999","179088323.93090001","3.8115000128746033","0","0"
"points250000-sources3","off","3","64","179088324.04789999","179088328.61610001","4.568200021982193","0","0"
"points250000-sources3","off","3","65","179088328.73339999","179088331.77059999","3.037200003862381","0","0"
"points250000-sources3","off","3","66","179088331.89579999","179088335.19119999","3.2953999936580658","0","0"
"points250000-sources3","off","3","67","179088335.308","179088338.31240001","3.0044000148773193","0","0"
"points250000-sources3","off","3","68","179088338.4235","179088343.0706","4.6471000015735626","0","0"
"points250000-sources3","off","3","69","179088343.20089999","179088346.0223","2.8214000165462494","0","0"
"points250000-sources3","off","3","70","179088346.13780001","179088349.42969999","3.2918999791145325","0","0"
"points250000-sources3","off","3","71","179088349.55829999","179088353.11590001","3.5576000213623047","0","0"
"points250000-sources3","off","3","72","179088353.2387","179088357.35609999","4.1173999905586243","0","0"
"points250000-sources3","off","3","73","179088357.472","179088360.42109999","2.949099987745285","0","0"
"points250000-sources3","off","3","74","179088360.5363","179088364.25319999","3.7168999910354614","0","0"
"points250000-sources3","off","3","75","179088364.36570001","179088367.90599999","3.5402999818325043","0","0"
"points250000-sources3","off","3","76","179088368.0201","179088371.4957","3.475600004196167","0","0"
"points250000-sources3","off","3","77","179088371.60510001","179088376.63229999","5.0271999835968018","0","0"
"points250000-sources3","off","3","78","179088376.7441","179088380.28650001","3.5424000024795532","0","0"
"points250000-sources3","off","3","79","179088380.39930001","179088383.86160001","3.4623000025749207","0","0"
"points250000-sources3","off","3","80","179088384.00619999","179088388.17250001","4.1663000285625458","0","0"
"points250000-sources3","off","3","81","179088388.29120001","179088392.45370001","4.1624999940395355","0","0"
"points250000-sources3","off","3","82","179088392.57120001","179088396.15200001","3.5807999968528748","0","0"
"points250000-sources3","off","3","83","179088396.2676","179088400.26820001","4.0006000101566315","0","0"
"points250000-sources3","off","3","84","179088400.40400001","179088404.9499","4.5458999872207642","0","0"
"points250000-sources3","off","3","85","179088405.07179999","179088407.86559999","2.7937999963760376","0","0"
"points250000-sources3","off","3","86","179088407.97729999","179088410.5632","2.5859000086784363","0","0"
"points250000-sources3","off","3","87","179088410.6767","179088413.45120001","2.7745000123977661","0","0"
"points250000-sources3","off","3","88","179088413.5844","179088416.8057","3.2213000059127808","0","0"
"points250000-sources3","off","3","89","179088416.9285","179088421.07550001","4.1470000147819519","0","0"
"points250000-sources3","off","3","90","179088421.18799999","179088424.1178","2.9298000037670135","0","0"
"points250000-sources3","off","3","91","179088424.22909999","179088427.8044","3.575300008058548","0","0"
"points250000-sources3","off","3","92","179088427.91159999","179088431.41530001","3.5037000179290771","0","0"
"points250000-sources3","off","3","93","179088431.53299999","179088435.29730001","3.7643000185489655","0","0"
"points250000-sources3","off","3","94","179088435.40790001","179088440.58160001","5.1737000048160553","0","0"
"points250000-sources3","off","3","95","179088440.69159999","179088443.78729999","3.0956999957561493","0","0"
"points250000-sources3","off","3","96","179088443.89820001","179088447.1257","3.2274999916553497","0","0"
"points250000-sources3","off","3","97","179088447.241","179088450.72279999","3.481799989938736","0","0"
"points250000-sources3","off","3","98","179088450.8572","179088456.1539","5.2967000007629395","0","0"
"points250000-sources3","off","3","99","179088456.29190001","179088459.25170001","2.9598000049591064","0","0"
"points250000-sources3","off","3","100","179088459.37689999","179088463.4445","4.0676000118255615","0","0"
"points250000-sources3","off","3","101","179088463.56470001","179088467.5975","4.0327999889850616","0","0"
"points250000-sources3","off","3","102","179088467.73769999","179088471.08759999","3.3499000072479248","0","0"
"points250000-sources3","off","3","103","179088471.20390001","179088474.24180001","3.0379000008106232","0","0"
"points250000-sources3","off","3","104","179088474.35120001","179088477.04229999","2.6910999715328217","0","0"
"points250000-sources3","off","3","105","179088477.15290001","179088479.8944","2.7414999902248383","0","0"
"points250000-sources3","off","3","106","179088480.0095","179088484.5878","4.5782999992370605","0","0"
"points250000-sources3","off","3","107","179088484.72080001","179088487.42039999","2.6995999813079834","0","0"
"points250000-sources3","off","3","108","179088487.53490001","179088491.0537","3.5187999904155731","0","0"
"points250000-sources3","off","3","109","179088491.16580001","179088494.6015","3.435699999332428","0","0"
"points250000-sources3","off","3","110","179088494.7173","179088498.5054","3.788100004196167","0","0"
"points250000-sources3","off","3","111","179088498.64750001","179088503.1162","4.4686999917030334","0","0"
"points250000-sources3","off","3","112","179088503.2421","179088506.41890001","3.176800012588501","0","0"
"points250000-sources3","off","3","113","179088506.537","179088510.10640001","3.5694000124931335","0","0"
"points250000-sources3","off","3","114","179088510.2207","179088515.91859999","5.6978999972343445","0","0"
"points250000-sources3","off","3","115","179088516.05680001","179088519.80489999","3.7480999827384949","0","0"
"points250000-sources3","off","3","116","179088519.93000001","179088523.11860001","3.1886000037193298","0","0"
"points250000-sources3","off","3","117","179088523.23550001","179088526.5289","3.29339998960495","0","0"
"points250000-sources3","off","3","118","179088526.65059999","179088531.0052","4.3546000123023987","0","0"
"points250000-sources3","off","3","119","179088531.13440001","179088534.4077","3.2732999920845032","0","0"
"points250000-sources3","off","3","120","179088534.52520001","179088537.7581","3.2328999936580658","0","0"
"points250000-sources3","gw","3","1","179088792.4542","179088811.4391","18.984899997711182","13.730100035667419","2"
"points250000-sources3","gw","3","2","179088811.62349999","179088830.47260001","18.849100023508072","14.024300009012222","2"
"points250000-sources3","gw","3","3","179088830.65849999","179088849.43180001","18.773300021886826","13.664800018072128","2"
"points250000-sources3","gw","3","4","179088849.61700001","179088869.83559999","20.2185999751091","13.699899971485138","2"
"points250000-sources3","gw","3","5","179088870.01890001","179088892.39109999","22.372199982404709","14.800299972295761","2"
"points250000-sources3","gw","3","6","179088892.5747","179088913.98410001","21.409400016069412","13.850800007581711","2"
"points250000-sources3","gw","3","7","179088914.18000001","179088934.88890001","20.70890000462532","13.768899977207184","2"
"points250000-sources3","gw","3","8","179088935.20950001","179088955.13499999","19.925499975681305","13.856400012969971","2"
"points250000-sources3","gw","3","9","179088955.32519999","179088974.74039999","19.415199995040894","13.678300023078918","2"
"points250000-sources3","gw","3","10","179088974.90630001","179088994.90450001","19.998199999332428","13.86710000038147","2"
"points250000-sources3","gw","3","11","179088995.07170001","179089014.25299999","19.181299984455109","13.844999969005585","2"
"points250000-sources3","gw","3","12","179089014.4341","179089034.96160001","20.527500003576279","13.927900016307831","2"
"points250000-sources3","gw","3","13","179089035.1354","179089052.84540001","17.71000000834465","13.940699964761734","2"
"points250000-sources3","gw","3","14","179089053.01930001","179089071.8346","18.815299987792969","13.641999989748001","2"
"points250000-sources3","gw","3","15","179089072.00600001","179089090.82600001","18.819999992847443","13.741599977016449","2"
"points250000-sources3","gw","3","16","179089091.00729999","179089110.57339999","19.566100001335144","14.219300031661987","2"
"points250000-sources3","gw","3","17","179089110.75999999","179089131.23859999","20.47859999537468","13.834800004959106","2"
"points250000-sources3","gw","3","18","179089131.44209999","179089150.62040001","19.178300023078918","13.623700022697449","2"
"points250000-sources3","gw","3","19","179089150.79550001","179089169.6311","18.835599988698959","14.080899983644485","2"
"points250000-sources3","gw","3","20","179089169.79929999","179089189.41139999","19.612100005149841","13.756099998950958","2"
"points250000-sources3","gw","3","21","179089189.58669999","179089208.9589","19.372200012207031","13.792199999094009","2"
"points250000-sources3","gw","3","22","179089209.1275","179089229.21900001","20.091500014066696","13.754999995231628","2"
"points250000-sources3","gw","3","23","179089229.3915","179089248.62369999","19.232199996709824","13.799600005149841","2"
"points250000-sources3","gw","3","24","179089248.81029999","179089267.8513","19.041000008583069","13.685600012540817","2"
"points250000-sources3","gw","3","25","179089268.0228","179089286.70680001","18.684000015258789","13.724899977445602","2"
"points250000-sources3","gw","3","26","179089286.87259999","179089307.12720001","20.254600018262863","14.109899997711182","2"
"points250000-sources3","gw","3","27","179089307.31799999","179089325.52810001","18.210100024938583","14.018700003623962","2"
"points250000-sources3","gw","3","28","179089325.71709999","179089345.34189999","19.624799996614456","14.000400006771088","2"
"points250000-sources3","gw","3","29","179089345.50760001","179089364.95320001","19.445600003004074","13.708599984645844","2"
"points250000-sources3","gw","3","30","179089365.12909999","179089384.97260001","19.843500018119812","13.894500017166138","2"
"points250000-sources3","gw","3","31","179089385.1345","179089404.5758","19.441300004720688","13.753099977970123","2"
"points250000-sources3","gw","3","32","179089404.74970001","179089424.2376","19.487899988889694","13.779700011014938","2"
"points250000-sources3","gw","3","33","179089424.4102","179089444.97909999","20.568899989128113","14.434000015258789","2"
"points250000-sources3","gw","3","34","179089445.15470001","179089464.9082","19.753499984741211","13.998199999332428","2"
"points250000-sources3","gw","3","35","179089465.08919999","179089483.667","18.577800005674362","13.786700010299683","2"
"points250000-sources3","gw","3","36","179089483.84349999","179089503.17590001","19.332400023937225","13.751400023698807","2"
"points250000-sources3","gw","3","37","179089503.34220001","179089522.17289999","18.830699980258942","14.282200008630753","2"
"points250000-sources3","gw","3","38","179089522.35389999","179089540.99720001","18.643300026655197","13.576300024986267","2"
"points250000-sources3","gw","3","39","179089541.1701","179089559.9698","18.799699991941452","13.893099993467331","2"
"points250000-sources3","gw","3","40","179089560.14500001","179089580.65490001","20.509900003671646","14.856700003147125","2"
"points250000-sources3","gw","3","41","179089580.84830001","179089601.433","20.584699988365173","13.66770002245903","2"
"points250000-sources3","gw","3","42","179089601.61050001","179089621.55340001","19.942900002002716","13.664599984884262","2"
"points250000-sources3","gw","3","43","179089621.75170001","179089640.7872","19.03549998998642","13.870899975299835","2"
"points250000-sources3","gw","3","44","179089640.9646","179089661.0099","20.045300006866455","13.860900014638901","2"
"points250000-sources3","gw","3","45","179089661.18360001","179089680.82260001","19.638999998569489","13.677699983119965","2"
"points250000-sources3","gw","3","46","179089681.0271","179089701.17539999","20.148299992084503","13.721100002527237","2"
"points250000-sources3","gw","3","47","179089701.37259999","179089721.42860001","20.056000024080276","13.796400010585785","2"
"points250000-sources3","gw","3","48","179089721.61849999","179089742.9258","21.307300001382828","14.587900012731552","2"
"points250000-sources3","gw","3","49","179089743.08950001","179089761.42039999","18.330899983644485","13.921099990606308","2"
"points250000-sources3","gw","3","50","179089761.64919999","179089782.52939999","20.880199998617172","15.424699991941452","2"
"points250000-sources3","gw","3","51","179089782.72229999","179089801.52759999","18.805299997329712","14.304399996995926","2"
"points250000-sources3","gw","3","52","179089801.70390001","179089820.10409999","18.400199979543686","13.76230001449585","2"
"points250000-sources3","gw","3","53","179089820.28569999","179089839.99070001","19.705000013113022","13.747499972581863","2"
"points250000-sources3","gw","3","54","179089840.18529999","179089859.2446","19.059300005435944","13.719399958848953","2"
"points250000-sources3","gw","3","55","179089859.41229999","179089879.24039999","19.828099995851517","13.825399994850159","2"
"points250000-sources3","gw","3","56","179089879.40599999","179089899.25040001","19.844400018453598","13.745199978351593","2"
"points250000-sources3","gw","3","57","179089899.44859999","179089920.6036","21.155000001192093","14.85970002412796","2"
"points250000-sources3","gw","3","58","179089920.80070001","179089943.1182","22.317499995231628","14.27360001206398","2"
"points250000-sources3","gw","3","59","179089943.3035","179089964.32170001","21.018200010061264","14.127900004386902","2"
"points250000-sources3","gw","3","60","179089964.49880001","179089983.39390001","18.895099997520447","13.771899968385696","2"
"points250000-sources3","gw","3","61","179089983.62889999","179090003.08059999","19.451700001955032","13.772399991750717","2"
"points250000-sources3","gw","3","62","179090003.28830001","179090021.64219999","18.353899985551834","13.967599987983704","2"
"points250000-sources3","gw","3","63","179090021.80140001","179090040.3319","18.530499994754791","13.853399991989136","2"
"points250000-sources3","gw","3","64","179090040.48699999","179090059.5465","19.059500008821487","13.637199997901917","2"
"points250000-sources3","gw","3","65","179090059.73699999","179090078.30399999","18.56700000166893","13.692200005054474","2"
"points250000-sources3","gw","3","66","179090078.4639","179090098.80950001","20.345600008964539","13.944599986076355","2"
"points250000-sources3","gw","3","67","179090099.03600001","179090119.00099999","19.964999973773956","14.063200026750565","2"
"points250000-sources3","gw","3","68","179090119.17640001","179090138.5704","19.393999993801117","13.803999990224838","2"
"points250000-sources3","gw","3","69","179090138.80779999","179090159.1649","20.357100009918213","14.419200003147125","2"
"points250000-sources3","gw","3","70","179090159.35600001","179090179.5386","20.182599991559982","13.758100003004074","2"
"points250000-sources3","gw","3","71","179090179.7376","179090199.48050001","19.742900013923645","15.19829997420311","2"
"points250000-sources3","gw","3","72","179090199.64829999","179090219.68040001","20.032100021839142","13.853200018405914","2"
"points250000-sources3","gw","3","73","179090219.87819999","179090238.7247","18.846500009298325","13.748199969530106","2"
"points250000-sources3","gw","3","74","179090238.90830001","179090259.428","20.519699990749359","13.763100028038025","2"
"points250000-sources3","gw","3","75","179090259.60839999","179090278.1859","18.577500015497208","13.771599978208542","2"
"points250000-sources3","gw","3","76","179090278.35519999","179090297.23120001","18.876000016927719","14.050699979066849","2"
"points250000-sources3","gw","3","77","179090297.4152","179090317.9799","20.56470000743866","14.037900030612946","2"
"points250000-sources3","gw","3","78","179090318.16260001","179090337.71059999","19.547999978065491","13.741200000047684","2"
"points250000-sources3","gw","3","79","179090337.88460001","179090359.16010001","21.275499999523163","14.765100002288818","2"
"points250000-sources3","gw","3","80","179090359.34470001","179090379.28049999","19.935799986124039","13.764800041913986","2"
"points250000-sources3","gw","3","81","179090379.4524","179090398.93810001","19.485700011253357","13.890199989080429","2"
"points250000-sources3","gw","3","82","179090399.14050001","179090419.32789999","20.187399983406067","13.638599991798401","2"
"points250000-sources3","gw","3","83","179090419.51120001","179090439.50479999","19.993599981069565","13.90310001373291","2"
"points250000-sources3","gw","3","84","179090439.6814","179090458.8434","19.162000000476837","13.816699981689453","2"
"points250000-sources3","gw","3","85","179090459.03940001","179090478.8493","19.809899985790253","14.434200018644333","2"
"points250000-sources3","gw","3","86","179090479.01359999","179090498.1259","19.112300008535385","13.816199988126755","2"
"points250000-sources3","gw","3","87","179090498.30329999","179090516.6056","18.302300006151199","13.836800009012222","2"
"points250000-sources3","gw","3","88","179090516.7773","179090535.41690001","18.63960000872612","13.824200004339218","2"
"points250000-sources3","gw","3","89","179090535.59119999","179090555.4867","19.895500004291534","14.142599999904633","2"
"points250000-sources3","gw","3","90","179090555.6891","179090577.17809999","21.488999992609024","13.954699993133545","2"
"points250000-sources3","gw","3","91","179090577.39820001","179090597.57530001","20.177100002765656","14.202600002288818","2"
"points250000-sources3","gw","3","92","179090597.7595","179090618.4434","20.683899998664856","13.743200033903122","2"
"points250000-sources3","gw","3","93","179090618.62490001","179090637.3556","18.730699986219406","13.570499986410141","2"
"points250000-sources3","gw","3","94","179090637.55320001","179090657.41209999","19.858899980783463","13.856600016355515","2"
"points250000-sources3","gw","3","95","179090657.59020001","179090676.0002","18.409999996423721","13.779300004243851","2"
"points250000-sources3","gw","3","96","179090676.17640001","179090696.15920001","19.982800006866455","13.796600013971329","2"
"points250000-sources3","gw","3","97","179090696.3301","179090716.30930001","19.979200005531311","13.826299995183945","2"
"points250000-sources3","gw","3","98","179090716.49790001","179090735.40470001","18.906800001859665","14.011000037193298","2"
"points250000-sources3","gw","3","99","179090735.5722","179090754.3344","18.762199997901917","13.677100002765656","2"
"points250000-sources3","gw","3","100","179090754.52489999","179090773.65009999","19.125200003385544","13.622400015592575","2"
"points250000-sources3","gw","3","101","179090773.8443","179090793.1911","19.346799999475479","14.027299970388412","2"
"points250000-sources3","gw","3","102","179090793.3599","179090813.3484","19.988499999046326","13.788699984550476","2"
"points250000-sources3","gw","3","103","179090813.5539","179090833.68630001","20.132400006055832","13.839300006628036","2"
"points250000-sources3","gw","3","104","179090833.87819999","179090854.3926","20.514400005340576","13.870700001716614","2"
"points250000-sources3","gw","3","105","179090854.5844","179090875.31670001","20.732300013303757","13.938499987125397","2"
"points250000-sources3","gw","3","106","179090875.50400001","179090894.4824","18.978399991989136","13.758599996566772","2"
"points250000-sources3","gw","3","107","179090894.6543","179090916.10260001","21.448300004005432","13.905699998140335","2"
"points250000-sources3","gw","3","108","179090916.29440001","179090937.02239999","20.727999985218048","14.40090000629425","2"
"points250000-sources3","gw","3","109","179090937.23460001","179090957.2351","20.000499993562698","13.909099996089935","2"
"points250000-sources3","gw","3","110","179090957.42250001","179090976.46939999","19.046899974346161","13.985499978065491","2"
"points250000-sources3","gw","3","111","179090976.63170001","179090996.7854","20.153699994087219","14.08050000667572","2"
"points250000-sources3","gw","3","112","179090997.005","179091014.89680001","17.89180001616478","13.819099992513657","2"
"points250000-sources3","gw","3","113","179091015.07339999","179091034.07249999","18.999099999666214","13.834300011396408","2"
"points250000-sources3","gw","3","114","179091034.23750001","179091053.873","19.635499984025955","13.967400014400482","2"
"points250000-sources3","gw","3","115","179091054.04899999","179091073.62259999","19.573599994182587","13.659500002861023","2"
"points250000-sources3","gw","3","116","179091073.78749999","179091094.30320001","20.51570001244545","14.168899983167648","2"
"points250000-sources3","gw","3","117","179091094.48930001","179091114.8026","20.313299983739853","13.951999992132187","2"
"points250000-sources3","gw","3","118","179091114.9858","179091134.84850001","19.862700015306473","13.821999996900558","2"
"points250000-sources3","gw","3","119","179091135.0122","179091154.6805","19.668300002813339","13.803200006484985","2"
"points250000-sources3","gw","3","120","179091154.85260001","179091173.7782","18.925599992275238","13.853500008583069","2"
"points250000-sources3","retained","3","1","179091227.171","179091230.5244","3.3533999919891357","0","0"
"points250000-sources3","retained","3","2","179091230.72319999","179091234.18689999","3.463699996471405","0","0"
"points250000-sources3","retained","3","3","179091234.30649999","179091239.16010001","4.853600025177002","0","0"
"points250000-sources3","retained","3","4","179091239.27649999","179091242.71880001","3.442300021648407","0","0"
"points250000-sources3","retained","3","5","179091242.8335","179091246.32780001","3.4943000078201294","0","0"
"points250000-sources3","retained","3","6","179091246.44769999","179091250.3233","3.8756000101566315","0","0"
"points250000-sources3","retained","3","7","179091250.48570001","179091255.49450001","5.0087999999523163","0","0"
"points250000-sources3","retained","3","8","179091255.61660001","179091258.87819999","3.261599987745285","0","0"
"points250000-sources3","retained","3","9","179091258.99700001","179091262.08340001","3.0864000022411346","0","0"
"points250000-sources3","retained","3","10","179091262.1945","179091265.27329999","3.0787999927997589","0","0"
"points250000-sources3","retained","3","11","179091265.39770001","179091270.2491","4.8513999879360199","0","0"
"points250000-sources3","retained","3","12","179091270.36489999","179091273.04899999","2.6841000020503998","0","0"
"points250000-sources3","retained","3","13","179091273.15990001","179091275.84020001","2.6802999973297119","0","0"
"points250000-sources3","retained","3","14","179091275.9522","179091279.61750001","3.6653000116348267","0","0"
"points250000-sources3","retained","3","15","179091279.7958","179091284.76530001","4.9695000052452087","0","0"
"points250000-sources3","retained","3","16","179091284.91940001","179091289.25150001","4.3321000039577484","0","0"
"points250000-sources3","retained","3","17","179091289.37169999","179091292.9084","3.5367000102996826","0","0"
"points250000-sources3","retained","3","18","179091293.035","179091296.5517","3.5166999995708466","0","0"
"points250000-sources3","retained","3","19","179091296.6629","179091302.75690001","6.0940000116825104","0","0"
"points250000-sources3","retained","3","20","179091302.92680001","179091306.831","3.9041999876499176","0","0"
"points250000-sources3","retained","3","21","179091306.9576","179091310.56709999","3.609499990940094","0","0"
"points250000-sources3","retained","3","22","179091310.69319999","179091313.98930001","3.2961000204086304","0","0"
"points250000-sources3","retained","3","23","179091314.104","179091319.47330001","5.3693000078201294","0","0"
"points250000-sources3","retained","3","24","179091319.60640001","179091322.86489999","3.2584999799728394","0","0"
"points250000-sources3","retained","3","25","179091322.97999999","179091326.11849999","3.1385000050067902","0","0"
"points250000-sources3","retained","3","26","179091326.22850001","179091329.572","3.3434999883174896","0","0"
"points250000-sources3","retained","3","27","179091329.70359999","179091334.0627","4.3591000139713287","0","0"
"points250000-sources3","retained","3","28","179091334.18340001","179091337.1381","2.9546999931335449","0","0"
"points250000-sources3","retained","3","29","179091337.25420001","179091340.0598","2.8055999875068665","0","0"
"points250000-sources3","retained","3","30","179091340.1679","179091342.88870001","2.7208000123500824","0","0"
"points250000-sources3","retained","3","31","179091342.99739999","179091346.59279999","3.5954000055789948","0","0"
"points250000-sources3","retained","3","32","179091346.70640001","179091352.3037","5.5972999930381775","0","0"
"points250000-sources3","retained","3","33","179091352.4522","179091356.2863","3.8341000080108643","0","0"
"points250000-sources3","retained","3","34","179091356.42160001","179091359.9948","3.573199987411499","0","0"
"points250000-sources3","retained","3","35","179091360.1124","179091365.4765","5.3641000092029572","0","0"
"points250000-sources3","retained","3","36","179091365.63420001","179091368.96180001","3.3276000022888184","0","0"
"points250000-sources3","retained","3","37","179091369.07870001","179091372.8928","3.8140999972820282","0","0"
"points250000-sources3","retained","3","38","179091373.00459999","179091376.1904","3.1858000159263611","0","0"
"points250000-sources3","retained","3","39","179091376.2983","179091381.9294","5.6310999989509583","0","0"
"points250000-sources3","retained","3","40","179091382.06040001","179091385.1744","3.113999992609024","0","0"
"points250000-sources3","retained","3","41","179091385.2974","179091388.50130001","3.203900009393692","0","0"
"points250000-sources3","retained","3","42","179091388.62470001","179091391.79629999","3.1715999841690063","0","0"
"points250000-sources3","retained","3","43","179091391.90759999","179091396.317","4.4094000160694122","0","0"
"points250000-sources3","retained","3","44","179091396.44260001","179091399.5086","3.0659999847412109","0","0"
"points250000-sources3","retained","3","45","179091399.63420001","179091402.36680001","2.7326000034809113","0","0"
"points250000-sources3","retained","3","46","179091402.48370001","179091405.36660001","2.8828999996185303","0","0"
"points250000-sources3","retained","3","47","179091405.4862","179091409.61390001","4.127700001001358","0","0"
"points250000-sources3","retained","3","48","179091409.73390001","179091412.55559999","2.8216999769210815","0","0"
"points250000-sources3","retained","3","49","179091412.66769999","179091416.21250001","3.5448000133037567","0","0"
"points250000-sources3","retained","3","50","179091416.35980001","179091419.22940001","2.8695999979972839","0","0"
"points250000-sources3","retained","3","51","179091419.35479999","179091422.1288","2.7740000188350677","0","0"
"points250000-sources3","retained","3","52","179091422.2509","179091426.5851","4.334199994802475","0","0"
"points250000-sources3","retained","3","53","179091426.70550001","179091429.41870001","2.7132000029087067","0","0"
"points250000-sources3","retained","3","54","179091429.52649999","179091432.49880001","2.9723000228404999","0","0"
"points250000-sources3","retained","3","55","179091432.61899999","179091435.34580001","2.7268000245094299","0","0"
"points250000-sources3","retained","3","56","179091435.46259999","179091438.21919999","2.7565999925136566","0","0"
"points250000-sources3","retained","3","57","179091438.33160001","179091441.7168","3.3851999938488007","0","0"
"points250000-sources3","retained","3","58","179091441.8283","179091444.8567","3.0284000039100647","0","0"
"points250000-sources3","retained","3","59","179091444.96579999","179091447.998","3.0322000086307526","0","0"
"points250000-sources3","retained","3","60","179091448.1225","179091451.16780001","3.0453000068664551","0","0"
"points250000-sources3","retained","3","61","179091451.28529999","179091454.1604","2.8751000165939331","0","0"
"points250000-sources3","retained","3","62","179091454.2737","179091458.56459999","4.2908999919891357","0","0"
"points250000-sources3","retained","3","63","179091458.6823","179091461.45460001","2.7723000049591064","0","0"
"points250000-sources3","retained","3","64","179091461.56549999","179091464.6234","3.0579000115394592","0","0"
"points250000-sources3","retained","3","65","179091464.7394","179091467.50420001","2.7648000121116638","0","0"
"points250000-sources3","retained","3","66","179091467.61700001","179091470.4461","2.8290999829769135","0","0"
"points250000-sources3","retained","3","67","179091470.55559999","179091474.44850001","3.8929000198841095","0","0"
"points250000-sources3","retained","3","68","179091474.56279999","179091477.35299999","2.7901999950408936","0","0"
"points250000-sources3","retained","3","69","179091477.4576","179091480.1724","2.7148000001907349","0","0"
"points250000-sources3","retained","3","70","179091480.2976","179091483.0226","2.7249999940395355","0","0"
"points250000-sources3","retained","3","71","179091483.1478","179091486.2173","3.0694999992847443","0","0"
"points250000-sources3","retained","3","72","179091486.38330001","179091490.9605","4.5771999955177307","0","0"
"points250000-sources3","retained","3","73","179091491.07890001","179091493.70109999","2.6221999824047089","0","0"
"points250000-sources3","retained","3","74","179091493.80680001","179091496.54539999","2.7385999858379364","0","0"
"points250000-sources3","retained","3","75","179091496.65400001","179091499.87290001","3.2188999950885773","0","0"
"points250000-sources3","retained","3","76","179091499.99590001","179091503.0138","3.0178999900817871","0","0"
"points250000-sources3","retained","3","77","179091503.127","179091506.71329999","3.5862999856472015","0","0"
"points250000-sources3","retained","3","78","179091506.82080001","179091509.67519999","2.8543999791145325","0","0"
"points250000-sources3","retained","3","79","179091509.78279999","179091512.45379999","2.6710000038146973","0","0"
"points250000-sources3","retained","3","80","179091512.56279999","179091515.63029999","3.0674999952316284","0","0"
"points250000-sources3","retained","3","81","179091515.75850001","179091518.67789999","2.9193999767303467","0","0"
"points250000-sources3","retained","3","82","179091518.79660001","179091523.13710001","4.3404999971389771","0","0"
"points250000-sources3","retained","3","83","179091523.25260001","179091526.10159999","2.8489999771118164","0","0"
"points250000-sources3","retained","3","84","179091526.21509999","179091529.25619999","3.0410999953746796","0","0"
"points250000-sources3","retained","3","85","179091529.36410001","179091532.40329999","3.0391999781131744","0","0"
"points250000-sources3","retained","3","86","179091532.52520001","179091536.21160001","3.6863999962806702","0","0"
"points250000-sources3","retained","3","87","179091536.3267","179091539.02770001","2.7010000050067902","0","0"
"points250000-sources3","retained","3","88","179091539.1453","179091542.3439","3.1985999941825867","0","0"
"points250000-sources3","retained","3","89","179091542.45359999","179091546.1683","3.7147000133991241","0","0"
"points250000-sources3","retained","3","90","179091546.27590001","179091550.6661","4.3901999890804291","0","0"
"points250000-sources3","retained","3","91","179091550.83340001","179091556.16370001","5.3303000032901764","0","0"
"points250000-sources3","retained","3","92","179091556.2938","179091559.45789999","3.1640999913215637","0","0"
"points250000-sources3","retained","3","93","179091559.57530001","179091562.53799999","2.9626999795436859","0","0"
"points250000-sources3","retained","3","94","179091562.6487","179091565.8739","3.2251999974250793","0","0"
"points250000-sources3","retained","3","95","179091566.05140001","179091570.56799999","4.5165999829769135","0","0"
"points250000-sources3","retained","3","96","179091570.73359999","179091573.7642","3.0306000113487244","0","0"
"points250000-sources3","retained","3","97","179091573.8944","179091576.82390001","2.929500013589859","0","0"
"points250000-sources3","retained","3","98","179091576.94589999","179091579.8752","2.9293000102043152","0","0"
"points250000-sources3","retained","3","99","179091579.99079999","179091584.648","4.6572000086307526","0","0"
"points250000-sources3","retained","3","100","179091584.8026","179091587.73339999","2.9307999908924103","0","0"
"points250000-sources3","retained","3","101","179091587.85789999","179091590.77829999","2.9203999936580658","0","0"
"points250000-sources3","retained","3","102","179091590.89230001","179091593.66859999","2.7762999832630157","0","0"
"points250000-sources3","retained","3","103","179091593.78099999","179091596.53290001","2.7519000172615051","0","0"
"points250000-sources3","retained","3","104","179091596.64969999","179091600.197","3.5473000109195709","0","0"
"points250000-sources3","retained","3","105","179091600.3265","179091603.30019999","2.9736999869346619","0","0"
"points250000-sources3","retained","3","106","179091603.4165","179091606.2299","2.813400000333786","0","0"
"points250000-sources3","retained","3","107","179091606.3389","179091609.31650001","2.9776000082492828","0","0"
"points250000-sources3","retained","3","108","179091609.43439999","179091612.24779999","2.813400000333786","0","0"
"points250000-sources3","retained","3","109","179091612.37200001","179091618.9111","6.5390999913215637","0","0"
"points250000-sources3","retained","3","110","179091619.13730001","179091622.771","3.6336999833583832","0","0"
"points250000-sources3","retained","3","111","179091622.89969999","179091625.80520001","2.9055000245571136","0","0"
"points250000-sources3","retained","3","112","179091625.92629999","179091628.8143","2.8880000114440918","0","0"
"points250000-sources3","retained","3","113","179091628.9294","179091632.73539999","3.8059999942779541","0","0"
"points250000-sources3","retained","3","114","179091632.8813","179091636.13859999","3.2572999894618988","0","0"
"points250000-sources3","retained","3","115","179091636.26460001","179091639.16819999","2.9035999774932861","0","0"
"points250000-sources3","retained","3","116","179091639.28529999","179091642.15090001","2.8656000196933746","0","0"
"points250000-sources3","retained","3","117","179091642.2588","179091645.2031","2.9442999958992004","0","0"
"points250000-sources3","retained","3","118","179091645.3193","179091651.04010001","5.7208000123500824","0","0"
"points250000-sources3","retained","3","119","179091651.1841","179091654.14399999","2.9598999917507172","0","0"
"points250000-sources3","retained","3","120","179091654.2597","179091657.08329999","2.8235999941825867","0","0"
