case,arm,repeat,frame,begin_qpc_ms,end_qpc_ms,step_ms,callback_ms,callback_calls
"points250000-population100000","off","1","1","179306056.9109","179306059.8554","2.9444999992847443","0","0"
"points250000-population100000","off","1","2","179306060.0835","179306064.48429999","4.4007999897003174","0","0"
"points250000-population100000","off","1","3","179306064.68669999","179306067.67750001","2.9908000230789185","0","0"
"points250000-population100000","off","1","4","179306067.82980001","179306070.40700001","2.5771999955177307","0","0"
"points250000-population100000","off","1","5","179306070.54159999","179306073.28150001","2.7399000227451324","0","0"
"points250000-population100000","off","1","6","179306073.40990001","179306076.4208","3.0108999907970428","0","0"
"points250000-population100000","off","1","7","179306076.98699999","179306080.60679999","3.6198000013828278","0","0"
"points250000-population100000","off","1","8","179306080.74439999","179306083.54300001","2.7986000180244446","0","0"
"points250000-population100000","off","1","9","179306083.66409999","179306086.24129999","2.5771999955177307","0","0"
"points250000-population100000","off","1","10","179306086.36480001","179306089.23879999","2.8739999830722809","0","0"
"points250000-population100000","off","1","11","179306089.35370001","179306092.2419","2.8881999850273132","0","0"
"points250000-population100000","off","1","12","179306092.3527","179306096.78569999","4.4329999983310699","0","0"
"points250000-population100000","off","1","13","179306096.9456","179306100.47870001","3.5331000089645386","0","0"
"points250000-population100000","off","1","14","179306100.6135","179306104.23679999","3.6232999861240387","0","0"
"points250000-population100000","off","1","15","179306104.3592","179306107.73159999","3.3723999857902527","0","0"
"points250000-population100000","off","1","16","179306107.84979999","179306112.7737","4.9239000082015991","0","0"
"points250000-population100000","off","1","17","179306112.9657","179306117.41209999","4.446399986743927","0","0"
"points250000-population100000","off","1","18","179306117.56740001","179306121.1124","3.5449999868869781","0","0"
"points250000-population100000","off","1","19","179306121.2331","179306126.2101","4.9769999980926514","0","0"
"points250000-population100000","off","1","20","179306126.34540001","179306130.08829999","3.7428999841213226","0","0"
"points250000-population100000","off","1","21","179306130.21070001","179306134.47420001","4.2635000050067902","0","0"
"points250000-population100000","off","1","22","179306134.59189999","179306137.93599999","3.3440999984741211","0","0"
"points250000-population100000","off","1","23","179306138.0627","179306142.8739","4.8111999928951263","0","0"
"points250000-population100000","off","1","24","179306142.98089999","179306146.2015","3.2206000089645386","0","0"
"points250000-population100000","off","1","25","179306146.31799999","179306149.71439999","3.3964000046253204","0","0"
"points250000-population100000","off","1","26","179306149.8249","179306152.91159999","3.0866999924182892","0","0"
"points250000-population100000","off","1","27","179306153.0223","179306157.39829999","4.3759999871253967","0","0"
"points250000-population100000","off","1","28","179306157.5104","179306160.52180001","3.0114000141620636","0","0"
"points250000-population100000","off","1","29","179306160.64250001","179306163.70550001","3.0629999935626984","0","0"
"points250000-population100000","off","1","30","179306163.8213","179306166.45570001","2.6344000101089478","0","0"
"points250000-population100000","off","1","31","179306166.56079999","179306170.64309999","4.0823000073432922","0","0"
"points250000-population100000","off","1","32","179306170.76620001","179306174.19749999","3.4312999844551086","0","0"
"points250000-population100000","off","1","33","179306174.30610001","179306177.45379999","3.1476999819278717","0","0"
"points250000-population100000","off","1","34","179306177.5733","179306181.9576","4.3842999935150146","0","0"
"points250000-population100000","off","1","35","179306182.083","179306186.55039999","4.4673999845981598","0","0"
"points250000-population100000","off","1","36","179306186.7218","179306189.8777","3.1559000015258789","0","0"
"points250000-population100000","off","1","37","179306189.98820001","179306193.35980001","3.3716000020503998","0","0"
"points250000-population100000","off","1","38","179306193.46599999","179306197.748","4.2820000052452087","0","0"
"points250000-population100000","off","1","39","179306197.85839999","179306201.48640001","3.628000020980835","0","0"
"points250000-population100000","off","1","40","179306201.60769999","179306205.20320001","3.5955000221729279","0","0"
"points250000-population100000","off","1","41","179306205.30779999","179306208.27059999","2.962799996137619","0","0"
"points250000-population100000","off","1","42","179306208.377","179306211.5133","3.1362999975681305","0","0"
"points250000-population100000","off","1","43","179306211.6771","179306215.69949999","4.0223999917507172","0","0"
"points250000-population100000","off","1","44","179306215.86289999","179306219.64489999","3.7820000052452087","0","0"
"points250000-population100000","off","1","45","179306219.766","179306222.8319","3.0658999979496002","0","0"
"points250000-population100000","off","1","46","179306222.95840001","179306225.83539999","2.8769999742507935","0","0"
"points250000-population100000","off","1","47","179306225.94960001","179306229.15549999","3.2058999836444855","0","0"
"points250000-population100000","off","1","48","179306229.28740001","179306233.7008","4.4133999943733215","0","0"
"points250000-population100000","off","1","49","179306233.8281","179306236.3883","2.5602000057697296","0","0"
"points250000-population100000","off","1","50","179306236.50510001","179306239.9903","3.4851999878883362","0","0"
"points250000-population100000","off","1","51","179306240.1092","179306243.7008","3.5916000008583069","0","0"
"points250000-population100000","off","1","52","179306243.82229999","179306247.33989999","3.5175999999046326","0","0"
"points250000-population100000","off","1","53","179306247.48800001","179306251.0404","3.5523999929428101","0","0"
"points250000-population100000","off","1","54","179306251.16859999","179306254.08500001","2.9164000153541565","0","0"
"points250000-population100000","off","1","55","179306254.20750001","179306257.76280001","3.5552999973297119","0","0"
"points250000-population100000","off","1","56","179306257.88600001","179306262.57600001","4.6899999976158142","0","0"
"points250000-population100000","off","1","57","179306262.74759999","179306267.56650001","4.8189000189304352","0","0"
"points250000-population100000","off","1","58","179306267.70609999","179306271.22870001","3.5226000249385834","0","0"
"points250000-population100000","off","1","59","179306271.3556","179306274.94010001","3.5845000147819519","0","0"
"points250000-population100000","off","1","60","179306275.06459999","179306280.50819999","5.4435999989509583","0","0"
"points250000-population100000","off","1","61","179306280.64030001","179306283.75909999","3.1187999844551086","0","0"
"points250000-population100000","off","1","62","179306283.87599999","179306287.15239999","3.2763999998569489","0","0"
"points250000-population100000","off","1","63","179306287.27430001","179306290.47209999","3.1977999806404114","0","0"
"points250000-population100000","off","1","64","179306290.59020001","179306293.79350001","3.2032999992370605","0","0"
"points250000-population100000","off","1","65","179306293.9364","179306297.88589999","3.9494999945163727","0","0"
"points250000-population100000","off","1","66","179306298.04300001","179306300.91069999","2.8676999807357788","0","0"
"points250000-population100000","off","1","67","179306301.03479999","179306303.8942","2.8594000041484833","0","0"
"points250000-population100000","off","1","68","179306304.01949999","179306306.8222","2.802700012922287","0","0"
"points250000-population100000","off","1","69","179306306.93990001","179306311.5855","4.6455999910831451","0","0"
"points250000-population100000","off","1","70","179306311.74430001","179306315.09200001","3.3476999998092651","0","0"
"points250000-population100000","off","1","71","179306315.27250001","179306318.25279999","2.9802999794483185","0","0"
"points250000-population100000","off","1","72","179306318.3788","179306321.87599999","3.4971999824047089","0","0"
"points250000-population100000","off","1","73","179306321.99079999","179306325.79139999","3.800599992275238","0","0"
"points250000-population100000","off","1","74","179306325.92120001","179306329.62459999","3.7033999860286713","0","0"
"points250000-population100000","off","1","75","179306329.77329999","179306333.04640001","3.2731000185012817","0","0"
"points250000-population100000","off","1","76","179306333.1868","179306336.59169999","3.4048999845981598","0","0"
"points250000-population100000","off","1","77","179306336.7071","179306340.50920001","3.8021000027656555","0","0"
"points250000-population100000","off","1","78","179306340.6196","179306345.77770001","5.1581000089645386","0","0"
"points250000-population100000","off","1","79","179306345.9215","179306348.8969","2.9754000008106232","0","0"
"points250000-population100000","off","1","80","179306349.02829999","179306352.58219999","3.5539000034332275","0","0"
"points250000-population100000","off","1","81","179306352.70359999","179306356.79339999","4.0898000001907349","0","0"
"points250000-population100000","off","1","82","179306356.90959999","179306361.0487","4.1391000151634216","0","0"
"points250000-population100000","off","1","83","179306361.17680001","179306364.19369999","3.016899973154068","0","0"
"points250000-population100000","off","1","84","179306364.3317","179306367.0009","2.6692000031471252","0","0"
"points250000-population100000","off","1","85","179306367.11629999","179306369.8865","2.7702000141143799","0","0"
"points250000-population100000","off","1","86","179306369.99739999","179306374.23370001","4.2363000214099884","0","0"
"points250000-population100000","off","1","87","179306374.36680001","179306377.1794","2.8125999867916107","0","0"
"points250000-population100000","off","1","88","179306377.30219999","179306380.6358","3.3336000144481659","0","0"
"points250000-population100000","off","1","89","179306380.76050001","179306383.67379999","2.9132999777793884","0","0"
"points250000-population100000","off","1","90","179306383.79120001","179306387.86989999","4.0786999762058258","0","0"
"points250000-population100000","off","1","91","179306387.9813","179306391.45019999","3.4688999950885773","0","0"
"points250000-population100000","off","1","92","179306391.5609","179306395.27680001","3.7159000039100647","0","0"
"points250000-population100000","off","1","93","179306395.4312","179306398.6426","3.2114000022411346","0","0"
"points250000-population100000","off","1","94","179306398.75709999","179306402.36149999","3.6044000089168549","0","0"
"points250000-population100000","off","1","95","179306402.4763","179306407.74200001","5.2657000124454498","0","0"
"points250000-population100000","off","1","96","179306407.86149999","179306411.04769999","3.1861999928951263","0","0"
"points250000-population100000","off","1","97","179306411.17840001","179306414.6692","3.4907999932765961","0","0"
"points250000-population100000","off","1","98","179306414.78999999","179306418.50369999","3.713699996471405","0","0"
"points250000-population100000","off","1","99","179306418.62189999","179306421.7166","3.0947000086307526","0","0"
"points250000-population100000","off","1","100","179306421.84419999","179306425.63870001","3.7945000231266022","0","0"
"points250000-population100000","off","1","101","179306425.78240001","179306429.8831","4.1006999909877777","0","0"
"points250000-population100000","off","1","102","179306430.03729999","179306433.23019999","3.1929000020027161","0","0"
"points250000-population100000","off","1","103","179306433.35339999","179306437.96779999","4.6143999993801117","0","0"
"points250000-population100000","off","1","104","179306438.07980001","179306440.89669999","2.8168999850749969","0","0"
"points250000-population100000","off","1","105","179306441.00409999","179306444.50909999","3.5049999952316284","0","0"
"points250000-population100000","off","1","106","179306444.65180001","179306448.01069999","3.3588999807834625","0","0"
"points250000-population100000","off","1","107","179306448.13679999","179306453.6288","5.492000013589859","0","0"
"points250000-population100000","off","1","108","179306453.74489999","179306456.91460001","3.169700026512146","0","0"
"points250000-population100000","off","1","109","179306457.0307","179306460.42500001","3.3943000137805939","0","0"
"points250000-population100000","off","1","110","179306460.56810001","179306463.98379999","3.4156999886035919","0","0"
"points250000-population100000","off","1","111","179306464.09920001","179306467.7423","3.6430999934673309","0","0"
"points250000-population100000","off","1","112","179306467.8594","179306471.34459999","3.4851999878883362","0","0"
"points250000-population100000","off","1","113","179306471.46039999","179306474.3655","2.905100017786026","0","0"
"points250000-population100000","off","1","114","179306474.4734","179306478.01989999","3.5464999973773956","0","0"
"points250000-population100000","off","1","115","179306478.1363","179306482.32929999","4.1929999887943268","0","0"
"points250000-population100000","off","1","116","179306482.47729999","179306487.09079999","4.6134999990463257","0","0"
"points250000-population100000","off","1","117","179306487.2071","179306490.72400001","3.5169000029563904","0","0"
"points250000-population100000","off","1","118","179306490.86759999","179306494.6257","3.7581000030040741","0","0"
"points250000-population100000","off","1","119","179306494.7543","179306499.14520001","4.3909000158309937","0","0"
"points250000-population100000","off","1","120","179306499.2685","179306502.19999999","2.9314999878406525","0","0"
"points250000-population100000","gw","1","1","179306779.31189999","179306797.25639999","17.944499999284744","13.741999983787537","2"
"points250000-population100000","gw","1","2","179306797.44949999","179306816.70460001","19.255100011825562","13.754699975252151","2"
"points250000-population100000","gw","1","3","179306816.8872","179306837.57429999","20.687099993228912","13.905199974775314","2"
"points250000-population100000","gw","1","4","179306837.76800001","179306858.59900001","20.831000000238419","14.874399989843369","2"
"points250000-population100000","gw","1","5","179306858.80129999","179306879.05180001","20.250500023365021","13.664600014686584","2"
"points250000-population100000","gw","1","6","179306879.22569999","179306898.0045","18.778800010681152","13.730299979448318","2"
"points250000-population100000","gw","1","7","179306898.199","179306918.51890001","20.319900006055832","13.613099962472916","2"
"points250000-population100000","gw","1","8","179306918.69080001","179306936.9039","18.213099986314774","13.673599988222122","2"
"points250000-population100000","gw","1","9","179306937.0957","179306957.14390001","20.048200011253357","13.606299996376038","2"
"points250000-population100000","gw","1","10","179306957.3409","179306977.06209999","19.721199989318848","13.69310000538826","2"
"points250000-population100000","gw","1","11","179306977.23649999","179306995.1674","17.930900007486343","13.704199969768524","2"
"points250000-population100000","gw","1","12","179306995.39129999","179307014.52860001","19.13730001449585","14.079200029373169","2"
"points250000-population100000","gw","1","13","179307014.68880001","179307033.5598","18.870999991893768","13.799600005149841","2"
"points250000-population100000","gw","1","14","179307033.73699999","179307052.0794","18.342400014400482","13.613699972629547","2"
"points250000-population100000","gw","1","15","179307052.2685","179307072.1613","19.892800003290176","14.043500006198883","2"
"points250000-population100000","gw","1","16","179307072.3344","179307090.45109999","18.116699993610382","13.733000010251999","2"
"points250000-population100000","gw","1","17","179307090.64070001","179307110.96709999","20.326399981975555","13.779199987649918","2"
"points250000-population100000","gw","1","18","179307111.1478","179307131.3312","20.183400005102158","13.843600004911423","2"
"points250000-population100000","gw","1","19","179307131.56900001","179307152.3242","20.755199998617172","15.259900003671646","2"
"points250000-population100000","gw","1","20","179307152.5095","179307171.9754","19.465900003910065","13.859499990940094","2"
"points250000-population100000","gw","1","21","179307172.15650001","179307189.93020001","17.773699998855591","13.735499978065491","2"
"points250000-population100000","gw","1","22","179307190.10879999","179307209.86660001","19.75780001282692","13.904400020837784","2"
"points250000-population100000","gw","1","23","179307210.035","179307230.96560001","20.930600017309189","15.418000012636185","2"
"points250000-population100000","gw","1","24","179307231.13249999","179307249.10429999","17.971799999475479","13.778800010681152","2"
"points250000-population100000","gw","1","25","179307249.29249999","179307269.52559999","20.23309999704361","14.609100013971329","2"
"points250000-population100000","gw","1","26","179307269.7121","179307288.25479999","18.542699992656708","13.7223000228405","2"
"points250000-population100000","gw","1","27","179307288.4179","179307305.5438","17.125900000333786","13.88060000538826","2"
"points250000-population100000","gw","1","28","179307305.70539999","179307325.35210001","19.646700024604797","13.975199997425079","2"
"points250000-population100000","gw","1","29","179307325.514","179307346.37540001","20.861400008201599","14.262699991464615","2"
"points250000-population100000","gw","1","30","179307346.55540001","179307367.15669999","20.601299971342087","13.955000013113022","2"
"points250000-population100000","gw","1","31","179307367.3804","179307386.56279999","19.182399988174438","13.706299990415573","2"
"points250000-population100000","gw","1","32","179307386.7182","179307406.2128","19.494599997997284","13.803400009870529","2"
"points250000-population100000","gw","1","33","179307406.40220001","179307426.42879999","20.02659997344017","14.222999960184097","2"
"points250000-population100000","gw","1","34","179307426.6135","179307447.4641","20.850600004196167","13.672799974679947","2"
"points250000-population100000","gw","1","35","179307447.63499999","179307468.17269999","20.537699997425079","13.975199997425079","2"
"points250000-population100000","gw","1","36","179307468.37040001","179307487.77340001","19.402999997138977","14.210600018501282","2"
"points250000-population100000","gw","1","37","179307487.9474","179307506.90349999","18.956099987030029","13.712999999523163","2"
"points250000-population100000","gw","1","38","179307507.0747","179307525.30180001","18.227100014686584","13.76129999756813","2"
"points250000-population100000","gw","1","39","179307525.4596","179307543.57429999","18.114699989557266","13.600999981164932","2"
"points250000-population100000","gw","1","40","179307543.73980001","179307564.79300001","21.053200006484985","14.318500012159348","2"
"points250000-population100000","gw","1","41","179307565.00130001","179307586.58160001","21.580300003290176","13.709500014781952","2"
"points250000-population100000","gw","1","42","179307586.76230001","179307606.26050001","19.498199999332428","14.031899988651276","2"
"points250000-population100000","gw","1","43","179307606.44240001","179307626.9849","20.542499989271164","13.822899997234344","2"
"points250000-population100000","gw","1","44","179307627.1663","179307647.65360001","20.487300008535385","13.678000003099442","2"
"points250000-population100000","gw","1","45","179307647.81420001","179307667.23120001","19.416999995708466","13.647799998521805","2"
"points250000-population100000","gw","1","46","179307667.4016","179307688.11899999","20.71739998459816","14.279300004243851","2"
"points250000-population100000","gw","1","47","179307688.30540001","179307707.7211","19.415699988603592","13.817099988460541","2"
"points250000-population100000","gw","1","48","179307707.8946","179307726.78870001","18.89410001039505","13.692899972200394","2"
"points250000-population100000","gw","1","49","179307726.95750001","179307744.8436","17.886099994182587","13.85479998588562","2"
"points250000-population100000","gw","1","50","179307745.04190001","179307764.16249999","19.120599985122681","13.797499984502792","2"
"points250000-population100000","gw","1","51","179307764.34150001","179307782.28009999","17.938599973917007","13.732000023126602","2"
"points250000-population100000","gw","1","52","179307782.44400001","179307803.6054","21.161399990320206","13.679399996995926","2"
"points250000-population100000","gw","1","53","179307803.7911","179307823.817","20.02590000629425","14.410199999809265","2"
"points250000-population100000","gw","1","54","179307823.9822","179307844.0693","20.087099999189377","14.101499974727631","2"
"points250000-population100000","gw","1","55","179307844.26409999","179307862.87670001","18.612600028514862","13.721199989318848","2"
"points250000-population100000","gw","1","56","179307863.0589","179307883.60780001","20.548900008201599","13.717100024223328","2"
"points250000-population100000","gw","1","57","179307883.7737","179307902.57929999","18.805599987506866","13.96289998292923","2"
"points250000-population100000","gw","1","58","179307902.7577","179307922.44760001","19.689900010824203","13.755000025033951","2"
"points250000-population100000","gw","1","59","179307922.6309","179307943.7886","21.157700002193451","14.038599967956543","2"
"points250000-population100000","gw","1","60","179307943.97369999","179307963.38940001","19.415700018405914","13.713700026273727","2"
"points250000-population100000","gw","1","61","179307963.5652","179307982.3044","18.739199995994568","13.788100004196167","2"
"points250000-population100000","gw","1","62","179307982.4736","179307999.90580001","17.432200014591217","14.12389999628067","2"
"points250000-population100000","gw","1","63","179308000.07730001","179308020.9323","20.854999989271164","14.173099994659424","2"
"points250000-population100000","gw","1","64","179308021.10299999","179308041.3838","20.280800014734268","13.75670000910759","2"
"points250000-population100000","gw","1","65","179308041.55970001","179308059.50889999","17.949199974536896","13.971599966287613","2"
"points250000-population100000","gw","1","66","179308059.69310001","179308079.6661","19.97299998998642","13.814300030469894","2"
"points250000-population100000","gw","1","67","179308079.85589999","179308101.0169","21.16100001335144","13.735199987888336","2"
"points250000-population100000","gw","1","68","179308101.20930001","179308120.396","19.186699986457825","14.179199993610382","2"
"points250000-population100000","gw","1","69","179308120.5749","179308140.10690001","19.532000005245209","13.791500002145767","2"
"points250000-population100000","gw","1","70","179308140.28","179308161.09259999","20.812599986791611","13.684400022029877","2"
"points250000-population100000","gw","1","71","179308161.27860001","179308180.82620001","19.547600001096725","13.749300003051758","2"
"points250000-population100000","gw","1","72","179308181.03560001","179308201.4867","20.451099991798401","14.377399981021881","2"
"points250000-population100000","gw","1","73","179308201.6609","179308219.3213","17.660400003194809","13.76500004529953","2"
"points250000-population100000","gw","1","74","179308219.47549999","179308239.042","19.566500008106232","13.825000017881393","2"
"points250000-population100000","gw","1","75","179308239.21970001","179308258.14840001","18.928700000047684","13.807700008153915","2"
"points250000-population100000","gw","1","76","179308258.32710001","179308276.778","18.450899988412857","13.781699985265732","2"
"points250000-population100000","gw","1","77","179308276.9501","179308296.25350001","19.303400009870529","13.891099989414215","2"
"points250000-population100000","gw","1","78","179308296.42410001","179308316.685","20.260899990797043","13.924199998378754","2"
"points250000-population100000","gw","1","79","179308316.89809999","179308337.5697","20.671600013971329","13.847699999809265","2"
"points250000-population100000","gw","1","80","179308337.73660001","179308357.93709999","20.200499981641769","13.834299981594086","2"
"points250000-population100000","gw","1","81","179308358.12110001","179308376.20300001","18.081900000572205","13.692699998617172","2"
"points250000-population100000","gw","1","82","179308376.39700001","179308396.43349999","20.036499977111816","13.723399996757507","2"
"points250000-population100000","gw","1","83","179308396.63280001","179308416.05070001","19.417899996042252","13.818699985742569","2"
"points250000-population100000","gw","1","84","179308416.22369999","179308434.44459999","18.220899999141693","13.724200010299683","2"
"points250000-population100000","gw","1","85","179308434.61939999","179308455.68259999","21.063199996948242","13.79789999127388","2"
"points250000-population100000","gw","1","86","179308455.87059999","179308473.79350001","17.922900021076202","14.022599995136261","2"
"points250000-population100000","gw","1","87","179308473.96180001","179308492.36790001","18.406100004911423","13.732199966907501","2"
"points250000-population100000","gw","1","88","179308492.52860001","179308512.77779999","20.249199986457825","13.80919998884201","2"
"points250000-population100000","gw","1","89","179308512.95820001","179308531.24250001","18.284299999475479","14.223899990320206","2"
"points250000-population100000","gw","1","90","179308531.42179999","179308551.91850001","20.496700018644333","13.777300000190735","2"
"points250000-population100000","gw","1","91","179308552.08239999","179308572.3741","20.291700005531311","14.148299962282181","2"
"points250000-population100000","gw","1","92","179308572.56400001","179308590.766","18.201999992132187","13.730499982833862","2"
"points250000-population100000","gw","1","93","179308590.93040001","179308610.2067","19.276299983263016","13.854800015687943","2"
"points250000-population100000","gw","1","94","179308610.38909999","179308630.1679","19.778800010681152","13.777500003576279","2"
"points250000-population100000","gw","1","95","179308630.35659999","179308651.1575","20.800900012254715","13.936699986457825","2"
"points250000-population100000","gw","1","96","179308651.46340001","179308673.24880001","21.785400003194809","13.944000005722046","2"
"points250000-population100000","gw","1","97","179308673.43020001","179308692.66600001","19.235799998044968","13.983599990606308","2"
"points250000-population100000","gw","1","98","179308692.85179999","179308711.79769999","18.945899993181229","13.945100009441376","2"
"points250000-population100000","gw","1","99","179308711.9725","179308729.1715","17.199000000953674","13.931000024080276","2"
"points250000-population100000","gw","1","100","179308729.3497","179308748.52270001","19.173000007867813","14.255499988794327","2"
"points250000-population100000","gw","1","101","179308748.70269999","179308767.6099","18.907200008630753","13.647300004959106","2"
"points250000-population100000","gw","1","102","179308767.79719999","179308786.7189","18.921700000762939","13.923800021409988","2"
"points250000-population100000","gw","1","103","179308786.89120001","179308807.1151","20.223899990320206","13.849999994039536","2"
"points250000-population100000","gw","1","104","179308807.31369999","179308827.03780001","19.724100023508072","13.828099995851517","2"
"points250000-population100000","gw","1","105","179308827.22549999","179308845.61840001","18.392900019884109","13.785600006580353","2"
"points250000-population100000","gw","1","106","179308845.79660001","179308866.4048","20.60819998383522","13.709699988365173","2"
"points250000-population100000","gw","1","107","179308866.57679999","179308886.5799","20.003100007772446","13.802000015974045","2"
"points250000-population100000","gw","1","108","179308886.7385","179308906.73679999","19.998299986124039","13.732499986886978","2"
"points250000-population100000","gw","1","109","179308906.95289999","179308927.11289999","20.159999996423721","13.750500023365021","2"
"points250000-population100000","gw","1","110","179308927.3062","179308948.22130001","20.915100008249283","14.495700001716614","2"
"points250000-population100000","gw","1","111","179308948.4093","179308966.35069999","17.941399991512299","13.851999998092651","2"
"points250000-population100000","gw","1","112","179308966.53420001","179308986.06060001","19.526399999856949","13.835999965667725","2"
"points250000-population100000","gw","1","113","179308986.23710001","179309005.55340001","19.316300004720688","13.878800004720688","2"
"points250000-population100000","gw","1","114","179309005.75650001","179309025.5618","19.805299997329712","13.736599981784821","2"
"points250000-population100000","gw","1","115","179309025.73539999","179309045.00909999","19.273699998855591","14.051600009202957","2"
"points250000-population100000","gw","1","116","179309045.19240001","179309064.47799999","19.28559997677803","13.919600009918213","2"
"points250000-population100000","gw","1","117","179309064.64660001","179309085.38460001","20.738000005483627","14.439099997282028","2"
"points250000-population100000","gw","1","118","179309085.5517","179309104.22819999","18.676499992609024","13.78549998998642","2"
"points250000-population100000","gw","1","119","179309104.403","179309124.9285","20.525499999523163","13.888700008392334","2"
"points250000-population100000","gw","1","120","179309125.12","179309144.34999999","19.229999989271164","13.796199977397919","2"
"points250000-population100000","retained","1","1","179309198.38209999","179309204.5968","6.2147000133991241","0","0"
"points250000-population100000","retained","1","2","179309204.78189999","179309208.12310001","3.3412000238895416","0","0"
"points250000-population100000","retained","1","3","179309208.25040001","179309211.3515","3.1010999977588654","0","0"
"points250000-population100000","retained","1","4","179309211.4786","179309215.19310001","3.7145000100135803","0","0"
"points250000-population100000","retained","1","5","179309215.35550001","179309219.0984","3.7428999841213226","0","0"
"points250000-population100000","retained","1","6","179309219.22889999","179309222.69299999","3.4641000032424927","0","0"
"points250000-population100000","retained","1","7","179309222.80930001","179309226.23949999","3.4301999807357788","0","0"
"points250000-population100000","retained","1","8","179309226.3554","179309229.64050001","3.2851000130176544","0","0"
"points250000-population100000","retained","1","9","179309229.76390001","179309235.66350001","5.8995999991893768","0","0"
"points250000-population100000","retained","1","10","179309235.7951","179309238.90529999","3.1101999878883362","0","0"
"points250000-population100000","retained","1","11","179309239.02829999","179309241.93700001","2.90870001912117","0","0"
"points250000-population100000","retained","1","12","179309242.053","179309245.1221","3.0690999925136566","0","0"
"points250000-population100000","retained","1","13","179309245.27270001","179309248.33790001","3.065200001001358","0","0"
"points250000-population100000","retained","1","14","179309248.46000001","179309251.19769999","2.7376999855041504","0","0"
"points250000-population100000","retained","1","15","179309251.31169999","179309254.3202","3.0085000097751617","0","0"
"points250000-population100000","retained","1","16","179309254.43720001","179309257.21529999","2.7780999839305878","0","0"
"points250000-population100000","retained","1","17","179309257.3233","179309260.28439999","2.9610999822616577","0","0"
"points250000-population100000","retained","1","18","179309260.4016","179309264.88460001","4.4830000102519989","0","0"
"points250000-population100000","retained","1","19","179309265.0108","179309268.89579999","3.8849999904632568","0","0"
"points250000-population100000","retained","1","20","179309269.01109999","179309272.329","3.3179000020027161","0","0"
"points250000-population100000","retained","1","21","179309272.44800001","179309276.18000001","3.7319999933242798","0","0"
"points250000-population100000","retained","1","22","179309276.2999","179309281.62310001","5.3232000172138214","0","0"
"points250000-population100000","retained","1","23","179309281.73949999","179309285.97229999","4.2328000068664551","0","0"
"points250000-population100000","retained","1","24","179309286.0862","179309289.34580001","3.2596000134944916","0","0"
"points250000-population100000","retained","1","25","179309289.5147","179309293.1437","3.6290000081062317","0","0"
"points250000-population100000","retained","1","26","179309293.2631","179309297.99439999","4.7312999963760376","0","0"
"points250000-population100000","retained","1","27","179309298.1212","179309302.35049999","4.2292999923229218","0","0"
"points250000-population100000","retained","1","28","179309302.46520001","179309305.58489999","3.1196999847888947","0","0"
"points250000-population100000","retained","1","29","179309305.69440001","179309309.09290001","3.398499995470047","0","0"
"points250000-population100000","retained","1","30","179309309.2044","179309314.9249","5.7204999923706055","0","0"
"points250000-population100000","retained","1","31","179309315.04260001","179309318.178","3.1353999972343445","0","0"
"points250000-population100000","retained","1","32","179309318.2888","179309321.04229999","2.7534999847412109","0","0"
"points250000-population100000","retained","1","33","179309321.15099999","179309324.0072","2.8562000095844269","0","0"
"points250000-population100000","retained","1","34","179309324.11590001","179309328.8971","4.7811999917030334","0","0"
"points250000-population100000","retained","1","35","179309329.06690001","179309332.22209999","3.1551999747753143","0","0"
"points250000-population100000","retained","1","36","179309332.37920001","179309335.2326","2.8533999919891357","0","0"
"points250000-population100000","retained","1","37","179309335.35260001","179309339.11700001","3.7644000053405762","0","0"
"points250000-population100000","retained","1","38","179309339.23449999","179309345.93040001","6.695900022983551","0","0"
"points250000-population100000","retained","1","39","179309346.14089999","179309351.45770001","5.3168000280857086","0","0"
"points250000-population100000","retained","1","40","179309351.61320001","179309355.78490001","4.1717000007629395","0","0"
"points250000-population100000","retained","1","41","179309355.92550001","179309361.07910001","5.1536000072956085","0","0"
"points250000-population100000","retained","1","42","179309361.27059999","179309366.1505","4.8799000084400177","0","0"
"points250000-population100000","retained","1","43","179309366.31729999","179309370.62059999","4.3032999932765961","0","0"
"points250000-population100000","retained","1","44","179309370.76350001","179309375.88550001","5.1220000088214874","0","0"
"points250000-population100000","retained","1","45","179309376.05770001","179309379.8457","3.7879999876022339","0","0"
"points250000-population100000","retained","1","46","179309379.96990001","179309383.8599","3.8899999856948853","0","0"
"points250000-population100000","retained","1","47","179309383.99810001","179309387.4384","3.4402999877929688","0","0"
"points250000-population100000","retained","1","48","179309387.56209999","179309391.1875","3.6254000067710876","0","0"
"points250000-population100000","retained","1","49","179309391.31040001","179309395.10879999","3.7983999848365784","0","0"
"points250000-population100000","retained","1","50","179309395.25780001","179309398.41370001","3.1559000015258789","0","0"
"points250000-population100000","retained","1","51","179309398.55340001","179309401.57460001","3.0212000012397766","0","0"
"points250000-population100000","retained","1","52","179309401.69760001","179309406.10339999","4.4057999849319458","0","0"
"points250000-population100000","retained","1","53","179309406.2331","179309409.10229999","2.8691999912261963","0","0"
"points250000-population100000","retained","1","54","179309409.25310001","179309413.2189","3.9657999873161316","0","0"
"points250000-population100000","retained","1","55","179309413.36500001","179309416.6564","3.2913999855518341","0","0"
"points250000-population100000","retained","1","56","179309416.79030001","179309422.17919999","5.3888999819755554","0","0"
"points250000-population100000","retained","1","57","179309422.34619999","179309426.87400001","4.5278000235557556","0","0"
"points250000-population100000","retained","1","58","179309427.1239","179309432.82440001","5.7005000114440918","0","0"
"points250000-population100000","retained","1","59","179309433.04280001","179309438.8529","5.8100999891757965","0","0"
"points250000-population100000","retained","1","60","179309439.00510001","179309443.40369999","4.3985999822616577","0","0"
"points250000-population100000","retained","1","61","179309443.65360001","179309449.69999999","6.0463999807834625","0","0"
"points250000-population100000","retained","1","62","179309449.87380001","179309454.81900001","4.9451999962329865","0","0"
"points250000-population100000","retained","1","63","179309454.97830001","179309459.67210001","4.6938000023365021","0","0"
"points250000-population100000","retained","1","64","179309459.86289999","179309465.50029999","5.6374000012874603","0","0"
"points250000-population100000","retained","1","65","179309465.72780001","179309471.06240001","5.3346000015735626","0","0"
"points250000-population100000","retained","1","66","179309471.30700001","179309475.21540001","3.9083999991416931","0","0"
"points250000-population100000","retained","1","67","179309475.34599999","179309478.77320001","3.4272000193595886","0","0"
"points250000-population100000","retained","1","68","179309478.8946","179309481.9262","3.0315999984741211","0","0"
"points250000-population100000","retained","1","69","179309482.06169999","179309485.41139999","3.349700003862381","0","0"
"points250000-population100000","retained","1","70","179309485.52169999","179309488.45289999","2.9311999976634979","0","0"
"points250000-population100000","retained","1","71","179309488.5654","179309491.41060001","2.8452000021934509","0","0"
"points250000-population100000","retained","1","72","179309491.52129999","179309494.41409999","2.8928000032901764","0","0"
"points250000-population100000","retained","1","73","179309494.54319999","179309497.83199999","3.2888000011444092","0","0"
"points250000-population100000","retained","1","74","179309497.95190001","179309501.55199999","3.6000999808311462","0","0"
"points250000-population100000","retained","1","75","179309501.6645","179309504.71790001","3.0534000098705292","0","0"
"points250000-population100000","retained","1","76","179309504.82969999","179309508.32620001","3.4965000152587891","0","0"
"points250000-population100000","retained","1","77","179309508.4348","179309511.58930001","3.1545000076293945","0","0"
"points250000-population100000","retained","1","78","179309511.75119999","179309517.43799999","5.6868000030517578","0","0"
"points250000-population100000","retained","1","79","179309517.56760001","179309520.59810001","3.0304999947547913","0","0"
"points250000-population100000","retained","1","80","179309520.71000001","179309524.81400001","4.1040000021457672","0","0"
"points250000-population100000","retained","1","81","179309524.92250001","179309529.50229999","4.5797999799251556","0","0"
"points250000-population100000","retained","1","82","179309529.65799999","179309534.8809","5.222900003194809","0","0"
"points250000-population100000","retained","1","83","179309535.0045","179309539.16769999","4.1631999909877777","0","0"
"points250000-population100000","retained","1","84","179309539.2823","179309544.06580001","4.7835000157356262","0","0"
"points250000-population100000","retained","1","85","179309544.1954","179309549.2001","5.0047000050544739","0","0"
"points250000-population100000","retained","1","86","179309549.32530001","179309552.79460001","3.4693000018596649","0","0"
"points250000-population100000","retained","1","87","179309552.91119999","179309555.93630001","3.0251000225543976","0","0"
"points250000-population100000","retained","1","88","179309556.04589999","179309558.9867","2.9408000111579895","0","0"
"points250000-population100000","retained","1","89","179309559.09279999","179309564.1688","5.0760000050067902","0","0"
"points250000-population100000","retained","1","90","179309564.33399999","179309567.54350001","3.2095000147819519","0","0"
"points250000-population100000","retained","1","91","179309567.68959999","179309571.35780001","3.6682000160217285","0","0"
"points250000-population100000","retained","1","92","179309571.53259999","179309575.20809999","3.6755000054836273","0","0"
"points250000-population100000","retained","1","93","179309575.33669999","179309579.80919999","4.4724999964237213","0","0"
"points250000-population100000","retained","1","94","179309579.97220001","179309583.05199999","3.0797999799251556","0","0"
"points250000-population100000","retained","1","95","179309583.17109999","179309587.24590001","4.0748000144958496","0","0"
"points250000-population100000","retained","1","96","179309587.3549","179309591.963","4.6080999970436096","0","0"
"points250000-population100000","retained","1","97","179309592.072","179309595.97889999","3.9068999886512756","0","0"
"points250000-population100000","retained","1","98","179309596.13429999","179309599.71759999","3.583299994468689","0","0"
"points250000-population100000","retained","1","99","179309599.8344","179309602.9515","3.1171000003814697","0","0"
"points250000-population100000","retained","1","100","179309603.06299999","179309606.60510001","3.5421000123023987","0","0"
"points250000-population100000","retained","1","101","179309606.71630001","179309612.836","6.1196999847888947","0","0"
"points250000-population100000","retained","1","102","179309612.98769999","179309616.5503","3.5626000165939331","0","0"
"points250000-population100000","retained","1","103","179309616.67789999","179309620.1349","3.4570000171661377","0","0"
"points250000-population100000","retained","1","104","179309620.25139999","179309624.1954","3.9440000057220459","0","0"
"points250000-population100000","retained","1","105","179309624.3044","179309627.06420001","2.7598000168800354","0","0"
"points250000-population100000","retained","1","106","179309627.18020001","179309630.37760001","3.1974000036716461","0","0"
"points250000-population100000","retained","1","107","179309630.50150001","179309633.1954","2.6938999891281128","0","0"
"points250000-population100000","retained","1","108","179309633.3012","179309636.38929999","3.0880999863147736","0","0"
"points250000-population100000","retained","1","109","179309636.49700001","179309639.3944","2.8973999917507172","0","0"
"points250000-population100000","retained","1","110","179309639.50310001","179309642.2475","2.7443999946117401","0","0"
"points250000-population100000","retained","1","111","179309642.35710001","179309645.71529999","3.3581999838352203","0","0"
"points250000-population100000","retained","1","112","179309645.85080001","179309648.97139999","3.1205999851226807","0","0"
"points250000-population100000","retained","1","113","179309649.09169999","179309652.6489","3.557200014591217","0","0"
"points250000-population100000","retained","1","114","179309652.759","179309659.0652","6.3061999976634979","0","0"
"points250000-population100000","retained","1","115","179309659.199","179309662.70089999","3.5018999874591827","0","0"
"points250000-population100000","retained","1","116","179309662.85159999","179309667.37810001","4.526500016450882","0","0"
"points250000-population100000","retained","1","117","179309667.505","179309671.99739999","4.4923999905586243","0","0"
"points250000-population100000","retained","1","118","179309672.12099999","179309675.52320001","3.4022000133991241","0","0"
"points250000-population100000","retained","1","119","179309675.64199999","179309679.0081","3.366100013256073","0","0"
"points250000-population100000","retained","1","120","179309679.13060001","179309682.18619999","3.0555999875068665","0","0"
"points250000-population100000","retained","2","1","179309728.3651","179309733.46430001","5.0992000102996826","0","0"
"points250000-population100000","retained","2","2","179309733.6392","179309737.8867","4.2475000023841858","0","0"
"points250000-population100000","retained","2","3","179309738.01609999","179309741.51820001","3.502100020647049","0","0"
"points250000-population100000","retained","2","4","179309741.62889999","179309745.17539999","3.5464999973773956","0","0"
"points250000-population100000","retained","2","5","179309745.3319","179309751.04620001","5.7143000066280365","0","0"
"points250000-population100000","retained","2","6","179309751.18520001","179309754.87189999","3.6866999864578247","0","0"
"points250000-population100000","retained","2","7","179309754.99880001","179309758.32530001","3.3264999985694885","0","0"
"points250000-population100000","retained","2","8","179309758.4479","179309762.47830001","4.0304000079631805","0","0"
"points250000-population100000","retained","2","9","179309762.62509999","179309768.0099","5.3848000168800354","0","0"
"points250000-population100000","retained","2","10","179309768.148","179309771.45950001","3.3115000128746033","0","0"
"points250000-population100000","retained","2","11","179309771.57929999","179309775.03290001","3.4536000192165375","0","0"
"points250000-population100000","retained","2","12","179309775.15000001","179309778.30880001","3.1588000059127808","0","0"
"points250000-population100000","retained","2","13","179309778.4314","179309782.92570001","4.4943000078201294","0","0"
"points250000-population100000","retained","2","14","179309783.06169999","179309786.18059999","3.1189000010490417","0","0"
"points250000-population100000","retained","2","15","179309786.308","179309789.5747","3.2666999995708466","0","0"
"points250000-population100000","retained","2","16","179309789.70539999","179309793.0167","3.3113000094890594","0","0"
"points250000-population100000","retained","2","17","179309793.13699999","179309798.05590001","4.9189000129699707","0","0"
"points250000-population100000","retained","2","18","179309798.19870001","179309801.3416","3.1428999900817871","0","0"
"points250000-population100000","retained","2","19","179309801.46669999","179309805.06830001","3.6016000211238861","0","0"
"points250000-population100000","retained","2","20","179309805.18259999","179309808.56279999","3.3801999986171722","0","0"
"points250000-population100000","retained","2","21","179309808.6979","179309813.66780001","4.9699000120162964","0","0"
"points250000-population100000","retained","2","22","179309813.88569999","179309817.64089999","3.7551999986171722","0","0"
"points250000-population100000","retained","2","23","179309817.76789999","179309820.9066","3.138700008392334","0","0"
"points250000-population100000","retained","2","24","179309821.03330001","179309824.4747","3.4413999915122986","0","0"
"points250000-population100000","retained","2","25","179309824.58489999","179309829.61250001","5.0276000201702118","0","0"
"points250000-population100000","retained","2","26","179309829.7931","179309833.2498","3.4566999971866608","0","0"
"points250000-population100000","retained","2","27","179309833.42289999","179309837.55329999","4.1304000020027161","0","0"
"points250000-population100000","retained","2","28","179309837.70379999","179309841.4233","3.7195000052452087","0","0"
"points250000-population100000","retained","2","29","179309841.5562","179309848.28979999","6.733599990606308","0","0"
"points250000-population100000","retained","2","30","179309848.45719999","179309851.58289999","3.1256999969482422","0","0"
"points250000-population100000","retained","2","31","179309851.73140001","179309854.50560001","2.7741999924182892","0","0"
"points250000-population100000","retained","2","32","179309854.62909999","179309857.41679999","2.7876999974250793","0","0"
"points250000-population100000","retained","2","33","179309857.53549999","179309861.33070001","3.7952000200748444","0","0"
"points250000-population100000","retained","2","34","179309861.472","179309864.6997","3.2276999950408936","0","0"
"points250000-population100000","retained","2","35","179309864.82409999","179309867.71259999","2.8885000050067902","0","0"
"points250000-population100000","retained","2","36","179309867.8281","179309871.53240001","3.7043000161647797","0","0"
"points250000-population100000","retained","2","37","179309871.648","179309877.2471","5.5990999937057495","0","0"
"points250000-population100000","retained","2","38","179309877.3944","179309881.1566","3.7621999979019165","0","0"
"points250000-population100000","retained","2","39","179309881.2789","179309884.37900001","3.1001000106334686","0","0"
"points250000-population100000","retained","2","40","179309884.502","179309888.1164","3.6143999993801117","0","0"
"points250000-population100000","retained","2","41","179309888.25760001","179309893.30399999","5.0463999807834625","0","0"
"points250000-population100000","retained","2","42","179309893.42410001","179309897.63069999","4.2065999805927277","0","0"
"points250000-population100000","retained","2","43","179309897.75350001","179309901.4851","3.7315999865531921","0","0"
"points250000-population100000","retained","2","44","179309901.5988","179309905.09119999","3.4923999905586243","0","0"
"points250000-population100000","retained","2","45","179309905.21959999","179309910.8321","5.612500011920929","0","0"
"points250000-population100000","retained","2","46","179309910.9585","179309914.51699999","3.5584999918937683","0","0"
"points250000-population100000","retained","2","47","179309914.63319999","179309917.98930001","3.3561000227928162","0","0"
"points250000-population100000","retained","2","48","179309918.1006","179309921.29409999","3.1934999823570251","0","0"
"points250000-population100000","retained","2","49","179309921.41119999","179309924.99090001","3.5797000229358673","0","0"
"points250000-population100000","retained","2","50","179309925.10389999","179309928.22310001","3.1192000210285187","0","0"
"points250000-population100000","retained","2","51","179309928.37090001","179309931.4064","3.0354999899864197","0","0"
"points250000-population100000","retained","2","52","179309931.52630001","179309934.2811","2.7547999918460846","0","0"
"points250000-population100000","retained","2","53","179309934.39820001","179309941.9666","7.5683999955654144","0","0"
"points250000-population100000","retained","2","54","179309942.09110001","179309945.35510001","3.2639999985694885","0","0"
"points250000-population100000","retained","2","55","179309945.4989","179309949.18869999","3.6897999942302704","0","0"
"points250000-population100000","retained","2","56","179309949.3364","179309954.21489999","4.8784999847412109","0","0"
"points250000-population100000","retained","2","57","179309954.333","179309958.4585","4.1254999935626984","0","0"
"points250000-population100000","retained","2","58","179309958.59810001","179309962.76910001","4.1710000038146973","0","0"
"points250000-population100000","retained","2","59","179309962.8989","179309966.15849999","3.2595999836921692","0","0"
"points250000-population100000","retained","2","60","179309966.27869999","179309971.36109999","5.082399994134903","0","0"
"points250000-population100000","retained","2","61","179309971.4901","179309974.9991","3.5090000033378601","0","0"
"points250000-population100000","retained","2","62","179309975.11649999","179309978.40790001","3.2914000153541565","0","0"
"points250000-population100000","retained","2","63","179309978.53749999","179309982.18099999","3.6435000002384186","0","0"
"points250000-population100000","retained","2","64","179309982.29539999","179309987.15099999","4.8555999994277954","0","0"
"points250000-population100000","retained","2","65","179309987.26550001","179309990.56220001","3.2967000007629395","0","0"
"points250000-population100000","retained","2","66","179309990.68009999","179309994.32870001","3.6486000120639801","0","0"
"points250000-population100000","retained","2","67","179309994.46419999","179309998.24399999","3.7797999978065491","0","0"
"points250000-population100000","retained","2","68","179309998.39340001","179310003.45280001","5.0593999922275543","0","0"
"points250000-population100000","retained","2","69","179310003.60640001","179310006.32499999","2.7185999751091003","0","0"
"points250000-population100000","retained","2","70","179310006.4429","179310009.10179999","2.6588999927043915","0","0"
"points250000-population100000","retained","2","71","179310009.2137","179310013.16549999","3.9517999887466431","0","0"
"points250000-population100000","retained","2","72","179310013.29550001","179310018.4064","5.1108999848365784","0","0"
"points250000-population100000","retained","2","73","179310018.5262","179310022.77500001","4.2488000094890594","0","0"
"points250000-population100000","retained","2","74","179310022.89160001","179310026.4887","3.5970999896526337","0","0"
"points250000-population100000","retained","2","75","179310026.69409999","179310031.5943","4.9002000093460083","0","0"
"points250000-population100000","retained","2","76","179310031.7385","179310035.7101","3.9715999960899353","0","0"
"points250000-population100000","retained","2","77","179310035.84299999","179310039.30930001","3.4663000106811523","0","0"
"points250000-population100000","retained","2","78","179310039.4262","179310043.0783","3.652099996805191","0","0"
"points250000-population100000","retained","2","79","179310043.2353","179310048.0318","4.7964999973773956","0","0"
"points250000-population100000","retained","2","80","179310048.16980001","179310052.07690001","3.9070999920368195","0","0"
"points250000-population100000","retained","2","81","179310052.20339999","179310055.30180001","3.0984000265598297","0","0"
"points250000-population100000","retained","2","82","179310055.417","179310058.98800001","3.5710000097751617","0","0"
"points250000-population100000","retained","2","83","179310059.102","179310064.1724","5.0703999996185303","0","0"
"points250000-population100000","retained","2","84","179310064.3211","179310067.35100001","3.0299000144004822","0","0"
"points250000-population100000","retained","2","85","179310067.4628","179310070.3441","2.8813000023365021","0","0"
"points250000-population100000","retained","2","86","179310070.4544","179310073.2191","2.7646999955177307","0","0"
"points250000-population100000","retained","2","87","179310073.32980001","179310076.329","2.9991999864578247","0","0"
"points250000-population100000","retained","2","88","179310076.4474","179310080.37720001","3.9298000037670135","0","0"
"points250000-population100000","retained","2","89","179310080.51100001","179310083.42860001","2.917600005865097","0","0"
"points250000-population100000","retained","2","90","179310083.54190001","179310086.2441","2.7021999955177307","0","0"
"points250000-population100000","retained","2","91","179310086.35069999","179310089.96579999","3.6150999963283539","0","0"
"points250000-population100000","retained","2","92","179310090.07749999","179310093.66710001","3.5896000266075134","0","0"
"points250000-population100000","retained","2","93","179310093.78650001","179310100.28240001","6.4959000051021576","0","0"
"points250000-population100000","retained","2","94","179310100.45660001","179310104.3689","3.9122999906539917","0","0"
"points250000-population100000","retained","2","95","179310104.50330001","179310108.18009999","3.6767999827861786","0","0"
"points250000-population100000","retained","2","96","179310108.30419999","179310113.0282","4.7240000069141388","0","0"
"points250000-population100000","retained","2","97","179310113.164","179310117.3529","4.1888999938964844","0","0"
"points250000-population100000","retained","2","98","179310117.4797","179310120.95629999","3.4765999913215637","0","0"
"points250000-population100000","retained","2","99","179310121.0742","179310124.3222","3.2479999959468842","0","0"
"points250000-population100000","retained","2","100","179310124.47459999","179310130.34979999","5.8752000033855438","0","0"
"points250000-population100000","retained","2","101","179310130.48879999","179310134.78380001","4.2950000166893005","0","0"
"points250000-population100000","retained","2","102","179310134.90970001","179310138.60030001","3.6906000077724457","0","0"
"points250000-population100000","retained","2","103","179310138.72639999","179310141.92809999","3.2017000019550323","0","0"
"points250000-population100000","retained","2","104","179310142.04010001","179310146.08270001","4.042600005865097","0","0"
"points250000-population100000","retained","2","105","179310146.21939999","179310149.4242","3.204800009727478","0","0"
"points250000-population100000","retained","2","106","179310149.54359999","179310152.43380001","2.8902000188827515","0","0"
"points250000-population100000","retained","2","107","179310152.55090001","179310155.3028","2.7518999874591827","0","0"
"points250000-population100000","retained","2","108","179310155.42120001","179310160.10179999","4.6805999875068665","0","0"
"points250000-population100000","retained","2","109","179310160.22780001","179310164.61520001","4.3874000012874603","0","0"
"points250000-population100000","retained","2","110","179310164.74419999","179310168.2344","3.490200012922287","0","0"
"points250000-population100000","retained","2","111","179310168.35370001","179310172.1119","3.7581999897956848","0","0"
"points250000-population100000","retained","2","112","179310172.22960001","179310177.458","5.2283999919891357","0","0"
"points250000-population100000","retained","2","113","179310177.59130001","179310181.8712","4.2798999845981598","0","0"
"points250000-population100000","retained","2","114","179310182.00760001","179310185.6376","3.6299999952316284","0","0"
"points250000-population100000","retained","2","115","179310185.7978","179310190.8175","5.0196999907493591","0","0"
"points250000-population100000","retained","2","116","179310190.93630001","179310195.1769","4.2405999898910522","0","0"
"points250000-population100000","retained","2","117","179310195.31510001","179310199.7507","4.4355999827384949","0","0"
"points250000-population100000","retained","2","118","179310199.87040001","179310203.78080001","3.910400003194809","0","0"
"points250000-population100000","retained","2","119","179310203.933","179310209.58719999","5.6541999876499176","0","0"
"points250000-population100000","retained","2","120","179310209.75999999","179310213.40979999","3.6498000025749207","0","0"
"points250000-population100000","gw","2","1","179310474.25170001","179310493.1918","18.940099984407425","13.648400008678436","2"
"points250000-population100000","gw","2","2","179310493.38330001","179310513.67539999","20.292099982500076","13.769800007343292","2"
"points250000-population100000","gw","2","3","179310513.8987","179310532.90880001","19.01010000705719","13.862100005149841","2"
"points250000-population100000","gw","2","4","179310533.1252","179310554.33070001","21.20550000667572","13.7533999979496","2"
"points250000-population100000","gw","2","5","179310554.5176","179310574.2942","19.776600003242493","13.674199998378754","2"
"points250000-population100000","gw","2","6","179310574.4736","179310593.13330001","18.659700006246567","13.728300005197525","2"
"points250000-population100000","gw","2","7","179310593.41909999","179310613.95339999","20.534299999475479","13.917899996042252","2"
"points250000-population100000","gw","2","8","179310614.13569999","179310634.0582","19.922500014305115","13.994999974966049","2"
"points250000-population100000","gw","2","9","179310634.2448","179310653.22670001","18.981900006532669","13.615099996328354","2"
"points250000-population100000","gw","2","10","179310653.3926","179310673.09850001","19.705900013446808","13.659100025892258","2"
"points250000-population100000","gw","2","11","179310673.27379999","179310691.5449","18.271100014448166","13.701599985361099","2"
"points250000-population100000","gw","2","12","179310691.72029999","179310710.61160001","18.891300022602081","13.928999990224838","2"
"points250000-population100000","gw","2","13","179310710.79620001","179310728.2058","17.409599989652634","13.916700005531311","2"
"points250000-population100000","gw","2","14","179310728.37329999","179310746.97240001","18.599100023508072","13.659499973058701","2"
"points250000-population100000","gw","2","15","179310747.14680001","179310766.75600001","19.609200000762939","13.645099997520447","2"
"points250000-population100000","gw","2","16","179310766.9472","179310786.32100001","19.373800009489059","13.785600006580353","2"
"points250000-population100000","gw","2","17","179310786.48969999","179310806.5221","20.032400012016296","13.757000029087067","2"
"points250000-population100000","gw","2","18","179310806.6965","179310826.78799999","20.091499984264374","14.083700001239777","2"
"points250000-population100000","gw","2","19","179310826.97679999","179310848.22830001","21.251500010490417","14.575699985027313","2"
"points250000-population100000","gw","2","20","179310848.42629999","179310869.24669999","20.82039999961853","13.868600010871887","2"
"points250000-population100000","gw","2","21","179310869.42550001","179310889.1609","19.73539999127388","13.709200024604797","2"
"points250000-population100000","gw","2","22","179310889.3256","179310908.43610001","19.110500007867813","13.662999987602234","2"
"points250000-population100000","gw","2","23","179310908.62380001","179310928.4075","19.783699989318848","13.864800006151199","2"
"points250000-population100000","gw","2","24","179310928.6099","179310947.94639999","19.336499989032745","13.785199970006943","2"
"points250000-population100000","gw","2","25","179310948.1221","179310966.2263","18.104200005531311","13.730300009250641","2"
"points250000-population100000","gw","2","26","179310966.4014","179310985.73390001","19.332500010728836","13.897200018167496","2"
"points250000-population100000","gw","2","27","179310985.90759999","179311004.99059999","19.083000004291534","14.050999999046326","2"
"points250000-population100000","gw","2","28","179311005.15990001","179311024.64469999","19.484799981117249","13.762700021266937","2"
"points250000-population100000","gw","2","29","179311024.81189999","179311045.6336","20.821700006723404","15.575200021266937","2"
"points250000-population100000","gw","2","30","179311045.81709999","179311066.99149999","21.174400001764297","14.162499994039536","2"
"points250000-population100000","gw","2","31","179311067.17309999","179311088.73809999","21.564999997615814","15.16609999537468","2"
"points250000-population100000","gw","2","32","179311088.90650001","179311109.1516","20.245099991559982","13.718300014734268","2"
"points250000-population100000","gw","2","33","179311109.36739999","179311128.98339999","19.61599999666214","13.929000020027161","2"
"points250000-population100000","gw","2","34","179311129.15580001","179311148.61309999","19.45729997754097","13.654700011014938","2"
"points250000-population100000","gw","2","35","179311148.78470001","179311167.22279999","18.438099980354309","13.698599994182587","2"
"points250000-population100000","gw","2","36","179311167.41569999","179311187.08410001","19.668400019407272","13.686100006103516","2"
"points250000-population100000","gw","2","37","179311187.24160001","179311207.76890001","20.527300000190735","14.992599993944168","2"
"points250000-population100000","gw","2","38","179311207.95840001","179311227.70339999","19.744999974966049","14.030299991369247","2"
"points250000-population100000","gw","2","39","179311227.87940001","179311246.30140001","18.421999990940094","13.851999998092651","2"
"points250000-population100000","gw","2","40","179311246.47620001","179311267.84990001","21.373699992895126","14.285199999809265","2"
"points250000-population100000","gw","2","41","179311268.0334","179311288.57139999","20.537999987602234","13.792500019073486","2"
"points250000-population100000","gw","2","42","179311288.76460001","179311307.4851","18.720499992370605","13.879899978637695","2"
"points250000-population100000","gw","2","43","179311307.66670001","179311329.51640001","21.849700003862381","13.760800004005432","2"
"points250000-population100000","gw","2","44","179311329.77770001","179311349.74309999","19.965399980545044","13.758799999952316","2"
"points250000-population100000","gw","2","45","179311349.92989999","179311371.67399999","21.744100004434586","13.719900041818619","2"
"points250000-population100000","gw","2","46","179311371.85879999","179311390.10620001","18.247400015592575","13.969400018453598","2"
"points250000-population100000","gw","2","47","179311390.3064","179311410.84079999","20.53439998626709","13.841500014066696","2"
"points250000-population100000","gw","2","48","179311411.0248","179311431.2089","20.1841000020504","14.138200014829636","2"
"points250000-population100000","gw","2","49","179311431.40459999","179311449.10789999","17.703299999237061","13.738200008869171","2"
"points250000-population100000","gw","2","50","179311449.29899999","179311470.17460001","20.875600010156631","13.783100008964539","2"
"points250000-population100000","gw","2","51","179311470.37689999","179311495.78439999","25.407499998807907","17.154000014066696","2"
"points250000-population100000","gw","2","52","179311495.9745","179311515.2692","19.294699996709824","14.130300015211105","2"
"points250000-population100000","gw","2","53","179311515.44069999","179311537.0697","21.629000008106232","13.890200018882751","2"
"points250000-population100000","gw","2","54","179311537.25170001","179311561.2286","23.976899981498718","16.365000009536743","2"
"points250000-population100000","gw","2","55","179311561.4183","179311582.33809999","20.919799983501434","13.897900015115738","2"
"points250000-population100000","gw","2","56","179311582.51570001","179311603.45449999","20.938799977302551","14.426400005817413","2"
"points250000-population100000","gw","2","57","179311603.63980001","179311624.67320001","21.033399999141693","15.212599992752075","2"
"points250000-population100000","gw","2","58","179311624.86149999","179311645.861","20.999500006437302","13.953900009393692","2"
"points250000-population100000","gw","2","59","179311646.03839999","179311666.61919999","20.580799996852875","14.174600034952164","2"
"points250000-population100000","gw","2","60","179311666.80419999","179311686.06869999","19.264499992132187","14.351600021123886","2"
"points250000-population100000","gw","2","61","179311686.25600001","179311707.98140001","21.725400000810623","14.688399970531464","2"
"points250000-population100000","gw","2","62","179311708.183","179311731.02689999","22.843899995088577","16.028299987316132","2"
"points250000-population100000","gw","2","63","179311731.24219999","179311754.27419999","23.032000005245209","14.683099985122681","2"
"points250000-population100000","gw","2","64","179311754.46619999","179311776.1338","21.667600005865097","13.995099991559982","2"
"points250000-population100000","gw","2","65","179311776.40130001","179311798.42809999","22.026799976825714","14.344800025224686","2"
"points250000-population100000","gw","2","66","179311798.61469999","179311820.32249999","21.707800000905991","14.363299995660782","2"
"points250000-population100000","gw","2","67","179311820.53510001","179311840.1582","19.623099982738495","14.314000010490417","2"
"points250000-population100000","gw","2","68","179311840.36570001","179311863.3716","23.005899995565414","14.337000012397766","2"
"points250000-population100000","gw","2","69","179311863.6092","179311884.4226","20.813400000333786","13.862800002098083","2"
"points250000-population100000","gw","2","70","179311884.6063","179311904.7902","20.183899998664856","14.313300013542175","2"
"points250000-population100000","gw","2","71","179311904.99489999","179311927.0828","22.087900012731552","14.38060000538826","2"
"points250000-population100000","gw","2","72","179311927.28749999","179311948.8592","21.571700006723404","13.732199996709824","2"
"points250000-population100000","gw","2","73","179311949.04030001","179311966.45050001","17.410199999809265","13.830300003290176","2"
"points250000-population100000","gw","2","74","179311966.62560001","179311985.81060001","19.185000002384186","13.737299978733063","2"
"points250000-population100000","gw","2","75","179311985.97299999","179312004.9307","18.95770001411438","14.097299993038177","2"
"points250000-population100000","gw","2","76","179312005.10600001","179312024.91060001","19.80460000038147","14.013799995183945","2"
"points250000-population100000","gw","2","77","179312025.0695","179312044.88080001","19.811300009489059","13.901199996471405","2"
"points250000-population100000","gw","2","78","179312045.06600001","179312063.85249999","18.786499977111816","13.892500013113022","2"
"points250000-population100000","gw","2","79","179312064.17269999","179312084.0763","19.903600007295609","13.734800010919571","2"
"points250000-population100000","gw","2","80","179312084.2577","179312104.68450001","20.426800012588501","13.79969996213913","2"
"points250000-population100000","gw","2","81","179312104.91620001","179312124.76339999","19.847199976444244","13.668599963188171","2"
"points250000-population100000","gw","2","82","179312124.93880001","179312144.17210001","19.233300000429153","13.746999979019165","2"
"points250000-population100000","gw","2","83","179312144.3466","179312164.45429999","20.107699990272522","14.22639998793602","2"
"points250000-population100000","gw","2","84","179312164.63389999","179312183.34599999","18.712099999189377","13.811899989843369","2"
"points250000-population100000","gw","2","85","179312183.53380001","179312202.71579999","19.181999981403351","13.879700005054474","2"
"points250000-population100000","gw","2","86","179312202.89399999","179312222.05129999","19.157299995422363","13.860799998044968","2"
"points250000-population100000","gw","2","87","179312222.23719999","179312240.94220001","18.705000013113022","13.841699987649918","2"
"points250000-population100000","gw","2","88","179312241.12009999","179312260.03650001","18.916400015354156","13.77989998459816","2"
"points250000-population100000","gw","2","89","179312260.22819999","179312278.2784","18.050200015306473","13.71450001001358","2"
"points250000-population100000","gw","2","90","179312278.46340001","179312297.84580001","19.382400006055832","13.694000005722046","2"
"points250000-population100000","gw","2","91","179312298.03","179312319.45719999","21.427199989557266","14.667499989271164","2"
"points250000-population100000","gw","2","92","179312319.6383","179312339.3423","19.703999996185303","13.665199995040894","2"
"points250000-population100000","gw","2","93","179312339.51199999","179312359.965","20.453000009059906","13.792799979448318","2"
"points250000-population100000","gw","2","94","179312360.15889999","179312379.33590001","19.177000015974045","13.718300044536591","2"
"points250000-population100000","gw","2","95","179312379.5052","179312399.2471","19.741899996995926","13.638300001621246","2"
"points250000-population100000","gw","2","96","179312399.412","179312418.14919999","18.737199991941452","13.879000037908554","2"
"points250000-population100000","gw","2","97","179312418.32179999","179312438.699","20.37720000743866","13.652400016784668","2"
"points250000-population100000","gw","2","98","179312438.8804","179312458.62779999","19.747399985790253","13.895700007677078","2"
"points250000-population100000","gw","2","99","179312458.79890001","179312477.6999","18.900999993085861","14.077199995517731","2"
"points250000-population100000","gw","2","100","179312477.91639999","179312498.0537","20.13730001449585","13.989399999380112","2"
"points250000-population100000","gw","2","101","179312498.2423","179312521.25830001","23.016000002622604","16.506499975919724","2"
"points250000-population100000","gw","2","102","179312521.44940001","179312543.2412","21.791799992322922","13.907799988985062","2"
"points250000-population100000","gw","2","103","179312543.42699999","179312565.16929999","21.742300003767014","14.450899988412857","2"
"points250000-population100000","gw","2","104","179312565.45809999","179312587.96020001","22.502100020647049","14.263600021600723","2"
"points250000-population100000","gw","2","105","179312588.1593","179312610.25229999","22.092999994754791","14.140799999237061","2"
"points250000-population100000","gw","2","106","179312610.52250001","179312632.192","21.66949999332428","14.774199962615967","2"
"points250000-population100000","gw","2","107","179312632.3813","179312652.6548","20.273499995470047","13.711099982261658","2"
"points250000-population100000","gw","2","108","179312652.81659999","179312670.3064","17.489800006151199","13.649699985980988","2"
"points250000-population100000","gw","2","109","179312670.47040001","179312689.0948","18.624399989843369","13.611899971961975","2"
"points250000-population100000","gw","2","110","179312689.2489","179312707.44499999","18.196099996566772","13.60359999537468","2"
"points250000-population100000","gw","2","111","179312707.6133","179312725.14899999","17.535699993371964","13.668200016021729","2"
"points250000-population100000","gw","2","112","179312725.3145","179312748.71790001","23.403400003910065","18.065200001001358","2"
"points250000-population100000","gw","2","113","179312748.90759999","179312766.66749999","17.759900003671646","13.924400001764297","2"
"points250000-population100000","gw","2","114","179312766.8515","179312786.016","19.164499998092651","13.921900004148483","2"
"points250000-population100000","gw","2","115","179312786.1895","179312804.92250001","18.733000010251999","13.696799993515015","2"
"points250000-population100000","gw","2","116","179312805.09009999","179312822.55700001","17.466900020837784","13.723000019788742","2"
"points250000-population100000","gw","2","117","179312822.71509999","179312840.61140001","17.89630001783371","13.595499992370605","2"
"points250000-population100000","gw","2","118","179312840.8477","179312859.48289999","18.635199993848801","13.628000020980835","2"
"points250000-population100000","gw","2","119","179312859.6638","179312877.42719999","17.763399988412857","13.591899991035461","2"
"points250000-population100000","gw","2","120","179312877.6164","179312896.38010001","18.763700008392334","13.738399982452393","2"
"points250000-population100000","off","2","1","179312937.43169999","179312940.3017","2.8700000047683716","0","0"
"points250000-population100000","off","2","2","179312940.50299999","179312943.84490001","3.3419000208377838","0","0"
"points250000-population100000","off","2","3","179312944.06400001","179312948.51269999","4.4486999809741974","0","0"
"points250000-population100000","off","2","4","179312948.67340001","179312953.58129999","4.9078999757766724","0","0"
"points250000-population100000","off","2","5","179312953.71810001","179312956.3845","2.6663999855518341","0","0"
"points250000-population100000","off","2","6","179312956.5002","179312959.51550001","3.0153000056743622","0","0"
"points250000-population100000","off","2","7","179312959.63330001","179312962.92609999","3.2927999794483185","0","0"
"points250000-population100000","off","2","8","179312963.0636","179312966.25060001","3.1870000064373016","0","0"
"points250000-population100000","off","2","9","179312966.37040001","179312970.02430001","3.6538999974727631","0","0"
"points250000-population100000","off","2","10","179312970.13940001","179312972.97350001","2.8341000080108643","0","0"
"points250000-population100000","off","2","11","179312974.9136","179312978.6866","3.7730000019073486","0","0"
"points250000-population100000","off","2","12","179312978.83469999","179312983.40689999","4.5722000002861023","0","0"
"points250000-population100000","off","2","13","179312983.5451","179312986.62349999","3.0783999860286713","0","0"
"points250000-population100000","off","2","14","179312986.74970001","179312989.77200001","3.0223000049591064","0","0"
"points250000-population100000","off","2","15","179312989.88789999","179312992.76609999","2.8781999945640564","0","0"
"points250000-population100000","off","2","16","179312992.90439999","179312996.5521","3.6477000117301941","0","0"
"points250000-population100000","off","2","17","179312996.69209999","179312999.89160001","3.1995000243186951","0","0"
"points250000-population100000","off","2","18","179313000.0176","179313002.65599999","2.6383999884128571","0","0"
"points250000-population100000","off","2","19","179313002.7739","179313005.62220001","2.8483000099658966","0","0"
"points250000-population100000","off","2","20","179313005.7335","179313008.41929999","2.6857999861240387","0","0"
"points250000-population100000","off","2","21","179313008.52739999","179313011.50049999","2.9731000065803528","0","0"
"points250000-population100000","off","2","22","179313011.61849999","179313015.63319999","4.0146999955177307","0","0"
"points250000-population100000","off","2","23","179313015.74700001","179313018.28889999","2.5418999791145325","0","0"
"points250000-population100000","off","2","24","179313018.39989999","179313021.0108","2.6109000146389008","0","0"
"points250000-population100000","off","2","25","179313021.11759999","179313023.86739999","2.7497999966144562","0","0"
"points250000-population100000","off","2","26","179313023.97600001","179313027.2033","3.2272999882698059","0","0"
"points250000-population100000","off","2","27","179313027.32890001","179313031.76320001","4.4343000054359436","0","0"
"points250000-population100000","off","2","28","179313031.8883","179313034.64739999","2.7590999901294708","0","0"
"points250000-population100000","off","2","29","179313034.7581","179313037.54750001","2.7894000113010406","0","0"
"points250000-population100000","off","2","30","179313037.66","179313040.4262","2.7662000060081482","0","0"
"points250000-population100000","off","2","31","179313040.53310001","179313043.5221","2.988999992609024","0","0"
"points250000-population100000","off","2","32","179313043.63749999","179313046.6505","3.0130000114440918","0","0"
"points250000-population100000","off","2","33","179313046.76539999","179313049.6002","2.8348000049591064","0","0"
"points250000-population100000","off","2","34","179313049.71450001","179313052.4163","2.7017999887466431","0","0"
"points250000-population100000","off","2","35","179313052.5266","179313055.2022","2.675599992275238","0","0"
"points250000-population100000","off","2","36","179313055.31060001","179313058.01109999","2.7004999816417694","0","0"
"points250000-population100000","off","2","37","179313058.118","179313063.63909999","5.5210999846458435","0","0"
"points250000-population100000","off","2","38","179313063.8152","179313066.90920001","3.0940000116825104","0","0"
"points250000-population100000","off","2","39","179313067.042","179313069.65369999","2.6116999983787537","0","0"
"points250000-population100000","off","2","40","179313069.773","179313072.48030001","2.7073000073432922","0","0"
"points250000-population100000","off","2","41","179313072.59099999","179313077.57280001","4.9818000197410583","0","0"
"points250000-population100000","off","2","42","179313077.69999999","179313080.71529999","3.0153000056743622","0","0"
"points250000-population100000","off","2","43","179313080.8362","179313083.71700001","2.8808000087738037","0","0"
"points250000-population100000","off","2","44","179313083.8303","179313086.52329999","2.6929999887943268","0","0"
"points250000-population100000","off","2","45","179313086.63","179313089.3046","2.6746000051498413","0","0"
"points250000-population100000","off","2","46","179313089.41319999","179313093.38240001","3.9692000150680542","0","0"
"points250000-population100000","off","2","47","179313093.50470001","179313096.57730001","3.0726000070571899","0","0"
"points250000-population100000","off","2","48","179313096.7035","179313099.7078","3.0042999982833862","0","0"
"points250000-population100000","off","2","49","179313099.82409999","179313102.65549999","2.8314000070095062","0","0"
"points250000-population100000","off","2","50","179313102.7685","179313105.52110001","2.7526000142097473","0","0"
"points250000-population100000","off","2","51","179313105.64649999","179313109.17480001","3.528300017118454","0","0"
"points250000-population100000","off","2","52","179313109.3488","179313112.1744","2.8255999982357025","0","0"
"points250000-population100000","off","2","53","179313112.29789999","179313115.02399999","2.7260999977588654","0","0"
"points250000-population100000","off","2","54","179313115.1358","179313117.8398","2.7039999961853027","0","0"
"points250000-population100000","off","2","55","179313117.94929999","179313120.74630001","2.7970000207424164","0","0"
"points250000-population100000","off","2","56","179313120.85100001","179313123.62540001","2.774399995803833","0","0"
"points250000-population100000","off","2","57","179313123.73879999","179313126.78920001","3.0504000186920166","0","0"
"points250000-population100000","off","2","58","179313126.90650001","179313130.1336","3.2270999848842621","0","0"
"points250000-population100000","off","2","59","179313130.25","179313133.00569999","2.7556999921798706","0","0"
"points250000-population100000","off","2","60","179313133.12130001","179313135.759","2.6376999914646149","0","0"
"points250000-population100000","off","2","61","179313135.8689","179313140.36210001","4.4932000041007996","0","0"
"points250000-population100000","off","2","62","179313140.4824","179313143.45379999","2.9713999927043915","0","0"
"points250000-population100000","off","2","63","179313143.57120001","179313146.4991","2.9278999865055084","0","0"
"points250000-population100000","off","2","64","179313146.61449999","179313149.41940001","2.8049000203609467","0","0"
"points250000-population100000","off","2","65","179313149.5293","179313152.55419999","3.0248999893665314","0","0"
"points250000-population100000","off","2","66","179313152.69069999","179313156.09110001","3.4004000127315521","0","0"
"points250000-population100000","off","2","67","179313156.22369999","179313159.23289999","3.0092000067234039","0","0"
"points250000-population100000","off","2","68","179313159.3513","179313162.36970001","3.0184000134468079","0","0"
"points250000-population100000","off","2","69","179313162.48679999","179313165.3741","2.8873000144958496","0","0"
"points250000-population100000","off","2","70","179313165.48859999","179313168.21380001","2.7252000272274017","0","0"
"points250000-population100000","off","2","71","179313168.31909999","179313173.31810001","4.9990000128746033","0","0"
"points250000-population100000","off","2","72","179313173.43669999","179313176.25690001","2.8202000260353088","0","0"
"points250000-population100000","off","2","73","179313176.37779999","179313179.15889999","2.7811000049114227","0","0"
"points250000-population100000","off","2","74","179313179.27360001","179313182.09729999","2.8236999809741974","0","0"
"points250000-population100000","off","2","75","179313182.2101","179313185.13519999","2.9250999987125397","0","0"
"points250000-population100000","off","2","76","179313185.24630001","179313188.10249999","2.8561999797821045","0","0"
"points250000-population100000","off","2","77","179313188.21509999","179313190.83930001","2.6242000162601471","0","0"
"points250000-population100000","off","2","78","179313190.9461","179313193.7568","2.810699999332428","0","0"
"points250000-population100000","off","2","79","179313193.88710001","179313197.7141","3.8269999921321869","0","0"
"points250000-population100000","off","2","80","179313197.8723","179313201.37200001","3.4997000098228455","0","0"
"points250000-population100000","off","2","81","179313201.48429999","179313205.78119999","4.2969000041484833","0","0"
"points250000-population100000","off","2","82","179313205.89230001","179313208.63550001","2.7432000041007996","0","0"
"points250000-population100000","off","2","83","179313208.74270001","179313213.24990001","4.5072000026702881","0","0"
"points250000-population100000","off","2","84","179313213.36539999","179313219.8741","6.5087000131607056","0","0"
"points250000-population100000","off","2","85","179313219.99070001","179313223.15470001","3.164000004529953","0","0"
"points250000-population100000","off","2","86","179313223.26840001","179313225.98140001","2.7129999995231628","0","0"
"points250000-population100000","off","2","87","179313226.11669999","179313229.4276","3.3109000027179718","0","0"
"points250000-population100000","off","2","88","179313229.5485","179313233.23989999","3.6913999915122986","0","0"
"points250000-population100000","off","2","89","179313233.3594","179313237.25040001","3.8910000026226044","0","0"
"points250000-population100000","off","2","90","179313237.37509999","179313240.1397","2.76460000872612","0","0"
"points250000-population100000","off","2","91","179313240.30419999","179313243.15329999","2.8490999937057495","0","0"
"points250000-population100000","off","2","92","179313243.2793","179313246.2703","2.9909999966621399","0","0"
"points250000-population100000","off","2","93","179313246.38609999","179313249.17969999","2.7935999929904938","0","0"
"points250000-population100000","off","2","94","179313249.29809999","179313252.1266","2.8285000026226044","0","0"
"points250000-population100000","off","2","95","179313252.2405","179313254.95899999","2.7184999883174896","0","0"
"points250000-population100000","off","2","96","179313255.07010001","179313257.73500001","2.664900004863739","0","0"
"points250000-population100000","off","2","97","179313258.21309999","179313260.99739999","2.7842999994754791","0","0"
"points250000-population100000","off","2","98","179313261.13370001","179313265.0318","3.8980999886989594","0","0"
"points250000-population100000","off","2","99","179313265.1568","179313267.98199999","2.8251999914646149","0","0"
"points250000-population100000","off","2","100","179313268.09850001","179313270.81420001","2.7157000005245209","0","0"
"points250000-population100000","off","2","101","179313270.92449999","179313273.6092","2.6847000122070312","0","0"
"points250000-population100000","off","2","102","179313273.71919999","179313276.3926","2.6734000146389008","0","0"
"points250000-population100000","off","2","103","179313276.50780001","179313280.9799","4.4720999896526337","0","0"
"points250000-population100000","off","2","104","179313281.11809999","179313283.9702","2.8521000146865845","0","0"
"points250000-population100000","off","2","105","179313284.0932","179313286.67730001","2.5841000080108643","0","0"
"points250000-population100000","off","2","106","179313286.78839999","179313289.5936","2.8052000105381012","0","0"
"points250000-population100000","off","2","107","179313289.70550001","179313292.47049999","2.7649999856948853","0","0"
"points250000-population100000","off","2","108","179313292.6137","179313297.35499999","4.7412999868392944","0","0"
"points250000-population100000","off","2","109","179313297.53940001","179313300.5334","2.9939999878406525","0","0"
"points250000-population100000","off","2","110","179313300.65040001","179313303.29030001","2.6398999989032745","0","0"
"points250000-population100000","off","2","111","179313303.4021","179313306.19729999","2.795199990272522","0","0"
"points250000-population100000","off","2","112","179313306.3073","179313309.1155","2.8082000017166138","0","0"
"points250000-population100000","off","2","113","179313309.24000001","179313312.15189999","2.9118999838829041","0","0"
"points250000-population100000","off","2","114","179313312.27039999","179313315.41940001","3.1490000188350677","0","0"
"points250000-population100000","off","2","115","179313315.52919999","179313318.30540001","2.7762000262737274","0","0"
"points250000-population100000","off","2","116","179313318.4138","179313321.0587","2.644899994134903","0","0"
"points250000-population100000","off","2","117","179313321.1647","179313323.75330001","2.5886000096797943","0","0"
"points250000-population100000","off","2","118","179313323.86489999","179313326.78009999","2.9151999950408936","0","0"
"points250000-population100000","off","2","119","179313326.95410001","179313330.46039999","3.5062999725341797","0","0"
"points250000-population100000","off","2","120","179313330.5756","179313333.2545","2.6789000034332275","0","0"
"points250000-population100000","off","3","1","179313382.15869999","179313385.75850001","3.5998000204563141","0","0"
"points250000-population100000","off","3","2","179313385.9316","179313390.6859","4.7542999982833862","0","0"
"points250000-population100000","off","3","3","179313390.83450001","179313395.12220001","4.2876999974250793","0","0"
"points250000-population100000","off","3","4","179313395.28740001","179313399.558","4.2705999910831451","0","0"
"points250000-population100000","off","3","5","179313399.69749999","179313403.77950001","4.0820000171661377","0","0"
"points250000-population100000","off","3","6","179313403.9016","179313409.6252","5.7236000001430511","0","0"
"points250000-population100000","off","3","7","179313409.7441","179313413.83489999","4.0907999873161316","0","0"
"points250000-population100000","off","3","8","179313413.95190001","179313416.67770001","2.7258000075817108","0","0"
"points250000-population100000","off","3","9","179313416.79179999","179313419.55860001","2.7668000161647797","0","0"
"points250000-population100000","off","3","10","179313419.67590001","179313422.4325","2.7565999925136566","0","0"
"points250000-population100000","off","3","11","179313422.54300001","179313425.2651","2.7220999896526337","0","0"
"points250000-population100000","off","3","12","179313425.373","179313428.4127","3.0397000014781952","0","0"
"points250000-population100000","off","3","13","179313428.5564","179313431.5535","2.9970999956130981","0","0"
"points250000-population100000","off","3","14","179313431.67309999","179313434.354","2.6809000074863434","0","0"
"points250000-population100000","off","3","15","179313434.4668","179313438.73890001","4.2721000015735626","0","0"
"points250000-population100000","off","3","16","179313438.8556","179313442.27669999","3.421099990606308","0","0"
"points250000-population100000","off","3","17","179313442.3847","179313447.17320001","4.7885000109672546","0","0"
"points250000-population100000","off","3","18","179313447.31119999","179313451.27970001","3.968500018119812","0","0"
"points250000-population100000","off","3","19","179313451.40419999","179313456.47040001","5.0662000179290771","0","0"
"points250000-population100000","off","3","20","179313456.59259999","179313461.21919999","4.6265999972820282","0","0"
"points250000-population100000","off","3","21","179313461.34940001","179313464.97499999","3.6255999803543091","0","0"
"points250000-population100000","off","3","22","179313465.09619999","179313469.51750001","4.4213000237941742","0","0"
"points250000-population100000","off","3","23","179313469.62889999","179313472.78709999","3.1581999957561493","0","0"
"points250000-population100000","off","3","24","179313472.89930001","179313477.00929999","4.1099999845027924","0","0"
"points250000-population100000","off","3","25","179313477.1221","179313480.54350001","3.4214000105857849","0","0"
"points250000-population100000","off","3","26","179313480.655","179313485.6469","4.9918999969959259","0","0"
"points250000-population100000","off","3","27","179313485.7588","179313488.99919999","3.2403999865055084","0","0"
"points250000-population100000","off","3","28","179313489.10690001","179313492.0113","2.9043999910354614","0","0"
"points250000-population100000","off","3","29","179313492.11849999","179313495.37400001","3.2555000185966492","0","0"
"points250000-population100000","off","3","30","179313495.56459999","179313499.64770001","4.0831000208854675","0","0"
"points250000-population100000","off","3","31","179313499.77559999","179313502.57499999","2.7994000017642975","0","0"
"points250000-population100000","off","3","32","179313502.69780001","179313505.46790001","2.7700999975204468","0","0"
"points250000-population100000","off","3","33","179313505.57710001","179313508.87029999","3.2931999862194061","0","0"
"points250000-population100000","off","3","34","179313508.98010001","179313512.51809999","3.5379999876022339","0","0"
"points250000-population100000","off","3","35","179313512.67300001","179313518.3017","5.6286999881267548","0","0"
"points250000-population100000","off","3","36","179313518.41859999","179313521.88460001","3.4660000205039978","0","0"
"points250000-population100000","off","3","37","179313521.99610001","179313525.90270001","3.9065999984741211","0","0"
"points250000-population100000","off","3","38","179313526.01120001","179313530.296","4.2847999930381775","0","0"
"points250000-population100000","off","3","39","179313530.43650001","179313535.29069999","4.8541999757289886","0","0"
"points250000-population100000","off","3","40","179313535.41190001","179313538.94850001","3.5365999937057495","0","0"
"points250000-population100000","off","3","41","179313539.0616","179313542.66859999","3.6069999933242798","0","0"
"points250000-population100000","off","3","42","179313542.77869999","179313547.4102","4.6315000057220459","0","0"
"points250000-population100000","off","3","43","179313547.5526","179313550.52180001","2.9692000150680542","0","0"
"points250000-population100000","off","3","44","179313550.62850001","179313553.7814","3.1528999805450439","0","0"
"points250000-population100000","off","3","45","179313553.89219999","179313557.67340001","3.7812000215053558","0","0"
"points250000-population100000","off","3","46","179313557.78439999","179313561.264","3.4796000123023987","0","0"
"points250000-population100000","off","3","47","179313561.39070001","179313564.91330001","3.522599995136261","0","0"
"points250000-population100000","off","3","48","179313565.05320001","179313567.89340001","2.8402000069618225","0","0"
"points250000-population100000","off","3","49","179313568.01300001","179313571.03529999","3.0222999751567841","0","0"
"points250000-population100000","off","3","50","179313571.14910001","179313574.11500001","2.9659000039100647","0","0"
"points250000-population100000","off","3","51","179313574.22940001","179313579.6284","5.3989999890327454","0","0"
"points250000-population100000","off","3","52","179313579.78479999","179313583.287","3.5022000074386597","0","0"
"points250000-population100000","off","3","53","179313583.40459999","179313587.07100001","3.6664000153541565","0","0"
"points250000-population100000","off","3","54","179313587.18110001","179313590.11039999","2.9292999804019928","0","0"
"points250000-population100000","off","3","55","179313590.2572","179313594.64230001","4.3851000070571899","0","0"
"points250000-population100000","off","3","56","179313594.7949","179313599.42030001","4.6254000067710876","0","0"
"points250000-population100000","off","3","57","179313599.56619999","179313603.52309999","3.9569000005722046","0","0"
"points250000-population100000","off","3","58","179313603.65599999","179313608.50549999","4.8495000004768372","0","0"
"points250000-population100000","off","3","59","179313608.6277","179313614.5246","5.8968999981880188","0","0"
"points250000-population100000","off","3","60","179313614.66839999","179313618.55270001","3.884300023317337","0","0"
"points250000-population100000","off","3","61","179313618.67680001","179313623.1072","4.4303999841213226","0","0"
"points250000-population100000","off","3","62","179313623.22729999","179313628.16280001","4.9355000257492065","0","0"
"points250000-population100000","off","3","63","179313628.30050001","179313631.64629999","3.34579998254776","0","0"
"points250000-population100000","off","3","64","179313631.76609999","179313634.93220001","3.166100025177002","0","0"
"points250000-population100000","off","3","65","179313635.04730001","179313637.74880001","2.7014999985694885","0","0"
"points250000-population100000","off","3","66","179313637.85929999","179313642.07269999","4.2134000062942505","0","0"
"points250000-population100000","off","3","67","179313642.18650001","179313644.89070001","2.7041999995708466","0","0"
"points250000-population100000","off","3","68","179313645.00920001","179313647.58250001","2.5733000040054321","0","0"
"points250000-population100000","off","3","69","179313647.69639999","179313651.421","3.7246000170707703","0","0"
"points250000-population100000","off","3","70","179313651.53299999","179313655.72940001","4.1964000165462494","0","0"
"points250000-population100000","off","3","71","179313655.84299999","179313660.40099999","4.5579999983310699","0","0"
"points250000-population100000","off","3","72","179313660.58340001","179313665.1997","4.6162999868392944","0","0"
"points250000-population100000","off","3","73","179313665.33039999","179313669.74610001","4.4157000184059143","0","0"
"points250000-population100000","off","3","74","179313669.86050001","179313674.86230001","5.001800000667572","0","0"
"points250000-population100000","off","3","75","179313674.9754","179313678.73710001","3.7617000043392181","0","0"
"points250000-population100000","off","3","76","179313678.85800001","179313682.579","3.7209999859333038","0","0"
"points250000-population100000","off","3","77","179313682.69440001","179313687.50420001","4.809799998998642","0","0"
"points250000-population100000","off","3","78","179313687.62940001","179313691.3062","3.6767999827861786","0","0"
"points250000-population100000","off","3","79","179313691.42410001","179313694.40799999","2.9838999807834625","0","0"
"points250000-population100000","off","3","80","179313694.53290001","179313698.1024","3.5694999992847443","0","0"
"points250000-population100000","off","3","81","179313698.22060001","179313701.4339","3.2132999897003174","0","0"
"points250000-population100000","off","3","82","179313701.54879999","179313705.64289999","4.0940999984741211","0","0"
"points250000-population100000","off","3","83","179313705.8021","179313708.5068","2.7046999931335449","0","0"
"points250000-population100000","off","3","84","179313708.61840001","179313711.74489999","3.1264999806880951","0","0"
"points250000-population100000","off","3","85","179313711.8612","179313714.778","2.9167999923229218","0","0"
"points250000-population100000","off","3","86","179313714.8998","179313718.68810001","3.7883000075817108","0","0"
"points250000-population100000","off","3","87","179313718.8019","179313721.8055","3.003600001335144","0","0"
"points250000-population100000","off","3","88","179313721.91949999","179313725.66800001","3.7485000193119049","0","0"
"points250000-population100000","off","3","89","179313725.78","179313729.8263","4.0462999939918518","0","0"
"points250000-population100000","off","3","90","179313729.9533","179313735.10120001","5.1479000151157379","0","0"
"points250000-population100000","off","3","91","179313735.22659999","179313738.5447","3.3181000053882599","0","0"
"points250000-population100000","off","3","92","179313738.65740001","179313741.73230001","3.0749000012874603","0","0"
"points250000-population100000","off","3","93","179313741.84450001","179313745.69580001","3.8513000011444092","0","0"
"points250000-population100000","off","3","94","179313745.81940001","179313750.05199999","4.2325999736785889","0","0"
"points250000-population100000","off","3","95","179313750.16850001","179313753.50440001","3.3359000086784363","0","0"
"points250000-population100000","off","3","96","179313753.65880001","179313757.2827","3.6238999962806702","0","0"
"points250000-population100000","off","3","97","179313757.3987","179313761.0979","3.6992000043392181","0","0"
"points250000-population100000","off","3","98","179313761.22749999","179313767.16029999","5.9327999949455261","0","0"
"points250000-population100000","off","3","99","179313767.29370001","179313770.2807","2.9869999885559082","0","0"
"points250000-population100000","off","3","100","179313770.39860001","179313773.06009999","2.6614999771118164","0","0"
"points250000-population100000","off","3","101","179313773.17230001","179313776.16069999","2.9883999824523926","0","0"
"points250000-population100000","off","3","102","179313776.29530001","179313779.34509999","3.0497999787330627","0","0"
"points250000-population100000","off","3","103","179313779.4711","179313783.0325","3.5613999962806702","0","0"
"points250000-population100000","off","3","104","179313783.15180001","179313786.05489999","2.9030999839305878","0","0"
"points250000-population100000","off","3","105","179313786.20019999","179313789.22639999","3.026199996471405","0","0"
"points250000-population100000","off","3","106","179313789.3362","179313792.95359999","3.6173999905586243","0","0"
"points250000-population100000","off","3","107","179313793.0765","179313798.67879999","5.6022999882698059","0","0"
"points250000-population100000","off","3","108","179313798.81580001","179313802.50220001","3.6863999962806702","0","0"
"points250000-population100000","off","3","109","179313802.6239","179313805.9567","3.3328000009059906","0","0"
"points250000-population100000","off","3","110","179313806.07249999","179313809.13499999","3.0625","0","0"
"points250000-population100000","off","3","111","179313809.2969","179313813.89230001","4.5954000055789948","0","0"
"points250000-population100000","off","3","112","179313814.01460001","179313817.5223","3.5076999962329865","0","0"
"points250000-population100000","off","3","113","179313817.63319999","179313821.07960001","3.4464000165462494","0","0"
"points250000-population100000","off","3","114","179313821.1902","179313824.80809999","3.6178999841213226","0","0"
"points250000-population100000","off","3","115","179313824.9614","179313830.81760001","5.8562000095844269","0","0"
"points250000-population100000","off","3","116","179313830.99380001","179313835.22130001","4.2274999916553497","0","0"
"points250000-population100000","off","3","117","179313835.3777","179313838.36680001","2.9891000092029572","0","0"
"points250000-population100000","off","3","118","179313838.4966","179313842.8071","4.3104999959468842","0","0"
"points250000-population100000","off","3","119","179313842.97729999","179313847.69800001","4.7207000255584717","0","0"
"points250000-population100000","off","3","120","179313847.8493","179313850.60179999","2.7524999976158142","0","0"
"points250000-population100000","gw","3","1","179314106.5138","179314125.28200001","18.768200010061264","13.790600001811981","2"
"points250000-population100000","gw","3","2","179314125.461","179314144.33250001","18.871500015258789","14.092999994754791","2"
"points250000-population100000","gw","3","3","179314144.52250001","179314164.94780001","20.425300002098083","13.759000033140182","2"
"points250000-population100000","gw","3","4","179314165.13029999","179314185.41139999","20.281100004911423","13.948399990797043","2"
"points250000-population100000","gw","3","5","179314185.57879999","179314204.97319999","19.394400000572205","13.782499998807907","2"
"points250000-population100000","gw","3","6","179314205.15450001","179314225.2823","20.127799987792969","13.859099984169006","2"
"points250000-population100000","gw","3","7","179314225.44319999","179314245.24860001","19.805400013923645","13.7151999771595","2"
"points250000-population100000","gw","3","8","179314245.41949999","179314265.12549999","19.706000000238419","13.926699995994568","2"
"points250000-population100000","gw","3","9","179314265.3175","179314285.55579999","20.238299995660782","13.641699999570847","2"
"points250000-population100000","gw","3","10","179314285.7281","179314305.4346","19.706499993801117","13.857700020074844","2"
"points250000-population100000","gw","3","11","179314305.6027","179314325.0503","19.44760000705719","13.77140000462532","2"
"points250000-population100000","gw","3","12","179314325.20449999","179314343.0176","17.813100010156631","13.975899964570999","2"
"points250000-population100000","gw","3","13","179314343.1972","179314361.89840001","18.701200008392334","13.697499990463257","2"
"points250000-population100000","gw","3","14","179314362.0659","179314380.4734","18.407499998807907","13.660600006580353","2"
"points250000-population100000","gw","3","15","179314380.6426","179314400.7694","20.126800000667572","13.673299998044968","2"
"points250000-population100000","gw","3","16","179314400.9384","179314421.3502","20.411799997091293","14.511700034141541","2"
"points250000-population100000","gw","3","17","179314421.57030001","179314440.99259999","19.422299981117249","13.699499994516373","2"
"points250000-population100000","gw","3","18","179314441.15700001","179314460.97960001","19.82260000705719","13.698300004005432","2"
"points250000-population100000","gw","3","19","179314461.15970001","179314481.31389999","20.154199987649918","14.193199992179871","2"
"points250000-population100000","gw","3","20","179314481.48370001","179314500.96439999","19.480699986219406","13.677200019359589","2"
"points250000-population100000","gw","3","21","179314501.1462","179314521.06850001","19.922300010919571","13.694900006055832","2"
"points250000-population100000","gw","3","22","179314521.2344","179314541.1401","19.905699998140335","13.752900004386902","2"
"points250000-population100000","gw","3","23","179314541.31760001","179314560.09020001","18.772599995136261","14.197899997234344","2"
"points250000-population100000","gw","3","24","179314560.27070001","179314579.63190001","19.361200004816055","13.883199989795685","2"
"points250000-population100000","gw","3","25","179314579.81709999","179314598.0909","18.273800015449524","14.060000002384186","2"
"points250000-population100000","gw","3","26","179314598.27950001","179314617.22670001","18.947200000286102","13.606899976730347","2"
"points250000-population100000","gw","3","27","179314617.40059999","179314637.426","20.025400012731552","13.734200000762939","2"
"points250000-population100000","gw","3","28","179314637.5986","179314656.1279","18.529300004243851","13.736299991607666","2"
"points250000-population100000","gw","3","29","179314656.29100001","179314676.54949999","20.258499979972839","13.702199995517731","2"
"points250000-population100000","gw","3","30","179314676.73539999","179314696.43329999","19.697899997234344","13.699300020933151","2"
"points250000-population100000","gw","3","31","179314696.61610001","179314718.44620001","21.830099999904633","15.276999980211258","2"
"points250000-population100000","gw","3","32","179314718.62419999","179314738.62970001","20.005500018596649","13.730199992656708","2"
"points250000-population100000","gw","3","33","179314738.8062","179314758.456","19.649800002574921","13.65159997344017","2"
"points250000-population100000","gw","3","34","179314758.62529999","179314778.17359999","19.548299998044968","13.72529998421669","2"
"points250000-population100000","gw","3","35","179314778.35089999","179314798.62200001","20.271100014448166","13.887999981641769","2"
"points250000-population100000","gw","3","36","179314798.81259999","179314817.15900001","18.346400022506714","13.756999999284744","2"
"points250000-population100000","gw","3","37","179314817.3283","179314837.55360001","20.225300014019012","13.868899971246719","2"
"points250000-population100000","gw","3","38","179314837.81279999","179314857.7845","19.971700012683868","13.790800005197525","2"
"points250000-population100000","gw","3","39","179314857.9689","179314877.48550001","19.516600012779236","13.789499998092651","2"
"points250000-population100000","gw","3","40","179314877.66600001","179314897.50440001","19.83840000629425","13.687000006437302","2"
"points250000-population100000","gw","3","41","179314897.67460001","179314917.56220001","19.887600004673004","13.703499972820282","2"
"points250000-population100000","gw","3","42","179314917.7353","179314936.69010001","18.954800009727478","13.806500017642975","2"
"points250000-population100000","gw","3","43","179314936.87940001","179314957.74900001","20.869599997997284","13.713800013065338","2"
"points250000-population100000","gw","3","44","179314957.92629999","179314977.75819999","19.831900000572205","13.645399987697601","2"
"points250000-population100000","gw","3","45","179314977.93020001","179314997.5194","19.589199990034103","13.720200002193451","2"
"points250000-population100000","gw","3","46","179314997.6886","179315017.33270001","19.64410001039505","13.932800024747849","2"
"points250000-population100000","gw","3","47","179315017.5018","179315036.52309999","19.021299988031387","13.648700028657913","2"
"points250000-population100000","gw","3","48","179315036.69530001","179315057.07859999","20.383299976587296","13.676800012588501","2"
"points250000-population100000","gw","3","49","179315057.25650001","179315075.73010001","18.473600000143051","13.595699995756149","2"
"points250000-population100000","gw","3","50","179315075.91670001","179315094.1807","18.263999998569489","13.795199990272522","2"
"points250000-population100000","gw","3","51","179315094.36489999","179315114.7626","20.397700011730194","13.843199968338013","2"
"points250000-population100000","gw","3","52","179315114.94499999","179315134.1311","19.186100006103516","13.697399973869324","2"
"points250000-population100000","gw","3","53","179315134.2967","179315155.13420001","20.837500005960464","14.100600004196167","2"
"points250000-population100000","gw","3","54","179315155.3057","179315176.13850001","20.832800000905991","14.035300016403198","2"
"points250000-population100000","gw","3","55","179315176.35530001","179315196.0869","19.731599986553192","13.916200011968613","2"
"points250000-population100000","gw","3","56","179315196.25870001","179315215.2297","18.970999985933304","13.84400001168251","2"
"points250000-population100000","gw","3","57","179315215.42680001","179315236.67879999","21.251999974250793","14.091699987649918","2"
"points250000-population100000","gw","3","58","179315236.89289999","179315257.02869999","20.135800004005432","13.937000006437302","2"
"points250000-population100000","gw","3","59","179315257.27860001","179315279.53569999","22.257099986076355","14.391999989748001","2"
"points250000-population100000","gw","3","60","179315279.72549999","179315298.6733","18.947800010442734","13.843299984931946","2"
"points250000-population100000","gw","3","61","179315298.8468","179315316.24450001","17.397700011730194","13.65939998626709","2"
"points250000-population100000","gw","3","62","179315316.39919999","179315335.09150001","18.692300021648407","13.702700018882751","2"
"points250000-population100000","gw","3","63","179315335.2599","179315355.42680001","20.166900008916855","13.976099997758865","2"
"points250000-population100000","gw","3","64","179315355.61149999","179315374.51840001","18.906900018453598","13.799900025129318","2"
"points250000-population100000","gw","3","65","179315374.6954","179315395.1602","20.464800000190735","13.667600005865097","2"
"points250000-population100000","gw","3","66","179315395.3328","179315414.42250001","19.089700013399124","13.745700031518936","2"
"points250000-population100000","gw","3","67","179315414.5862","179315434.84029999","20.254099994897842","14.022100001573563","2"
"points250000-population100000","gw","3","68","179315435.00729999","179315454.82300001","19.815700024366379","13.688200026750565","2"
"points250000-population100000","gw","3","69","179315454.995","179315474.93020001","19.93520000576973","14.267000019550323","2"
"points250000-population100000","gw","3","70","179315475.1128","179315495.40439999","20.291599988937378","13.643200010061264","2"
"points250000-population100000","gw","3","71","179315495.58489999","179315515.32690001","19.742000013589859","13.748800039291382","2"
"points250000-population100000","gw","3","72","179315515.49079999","179315533.3461","17.855300009250641","13.747399985790253","2"
"points250000-population100000","gw","3","73","179315533.60100001","179315552.67210001","19.071099996566772","13.922900021076202","2"
"points250000-population100000","gw","3","74","179315552.83050001","179315572.08239999","19.251899987459183","13.761099994182587","2"
"points250000-population100000","gw","3","75","179315572.2721","179315592.1108","19.838699996471405","13.761600017547607","2"
"points250000-population100000","gw","3","76","179315592.2834","179315613.03420001","20.750800013542175","14.460299968719482","2"
"points250000-population100000","gw","3","77","179315613.21790001","179315633.17519999","19.95729997754097","13.757300019264221","2"
"points250000-population100000","gw","3","78","179315633.38080001","179315651.5905","18.209699988365173","13.715099990367889","2"
"points250000-population100000","gw","3","79","179315651.74849999","179315672.0235","20.275000005960464","13.818500012159348","2"
"points250000-population100000","gw","3","80","179315672.19229999","179315692.22130001","20.029000014066696","14.344700008630753","2"
"points250000-population100000","gw","3","81","179315692.39469999","179315713.21219999","20.817499995231628","13.979900002479553","2"
"points250000-population100000","gw","3","82","179315713.39590001","179315733.29660001","19.900700002908707","13.748499989509583","2"
"points250000-population100000","gw","3","83","179315733.47580001","179315751.7568","18.28099998831749","13.859399974346161","2"
"points250000-population100000","gw","3","84","179315751.9346","179315771.00909999","19.074499994516373","13.975199997425079","2"
"points250000-population100000","gw","3","85","179315771.18529999","179315789.0941","17.908800005912781","13.786200016736984","2"
"points250000-population100000","gw","3","86","179315789.25870001","179315808.34369999","19.084999978542328","13.846299976110458","2"
"points250000-population100000","gw","3","87","179315808.5404","179315828.4413","19.90090000629425","13.929500013589859","2"
"points250000-population100000","gw","3","88","179315828.6153","179315847.73269999","19.117399990558624","13.785800009965897","2"
"points250000-population100000","gw","3","89","179315847.90450001","179315868.0201","20.115599989891052","13.822999984025955","2"
"points250000-population100000","gw","3","90","179315868.21200001","179315886.87400001","18.662000000476837","13.839599996805191","2"
"points250000-population100000","gw","3","91","179315887.05860001","179315908.0228","20.964199990034103","14.11370000243187","2"
"points250000-population100000","gw","3","92","179315908.20289999","179315928.9436","20.740700006484985","13.763599961996078","2"
"points250000-population100000","gw","3","93","179315929.13","179315947.6356","18.50560000538826","13.843199998140335","2"
"points250000-population100000","gw","3","94","179315947.8026","179315967.52200001","19.719400018453598","13.758400022983551","2"
"points250000-population100000","gw","3","95","179315967.70660001","179315986.7446","19.037999987602234","13.847200036048889","2"
"points250000-population100000","gw","3","96","179315986.90790001","179316005.18270001","18.274800002574921","13.933000028133392","2"
"points250000-population100000","gw","3","97","179316005.35120001","179316023.88980001","18.538599997758865","13.882900029420853","2"
"points250000-population100000","gw","3","98","179316024.07460001","179316041.7579","17.683299988508224","13.880100011825562","2"
"points250000-population100000","gw","3","99","179316041.91780001","179316060.6169","18.699099987745285","13.840900003910065","2"
"points250000-population100000","gw","3","100","179316060.8152","179316081.93520001","21.120000004768372","14.436199992895126","2"
"points250000-population100000","gw","3","101","179316082.12639999","179316102.79390001","20.667500019073486","14.398300021886826","2"
"points250000-population100000","gw","3","102","179316102.98730001","179316123.1636","20.17629998922348","13.692999988794327","2"
"points250000-population100000","gw","3","103","179316123.32170001","179316143.05559999","19.733899980783463","13.844599992036819","2"
"points250000-population100000","gw","3","104","179316143.24070001","179316164.0774","20.836699992418289","13.789499998092651","2"
"points250000-population100000","gw","3","105","179316164.2536","179316183.2394","18.985799998044968","14.222399979829788","2"
"points250000-population100000","gw","3","106","179316183.4517","179316203.94729999","20.495599985122681","13.770000010728836","2"
"points250000-population100000","gw","3","107","179316204.11750001","179316223.02599999","18.908499985933304","13.885400027036667","2"
"points250000-population100000","gw","3","108","179316223.1895","179316242.73640001","19.546900004148483","13.827600002288818","2"
"points250000-population100000","gw","3","109","179316242.95300001","179316262.98719999","20.034199982881546","13.889499992132187","2"
"points250000-population100000","gw","3","110","179316263.17039999","179316281.02090001","17.850500017404556","13.778399974107742","2"
"points250000-population100000","gw","3","111","179316281.2013","179316300.83090001","19.629600018262863","14.013300001621246","2"
"points250000-population100000","gw","3","112","179316301.01859999","179316322.05520001","21.036600023508072","14.216800004243851","2"
"points250000-population100000","gw","3","113","179316322.2297","179316340.99810001","18.768400013446808","13.74210000038147","2"
"points250000-population100000","gw","3","114","179316341.18630001","179316361.94350001","20.757200002670288","14.109500020742416","2"
"points250000-population100000","gw","3","115","179316362.12779999","179316381.89120001","19.763400018215179","13.959299981594086","2"
"points250000-population100000","gw","3","116","179316382.05950001","179316402.3136","20.254099994897842","13.946600019931793","2"
"points250000-population100000","gw","3","117","179316402.4894","179316422.57800001","20.088600009679794","13.783699989318848","2"
"points250000-population100000","gw","3","118","179316422.74020001","179316442.21540001","19.475199997425079","13.686599969863892","2"
"points250000-population100000","gw","3","119","179316442.38319999","179316463.18180001","20.798600018024445","13.826299995183945","2"
"points250000-population100000","gw","3","120","179316463.3802","179316483.88499999","20.504799991846085","13.868399977684021","2"
"points250000-population100000","retained","3","1","179316539.4641","179316543.02430001","3.5602000057697296","0","0"
"points250000-population100000","retained","3","2","179316543.20809999","179316546.984","3.7759000062942505","0","0"
"points250000-population100000","retained","3","3","179316547.13850001","179316550.7489","3.61039999127388","0","0"
"points250000-population100000","retained","3","4","179316550.87650001","179316553.7471","2.8705999851226807","0","0"
"points250000-population100000","retained","3","5","179316553.86660001","179316556.6444","2.7777999937534332","0","0"
"points250000-population100000","retained","3","6","179316556.75659999","179316559.48199999","2.7254000008106232","0","0"
"points250000-population100000","retained","3","7","179316559.59029999","179316562.76269999","3.1723999977111816","0","0"
"points250000-population100000","retained","3","8","179316562.91080001","179316568.75409999","5.8432999849319458","0","0"
"points250000-population100000","retained","3","9","179316568.9287","179316572.28960001","3.3609000146389008","0","0"
"points250000-population100000","retained","3","10","179316572.4303","179316576.17379999","3.7434999942779541","0","0"
"points250000-population100000","retained","3","11","179316576.30160001","179316581.1464","4.8447999954223633","0","0"
"points250000-population100000","retained","3","12","179316581.294","179316584.97479999","3.6807999908924103","0","0"
"points250000-population100000","retained","3","13","179316585.09799999","179316588.70039999","3.602400004863739","0","0"
"points250000-population100000","retained","3","14","179316588.81600001","179316591.965","3.1489999890327454","0","0"
"points250000-population100000","retained","3","15","179316592.07449999","179316598.0882","6.013700008392334","0","0"
"points250000-population100000","retained","3","16","179316598.24349999","179316601.9339","3.6904000043869019","0","0"
"points250000-population100000","retained","3","17","179316602.0573","179316605.30340001","3.2461000084877014","0","0"
"points250000-population100000","retained","3","18","179316605.41510001","179316609.1049","3.6897999942302704","0","0"
"points250000-population100000","retained","3","19","179316609.2351","179316614.0072","4.7721000015735626","0","0"
"points250000-population100000","retained","3","20","179316614.17039999","179316617.6196","3.4492000043392181","0","0"
"points250000-population100000","retained","3","21","179316617.74329999","179316621.0291","3.2858000099658966","0","0"
"points250000-population100000","retained","3","22","179316621.1388","179316624.20370001","3.0649000108242035","0","0"
"points250000-population100000","retained","3","23","179316624.31979999","179316629.43509999","5.1152999997138977","0","0"
"points250000-population100000","retained","3","24","179316629.5878","179316632.4269","2.8391000032424927","0","0"
"points250000-population100000","retained","3","25","179316632.54260001","179316635.2994","2.7567999958992004","0","0"
"points250000-population100000","retained","3","26","179316635.412","179316638.95930001","3.5473000109195709","0","0"
"points250000-population100000","retained","3","27","179316639.0792","179316643.2096","4.1304000020027161","0","0"
"points250000-population100000","retained","3","28","179316643.32359999","179316648.1728","4.8492000102996826","0","0"
"points250000-population100000","retained","3","29","179316648.296","179316651.68239999","3.3863999843597412","0","0"
"points250000-population100000","retained","3","30","179316651.7942","179316654.9073","3.113099992275238","0","0"
"points250000-population100000","retained","3","31","179316655.02059999","179316659.02059999","4","0","0"
"points250000-population100000","retained","3","32","179316659.12979999","179316665.63229999","6.5024999976158142","0","0"
"points250000-population100000","retained","3","33","179316665.8202","179316669.4903","3.6701000034809113","0","0"
"points250000-population100000","retained","3","34","179316669.61379999","179316672.5499","2.9361000061035156","0","0"
"points250000-population100000","retained","3","35","179316672.7137","179316677.50330001","4.7896000146865845","0","0"
"points250000-population100000","retained","3","36","179316677.64230001","179316681.46880001","3.8264999985694885","0","0"
"points250000-population100000","retained","3","37","179316681.62619999","179316685.24880001","3.6226000189781189","0","0"
"points250000-population100000","retained","3","38","179316685.3646","179316688.99039999","3.6257999837398529","0","0"
"points250000-population100000","retained","3","39","179316689.0966","179316694.2877","5.191100001335144","0","0"
"points250000-population100000","retained","3","40","179316694.4197","179316697.57350001","3.1538000106811523","0","0"
"points250000-population100000","retained","3","41","179316697.69119999","179316700.54030001","2.8491000235080719","0","0"
"points250000-population100000","retained","3","42","179316700.65490001","179316703.36050001","2.7055999934673309","0","0"
"points250000-population100000","retained","3","43","179316703.47","179316708.0598","4.5898000001907349","0","0"
"points250000-population100000","retained","3","44","179316708.17039999","179316711.9535","3.7831000089645386","0","0"
"points250000-population100000","retained","3","45","179316712.07269999","179316715.67460001","3.6019000113010406","0","0"
"points250000-population100000","retained","3","46","179316715.7886","179316718.98989999","3.2012999951839447","0","0"
"points250000-population100000","retained","3","47","179316719.1604","179316724.49520001","5.3348000049591064","0","0"
"points250000-population100000","retained","3","48","179316724.6103","179316728.2006","3.5902999937534332","0","0"
"points250000-population100000","retained","3","49","179316728.3547","179316732.73210001","4.3774000108242035","0","0"
"points250000-population100000","retained","3","50","179316732.86379999","179316737.13260001","4.2688000202178955","0","0"
"points250000-population100000","retained","3","51","179316737.2656","179316741.47330001","4.2077000141143799","0","0"
"points250000-population100000","retained","3","52","179316741.58489999","179316745.63370001","4.0488000214099884","0","0"
"points250000-population100000","retained","3","53","179316745.78189999","179316748.9939","3.2120000123977661","0","0"
"points250000-population100000","retained","3","54","179316749.10609999","179316754.36520001","5.2591000199317932","0","0"
"points250000-population100000","retained","3","55","179316754.48429999","179316757.84169999","3.3574000000953674","0","0"
"points250000-population100000","retained","3","56","179316757.9522","179316761.1807","3.2285000085830688","0","0"
"points250000-population100000","retained","3","57","179316761.30689999","179316764.18889999","2.8819999992847443","0","0"
"points250000-population100000","retained","3","58","179316764.30340001","179316768.0133","3.7098999917507172","0","0"
"points250000-population100000","retained","3","59","179316768.12439999","179316771.102","2.9776000082492828","0","0"
"points250000-population100000","retained","3","60","179316771.21520001","179316773.88569999","2.6704999804496765","0","0"
"points250000-population100000","retained","3","61","179316773.9919","179316776.79969999","2.8077999949455261","0","0"
"points250000-population100000","retained","3","62","179316776.91280001","179316780.65630001","3.7434999942779541","0","0"
"points250000-population100000","retained","3","63","179316780.76949999","179316786.07769999","5.3082000017166138","0","0"
"points250000-population100000","retained","3","64","179316786.20210001","179316790.2737","4.0715999901294708","0","0"
"points250000-population100000","retained","3","65","179316790.4091","179316793.98609999","3.5769999921321869","0","0"
"points250000-population100000","retained","3","66","179316794.12470001","179316798.22670001","4.1019999980926514","0","0"
"points250000-population100000","retained","3","67","179316798.35600001","179316803.7568","5.4007999897003174","0","0"
"points250000-population100000","retained","3","68","179316803.88769999","179316808.10589999","4.2181999981403351","0","0"
"points250000-population100000","retained","3","69","179316808.22139999","179316811.41510001","3.1937000155448914","0","0"
"points250000-population100000","retained","3","70","179316811.5614","179316816.43599999","4.8745999932289124","0","0"
"points250000-population100000","retained","3","71","179316816.5605","179316820.461","3.9004999995231628","0","0"
"points250000-population100000","retained","3","72","179316820.57229999","179316823.6266","3.0543000102043152","0","0"
"points250000-population100000","retained","3","73","179316823.73699999","179316827.9702","4.2332000136375427","0","0"
"points250000-population100000","retained","3","74","179316828.10229999","179316832.05669999","3.9544000029563904","0","0"
"points250000-population100000","retained","3","75","179316832.17469999","179316835.20590001","3.0312000215053558","0","0"
"points250000-population100000","retained","3","76","179316835.32030001","179316838.06299999","2.7426999807357788","0","0"
"points250000-population100000","retained","3","77","179316838.1733","179316841.0038","2.8305000066757202","0","0"
"points250000-population100000","retained","3","78","179316841.1133","179316844.2669","3.1536000072956085","0","0"
"points250000-population100000","retained","3","79","179316844.39340001","179316848.5869","4.1934999823570251","0","0"
"points250000-population100000","retained","3","80","179316848.70640001","179316852.07780001","3.371399998664856","0","0"
"points250000-population100000","retained","3","81","179316852.1904","179316855.76030001","3.5699000060558319","0","0"
"points250000-population100000","retained","3","82","179316855.8714","179316859.17480001","3.3034000098705292","0","0"
"points250000-population100000","retained","3","83","179316859.29080001","179316864.39840001","5.1076000034809113","0","0"
"points250000-population100000","retained","3","84","179316864.53060001","179316868.38859999","3.8579999804496765","0","0"
"points250000-population100000","retained","3","85","179316868.4991","179316871.94980001","3.4507000148296356","0","0"
"points250000-population100000","retained","3","86","179316872.06009999","179316875.5284","3.4683000147342682","0","0"
"points250000-population100000","retained","3","87","179316875.64160001","179316881.10100001","5.4593999981880188","0","0"
"points250000-population100000","retained","3","88","179316881.22909999","179316885.38429999","4.1552000045776367","0","0"
"points250000-population100000","retained","3","89","179316885.4939","179316888.62560001","3.1317000091075897","0","0"
"points250000-population100000","retained","3","90","179316888.7333","179316892.3123","3.5789999961853027","0","0"
"points250000-population100000","retained","3","91","179316892.4314","179316897.91530001","5.4839000105857849","0","0"
"points250000-population100000","retained","3","92","179316898.07910001","179316902.41890001","4.3398000001907349","0","0"
"points250000-population100000","retained","3","93","179316902.5332","179316905.84349999","3.3102999925613403","0","0"
"points250000-population100000","retained","3","94","179316905.9544","179316911.0722","5.1177999973297119","0","0"
"points250000-population100000","retained","3","95","179316911.2128","179316914.11939999","2.9065999984741211","0","0"
"points250000-population100000","retained","3","96","179316914.24090001","179316917.0848","2.8438999950885773","0","0"
"points250000-population100000","retained","3","97","179316917.20120001","179316919.93329999","2.7320999801158905","0","0"
"points250000-population100000","retained","3","98","179316920.04080001","179316924.23660001","4.1958000063896179","0","0"
"points250000-population100000","retained","3","99","179316924.34740001","179316930.37869999","6.0312999784946442","0","0"
"points250000-population100000","retained","3","100","179316930.5429","179316935.2534","4.7105000019073486","0","0"
"points250000-population100000","retained","3","101","179316935.54480001","179316939.56729999","4.0224999785423279","0","0"
"points250000-population100000","retained","3","102","179316939.7166","179316946.07839999","6.3617999851703644","0","0"
"points250000-population100000","retained","3","103","179316946.2394","179316950.6006","4.3612000048160553","0","0"
"points250000-population100000","retained","3","104","179316950.78510001","179316954.55140001","3.7662999927997589","0","0"
"points250000-population100000","retained","3","105","179316954.71059999","179316959.1027","4.3921000063419342","0","0"
"points250000-population100000","retained","3","106","179316959.23679999","179316963.27169999","4.0349000096321106","0","0"
"points250000-population100000","retained","3","107","179316963.40709999","179316966.54789999","3.1407999992370605","0","0"
"points250000-population100000","retained","3","108","179316966.69279999","179316970.53760001","3.8448000252246857","0","0"
"points250000-population100000","retained","3","109","179316970.65470001","179316974.9201","4.2653999924659729","0","0"
"points250000-population100000","retained","3","110","179316975.03459999","179316977.84670001","2.8121000230312347","0","0"
"points250000-population100000","retained","3","111","179316977.963","179316980.9461","2.9830999970436096","0","0"
"points250000-population100000","retained","3","112","179316981.05939999","179316983.98699999","2.9275999963283539","0","0"
"points250000-population100000","retained","3","113","179316984.0925","179316987.75209999","3.6595999896526337","0","0"
"points250000-population100000","retained","3","114","179316987.86489999","179316990.5939","2.7290000021457672","0","0"
"points250000-population100000","retained","3","115","179316990.70300001","179316993.9639","3.2608999907970428","0","0"
"points250000-population100000","retained","3","116","179316994.0878","179316998.68349999","4.5956999957561493","0","0"
"points250000-population100000","retained","3","117","179316998.80450001","179317003.8448","5.0402999818325043","0","0"
"points250000-population100000","retained","3","118","179317003.9673","179317007.09529999","3.1279999911785126","0","0"
"points250000-population100000","retained","3","119","179317007.21270001","179317011.0474","3.8346999883651733","0","0"
"points250000-population100000","retained","3","120","179317011.1882","179317014.81240001","3.6242000162601471","0","0"
