case,arm,repeat,frame,begin_qpc_ms,end_qpc_ms,step_ms,callback_ms,callback_calls
"points500000-sources32","off","1","1","179145519.8082","179145523.03670001","3.2285000085830688","0","0"
"points500000-sources32","off","1","2","179145523.24090001","179145527.72060001","4.4796999990940094","0","0"
"points500000-sources32","off","1","3","179145527.89399999","179145531.32589999","3.4318999946117401","0","0"
"points500000-sources32","off","1","4","179145531.5113","179145534.2374","2.7260999977588654","0","0"
"points500000-sources32","off","1","5","179145534.389","179145537.02810001","2.6391000151634216","0","0"
"points500000-sources32","off","1","6","179145537.16139999","179145539.7737","2.6123000085353851","0","0"
"points500000-sources32","off","1","7","179145540.54929999","179145544.87560001","4.3263000249862671","0","0"
"points500000-sources32","off","1","8","179145544.998","179145548.66409999","3.6660999953746796","0","0"
"points500000-sources32","off","1","9","179145548.80500001","179145552.14590001","3.3409000039100647","0","0"
"points500000-sources32","off","1","10","179145552.27540001","179145556.22749999","3.9520999789237976","0","0"
"points500000-sources32","off","1","11","179145556.34990001","179145561.50870001","5.1588000059127808","0","0"
"points500000-sources32","off","1","12","179145561.66330001","179145565.8655","4.2021999955177307","0","0"
"points500000-sources32","off","1","13","179145566.02700001","179145570.12819999","4.1011999845504761","0","0"
"points500000-sources32","off","1","14","179145570.27469999","179145575.01350001","4.7388000190258026","0","0"
"points500000-sources32","off","1","15","179145575.14449999","179145578.6225","3.4780000150203705","0","0"
"points500000-sources32","off","1","16","179145578.7509","179145581.8184","3.0674999952316284","0","0"
"points500000-sources32","off","1","17","179145581.95359999","179145585.44569999","3.4921000003814697","0","0"
"points500000-sources32","off","1","18","179145585.5711","179145589.058","3.4869000017642975","0","0"
"points500000-sources32","off","1","19","179145589.18720001","179145593.64669999","4.4594999849796295","0","0"
"points500000-sources32","off","1","20","179145593.77250001","179145596.96610001","3.1935999989509583","0","0"
"points500000-sources32","off","1","21","179145597.14829999","179145600.57229999","3.4239999949932098","0","0"
"points500000-sources32","off","1","22","179145600.71239999","179145604.47679999","3.7644000053405762","0","0"
"points500000-sources32","off","1","23","179145604.5855","179145607.1487","2.5631999969482422","0","0"
"points500000-sources32","off","1","24","179145607.2615","179145610.61539999","3.3538999855518341","0","0"
"points500000-sources32","off","1","25","179145610.72400001","179145613.69690001","2.972900003194809","0","0"
"points500000-sources32","off","1","26","179145613.80809999","179145617.85589999","4.0478000044822693","0","0"
"points500000-sources32","off","1","27","179145617.96849999","179145622.54370001","4.5752000212669373","0","0"
"points500000-sources32","off","1","28","179145622.6911","179145626.204","3.5128999948501587","0","0"
"points500000-sources32","off","1","29","179145626.3136","179145629.33669999","3.0230999886989594","0","0"
"points500000-sources32","off","1","30","179145629.44490001","179145632.7044","3.2594999969005585","0","0"
"points500000-sources32","off","1","31","179145632.82449999","179145638.22850001","5.4040000140666962","0","0"
"points500000-sources32","off","1","32","179145638.3459","179145641.9781","3.6322000026702881","0","0"
"points500000-sources32","off","1","33","179145642.0916","179145645.08230001","2.9907000064849854","0","0"
"points500000-sources32","off","1","34","179145645.1868","179145648.7383","3.551499992609024","0","0"
"points500000-sources32","off","1","35","179145648.875","179145653.8971","5.0221000015735626","0","0"
"points500000-sources32","off","1","36","179145654.02700001","179145657.72600001","3.6990000009536743","0","0"
"points500000-sources32","off","1","37","179145657.8876","179145661.65130001","3.763700008392334","0","0"
"points500000-sources32","off","1","38","179145661.82080001","179145665.44","3.6191999912261963","0","0"
"points500000-sources32","off","1","39","179145665.58719999","179145669.04429999","3.4571000039577484","0","0"
"points500000-sources32","off","1","40","179145669.16350001","179145671.81650001","2.6529999971389771","0","0"
"points500000-sources32","off","1","41","179145671.92699999","179145674.79969999","2.8727000057697296","0","0"
"points500000-sources32","off","1","42","179145674.90310001","179145677.68889999","2.7857999801635742","0","0"
"points500000-sources32","off","1","43","179145677.79539999","179145680.62990001","2.8345000147819519","0","0"
"points500000-sources32","off","1","44","179145680.73789999","179145685.2252","4.4873000085353851","0","0"
"points500000-sources32","off","1","45","179145685.3416","179145688.5526","3.210999995470047","0","0"
"points500000-sources32","off","1","46","179145688.66620001","179145692.2441","3.5778999924659729","0","0"
"points500000-sources32","off","1","47","179145692.36489999","179145696.08570001","3.7208000123500824","0","0"
"points500000-sources32","off","1","48","179145696.2216","179145701.6284","5.4068000018596649","0","0"
"points500000-sources32","off","1","49","179145701.81240001","179145705.54840001","3.7360000014305115","0","0"
"points500000-sources32","off","1","50","179145705.70559999","179145708.85010001","3.1445000171661377","0","0"
"points500000-sources32","off","1","51","179145708.99669999","179145713.05579999","4.0591000020503998","0","0"
"points500000-sources32","off","1","52","179145713.20809999","179145718.68810001","5.4800000190734863","0","0"
"points500000-sources32","off","1","53","179145718.85530001","179145722.45910001","3.6037999987602234","0","0"
"points500000-sources32","off","1","54","179145722.7024","179145726.31510001","3.6127000153064728","0","0"
"points500000-sources32","off","1","55","179145726.56459999","179145732.41549999","5.8508999943733215","0","0"
"points500000-sources32","off","1","56","179145732.6918","179145740.50909999","7.8172999918460846","0","0"
"points500000-sources32","off","1","57","179145740.71790001","179145744.08430001","3.3664000034332275","0","0"
"points500000-sources32","off","1","58","179145744.27039999","179145748.0167","3.7463000118732452","0","0"
"points500000-sources32","off","1","59","179145748.22960001","179145751.54519999","3.3155999779701233","0","0"
"points500000-sources32","off","1","60","179145751.7272","179145754.91659999","3.1893999874591827","0","0"
"points500000-sources32","off","1","61","179145755.088","179145758.47330001","3.3853000104427338","0","0"
"points500000-sources32","off","1","62","179145758.63550001","179145762.33939999","3.7038999795913696","0","0"
"points500000-sources32","off","1","63","179145762.5826","179145767.1679","4.5852999985218048","0","0"
"points500000-sources32","off","1","64","179145767.37290001","179145771.5952","4.2222999930381775","0","0"
"points500000-sources32","off","1","65","179145771.76800001","179145776.51989999","4.7518999874591827","0","0"
"points500000-sources32","off","1","66","179145776.7128","179145784.2324","7.5196000039577484","0","0"
"points500000-sources32","off","1","67","179145784.4244","179145788.2105","3.7861000001430511","0","0"
"points500000-sources32","off","1","68","179145788.3522","179145791.71439999","3.362199991941452","0","0"
"points500000-sources32","off","1","69","179145791.8626","179145795.87819999","4.0155999958515167","0","0"
"points500000-sources32","off","1","70","179145796.0677","179145800.3493","4.2815999984741211","0","0"
"points500000-sources32","off","1","71","179145800.50799999","179145803.75130001","3.2433000206947327","0","0"
"points500000-sources32","off","1","72","179145803.90079999","179145808.05180001","4.1510000228881836","0","0"
"points500000-sources32","off","1","73","179145808.25420001","179145814.16870001","5.9144999980926514","0","0"
"points500000-sources32","off","1","74","179145814.3714","179145817.69","3.3185999989509583","0","0"
"points500000-sources32","off","1","75","179145817.8378","179145821.6464","3.8086000084877014","0","0"
"points500000-sources32","off","1","76","179145821.81900001","179145825.84","4.0209999978542328","0","0"
"points500000-sources32","off","1","77","179145825.97229999","179145830.8109","4.8386000096797943","0","0"
"points500000-sources32","off","1","78","179145830.97839999","179145833.95460001","2.9762000143527985","0","0"
"points500000-sources32","off","1","79","179145834.1045","179145837.28560001","3.1811000108718872","0","0"
"points500000-sources32","off","1","80","179145837.41150001","179145840.241","2.8294999897480011","0","0"
"points500000-sources32","off","1","81","179145840.366","179145843.15549999","2.7894999980926514","0","0"
"points500000-sources32","off","1","82","179145843.289","179145846.24810001","2.9591000080108643","0","0"
"points500000-sources32","off","1","83","179145846.39469999","179145850.2987","3.9040000140666962","0","0"
"points500000-sources32","off","1","84","179145850.45640001","179145854.36860001","3.912200003862381","0","0"
"points500000-sources32","off","1","85","179145854.5115","179145860.54170001","6.0302000045776367","0","0"
"points500000-sources32","off","1","86","179145860.71090001","179145865.43110001","4.7202000021934509","0","0"
"points500000-sources32","off","1","87","179145865.66339999","179145870.09079999","4.4273999929428101","0","0"
"points500000-sources32","off","1","88","179145870.2577","179145873.57969999","3.3219999969005585","0","0"
"points500000-sources32","off","1","89","179145873.7101","179145877.26390001","3.5538000166416168","0","0"
"points500000-sources32","off","1","90","179145877.3962","179145880.61379999","3.2175999879837036","0","0"
"points500000-sources32","off","1","91","179145880.7568","179145884.6564","3.8995999991893768","0","0"
"points500000-sources32","off","1","92","179145884.8136","179145889.74290001","4.9293000102043152","0","0"
"points500000-sources32","off","1","93","179145889.875","179145894.10370001","4.2287000119686127","0","0"
"points500000-sources32","off","1","94","179145894.26199999","179145898.24239999","3.9803999960422516","0","0"
"points500000-sources32","off","1","95","179145898.41389999","179145904.99360001","6.5797000229358673","0","0"
"points500000-sources32","off","1","96","179145905.29159999","179145909.64120001","4.3496000170707703","0","0"
"points500000-sources32","off","1","97","179145909.83610001","179145914.08230001","4.2461999952793121","0","0"
"points500000-sources32","off","1","98","179145914.2863","179145919.0379","4.7515999972820282","0","0"
"points500000-sources32","off","1","99","179145919.2315","179145922.3953","3.1638000011444092","0","0"
"points500000-sources32","off","1","100","179145922.54429999","179145926.97670001","4.4324000179767609","0","0"
"points500000-sources32","off","1","101","179145927.12090001","179145930.69940001","3.5785000026226044","0","0"
"points500000-sources32","off","1","102","179145930.89919999","179145936.71169999","5.8125","0","0"
"points500000-sources32","off","1","103","179145937.072","179145941.84900001","4.7770000100135803","0","0"
"points500000-sources32","off","1","104","179145942.0086","179145945.32659999","3.3179999887943268","0","0"
"points500000-sources32","off","1","105","179145945.52309999","179145952.31400001","6.7909000217914581","0","0"
"points500000-sources32","off","1","106","179145952.51980001","179145957.551","5.0311999917030334","0","0"
"points500000-sources32","off","1","107","179145957.7358","179145961.51660001","3.7808000147342682","0","0"
"points500000-sources32","off","1","108","179145961.71360001","179145967.85749999","6.1438999772071838","0","0"
"points500000-sources32","off","1","109","179145968.03749999","179145972.02990001","3.9924000203609467","0","0"
"points500000-sources32","off","1","110","179145972.1877","179145975.7832","3.5954999923706055","0","0"
"points500000-sources32","off","1","111","179145975.91589999","179145980.6728","4.7569000124931335","0","0"
"points500000-sources32","off","1","112","179145980.87619999","179145985.21439999","4.3382000029087067","0","0"
"points500000-sources32","off","1","113","179145985.36590001","179145989.91429999","4.5483999848365784","0","0"
"points500000-sources32","off","1","114","179145990.09799999","179145993.09380001","2.9958000183105469","0","0"
"points500000-sources32","off","1","115","179145993.24720001","179145995.9867","2.7394999861717224","0","0"
"points500000-sources32","off","1","116","179145996.21579999","179145999.6523","3.4365000128746033","0","0"
"points500000-sources32","off","1","117","179145999.79480001","179146002.95429999","3.1594999730587006","0","0"
"points500000-sources32","off","1","118","179146003.08669999","179146005.95730001","2.8706000149250031","0","0"
"points500000-sources32","off","1","119","179146006.0776","179146008.7773","2.6996999979019165","0","0"
"points500000-sources32","off","1","120","179146008.89489999","179146013.14500001","4.2501000165939331","0","0"
"points500000-sources32","gw","1","1","179146650.0429","179146694.40090001","44.358000010251999","36.48199999332428","2"
"points500000-sources32","gw","1","2","179146694.61059999","179146739.98500001","45.374400019645691","37.526399999856949","2"
"points500000-sources32","gw","1","3","179146740.17519999","179146786.3915","46.216300010681152","38.289400011301041","2"
"points500000-sources32","gw","1","4","179146786.58090001","179146833.12470001","46.543799996376038","38.72299998998642","2"
"points500000-sources32","gw","1","5","179146833.31639999","179146878.90889999","45.592500001192093","37.102400004863739","2"
"points500000-sources32","gw","1","6","179146879.12040001","179146926.88929999","47.768899977207184","38.76649996638298","2"
"points500000-sources32","gw","1","7","179146927.081","179146975.14179999","48.060799986124039","40.513600021600723","2"
"points500000-sources32","gw","1","8","179146975.34869999","179147018.8795","43.530800014734268","36.539200007915497","2"
"points500000-sources32","gw","1","9","179147019.06569999","179147062.6534","43.587700009346008","36.669199973344803","2"
"points500000-sources32","gw","1","10","179147062.8813","179147106.5108","43.62950000166893","36.373400002717972","2"
"points500000-sources32","gw","1","11","179147106.7525","179147151.954","45.201499998569489","37.600600033998489","2"
"points500000-sources32","gw","1","12","179147152.13640001","179147196.1832","44.04679998755455","37.020999997854233","2"
"points500000-sources32","gw","1","13","179147196.38260001","179147240.55840001","44.175799995660782","36.73429998755455","2"
"points500000-sources32","gw","1","14","179147240.75490001","179147286.2087","45.453799992799759","36.564599990844727","2"
"points500000-sources32","gw","1","15","179147286.3858","179147331.25229999","44.866499990224838","36.801899999380112","2"
"points500000-sources32","gw","1","16","179147331.43610001","179147377.7114","46.275299996137619","39.079899996519089","2"
"points500000-sources32","gw","1","17","179147377.89700001","179147422.528","44.630999982357025","37.399800002574921","2"
"points500000-sources32","gw","1","18","179147422.71810001","179147466.1031","43.384999990463257","36.949200004339218","2"
"points500000-sources32","gw","1","19","179147466.30379999","179147508.0133","41.709500014781952","36.241400003433228","2"
"points500000-sources32","gw","1","20","179147508.19780001","179147551.07249999","42.874699980020523","36.734200000762939","2"
"points500000-sources32","gw","1","21","179147551.26429999","179147595.29640001","44.032100021839142","36.956300020217896","2"
"points500000-sources32","gw","1","22","179147595.56020001","179147642.32339999","46.763199985027313","39.395599991083145","2"
"points500000-sources32","gw","1","23","179147642.51409999","179147686.63839999","44.124300003051758","36.386900007724762","2"
"points500000-sources32","gw","1","24","179147686.8504","179147731.3425","44.49210000038147","36.453399956226349","2"
"points500000-sources32","gw","1","25","179147731.5325","179147775.32499999","43.792499989271164","37.224900037050247","2"
"points500000-sources32","gw","1","26","179147775.54440001","179147819.4601","43.915699988603592","36.127500027418137","2"
"points500000-sources32","gw","1","27","179147819.69279999","179147863.0176","43.32480001449585","36.372500002384186","2"
"points500000-sources32","gw","1","28","179147863.22350001","179147906.25350001","43.030000001192093","36.309399992227554","2"
"points500000-sources32","gw","1","29","179147906.44119999","179147949.15310001","42.711900025606155","36.331299990415573","2"
"points500000-sources32","gw","1","30","179147949.3556","179147992.17410001","42.818500012159348","36.662999987602234","2"
"points500000-sources32","gw","1","31","179147992.37459999","179148037.07789999","44.703299999237061","37.515699982643127","2"
"points500000-sources32","gw","1","32","179148037.26480001","179148084.64340001","47.378600001335144","37.018799990415573","2"
"points500000-sources32","gw","1","33","179148084.85159999","179148129.91510001","45.063500016927719","37.816900014877319","2"
"points500000-sources32","gw","1","34","179148130.1126","179148173.76030001","43.647700011730194","36.32329997420311","2"
"points500000-sources32","gw","1","35","179148173.9461","179148218.45100001","44.504900008440018","36.765500009059906","2"
"points500000-sources32","gw","1","36","179148218.66080001","179148262.9892","44.328399986028671","36.492399990558624","2"
"points500000-sources32","gw","1","37","179148263.18149999","179148307.62509999","44.443599998950958","36.479299992322922","2"
"points500000-sources32","gw","1","38","179148307.80829999","179148351.95449999","44.146200001239777","36.37389999628067","2"
"points500000-sources32","gw","1","39","179148352.1534","179148396.5785","44.42509999871254","36.814500004053116","2"
"points500000-sources32","gw","1","40","179148396.7832","179148439.1911","42.407900005578995","36.430500000715256","2"
"points500000-sources32","gw","1","41","179148439.39129999","179148482.16530001","42.774000018835068","36.653700023889542","2"
"points500000-sources32","gw","1","42","179148482.3545","179148524.89309999","42.538599997758865","36.475599974393845","2"
"points500000-sources32","gw","1","43","179148525.08899999","179148569.85870001","44.769700020551682","37.074300020933151","2"
"points500000-sources32","gw","1","44","179148570.05680001","179148614.16","44.103199988603592","37.102999985218048","2"
"points500000-sources32","gw","1","45","179148614.3642","179148658.55070001","44.186500012874603","36.418600022792816","2"
"points500000-sources32","gw","1","46","179148658.78","179148702.6884","43.908399999141693","36.504299998283386","2"
"points500000-sources32","gw","1","47","179148702.8759","179148748.44459999","45.568699985742569","37.877599984407425","2"
"points500000-sources32","gw","1","48","179148748.6798","179148793.24290001","44.563100010156631","36.813899993896484","2"
"points500000-sources32","gw","1","49","179148793.42300001","179148838.16569999","44.742699980735779","36.884599983692169","2"
"points500000-sources32","gw","1","50","179148838.368","179148881.63859999","43.270599991083145","36.283500015735626","2"
"points500000-sources32","gw","1","51","179148881.82679999","179148925.9492","44.122400015592575","37.450399965047836","2"
"points500000-sources32","gw","1","52","179148926.13240001","179148969.20649999","43.074099987745285","36.480999976396561","2"
"points500000-sources32","gw","1","53","179148969.40009999","179149012.41249999","43.01240000128746","36.916799992322922","2"
"points500000-sources32","gw","1","54","179149012.60089999","179149056.58340001","43.982500016689301","36.637100011110306","2"
"points500000-sources32","gw","1","55","179149056.76120001","179149100.66119999","43.899999976158142","36.69870001077652","2"
"points500000-sources32","gw","1","56","179149100.8581","179149144.73930001","43.881200015544891","36.742700010538101","2"
"points500000-sources32","gw","1","57","179149144.92039999","179149187.9937","43.073300004005432","36.549800008535385","2"
"points500000-sources32","gw","1","58","179149188.17609999","179149232.4294","44.25330001115799","36.955900013446808","2"
"points500000-sources32","gw","1","59","179149232.63370001","179149277.13350001","44.499799996614456","36.462500005960464","2"
"points500000-sources32","gw","1","60","179149277.32440001","179149321.73320001","44.408800005912781","36.782300025224686","2"
"points500000-sources32","gw","1","61","179149321.9359","179149365.1627","43.226799994707108","36.229899972677231","2"
"points500000-sources32","gw","1","62","179149365.3493","179149407.1388","41.789499998092651","36.468700021505356","2"
"points500000-sources32","gw","1","63","179149407.32460001","179149450.10589999","42.781299978494644","37.01240000128746","2"
"points500000-sources32","gw","1","64","179149450.30419999","179149494.11660001","43.812400013208389","37.710400015115738","2"
"points500000-sources32","gw","1","65","179149494.32170001","179149537.80680001","43.485100001096725","36.451799988746643","2"
"points500000-sources32","gw","1","66","179149538.01109999","179149582.24649999","44.23539999127388","36.56920000910759","2"
"points500000-sources32","gw","1","67","179149582.4513","179149625.53960001","43.08830001950264","36.207800000905991","2"
"points500000-sources32","gw","1","68","179149625.7484","179149670.97440001","45.226000010967255","36.923600018024445","2"
"points500000-sources32","gw","1","69","179149671.17269999","179149714.83180001","43.659100025892258","36.599299997091293","2"
"points500000-sources32","gw","1","70","179149715.02430001","179149757.97350001","42.949200004339218","36.280200034379959","2"
"points500000-sources32","gw","1","71","179149758.17199999","179149802.04899999","43.877000004053116","36.355500012636185","2"
"points500000-sources32","gw","1","72","179149802.24039999","179149845.41100001","43.170600026845932","36.46069997549057","2"
"points500000-sources32","gw","1","73","179149845.60429999","179149889.0799","43.475600004196167","37.392700016498566","2"
"points500000-sources32","gw","1","74","179149889.2626","179149932.9957","43.73309999704361","36.937999993562698","2"
"points500000-sources32","gw","1","75","179149933.1983","179149976.86750001","43.669200003147125","36.87880003452301","2"
"points500000-sources32","gw","1","76","179149977.08219999","179150021.49529999","44.413100004196167","36.549300014972687","2"
"points500000-sources32","gw","1","77","179150021.69330001","179150065.30540001","43.612100005149841","37.190499991178513","2"
"points500000-sources32","gw","1","78","179150065.5156","179150109.7089","44.193300008773804","36.991200000047684","2"
"points500000-sources32","gw","1","79","179150109.90279999","179150153.60969999","43.706900000572205","36.260700017213821","2"
"points500000-sources32","gw","1","80","179150153.79640001","179150197.38550001","43.589100003242493","36.794500023126602","2"
"points500000-sources32","gw","1","81","179150197.58860001","179150241.64269999","44.054099977016449","36.436399966478348","2"
"points500000-sources32","gw","1","82","179150241.85429999","179150286.0458","44.191500008106232","36.62279999256134","2"
"points500000-sources32","gw","1","83","179150286.27320001","179150329.59020001","43.31700000166893","36.317999988794327","2"
"points500000-sources32","gw","1","84","179150329.7737","179150371.6654","41.891699999570847","36.373400002717972","2"
"points500000-sources32","gw","1","85","179150371.84639999","179150413.60699999","41.760600000619888","36.316399991512299","2"
"points500000-sources32","gw","1","86","179150413.8003","179150456.37020001","42.569900006055832","36.205600023269653","2"
"points500000-sources32","gw","1","87","179150456.5614","179150501.12869999","44.567299991846085","37.121000021696091","2"
"points500000-sources32","gw","1","88","179150501.32139999","179150544.47819999","43.156800001859665","36.07439997792244","2"
"points500000-sources32","gw","1","89","179150544.65759999","179150588.60330001","43.945700019598007","36.24439999461174","2"
"points500000-sources32","gw","1","90","179150588.7938","179150632.5449","43.75110000371933","36.62610000371933","2"
"points500000-sources32","gw","1","91","179150632.73969999","179150676.4522","43.712500005960464","36.367400050163269","2"
"points500000-sources32","gw","1","92","179150676.6631","179150721.74349999","45.080399990081787","36.799799978733063","2"
"points500000-sources32","gw","1","93","179150721.93340001","179150765.52450001","43.591100007295609","36.245299994945526","2"
"points500000-sources32","gw","1","94","179150765.78029999","179150809.88699999","44.106700003147125","36.433899998664856","2"
"points500000-sources32","gw","1","95","179150810.07539999","179150854.27939999","44.203999996185303","38.349900037050247","2"
"points500000-sources32","gw","1","96","179150854.46939999","179150897.15790001","42.688500016927719","36.246700018644333","2"
"points500000-sources32","gw","1","97","179150897.34810001","179150940.8813","43.533199995756149","36.912900030612946","2"
"points500000-sources32","gw","1","98","179150941.0756","179150984.77489999","43.699299991130829","36.432500004768372","2"
"points500000-sources32","gw","1","99","179150984.98840001","179151029.5203","44.531899988651276","36.873399972915649","2"
"points500000-sources32","gw","1","100","179151029.71489999","179151074.0652","44.350300014019012","36.729299992322922","2"
"points500000-sources32","gw","1","101","179151074.27399999","179151118.7746","44.500600010156631","36.141299992799759","2"
"points500000-sources32","gw","1","102","179151118.97499999","179151162.5966","43.6216000020504","36.692900002002716","2"
"points500000-sources32","gw","1","103","179151162.79699999","179151206.57679999","43.779799997806549","36.36370000243187","2"
"points500000-sources32","gw","1","104","179151206.76440001","179151251.36790001","44.603500008583069","36.388799995183945","2"
"points500000-sources32","gw","1","105","179151251.5677","179151294.3161","42.748400002717972","36.146200001239777","2"
"points500000-sources32","gw","1","106","179151294.5011","179151339.09150001","44.590400010347366","37.450900018215179","2"
"points500000-sources32","gw","1","107","179151339.28310001","179151381.4075","42.124399989843369","36.302999973297119","2"
"points500000-sources32","gw","1","108","179151381.59959999","179151427.0244","45.424800008535385","38.033199995756149","2"
"points500000-sources32","gw","1","109","179151427.2166","179151471.1983","43.981700003147125","36.531199991703033","2"
"points500000-sources32","gw","1","110","179151471.38870001","179151516.10499999","44.71629998087883","38.124000012874603","2"
"points500000-sources32","gw","1","111","179151516.47170001","179151561.34720001","44.875499993562698","37.563500016927719","2"
"points500000-sources32","gw","1","112","179151561.52720001","179151605.9808","44.453599989414215","36.458000004291534","2"
"points500000-sources32","gw","1","113","179151606.1699","179151650.7274","44.557500004768372","36.777399986982346","2"
"points500000-sources32","gw","1","114","179151650.9348","179151694.48289999","43.548099994659424","36.558500021696091","2"
"points500000-sources32","gw","1","115","179151694.69119999","179151738.95449999","44.263300001621246","36.823200017213821","2"
"points500000-sources32","gw","1","116","179151739.14919999","179151782.3635","43.214300006628036","36.816200017929077","2"
"points500000-sources32","gw","1","117","179151782.5474","179151826.66080001","44.113400012254715","36.654099971055984","2"
"points500000-sources32","gw","1","118","179151826.84509999","179151870.7207","43.875600010156631","36.830099999904633","2"
"points500000-sources32","gw","1","119","179151870.91049999","179151913.85969999","42.949200004339218","36.187200009822845","2"
"points500000-sources32","gw","1","120","179151914.04460001","179151963.88499999","49.840399980545044","38.358999997377396","2"
"points500000-sources32","retained","1","1","179152044.89719999","179152054.405","9.5078000128269196","0","0"
"points500000-sources32","retained","1","2","179152054.5808","179152060.42340001","5.842600017786026","0","0"
"points500000-sources32","retained","1","3","179152060.63510001","179152064.82820001","4.1931000053882599","0","0"
"points500000-sources32","retained","1","4","179152065.0307","179152068.86899999","3.8382999897003174","0","0"
"points500000-sources32","retained","1","5","179152069.0654","179152072.46180001","3.3964000046253204","0","0"
"points500000-sources32","retained","1","6","179152072.5968","179152076.1719","3.5751000046730042","0","0"
"points500000-sources32","retained","1","7","179152076.29719999","179152079.71039999","3.4131999909877777","0","0"
"points500000-sources32","retained","1","8","179152079.82879999","179152083.153","3.3242000043392181","0","0"
"points500000-sources32","retained","1","9","179152083.2692","179152086.35609999","3.086899995803833","0","0"
"points500000-sources32","retained","1","10","179152086.4761","179152090.98339999","4.5072999894618988","0","0"
"points500000-sources32","retained","1","11","179152091.09029999","179152094.16870001","3.0784000158309937","0","0"
"points500000-sources32","retained","1","12","179152094.2782","179152098.583","4.3048000037670135","0","0"
"points500000-sources32","retained","1","13","179152098.73730001","179152101.99070001","3.2533999979496002","0","0"
"points500000-sources32","retained","1","14","179152102.12149999","179152105.685","3.5635000169277191","0","0"
"points500000-sources32","retained","1","15","179152105.80700001","179152108.73089999","2.9238999783992767","0","0"
"points500000-sources32","retained","1","16","179152108.8423","179152112.36939999","3.527099996805191","0","0"
"points500000-sources32","retained","1","17","179152112.4878","179152115.83219999","3.3443999886512756","0","0"
"points500000-sources32","retained","1","18","179152115.94839999","179152119.04030001","3.0919000208377838","0","0"
"points500000-sources32","retained","1","19","179152119.15450001","179152123.507","4.3524999916553497","0","0"
"points500000-sources32","retained","1","20","179152123.62259999","179152126.60460001","2.9820000231266022","0","0"
"points500000-sources32","retained","1","21","179152126.7184","179152129.89500001","3.1766000092029572","0","0"
"points500000-sources32","retained","1","22","179152130.02849999","179152133.4251","3.3966000080108643","0","0"
"points500000-sources32","retained","1","23","179152133.54170001","179152137.34909999","3.8073999881744385","0","0"
"points500000-sources32","retained","1","24","179152137.46579999","179152140.50659999","3.040800005197525","0","0"
"points500000-sources32","retained","1","25","179152140.61840001","179152143.65700001","3.0385999977588654","0","0"
"points500000-sources32","retained","1","26","179152143.76449999","179152147.17109999","3.4065999984741211","0","0"
"points500000-sources32","retained","1","27","179152147.29030001","179152152.17309999","4.8827999830245972","0","0"
"points500000-sources32","retained","1","28","179152152.28920001","179152155.33989999","3.0506999790668488","0","0"
"points500000-sources32","retained","1","29","179152155.45730001","179152158.45660001","2.9993000030517578","0","0"
"points500000-sources32","retained","1","30","179152158.5652","179152161.53459999","2.9693999886512756","0","0"
"points500000-sources32","retained","1","31","179152161.6397","179152165.2938","3.6541000008583069","0","0"
"points500000-sources32","retained","1","32","179152165.44440001","179152169.84580001","4.4013999998569489","0","0"
"points500000-sources32","retained","1","33","179152169.97569999","179152173.4154","3.4397000074386597","0","0"
"points500000-sources32","retained","1","34","179152173.5458","179152177.27590001","3.730100005865097","0","0"
"points500000-sources32","retained","1","35","179152177.40900001","179152181.1798","3.770799994468689","0","0"
"points500000-sources32","retained","1","36","179152181.29629999","179152186.12290001","4.8266000151634216","0","0"
"points500000-sources32","retained","1","37","179152186.23480001","179152190.16530001","3.9305000007152557","0","0"
"points500000-sources32","retained","1","38","179152190.33840001","179152194.24160001","3.9032000005245209","0","0"
"points500000-sources32","retained","1","39","179152194.34830001","179152200.05829999","5.7099999785423279","0","0"
"points500000-sources32","retained","1","40","179152200.243","179152204.2198","3.9767999947071075","0","0"
"points500000-sources32","retained","1","41","179152204.33590001","179152207.75220001","3.4162999987602234","0","0"
"points500000-sources32","retained","1","42","179152207.9497","179152211.15270001","3.203000009059906","0","0"
"points500000-sources32","retained","1","43","179152211.3319","179152215.93079999","4.5988999903202057","0","0"
"points500000-sources32","retained","1","44","179152216.06029999","179152219.51350001","3.4532000124454498","0","0"
"points500000-sources32","retained","1","45","179152219.6313","179152222.676","3.0446999967098236","0","0"
"points500000-sources32","retained","1","46","179152222.78690001","179152225.74149999","2.9545999765396118","0","0"
"points500000-sources32","retained","1","47","179152225.85139999","179152229.44670001","3.595300018787384","0","0"
"points500000-sources32","retained","1","48","179152229.5605","179152233.48910001","3.928600013256073","0","0"
"points500000-sources32","retained","1","49","179152233.6074","179152236.58019999","2.9727999866008759","0","0"
"points500000-sources32","retained","1","50","179152236.68979999","179152239.62900001","2.9392000138759613","0","0"
"points500000-sources32","retained","1","51","179152239.73590001","179152242.9993","3.2633999884128571","0","0"
"points500000-sources32","retained","1","52","179152243.11230001","179152248.05450001","4.9422000050544739","0","0"
"points500000-sources32","retained","1","53","179152248.18579999","179152251.41850001","3.2327000200748444","0","0"
"points500000-sources32","retained","1","54","179152251.53740001","179152254.58840001","3.0509999990463257","0","0"
"points500000-sources32","retained","1","55","179152254.6992","179152257.77129999","3.0720999836921692","0","0"
"points500000-sources32","retained","1","56","179152257.9012","179152261.25479999","3.3535999953746796","0","0"
"points500000-sources32","retained","1","57","179152261.37220001","179152264.45429999","3.082099974155426","0","0"
"points500000-sources32","retained","1","58","179152264.59240001","179152267.8601","3.2676999866962433","0","0"
"points500000-sources32","retained","1","59","179152267.979","179152271.0361","3.0570999979972839","0","0"
"points500000-sources32","retained","1","60","179152271.1487","179152274.27540001","3.1267000138759613","0","0"
"points500000-sources32","retained","1","61","179152274.42399999","179152280.09529999","5.6712999939918518","0","0"
"points500000-sources32","retained","1","62","179152280.264","179152283.70429999","3.4402999877929688","0","0"
"points500000-sources32","retained","1","63","179152283.82659999","179152287.1487","3.3221000134944916","0","0"
"points500000-sources32","retained","1","64","179152287.26249999","179152290.36300001","3.1005000174045563","0","0"
"points500000-sources32","retained","1","65","179152290.4736","179152294.47330001","3.9997000098228455","0","0"
"points500000-sources32","retained","1","66","179152294.58860001","179152298.1805","3.5918999910354614","0","0"
"points500000-sources32","retained","1","67","179152298.3125","179152301.42179999","3.1092999875545502","0","0"
"points500000-sources32","retained","1","68","179152301.53650001","179152304.68329999","3.1467999815940857","0","0"
"points500000-sources32","retained","1","69","179152304.79539999","179152310.903","6.1076000034809113","0","0"
"points500000-sources32","retained","1","70","179152311.02110001","179152314.22150001","3.2003999948501587","0","0"
"points500000-sources32","retained","1","71","179152314.34009999","179152317.6419","3.301800012588501","0","0"
"points500000-sources32","retained","1","72","179152317.76199999","179152320.80000001","3.0380000174045563","0","0"
"points500000-sources32","retained","1","73","179152320.9104","179152324.45480001","3.5444000065326691","0","0"
"points500000-sources32","retained","1","74","179152324.56240001","179152327.43650001","2.874099999666214","0","0"
"points500000-sources32","retained","1","75","179152327.54370001","179152330.60550001","3.0618000030517578","0","0"
"points500000-sources32","retained","1","76","179152330.74540001","179152333.8628","3.1173999905586243","0","0"
"points500000-sources32","retained","1","77","179152333.9817","179152337.28","3.2982999980449677","0","0"
"points500000-sources32","retained","1","78","179152337.4003","179152342.1866","4.786300003528595","0","0"
"points500000-sources32","retained","1","79","179152342.30320001","179152345.49880001","3.1956000030040741","0","0"
"points500000-sources32","retained","1","80","179152345.6112","179152349.10330001","3.4921000003814697","0","0"
"points500000-sources32","retained","1","81","179152349.22659999","179152352.3987","3.1721000075340271","0","0"
"points500000-sources32","retained","1","82","179152352.51109999","179152356.52649999","4.0153999924659729","0","0"
"points500000-sources32","retained","1","83","179152356.6428","179152359.60890001","2.9661000072956085","0","0"
"points500000-sources32","retained","1","84","179152359.7193","179152362.9596","3.2402999997138977","0","0"
"points500000-sources32","retained","1","85","179152363.08070001","179152366.36140001","3.2806999981403351","0","0"
"points500000-sources32","retained","1","86","179152366.47369999","179152369.66850001","3.1948000192642212","0","0"
"points500000-sources32","retained","1","87","179152369.7942","179152374.55579999","4.761599987745285","0","0"
"points500000-sources32","retained","1","88","179152374.6692","179152377.73899999","3.0697999894618988","0","0"
"points500000-sources32","retained","1","89","179152377.84909999","179152381.01249999","3.1633999943733215","0","0"
"points500000-sources32","retained","1","90","179152381.12889999","179152384.5607","3.4318000078201294","0","0"
"points500000-sources32","retained","1","91","179152384.68399999","179152389.23179999","4.5478000044822693","0","0"
"points500000-sources32","retained","1","92","179152389.3971","179152392.47710001","3.0800000131130219","0","0"
"points500000-sources32","retained","1","93","179152392.58880001","179152395.66080001","3.0719999969005585","0","0"
"points500000-sources32","retained","1","94","179152395.77320001","179152399.7044","3.9311999976634979","0","0"
"points500000-sources32","retained","1","95","179152399.84349999","179152404.72150001","4.878000020980835","0","0"
"points500000-sources32","retained","1","96","179152404.83309999","179152407.97729999","3.1441999971866608","0","0"
"points500000-sources32","retained","1","97","179152408.09169999","179152411.2189","3.1272000074386597","0","0"
"points500000-sources32","retained","1","98","179152411.32769999","179152414.30180001","2.9741000235080719","0","0"
"points500000-sources32","retained","1","99","179152414.41429999","179152420.1918","5.7775000035762787","0","0"
"points500000-sources32","retained","1","100","179152420.3037","179152424.64520001","4.3415000140666962","0","0"
"points500000-sources32","retained","1","101","179152424.75639999","179152428.61210001","3.8557000160217285","0","0"
"points500000-sources32","retained","1","102","179152428.75279999","179152432.5614","3.8086000084877014","0","0"
"points500000-sources32","retained","1","103","179152432.71000001","179152437.35440001","4.6444000005722046","0","0"
"points500000-sources32","retained","1","104","179152437.4824","179152440.36489999","2.8824999928474426","0","0"
"points500000-sources32","retained","1","105","179152440.48269999","179152443.59740001","3.1147000193595886","0","0"
"points500000-sources32","retained","1","106","179152443.71399999","179152446.98609999","3.2721000015735626","0","0"
"points500000-sources32","retained","1","107","179152447.14140001","179152452.27059999","5.1291999816894531","0","0"
"points500000-sources32","retained","1","108","179152452.3935","179152455.36289999","2.9693999886512756","0","0"
"points500000-sources32","retained","1","109","179152455.477","179152458.47279999","2.9957999885082245","0","0"
"points500000-sources32","retained","1","110","179152458.5864","179152461.56659999","2.9801999926567078","0","0"
"points500000-sources32","retained","1","111","179152461.72799999","179152465.05250001","3.3245000243186951","0","0"
"points500000-sources32","retained","1","112","179152465.17219999","179152468.21489999","3.0426999926567078","0","0"
"points500000-sources32","retained","1","113","179152468.3398","179152471.38190001","3.0421000123023987","0","0"
"points500000-sources32","retained","1","114","179152471.4984","179152474.42640001","2.9280000030994415","0","0"
"points500000-sources32","retained","1","115","179152474.535","179152477.53389999","2.9988999962806702","0","0"
"points500000-sources32","retained","1","116","179152477.64179999","179152481.45050001","3.8087000250816345","0","0"
"points500000-sources32","retained","1","117","179152481.56819999","179152484.88010001","3.3119000196456909","0","0"
"points500000-sources32","retained","1","118","179152485.03209999","179152487.96970001","2.9376000165939331","0","0"
"points500000-sources32","retained","1","119","179152488.07699999","179152491.17989999","3.1028999984264374","0","0"
"points500000-sources32","retained","1","120","179152491.29660001","179152494.3881","3.0914999842643738","0","0"
"points500000-sources32","retained","2","1","179152539.60260001","179152542.822","3.2193999886512756","0","0"
"points500000-sources32","retained","2","2","179152542.9989","179152548.33989999","5.3409999907016754","0","0"
"points500000-sources32","retained","2","3","179152548.4955","179152551.8784","3.3828999996185303","0","0"
"points500000-sources32","retained","2","4","179152552.0068","179152554.96059999","2.9537999927997589","0","0"
"points500000-sources32","retained","2","5","179152555.0724","179152558.5309","3.4584999978542328","0","0"
"points500000-sources32","retained","2","6","179152558.65110001","179152562.88550001","4.2344000041484833","0","0"
"points500000-sources32","retained","2","7","179152563.02320001","179152568.3238","5.300599992275238","0","0"
"points500000-sources32","retained","2","8","179152568.47960001","179152572.2814","3.8017999827861786","0","0"
"points500000-sources32","retained","2","9","179152572.41010001","179152577.9434","5.53329998254776","0","0"
"points500000-sources32","retained","2","10","179152578.067","179152582.54269999","4.4756999909877777","0","0"
"points500000-sources32","retained","2","11","179152582.6769","179152586.37940001","3.7025000154972076","0","0"
"points500000-sources32","retained","2","12","179152586.4975","179152591.7915","5.2939999997615814","0","0"
"points500000-sources32","retained","2","13","179152591.9145","179152596.38600001","4.4715000092983246","0","0"
"points500000-sources32","retained","2","14","179152596.5715","179152601.7121","5.1405999958515167","0","0"
"points500000-sources32","retained","2","15","179152601.86680001","179152606.3353","4.4684999883174896","0","0"
"points500000-sources32","retained","2","16","179152606.4648","179152610.12459999","3.6597999930381775","0","0"
"points500000-sources32","retained","2","17","179152610.23460001","179152615.0068","4.7721999883651733","0","0"
"points500000-sources32","retained","2","18","179152615.13429999","179152618.6895","3.5552000105381012","0","0"
"points500000-sources32","retained","2","19","179152618.80410001","179152623.377","4.5728999972343445","0","0"
"points500000-sources32","retained","2","20","179152623.4937","179152626.98809999","3.4943999946117401","0","0"
"points500000-sources32","retained","2","21","179152627.10010001","179152630.50850001","3.4083999991416931","0","0"
"points500000-sources32","retained","2","22","179152630.63530001","179152633.68610001","3.0507999956607819","0","0"
"points500000-sources32","retained","2","23","179152633.79629999","179152638.2094","4.413100004196167","0","0"
"points500000-sources32","retained","2","24","179152638.32460001","179152644.28819999","5.9635999798774719","0","0"
"points500000-sources32","retained","2","25","179152644.39719999","179152648.06959999","3.6723999977111816","0","0"
"points500000-sources32","retained","2","26","179152648.18790001","179152652.2155","4.0275999903678894","0","0"
"points500000-sources32","retained","2","27","179152652.3308","179152656.16940001","3.8386000096797943","0","0"
"points500000-sources32","retained","2","28","179152656.32350001","179152660.03380001","3.7102999985218048","0","0"
"points500000-sources32","retained","2","29","179152660.16679999","179152664.17089999","4.0040999948978424","0","0"
"points500000-sources32","retained","2","30","179152664.38049999","179152669.5724","5.1919000148773193","0","0"
"points500000-sources32","retained","2","31","179152669.73300001","179152675.13240001","5.399399995803833","0","0"
"points500000-sources32","retained","2","32","179152675.2784","179152680.1875","4.9090999960899353","0","0"
"points500000-sources32","retained","2","33","179152680.34799999","179152685.06940001","4.7214000225067139","0","0"
"points500000-sources32","retained","2","34","179152685.22189999","179152691.39199999","6.1701000034809113","0","0"
"points500000-sources32","retained","2","35","179152691.5449","179152696.44510001","4.9002000093460083","0","0"
"points500000-sources32","retained","2","36","179152696.60600001","179152700.8091","4.2030999958515167","0","0"
"points500000-sources32","retained","2","37","179152700.9774","179152704.27509999","3.2976999878883362","0","0"
"points500000-sources32","retained","2","38","179152704.41960001","179152707.7015","3.2818999886512756","0","0"
"points500000-sources32","retained","2","39","179152707.88119999","179152711.05880001","3.1776000261306763","0","0"
"points500000-sources32","retained","2","40","179152711.2281","179152714.94870001","3.7206000089645386","0","0"
"points500000-sources32","retained","2","41","179152715.12909999","179152720","4.8709000051021576","0","0"
"points500000-sources32","retained","2","42","179152720.15759999","179152724.07229999","3.9147000014781952","0","0"
"points500000-sources32","retained","2","43","179152724.21560001","179152728.44069999","4.2250999808311462","0","0"
"points500000-sources32","retained","2","44","179152728.58669999","179152734.61000001","6.0233000218868256","0","0"
"points500000-sources32","retained","2","45","179152734.7863","179152739.2067","4.4203999936580658","0","0"
"points500000-sources32","retained","2","46","179152739.3633","179152743.83539999","4.4720999896526337","0","0"
"points500000-sources32","retained","2","47","179152743.99290001","179152751.69510001","7.7021999955177307","0","0"
"points500000-sources32","retained","2","48","179152751.8917","179152756.7852","4.8935000002384186","0","0"
"points500000-sources32","retained","2","49","179152756.97319999","179152760.83809999","3.8648999929428101","0","0"
"points500000-sources32","retained","2","50","179152760.99849999","179152768.07780001","7.0793000161647797","0","0"
"points500000-sources32","retained","2","51","179152768.26949999","179152772.83649999","4.5670000016689301","0","0"
"points500000-sources32","retained","2","52","179152772.98249999","179152776.4955","3.5130000114440918","0","0"
"points500000-sources32","retained","2","53","179152776.62169999","179152782.53200001","5.9103000164031982","0","0"
"points500000-sources32","retained","2","54","179152782.71149999","179152786.4373","3.7258000075817108","0","0"
"points500000-sources32","retained","2","55","179152786.55180001","179152790.26660001","3.7148000001907349","0","0"
"points500000-sources32","retained","2","56","179152790.37650001","179152793.68239999","3.305899977684021","0","0"
"points500000-sources32","retained","2","57","179152793.8258","179152797.18099999","3.3551999926567078","0","0"
"points500000-sources32","retained","2","58","179152797.3064","179152800.55509999","3.2486999928951263","0","0"
"points500000-sources32","retained","2","59","179152800.6787","179152804.08090001","3.4022000133991241","0","0"
"points500000-sources32","retained","2","60","179152804.2006","179152807.6367","3.4361000061035156","0","0"
"points500000-sources32","retained","2","61","179152807.81150001","179152813.0009","5.1893999874591827","0","0"
"points500000-sources32","retained","2","62","179152813.12709999","179152817.0228","3.8957000076770782","0","0"
"points500000-sources32","retained","2","63","179152817.14469999","179152821.92300001","4.778300017118454","0","0"
"points500000-sources32","retained","2","64","179152822.03819999","179152825.60089999","3.5627000033855438","0","0"
"points500000-sources32","retained","2","65","179152825.7186","179152831.16960001","5.4510000050067902","0","0"
"points500000-sources32","retained","2","66","179152831.34040001","179152835.89950001","4.5591000020503998","0","0"
"points500000-sources32","retained","2","67","179152836.01390001","179152839.24470001","3.2308000028133392","0","0"
"points500000-sources32","retained","2","68","179152839.35499999","179152844.7913","5.4363000094890594","0","0"
"points500000-sources32","retained","2","69","179152844.90560001","179152848.7791","3.8734999895095825","0","0"
"points500000-sources32","retained","2","70","179152848.91229999","179152853.51879999","4.6064999997615814","0","0"
"points500000-sources32","retained","2","71","179152853.63170001","179152857.84920001","4.2175000011920929","0","0"
"points500000-sources32","retained","2","72","179152857.96059999","179152862.41659999","4.4560000002384186","0","0"
"points500000-sources32","retained","2","73","179152862.5587","179152866.59020001","4.0315000116825104","0","0"
"points500000-sources32","retained","2","74","179152866.71599999","179152870.13940001","3.4234000146389008","0","0"
"points500000-sources32","retained","2","75","179152870.25909999","179152873.53650001","3.277400016784668","0","0"
"points500000-sources32","retained","2","76","179152873.6541","179152878.26350001","4.6094000041484833","0","0"
"points500000-sources32","retained","2","77","179152878.37760001","179152881.38339999","3.0057999789714813","0","0"
"points500000-sources32","retained","2","78","179152881.5156","179152885.0724","3.5568000078201294","0","0"
"points500000-sources32","retained","2","79","179152885.1857","179152889.43220001","4.2465000152587891","0","0"
"points500000-sources32","retained","2","80","179152889.54609999","179152894.36390001","4.8178000152111053","0","0"
"points500000-sources32","retained","2","81","179152894.4779","179152898.2071","3.729200005531311","0","0"
"points500000-sources32","retained","2","82","179152898.34","179152903.21180001","4.8718000054359436","0","0"
"points500000-sources32","retained","2","83","179152903.36399999","179152908.70190001","5.3379000127315521","0","0"
"points500000-sources32","retained","2","84","179152908.81670001","179152912.4932","3.676499992609024","0","0"
"points500000-sources32","retained","2","85","179152912.60620001","179152916.51370001","3.9074999988079071","0","0"
"points500000-sources32","retained","2","86","179152916.6279","179152920.71759999","4.0896999835968018","0","0"
"points500000-sources32","retained","2","87","179152920.83140001","179152925.81650001","4.9851000010967255","0","0"
"points500000-sources32","retained","2","88","179152925.9271","179152929.1798","3.252700001001358","0","0"
"points500000-sources32","retained","2","89","179152929.29530001","179152934.1049","4.8095999956130981","0","0"
"points500000-sources32","retained","2","90","179152934.24110001","179152941.04699999","6.805899977684021","0","0"
"points500000-sources32","retained","2","91","179152941.1859","179152944.12029999","2.9343999922275543","0","0"
"points500000-sources32","retained","2","92","179152944.22929999","179152947.51640001","3.2871000170707703","0","0"
"points500000-sources32","retained","2","93","179152947.64770001","179152950.85859999","3.2108999788761139","0","0"
"points500000-sources32","retained","2","94","179152950.97780001","179152954.93079999","3.9529999792575836","0","0"
"points500000-sources32","retained","2","95","179152955.0404","179152957.9698","2.9293999969959259","0","0"
"points500000-sources32","retained","2","96","179152958.0803","179152961.2841","3.2037999927997589","0","0"
"points500000-sources32","retained","2","97","179152961.39030001","179152966.95230001","5.5620000064373016","0","0"
"points500000-sources32","retained","2","98","179152967.10170001","179152972.63609999","5.5343999862670898","0","0"
"points500000-sources32","retained","2","99","179152972.76339999","179152976.67309999","3.9097000062465668","0","0"
"points500000-sources32","retained","2","100","179152976.7915","179152981.62959999","4.8380999863147736","0","0"
"points500000-sources32","retained","2","101","179152981.77720001","179152986.28560001","4.5083999931812286","0","0"
"points500000-sources32","retained","2","102","179152986.41569999","179152990.23190001","3.8162000179290771","0","0"
"points500000-sources32","retained","2","103","179152990.34310001","179152993.9093","3.5661999881267548","0","0"
"points500000-sources32","retained","2","104","179152994.0185","179152999.60620001","5.5877000093460083","0","0"
"points500000-sources32","retained","2","105","179152999.77110001","179153005.4359","5.6647999882698059","0","0"
"points500000-sources32","retained","2","106","179153005.5704","179153008.91350001","3.3431000113487244","0","0"
"points500000-sources32","retained","2","107","179153009.03549999","179153014.69940001","5.6639000177383423","0","0"
"points500000-sources32","retained","2","108","179153014.86950001","179153019.49380001","4.6243000030517578","0","0"
"points500000-sources32","retained","2","109","179153019.6295","179153023.0314","3.4018999934196472","0","0"
"points500000-sources32","retained","2","110","179153023.1507","179153026.2209","3.0701999962329865","0","0"
"points500000-sources32","retained","2","111","179153026.338","179153031.29390001","4.9559000134468079","0","0"
"points500000-sources32","retained","2","112","179153031.43419999","179153034.49160001","3.0574000179767609","0","0"
"points500000-sources32","retained","2","113","179153034.61050001","179153037.54550001","2.9350000023841858","0","0"
"points500000-sources32","retained","2","114","179153037.65779999","179153041.42989999","3.7721000015735626","0","0"
"points500000-sources32","retained","2","115","179153041.6072","179153046.22929999","4.6220999956130981","0","0"
"points500000-sources32","retained","2","116","179153046.35730001","179153052.06189999","5.7045999765396118","0","0"
"points500000-sources32","retained","2","117","179153052.1882","179153056.13690001","3.9487000107765198","0","0"
"points500000-sources32","retained","2","118","179153056.2518","179153060.20390001","3.95210000872612","0","0"
"points500000-sources32","retained","2","119","179153060.31720001","179153066.58750001","6.2703000009059906","0","0"
"points500000-sources32","retained","2","120","179153066.7836","179153070.83340001","4.0498000085353851","0","0"
"points500000-sources32","gw","2","1","179153644.52590001","179153688.1855","43.659599989652634","36.284500002861023","2"
"points500000-sources32","gw","2","2","179153688.37099999","179153731.6593","43.288300007581711","37.701700001955032","2"
"points500000-sources32","gw","2","3","179153731.8513","179153773.86399999","42.012699991464615","36.325499981641769","2"
"points500000-sources32","gw","2","4","179153774.05250001","179153816.88780001","42.835299998521805","36.578099995851517","2"
"points500000-sources32","gw","2","5","179153817.07589999","179153861.74779999","44.671900004148483","36.762800008058548","2"
"points500000-sources32","gw","2","6","179153861.9461","179153906.0086","44.0625","36.279300004243851","2"
"points500000-sources32","gw","2","7","179153906.24430001","179153951.33059999","45.086299985647202","36.827700018882751","2"
"points500000-sources32","gw","2","8","179153951.54550001","179153994.39050001","42.844999998807907","36.017700016498566","2"
"points500000-sources32","gw","2","9","179153997.20460001","179154043.49329999","46.288699984550476","39.017399996519089","2"
"points500000-sources32","gw","2","10","179154043.73120001","179154088.1837","44.452499985694885","35.992900013923645","2"
"points500000-sources32","gw","2","11","179154088.36660001","179154132.13659999","43.769999980926514","36.115500003099442","2"
"points500000-sources32","gw","2","12","179154132.33950001","179154175.92840001","43.588899999856949","36.332300007343292","2"
"points500000-sources32","gw","2","13","179154176.1261","179154218.08309999","41.956999987363815","36.19489997625351","2"
"points500000-sources32","gw","2","14","179154218.2665","179154259.8888","41.622299998998642","36.329400032758713","2"
"points500000-sources32","gw","2","15","179154260.0776","179154304.52669999","44.449099987745285","37.446900010108948","2"
"points500000-sources32","gw","2","16","179154304.72240001","179154347.2897","42.567299991846085","36.104500025510788","2"
"points500000-sources32","gw","2","17","179154347.48519999","179154392.8012","45.316000014543533","38.112900018692017","2"
"points500000-sources32","gw","2","18","179154392.98590001","179154436.23550001","43.249599993228912","36.192599982023239","2"
"points500000-sources32","gw","2","19","179154436.41819999","179154480.10280001","43.684600025415421","36.300599992275238","2"
"points500000-sources32","gw","2","20","179154480.30849999","179154524.89300001","44.584500014781952","36.601400017738342","2"
"points500000-sources32","gw","2","21","179154525.0765","179154569.12360001","44.047100007534027","36.333500027656555","2"
"points500000-sources32","gw","2","22","179154569.31740001","179154613.15939999","43.841999977827072","36.172800004482269","2"
"points500000-sources32","gw","2","23","179154613.35620001","179154660.24959999","46.893399983644485","37.569800019264221","2"
"points500000-sources32","gw","2","24","179154660.4578","179154705.17640001","44.718600004911423","37.779100000858307","2"
"points500000-sources32","gw","2","25","179154705.39109999","179154747.81940001","42.428300023078918","36.258299976587296","2"
"points500000-sources32","gw","2","26","179154748.01019999","179154791.2811","43.270900011062622","35.921600013971329","2"
"points500000-sources32","gw","2","27","179154791.47060001","179154836.63609999","45.165499985218048","37.0692999958992","2"
"points500000-sources32","gw","2","28","179154836.82730001","179154880.08970001","43.26240000128746","36.24810004234314","2"
"points500000-sources32","gw","2","29","179154880.29539999","179154925.2157","44.920300006866455","37.256200015544891","2"
"points500000-sources32","gw","2","30","179154925.43059999","179154969.79550001","44.364900022745132","36.476900011301041","2"
"points500000-sources32","gw","2","31","179154969.9822","179155012.89219999","42.909999996423721","36.159099996089935","2"
"points500000-sources32","gw","2","32","179155013.0914","179155057.1485","44.057099997997284","36.382299989461899","2"
"points500000-sources32","gw","2","33","179155057.34419999","179155099.89399999","42.549800008535385","36.197800010442734","2"
"points500000-sources32","gw","2","34","179155100.0792","179155143.41139999","43.332199990749359","36.778099983930588","2"
"points500000-sources32","gw","2","35","179155143.64320001","179155186.3132","42.669999986886978","36.67620000243187","2"
"points500000-sources32","gw","2","36","179155186.4955","179155228.29049999","41.794999986886978","36.392299979925156","2"
"points500000-sources32","gw","2","37","179155228.4729","179155272.2058","43.732899993658066","36.439700037240982","2"
"points500000-sources32","gw","2","38","179155272.46219999","179155319.1162","46.654000014066696","37.922000020742416","2"
"points500000-sources32","gw","2","39","179155319.31439999","179155363.88440001","44.570000022649765","37.000999987125397","2"
"points500000-sources32","gw","2","40","179155364.07969999","179155408.23190001","44.152200013399124","36.889899998903275","2"
"points500000-sources32","gw","2","41","179155408.43329999","179155452.41080001","43.977500021457672","36.254000008106232","2"
"points500000-sources32","gw","2","42","179155452.60069999","179155496.78130001","44.180600017309189","36.539100021123886","2"
"points500000-sources32","gw","2","43","179155496.9788","179155540.11579999","43.136999994516373","36.429200023412704","2"
"points500000-sources32","gw","2","44","179155540.3405","179155584.32179999","43.981299996376038","36.536600023508072","2"
"points500000-sources32","gw","2","45","179155584.51269999","179155626.96720001","42.454500019550323","36.241299986839294","2"
"points500000-sources32","gw","2","46","179155627.16060001","179155669.12490001","41.964300006628036","36.155499994754791","2"
"points500000-sources32","gw","2","47","179155669.31869999","179155711.25130001","41.932600021362305","36.282400012016296","2"
"points500000-sources32","gw","2","48","179155711.44369999","179155755.12869999","43.685000002384186","36.637299984693527","2"
"points500000-sources32","gw","2","49","179155755.32170001","179155798.5061","43.184399992227554","36.126199990510941","2"
"points500000-sources32","gw","2","50","179155798.7044","179155843.33680001","44.632400006055832","36.173700004816055","2"
"points500000-sources32","gw","2","51","179155843.5266","179155887.1144","43.587799996137619","36.53600001335144","2"
"points500000-sources32","gw","2","52","179155887.29550001","179155930.80720001","43.511700004339218","36.331000000238419","2"
"points500000-sources32","gw","2","53","179155930.99869999","179155977.05520001","46.056500017642975","38.255699992179871","2"
"points500000-sources32","gw","2","54","179155977.252","179156021.66119999","44.409199982881546","37.064700037240982","2"
"points500000-sources32","gw","2","55","179156021.84819999","179156065.46700001","43.618800014257431","36.604400008916855","2"
"points500000-sources32","gw","2","56","179156065.64719999","179156107.64489999","41.99770000576973","36.299299985170364","2"
"points500000-sources32","gw","2","57","179156107.82339999","179156150.91819999","43.094799995422363","36.530799984931946","2"
"points500000-sources32","gw","2","58","179156151.12200001","179156194.19220001","43.070199996232986","37.052599966526031","2"
"points500000-sources32","gw","2","59","179156194.37670001","179156237.7577","43.380999982357025","36.302599966526031","2"
"points500000-sources32","gw","2","60","179156237.9628","179156281.9817","44.018900007009506","36.475600004196167","2"
"points500000-sources32","gw","2","61","179156282.1954","179156325.37380001","43.178400009870529","36.200199991464615","2"
"points500000-sources32","gw","2","62","179156325.54570001","179156369.41580001","43.870099991559982","36.293200016021729","2"
"points500000-sources32","gw","2","63","179156369.5957","179156413.85080001","44.255100011825562","36.891899973154068","2"
"points500000-sources32","gw","2","64","179156414.03690001","179156458.25440001","44.217500001192093","36.923500001430511","2"
"points500000-sources32","gw","2","65","179156458.45460001","179156502.60299999","44.148399978876114","36.441800028085709","2"
"points500000-sources32","gw","2","66","179156502.7911","179156545.91069999","43.119599997997284","36.423799991607666","2"
"points500000-sources32","gw","2","67","179156546.09920001","179156589.06009999","42.960899978876114","36.529600024223328","2"
"points500000-sources32","gw","2","68","179156589.28569999","179156632.29899999","43.013300001621246","36.502999991178513","2"
"points500000-sources32","gw","2","69","179156632.50209999","179156677.2906","44.788500010967255","37.905099987983704","2"
"points500000-sources32","gw","2","70","179156677.48339999","179156722.18779999","44.70440000295639","36.586099952459335","2"
"points500000-sources32","gw","2","71","179156722.39210001","179156766.14809999","43.755999982357025","36.400899976491928","2"
"points500000-sources32","gw","2","72","179156766.33849999","179156810.88119999","44.542699992656708","36.765899986028671","2"
"points500000-sources32","gw","2","73","179156811.09029999","179156854.74180001","43.651500016450882","36.626600027084351","2"
"points500000-sources32","gw","2","74","179156854.9492","179156898.49700001","43.547800004482269","36.549600005149841","2"
"points500000-sources32","gw","2","75","179156898.69","179156942.46110001","43.771100014448166","36.247599989175797","2"
"points500000-sources32","gw","2","76","179156942.6471","179156986.62220001","43.975100010633469","37.002499967813492","2"
"points500000-sources32","gw","2","77","179156986.80720001","179157030.51660001","43.709399998188019","36.703600019216537","2"
"points500000-sources32","gw","2","78","179157030.73449999","179157072.4619","41.727400004863739","36.198300004005432","2"
"points500000-sources32","gw","2","79","179157072.65149999","179157115.18430001","42.532800018787384","36.380199998617172","2"
"points500000-sources32","gw","2","80","179157115.42919999","179157160.5406","45.111400008201599","37.137499988079071","2"
"points500000-sources32","gw","2","81","179157160.7938","179157205.18610001","44.392300009727478","36.479400008916855","2"
"points500000-sources32","gw","2","82","179157205.39739999","179157250.1884","44.791000008583069","36.677599996328354","2"
"points500000-sources32","gw","2","83","179157250.3809","179157293.49380001","43.112900018692017","36.207899987697601","2"
"points500000-sources32","gw","2","84","179157293.6769","179157339.21349999","45.53659999370575","38.380599975585938","2"
"points500000-sources32","gw","2","85","179157339.403","179157383.24259999","43.839599996805191","36.313799977302551","2"
"points500000-sources32","gw","2","86","179157383.42030001","179157426.78209999","43.361799985170364","36.121399998664856","2"
"points500000-sources32","gw","2","87","179157426.98710001","179157472.11160001","45.124500006437302","37.200900018215179","2"
"points500000-sources32","gw","2","88","179157472.31040001","179157514.30700001","41.9966000020504","36.637500017881393","2"
"points500000-sources32","gw","2","89","179157514.4964","179157556.9966","42.500200003385544","36.633300006389618","2"
"points500000-sources32","gw","2","90","179157557.18520001","179157601.7563","44.571099996566772","36.311500012874603","2"
"points500000-sources32","gw","2","91","179157601.95469999","179157646.63949999","44.684799998998642","37.030499964952469","2"
"points500000-sources32","gw","2","92","179157646.84110001","179157690.74090001","43.899800002574921","36.278999984264374","2"
"points500000-sources32","gw","2","93","179157690.928","179157734.7791","43.851099997758865","36.781499981880188","2"
"points500000-sources32","gw","2","94","179157734.96309999","179157778.35710001","43.394000023603439","36.376599997282028","2"
"points500000-sources32","gw","2","95","179157778.5641","179157822.6507","44.086600005626678","36.326600015163422","2"
"points500000-sources32","gw","2","96","179157822.85429999","179157867.59670001","44.742400020360947","37.182700008153915","2"
"points500000-sources32","gw","2","97","179157867.90090001","179157911.7139","43.812999993562698","36.923900008201599","2"
"points500000-sources32","gw","2","98","179157911.94369999","179157956.55270001","44.609000027179718","37.437499970197678","2"
"points500000-sources32","gw","2","99","179157956.74720001","179157998.31439999","41.567199975252151","35.955400019884109","2"
"points500000-sources32","gw","2","100","179157998.5108","179158041.22670001","42.715900003910065","36.794400006532669","2"
"points500000-sources32","gw","2","101","179158041.41690001","179158085.86359999","44.446699976921082","36.509399980306625","2"
"points500000-sources32","gw","2","102","179158086.04069999","179158130.234","44.193300008773804","36.637800008058548","2"
"points500000-sources32","gw","2","103","179158130.43610001","179158173.64989999","43.213799983263016","36.130100011825562","2"
"points500000-sources32","gw","2","104","179158173.92519999","179158218.14289999","44.217700004577637","36.527300000190735","2"
"points500000-sources32","gw","2","105","179158218.3475","179158262.24039999","43.892899990081787","36.337300002574921","2"
"points500000-sources32","gw","2","106","179158262.44940001","179158306.80109999","44.351699978113174","37.038999974727631","2"
"points500000-sources32","gw","2","107","179158306.98910001","179158351.63100001","44.64190000295639","36.822699993848801","2"
"points500000-sources32","gw","2","108","179158351.81740001","179158395.09760001","43.280200004577637","36.662999987602234","2"
"points500000-sources32","gw","2","109","179158395.28650001","179158439.40079999","44.114299982786179","38.327300012111664","2"
"points500000-sources32","gw","2","110","179158439.59909999","179158485.49160001","45.892500013113022","39.274900019168854","2"
"points500000-sources32","gw","2","111","179158485.68599999","179158529.097","43.41100001335144","37.593400001525879","2"
"points500000-sources32","gw","2","112","179158529.2888","179158572.97319999","43.684399992227554","36.125","2"
"points500000-sources32","gw","2","113","179158573.20159999","179158616.5465","43.344900012016296","36.236000001430511","2"
"points500000-sources32","gw","2","114","179158616.74790001","179158661.18220001","44.434300005435944","37.410199999809265","2"
"points500000-sources32","gw","2","115","179158661.37549999","179158705.2985","43.923000007867813","36.302799999713898","2"
"points500000-sources32","gw","2","116","179158705.51210001","179158749.5359","44.023799985647202","36.273400008678436","2"
"points500000-sources32","gw","2","117","179158749.72830001","179158793.2166","43.488299995660782","36.085999995470047","2"
"points500000-sources32","gw","2","118","179158793.42660001","179158837.98300001","44.556400001049042","36.222099989652634","2"
"points500000-sources32","gw","2","119","179158838.1654","179158882.25839999","44.092999994754791","36.724799990653992","2"
"points500000-sources32","gw","2","120","179158882.45879999","179158925.9689","43.51010000705719","36.524300009012222","2"
"points500000-sources32","off","2","1","179158982.93090001","179158986.34279999","3.4118999838829041","0","0"
"points500000-sources32","off","2","2","179158986.51980001","179158989.67739999","3.1575999855995178","0","0"
"points500000-sources32","off","2","3","179158989.8127","179158994.20660001","4.3939000070095062","0","0"
"points500000-sources32","off","2","4","179158994.32969999","179158997.3892","3.0595000088214874","0","0"
"points500000-sources32","off","2","5","179158997.53740001","179159001.03729999","3.4998999834060669","0","0"
"points500000-sources32","off","2","6","179159001.17230001","179159004.95640001","3.7840999960899353","0","0"
"points500000-sources32","off","2","7","179159005.0853","179159009.8849","4.7996000051498413","0","0"
"points500000-sources32","off","2","8","179159009.99509999","179159014.07620001","4.0811000168323517","0","0"
"points500000-sources32","off","2","9","179159014.19549999","179159017.28799999","3.0925000011920929","0","0"
"points500000-sources32","off","2","10","179159017.40529999","179159021.47409999","4.0688000023365021","0","0"
"points500000-sources32","off","2","11","179159021.59130001","179159027.11750001","5.526199996471405","0","0"
"points500000-sources32","off","2","12","179159027.26800001","179159032.68810001","5.4201000034809113","0","0"
"points500000-sources32","off","2","13","179159032.82769999","179159036.33320001","3.5055000185966492","0","0"
"points500000-sources32","off","2","14","179159036.47319999","179159040.81349999","4.3402999937534332","0","0"
"points500000-sources32","off","2","15","179159040.93740001","179159045.09779999","4.1603999733924866","0","0"
"points500000-sources32","off","2","16","179159045.24959999","179159048.52790001","3.278300017118454","0","0"
"points500000-sources32","off","2","17","179159048.6591","179159052.0693","3.4101999998092651","0","0"
"points500000-sources32","off","2","18","179159052.18799999","179159056.3926","4.2046000063419342","0","0"
"points500000-sources32","off","2","19","179159056.5235","179159059.60620001","3.0827000141143799","0","0"
"points500000-sources32","off","2","20","179159059.72580001","179159062.50889999","2.7830999791622162","0","0"
"points500000-sources32","off","2","21","179159062.67950001","179159065.766","3.0864999890327454","0","0"
"points500000-sources32","off","2","22","179159065.88789999","179159069.57210001","3.6842000186443329","0","0"
"points500000-sources32","off","2","23","179159069.6895","179159072.6045","2.9149999916553497","0","0"
"points500000-sources32","off","2","24","179159072.72189999","179159076.6557","3.9338000118732452","0","0"
"points500000-sources32","off","2","25","179159076.7658","179159080.2633","3.4975000023841858","0","0"
"points500000-sources32","off","2","26","179159080.38049999","179159085.51859999","5.1380999982357025","0","0"
"points500000-sources32","off","2","27","179159085.65490001","179159089.42030001","3.7653999924659729","0","0"
"points500000-sources32","off","2","28","179159089.5406","179159093.73820001","4.1976000070571899","0","0"
"points500000-sources32","off","2","29","179159093.85319999","179159097.5835","3.7303000092506409","0","0"
"points500000-sources32","off","2","30","179159097.8344","179159102.38190001","4.5475000143051147","0","0"
"points500000-sources32","off","2","31","179159102.50470001","179159105.96720001","3.4625000059604645","0","0"
"points500000-sources32","off","2","32","179159106.0878","179159110.2295","4.1416999995708466","0","0"
"points500000-sources32","off","2","33","179159110.35249999","179159114.37819999","4.0257000029087067","0","0"
"points500000-sources32","off","2","34","179159114.63319999","179159119.82429999","5.191100001335144","0","0"
"points500000-sources32","off","2","35","179159119.94960001","179159123.48050001","3.5309000015258789","0","0"
"points500000-sources32","off","2","36","179159123.59509999","179159126.51660001","2.921500027179718","0","0"
"points500000-sources32","off","2","37","179159126.6277","179159129.4271","2.7994000017642975","0","0"
"points500000-sources32","off","2","38","179159129.5557","179159132.5178","2.9620999991893768","0","0"
"points500000-sources32","off","2","39","179159132.6433","179159135.61410001","2.9708000123500824","0","0"
"points500000-sources32","off","2","40","179159135.7306","179159138.43959999","2.7089999914169312","0","0"
"points500000-sources32","off","2","41","179159138.55329999","179159141.20210001","2.6488000154495239","0","0"
"points500000-sources32","off","2","42","179159141.32080001","179159144.61750001","3.2967000007629395","0","0"
"points500000-sources32","off","2","43","179159144.72670001","179159150.42160001","5.6949000060558319","0","0"
"points500000-sources32","off","2","44","179159150.5589","179159154.73649999","4.1775999963283539","0","0"
"points500000-sources32","off","2","45","179159154.86500001","179159158.99559999","4.1305999755859375","0","0"
"points500000-sources32","off","2","46","179159159.11000001","179159163.01249999","3.9024999737739563","0","0"
"points500000-sources32","off","2","47","179159163.13820001","179159166.96470001","3.8264999985694885","0","0"
"points500000-sources32","off","2","48","179159167.08129999","179159170.6349","3.553600013256073","0","0"
"points500000-sources32","off","2","49","179159170.7834","179159174.74360001","3.9602000117301941","0","0"
"points500000-sources32","off","2","50","179159174.8563","179159179.83410001","4.9778000116348267","0","0"
"points500000-sources32","off","2","51","179159179.954","179159183.62380001","3.6698000133037567","0","0"
"points500000-sources32","off","2","52","179159183.75220001","179159187.57839999","3.8261999785900116","0","0"
"points500000-sources32","off","2","53","179159187.6936","179159190.8721","3.1784999966621399","0","0"
"points500000-sources32","off","2","54","179159190.9826","179159194.39610001","3.4135000109672546","0","0"
"points500000-sources32","off","2","55","179159194.55270001","179159200.1473","5.5945999920368195","0","0"
"points500000-sources32","off","2","56","179159200.42140001","179159204.15259999","3.7311999797821045","0","0"
"points500000-sources32","off","2","57","179159204.2958","179159207.1261","2.8303000032901764","0","0"
"points500000-sources32","off","2","58","179159207.24939999","179159211.24270001","3.9933000206947327","0","0"
"points500000-sources32","off","2","59","179159211.36480001","179159214.0038","2.6389999985694885","0","0"
"points500000-sources32","off","2","60","179159214.125","179159217.65959999","3.5345999896526337","0","0"
"points500000-sources32","off","2","61","179159217.7755","179159221.9021","4.1265999972820282","0","0"
"points500000-sources32","off","2","62","179159222.04570001","179159226.0309","3.9851999878883362","0","0"
"points500000-sources32","off","2","63","179159226.1496","179159231.08379999","4.9341999888420105","0","0"
"points500000-sources32","off","2","64","179159231.22799999","179159234.91429999","3.6863000094890594","0","0"
"points500000-sources32","off","2","65","179159235.02869999","179159238.99079999","3.9620999991893768","0","0"
"points500000-sources32","off","2","66","179159239.13029999","179159243.99000001","4.8597000241279602","0","0"
"points500000-sources32","off","2","67","179159244.1094","179159247.58329999","3.4738999903202057","0","0"
"points500000-sources32","off","2","68","179159247.713","179159251.3522","3.6392000019550323","0","0"
"points500000-sources32","off","2","69","179159251.46970001","179159254.72049999","3.2507999837398529","0","0"
"points500000-sources32","off","2","70","179159254.83219999","179159259.43419999","4.6019999980926514","0","0"
"points500000-sources32","off","2","71","179159259.54960001","179159262.68340001","3.1337999999523163","0","0"
"points500000-sources32","off","2","72","179159262.79890001","179159266.43869999","3.6397999823093414","0","0"
"points500000-sources32","off","2","73","179159266.55540001","179159270.71129999","4.1558999717235565","0","0"
"points500000-sources32","off","2","74","179159270.82190001","179159273.6128","2.7908999919891357","0","0"
"points500000-sources32","off","2","75","179159273.73269999","179159276.6952","2.9625000059604645","0","0"
"points500000-sources32","off","2","76","179159276.8096","179159279.8418","3.0322000086307526","0","0"
"points500000-sources32","off","2","77","179159279.9619","179159282.7518","2.789900004863739","0","0"
"points500000-sources32","off","2","78","179159282.86939999","179159285.5034","2.6340000033378601","0","0"
"points500000-sources32","off","2","79","179159285.6153","179159289.5544","3.9390999972820282","0","0"
"points500000-sources32","off","2","80","179159289.68520001","179159293.03040001","3.3452000021934509","0","0"
"points500000-sources32","off","2","81","179159293.13999999","179159296.38609999","3.2461000084877014","0","0"
"points500000-sources32","off","2","82","179159296.5072","179159301.26269999","4.7554999887943268","0","0"
"points500000-sources32","off","2","83","179159301.39140001","179159306.57080001","5.1793999969959259","0","0"
"points500000-sources32","off","2","84","179159306.69400001","179159309.82030001","3.1263000071048737","0","0"
"points500000-sources32","off","2","85","179159309.9411","179159314.683","4.7418999969959259","0","0"
"points500000-sources32","off","2","86","179159314.80669999","179159319.29609999","4.4893999993801117","0","0"
"points500000-sources32","off","2","87","179159319.43020001","179159324.46219999","5.0319999754428864","0","0"
"points500000-sources32","off","2","88","179159324.58160001","179159327.82269999","3.2410999834537506","0","0"
"points500000-sources32","off","2","89","179159327.96419999","179159332.35429999","4.3901000022888184","0","0"
"points500000-sources32","off","2","90","179159332.48320001","179159337.07609999","4.5928999781608582","0","0"
"points500000-sources32","off","2","91","179159337.20269999","179159340.1552","2.9525000154972076","0","0"
"points500000-sources32","off","2","92","179159340.2771","179159342.94909999","2.671999990940094","0","0"
"points500000-sources32","off","2","93","179159343.05790001","179159345.92129999","2.8633999824523926","0","0"
"points500000-sources32","off","2","94","179159346.03470001","179159349.8716","3.836899995803833","0","0"
"points500000-sources32","off","2","95","179159349.98989999","179159352.74160001","2.7517000138759613","0","0"
"points500000-sources32","off","2","96","179159352.85420001","179159355.4763","2.6220999956130981","0","0"
"points500000-sources32","off","2","97","179159355.5851","179159358.21689999","2.6317999958992004","0","0"
"points500000-sources32","off","2","98","179159358.35420001","179159360.9368","2.5825999975204468","0","0"
"points500000-sources32","off","2","99","179159361.04319999","179159364.79010001","3.7469000220298767","0","0"
"points500000-sources32","off","2","100","179159364.92930001","179159370.76159999","5.8322999775409698","0","0"
"points500000-sources32","off","2","101","179159370.8874","179159374.43149999","3.5440999865531921","0","0"
"points500000-sources32","off","2","102","179159374.54719999","179159377.47119999","2.9239999949932098","0","0"
"points500000-sources32","off","2","103","179159377.58219999","179159382.47999999","4.8977999985218048","0","0"
"points500000-sources32","off","2","104","179159382.61770001","179159387.26750001","4.6498000025749207","0","0"
"points500000-sources32","off","2","105","179159387.39320001","179159390.2949","2.9016999900341034","0","0"
"points500000-sources32","off","2","106","179159390.4113","179159393.91600001","3.5047000050544739","0","0"
"points500000-sources32","off","2","107","179159394.0237","179159399.94119999","5.9174999892711639","0","0"
"points500000-sources32","off","2","108","179159400.0961","179159403.89719999","3.8010999858379364","0","0"
"points500000-sources32","off","2","109","179159404.02590001","179159407.3924","3.3664999902248383","0","0"
"points500000-sources32","off","2","110","179159407.5095","179159411.02759999","3.5180999934673309","0","0"
"points500000-sources32","off","2","111","179159411.13479999","179159415.54820001","4.4134000241756439","0","0"
"points500000-sources32","off","2","112","179159415.68889999","179159418.74700001","3.0581000149250031","0","0"
"points500000-sources32","off","2","113","179159418.87110001","179159421.60949999","2.7383999824523926","0","0"
"points500000-sources32","off","2","114","179159421.7202","179159424.38100001","2.6608000099658966","0","0"
"points500000-sources32","off","2","115","179159424.50139999","179159428.3301","3.8287000060081482","0","0"
"points500000-sources32","off","2","116","179159428.43959999","179159434.02059999","5.5810000002384186","0","0"
"points500000-sources32","off","2","117","179159434.1552","179159437.20969999","3.0544999837875366","0","0"
"points500000-sources32","off","2","118","179159437.33340001","179159440.45070001","3.1173000037670135","0","0"
"points500000-sources32","off","2","119","179159440.56569999","179159445.06439999","4.4986999928951263","0","0"
"points500000-sources32","off","2","120","179159445.17930001","179159450.24200001","5.0627000033855438","0","0"
"points500000-sources32","off","3","1","179159498.89399999","179159502.03369999","3.1396999955177307","0","0"
"points500000-sources32","off","3","2","179159502.20809999","179159505.67649999","3.4684000015258789","0","0"
"points500000-sources32","off","3","3","179159505.88229999","179159510.4474","4.5651000142097473","0","0"
"points500000-sources32","off","3","4","179159510.572","179159514.09470001","3.5227000117301941","0","0"
"points500000-sources32","off","3","5","179159514.22009999","179159517.54519999","3.3251000046730042","0","0"
"points500000-sources32","off","3","6","179159517.6566","179159521.1737","3.5171000063419342","0","0"
"points500000-sources32","off","3","7","179159521.28279999","179159527.08050001","5.7977000176906586","0","0"
"points500000-sources32","off","3","8","179159527.2234","179159530.81349999","3.5900999903678894","0","0"
"points500000-sources32","off","3","9","179159530.96520001","179159535.0476","4.082399994134903","0","0"
"points500000-sources32","off","3","10","179159535.16530001","179159539.0792","3.9138999879360199","0","0"
"points500000-sources32","off","3","11","179159539.19209999","179159543.8689","4.676800012588501","0","0"
"points500000-sources32","off","3","12","179159543.9844","179159546.94190001","2.9575000107288361","0","0"
"points500000-sources32","off","3","13","179159547.06009999","179159549.75510001","2.695000022649765","0","0"
"points500000-sources32","off","3","14","179159549.86829999","179159552.75639999","2.8880999982357025","0","0"
"points500000-sources32","off","3","15","179159552.8655","179159557.02450001","4.1590000092983246","0","0"
"points500000-sources32","off","3","16","179159557.1424","179159559.72839999","2.585999995470047","0","0"
"points500000-sources32","off","3","17","179159559.83759999","179159563.41319999","3.5755999982357025","0","0"
"points500000-sources32","off","3","18","179159563.54370001","179159569.07260001","5.5288999974727631","0","0"
"points500000-sources32","off","3","19","179159569.23640001","179159573.5544","4.3179999887943268","0","0"
"points500000-sources32","off","3","20","179159573.69049999","179159576.7879","3.0974000096321106","0","0"
"points500000-sources32","off","3","21","179159576.9199","179159579.96720001","3.0473000109195709","0","0"
"points500000-sources32","off","3","22","179159580.10530001","179159583.7931","3.6877999901771545","0","0"
"points500000-sources32","off","3","23","179159583.91319999","179159588.7351","4.8219000101089478","0","0"
"points500000-sources32","off","3","24","179159588.8502","179159592.134","3.2838000059127808","0","0"
"points500000-sources32","off","3","25","179159592.2473","179159597.6936","5.4462999999523163","0","0"
"points500000-sources32","off","3","26","179159597.9012","179159601.82499999","3.923799991607666","0","0"
"points500000-sources32","off","3","27","179159601.96529999","179159606.3466","4.3813000023365021","0","0"
"points500000-sources32","off","3","28","179159606.46689999","179159609.80630001","3.3394000232219696","0","0"
"points500000-sources32","off","3","29","179159609.91589999","179159613.10800001","3.1921000182628632","0","0"
"points500000-sources32","off","3","30","179159613.22139999","179159617.31240001","4.0910000205039978","0","0"
"points500000-sources32","off","3","31","179159617.44749999","179159621.69150001","4.2440000176429749","0","0"
"points500000-sources32","off","3","32","179159621.8184","179159624.6904","2.8720000088214874","0","0"
"points500000-sources32","off","3","33","179159624.81099999","179159627.80489999","2.9939000010490417","0","0"
"points500000-sources32","off","3","34","179159627.9152","179159630.85010001","2.9349000155925751","0","0"
"points500000-sources32","off","3","35","179159631.02860001","179159635.3026","4.2739999890327454","0","0"
"points500000-sources32","off","3","36","179159635.46329999","179159638.48480001","3.0215000212192535","0","0"
"points500000-sources32","off","3","37","179159638.6058","179159642.23100001","3.6252000033855438","0","0"
"points500000-sources32","off","3","38","179159642.34169999","179159645.3863","3.0446000099182129","0","0"
"points500000-sources32","off","3","39","179159645.49759999","179159650.99149999","5.4939000010490417","0","0"
"points500000-sources32","off","3","40","179159651.11539999","179159654.71489999","3.5995000004768372","0","0"
"points500000-sources32","off","3","41","179159654.83219999","179159658.31439999","3.4821999967098236","0","0"
"points500000-sources32","off","3","42","179159658.43790001","179159661.67469999","3.2367999851703644","0","0"
"points500000-sources32","off","3","43","179159661.7809","179159667.61739999","5.8364999890327454","0","0"
"points500000-sources32","off","3","44","179159667.78439999","179159672.09299999","4.3086000084877014","0","0"
"points500000-sources32","off","3","45","179159672.2315","179159675.6302","3.3986999988555908","0","0"
"points500000-sources32","off","3","46","179159675.75099999","179159680.5431","4.7921000123023987","0","0"
"points500000-sources32","off","3","47","179159680.67250001","179159685.17410001","4.5015999972820282","0","0"
"points500000-sources32","off","3","48","179159685.30070001","179159688.4463","3.1455999910831451","0","0"
"points500000-sources32","off","3","49","179159688.56470001","179159691.2755","2.7107999920845032","0","0"
"points500000-sources32","off","3","50","179159691.38609999","179159694.24340001","2.8573000133037567","0","0"
"points500000-sources32","off","3","51","179159694.35120001","179159698.11399999","3.7627999782562256","0","0"
"points500000-sources32","off","3","52","179159698.25029999","179159702.55899999","4.3086999952793121","0","0"
"points500000-sources32","off","3","53","179159702.6839","179159706.3211","3.6371999979019165","0","0"
"points500000-sources32","off","3","54","179159706.44440001","179159710.1548","3.7103999853134155","0","0"
"points500000-sources32","off","3","55","179159710.26629999","179159713.36070001","3.094400018453598","0","0"
"points500000-sources32","off","3","56","179159713.49329999","179159717.11939999","3.6261000037193298","0","0"
"points500000-sources32","off","3","57","179159717.23199999","179159720.29049999","3.0584999918937683","0","0"
"points500000-sources32","off","3","58","179159720.40470001","179159723.81810001","3.4133999943733215","0","0"
"points500000-sources32","off","3","59","179159723.92989999","179159728.47150001","4.5416000187397003","0","0"
"points500000-sources32","off","3","60","179159728.62439999","179159732.4948","3.8704000115394592","0","0"
"points500000-sources32","off","3","61","179159732.62180001","179159736.20199999","3.5801999866962433","0","0"
"points500000-sources32","off","3","62","179159736.3233","179159739.9497","3.6263999938964844","0","0"
"points500000-sources32","off","3","63","179159740.0835","179159747.17089999","7.0873999893665314","0","0"
"points500000-sources32","off","3","64","179159747.32170001","179159751.72850001","4.4068000018596649","0","0"
"points500000-sources32","off","3","65","179159751.85010001","179159754.99630001","3.1462000012397766","0","0"
"points500000-sources32","off","3","66","179159755.118","179159757.8818","2.7637999951839447","0","0"
"points500000-sources32","off","3","67","179159757.9941","179159760.78960001","2.7955000102519989","0","0"
"points500000-sources32","off","3","68","179159760.89750001","179159763.73199999","2.8344999849796295","0","0"
"points500000-sources32","off","3","69","179159763.85530001","179159767.05160001","3.1962999999523163","0","0"
"points500000-sources32","off","3","70","179159767.17770001","179159770.16870001","2.9909999966621399","0","0"
"points500000-sources32","off","3","71","179159770.2834","179159773.22670001","2.9433000087738037","0","0"
"points500000-sources32","off","3","72","179159773.34020001","179159777.62900001","4.2888000011444092","0","0"
"points500000-sources32","off","3","73","179159777.74290001","179159782.12009999","4.3771999776363373","0","0"
"points500000-sources32","off","3","74","179159782.25870001","179159785.78580001","3.527099996805191","0","0"
"points500000-sources32","off","3","75","179159785.90509999","179159789.72009999","3.8149999976158142","0","0"
"points500000-sources32","off","3","76","179159789.8387","179159794.65349999","4.8147999942302704","0","0"
"points500000-sources32","off","3","77","179159794.7647","179159799.4253","4.6606000065803528","0","0"
"points500000-sources32","off","3","78","179159799.57800001","179159802.71169999","3.1336999833583832","0","0"
"points500000-sources32","off","3","79","179159802.83520001","179159808.22060001","5.3853999972343445","0","0"
"points500000-sources32","off","3","80","179159808.34189999","179159812.06729999","3.7254000008106232","0","0"
"points500000-sources32","off","3","81","179159812.18709999","179159815.4745","3.2874000072479248","0","0"
"points500000-sources32","off","3","82","179159815.59779999","179159819.2987","3.7009000182151794","0","0"
"points500000-sources32","off","3","83","179159819.42570001","179159823.78060001","4.3549000024795532","0","0"
"points500000-sources32","off","3","84","179159823.9066","179159828.4813","4.5746999979019165","0","0"
"points500000-sources32","off","3","85","179159828.61430001","179159831.5918","2.9774999916553497","0","0"
"points500000-sources32","off","3","86","179159831.71959999","179159834.5359","2.8163000047206879","0","0"
"points500000-sources32","off","3","87","179159834.65880001","179159837.42460001","2.7657999992370605","0","0"
"points500000-sources32","off","3","88","179159837.53749999","179159840.2166","2.6791000068187714","0","0"
"points500000-sources32","off","3","89","179159840.329","179159843.1785","2.8495000004768372","0","0"
"points500000-sources32","off","3","90","179159843.2913","179159846.54010001","3.2488000094890594","0","0"
"points500000-sources32","off","3","91","179159846.73550001","179159849.73069999","2.995199978351593","0","0"
"points500000-sources32","off","3","92","179159849.9623","179159854.17309999","4.2107999920845032","0","0"
"points500000-sources32","off","3","93","179159854.29429999","179159858.10280001","3.8085000216960907","0","0"
"points500000-sources32","off","3","94","179159858.23570001","179159862.7085","4.4727999866008759","0","0"
"points500000-sources32","off","3","95","179159862.84990001","179159866.84830001","3.9984000027179718","0","0"
"points500000-sources32","off","3","96","179159866.96990001","179159871.96079999","4.9908999800682068","0","0"
"points500000-sources32","off","3","97","179159872.08399999","179159876.02169999","3.9377000033855438","0","0"
"points500000-sources32","off","3","98","179159876.19330001","179159879.13850001","2.9451999962329865","0","0"
"points500000-sources32","off","3","99","179159879.26609999","179159883.03709999","3.7709999978542328","0","0"
"points500000-sources32","off","3","100","179159883.15090001","179159887.42120001","4.2703000009059906","0","0"
"points500000-sources32","off","3","101","179159887.5316","179159891.10409999","3.5724999904632568","0","0"
"points500000-sources32","off","3","102","179159891.21169999","179159894.73280001","3.5211000144481659","0","0"
"points500000-sources32","off","3","103","179159894.84349999","179159898.5494","3.7059000134468079","0","0"
"points500000-sources32","off","3","104","179159898.68799999","179159904.10659999","5.4185999929904938","0","0"
"points500000-sources32","off","3","105","179159904.2281","179159910.25310001","6.0250000059604645","0","0"
"points500000-sources32","off","3","106","179159910.37310001","179159913.57890001","3.2057999968528748","0","0"
"points500000-sources32","off","3","107","179159913.69819999","179159917.2022","3.5040000081062317","0","0"
"points500000-sources32","off","3","108","179159917.31389999","179159920.02020001","2.7063000202178955","0","0"
"points500000-sources32","off","3","109","179159920.12720001","179159923.0564","2.9291999936103821","0","0"
"points500000-sources32","off","3","110","179159923.17160001","179159925.9276","2.7559999823570251","0","0"
"points500000-sources32","off","3","111","179159926.03389999","179159930.92469999","4.8907999992370605","0","0"
"points500000-sources32","off","3","112","179159931.23179999","179159942.58770001","11.355900019407272","0","0"
"points500000-sources32","off","3","113","179159942.8671","179159948.81999999","5.9528999924659729","0","0"
"points500000-sources32","off","3","114","179159949.10969999","179159954.6503","5.5406000018119812","0","0"
"points500000-sources32","off","3","115","179159954.93720001","179159960.63510001","5.6978999972343445","0","0"
"points500000-sources32","off","3","116","179159960.91209999","179159971.98730001","11.075200021266937","0","0"
"points500000-sources32","off","3","117","179159972.20320001","179159978.3346","6.1313999891281128","0","0"
"points500000-sources32","off","3","118","179159978.6164","179159983.65079999","5.0343999862670898","0","0"
"points500000-sources32","off","3","119","179159983.9427","179159990.86230001","6.9196000099182129","0","0"
"points500000-sources32","off","3","120","179159991.13389999","179160000.02410001","8.8902000188827515","0","0"
"points500000-sources32","gw","3","1","179160580.22760001","179160624.37619999","44.148599982261658","36.710200011730194","2"
"points500000-sources32","gw","3","2","179160624.57589999","179160668.95680001","44.380900025367737","36.367400020360947","2"
"points500000-sources32","gw","3","3","179160669.16729999","179160713.0675","43.900200009346008","37.098399996757507","2"
"points500000-sources32","gw","3","4","179160713.2624","179160758.88699999","45.624599993228912","37.9375","2"
"points500000-sources32","gw","3","5","179160759.1047","179160804.62110001","45.516400009393692","37.507099986076355","2"
"points500000-sources32","gw","3","6","179160804.81119999","179160848.40040001","43.589200019836426","36.358699977397919","2"
"points500000-sources32","gw","3","7","179160848.58950001","179160891.32890001","42.739399999380112","36.347099989652634","2"
"points500000-sources32","gw","3","8","179160891.5081","179160935.43399999","43.925899982452393","36.327499985694885","2"
"points500000-sources32","gw","3","9","179160935.92089999","179160980.16060001","44.239700019359589","36.466200023889542","2"
"points500000-sources32","gw","3","10","179160980.37979999","179161023.0959","42.716100007295609","37.066900014877319","2"
"points500000-sources32","gw","3","11","179161023.28420001","179161064.92660001","41.642399996519089","36.217699974775314","2"
"points500000-sources32","gw","3","12","179161065.12290001","179161107.3721","42.249199986457825","36.432699978351593","2"
"points500000-sources32","gw","3","13","179161107.553","179161153.70410001","46.151100009679794","37.400199979543686","2"
"points500000-sources32","gw","3","14","179161153.903","179161199.77329999","45.870299994945526","37.337800025939941","2"
"points500000-sources32","gw","3","15","179161199.9738","179161243.88730001","43.913500010967255","36.808999985456467","2"
"points500000-sources32","gw","3","16","179161244.09760001","179161288.6848","44.587199985980988","37.031399995088577","2"
"points500000-sources32","gw","3","17","179161288.89359999","179161332.4513","43.557700008153915","36.859699994325638","2"
"points500000-sources32","gw","3","18","179161332.63330001","179161375.66769999","43.03439998626709","36.080300003290176","2"
"points500000-sources32","gw","3","19","179161375.84940001","179161420.94940001","45.099999994039536","37.277799993753433","2"
"points500000-sources32","gw","3","20","179161421.13049999","179161465.33829999","44.207800000905991","37.050300002098083","2"
"points500000-sources32","gw","3","21","179161465.5361","179161508.27000001","42.733900010585785","37.236099988222122","2"
"points500000-sources32","gw","3","22","179161508.456","179161551.04210001","42.58610001206398","36.245400011539459","2"
"points500000-sources32","gw","3","23","179161551.2367","179161593.93189999","42.695199996232986","36.228400021791458","2"
"points500000-sources32","gw","3","24","179161594.10870001","179161639.5731","45.464399993419647","37.561800003051758","2"
"points500000-sources32","gw","3","25","179161639.77110001","179161683.01199999","43.240899980068207","36.379799962043762","2"
"points500000-sources32","gw","3","26","179161683.27070001","179161727.15869999","43.887999981641769","36.232100009918213","2"
"points500000-sources32","gw","3","27","179161727.3511","179161769.94580001","42.594700008630753","36.332500010728836","2"
"points500000-sources32","gw","3","28","179161770.1356","179161813.79390001","43.658300012350082","36.424999982118607","2"
"points500000-sources32","gw","3","29","179161813.9853","179161858.59310001","44.607800006866455","36.913700014352798","2"
"points500000-sources32","gw","3","30","179161858.7888","179161903.85589999","45.067099988460541","37.571699976921082","2"
"points500000-sources32","gw","3","31","179161904.11039999","179161949.17969999","45.0692999958992","36.608800023794174","2"
"points500000-sources32","gw","3","32","179161949.51800001","179161992.2085","42.690499991178513","36.26759997010231","2"
"points500000-sources32","gw","3","33","179161992.39199999","179162034.48609999","42.094099998474121","36.205300003290176","2"
"points500000-sources32","gw","3","34","179162034.67660001","179162078.1909","43.514299988746643","36.359999984502792","2"
"points500000-sources32","gw","3","35","179162078.39539999","179162122.49720001","44.10180002450943","36.451999992132187","2"
"points500000-sources32","gw","3","36","179162122.68720001","179162166.93110001","44.243900001049042","36.530400007963181","2"
"points500000-sources32","gw","3","37","179162167.123","179162210.0993","42.976300001144409","36.232400000095367","2"
"points500000-sources32","gw","3","38","179162210.28","179162253.38350001","43.103500008583069","36.317400008440018","2"
"points500000-sources32","gw","3","39","179162253.59220001","179162299.34290001","45.750699996948242","37.267599999904633","2"
"points500000-sources32","gw","3","40","179162299.5422","179162342.7888","43.2466000020504","36.206200003623962","2"
"points500000-sources32","gw","3","41","179162342.98890001","179162387.1302","44.141299992799759","36.302500009536743","2"
"points500000-sources32","gw","3","42","179162387.31940001","179162430.96470001","43.645300000905991","37.233899980783463","2"
"points500000-sources32","gw","3","43","179162431.1455","179162473.2236","42.078099995851517","36.314199984073639","2"
"points500000-sources32","gw","3","44","179162473.41670001","179162516.6144","43.197699993848801","36.911100000143051","2"
"points500000-sources32","gw","3","45","179162516.80770001","179162558.62130001","41.81360000371933","36.284200012683868","2"
"points500000-sources32","gw","3","46","179162558.8175","179162602.60049999","43.782999992370605","36.172800004482269","2"
"points500000-sources32","gw","3","47","179162602.8073","179162646.97440001","44.167100012302399","36.171900004148483","2"
"points500000-sources32","gw","3","48","179162647.16429999","179162691.43200001","44.267700016498566","36.961699992418289","2"
"points500000-sources32","gw","3","49","179162691.62580001","179162737.27219999","45.646399974822998","37.564200013875961","2"
"points500000-sources32","gw","3","50","179162737.4578","179162780.3951","42.937299996614456","35.980399996042252","2"
"points500000-sources32","gw","3","51","179162780.58950001","179162824.0862","43.49669998884201","36.087799996137619","2"
"points500000-sources32","gw","3","52","179162824.27680001","179162869.0539","44.777099996805191","36.529900014400482","2"
"points500000-sources32","gw","3","53","179162869.26570001","179162913.0927","43.826999992132187","36.734100013971329","2"
"points500000-sources32","gw","3","54","179162913.301","179162958.16060001","44.859600007534027","37.243399977684021","2"
"points500000-sources32","gw","3","55","179162958.35409999","179163001.40619999","43.052100002765656","37.250799983739853","2"
"points500000-sources32","gw","3","56","179163001.6022","179163047.37110001","45.768900007009506","38.090700000524521","2"
"points500000-sources32","gw","3","57","179163047.64039999","179163090.7247","43.084300011396408","36.35970002412796","2"
"points500000-sources32","gw","3","58","179163090.89879999","179163135.54730001","44.648500025272369","36.952600002288818","2"
"points500000-sources32","gw","3","59","179163135.73109999","179163179.43090001","43.69980001449585","36.353400021791458","2"
"points500000-sources32","gw","3","60","179163179.62259999","179163224.93689999","45.314300000667572","37.495299965143204","2"
"points500000-sources32","gw","3","61","179163225.12270001","179163268.57530001","43.452600002288818","36.433200031518936","2"
"points500000-sources32","gw","3","62","179163268.7802","179163311.5038","42.723600000143051","36.343199998140335","2"
"points500000-sources32","gw","3","63","179163311.71290001","179163354.0566","42.343699991703033","36.611799985170364","2"
"points500000-sources32","gw","3","64","179163354.2344","179163398.16780001","43.933400005102158","37.528300017118454","2"
"points500000-sources32","gw","3","65","179163398.354","179163441.07890001","42.724900007247925","36.259299993515015","2"
"points500000-sources32","gw","3","66","179163441.26269999","179163483.544","42.281300008296967","36.361000001430511","2"
"points500000-sources32","gw","3","67","179163483.74349999","179163525.9048","42.161300003528595","36.58390000462532","2"
"points500000-sources32","gw","3","68","179163526.09819999","179163569.51449999","43.416299998760223","36.583299994468689","2"
"points500000-sources32","gw","3","69","179163569.7132","179163612.266","42.552799999713898","36.796200007200241","2"
"points500000-sources32","gw","3","70","179163612.45809999","179163654.21830001","41.760200023651123","36.522899985313416","2"
"points500000-sources32","gw","3","71","179163654.40470001","179163696.8008","42.396099984645844","36.604699969291687","2"
"points500000-sources32","gw","3","72","179163697.02810001","179163749.14840001","52.120299994945526","36.966500014066696","2"
"points500000-sources32","gw","3","73","179163749.35210001","179163791.05880001","41.706699997186661","36.247099995613098","2"
"points500000-sources32","gw","3","74","179163791.24349999","179163833.42719999","42.183699995279312","36.438499987125397","2"
"points500000-sources32","gw","3","75","179163833.61449999","179163875.23089999","41.616400003433228","36.355000019073486","2"
"points500000-sources32","gw","3","76","179163875.41229999","179163917.8348","42.422500014305115","36.396899998188019","2"
"points500000-sources32","gw","3","77","179163918.03099999","179163960.97580001","42.944800019264221","36.859799981117249","2"
"points500000-sources32","gw","3","78","179163961.18059999","179164003.28290001","42.102300018072128","36.328499972820282","2"
"points500000-sources32","gw","3","79","179164003.47799999","179164045.7051","42.227100014686584","36.163099974393845","2"
"points500000-sources32","gw","3","80","179164045.94","179164089.18290001","43.242900013923645","36.315300017595291","2"
"points500000-sources32","gw","3","81","179164089.35330001","179164132.87029999","43.516999989748001","36.309500008821487","2"
"points500000-sources32","gw","3","82","179164133.08669999","179164176.0316","42.944900006055832","36.814999967813492","2"
"points500000-sources32","gw","3","83","179164176.22749999","179164218.4233","42.195800006389618","36.330300003290176","2"
"points500000-sources32","gw","3","84","179164218.60089999","179164260.84799999","42.247099995613098","36.457100003957748","2"
"points500000-sources32","gw","3","85","179164261.03619999","179164302.4707","41.434500008821487","36.337499976158142","2"
"points500000-sources32","gw","3","86","179164302.6706","179164344.4639","41.793300002813339","36.367599993944168","2"
"points500000-sources32","gw","3","87","179164344.64719999","179164388.5025","43.855300009250641","36.886400014162064","2"
"points500000-sources32","gw","3","88","179164388.68239999","179164431.98179999","43.299400001764297","36.287200003862381","2"
"points500000-sources32","gw","3","89","179164432.16330001","179164474.61899999","42.455699980258942","36.395700007677078","2"
"points500000-sources32","gw","3","90","179164474.8186","179164518.90310001","44.084500014781952","36.337399959564209","2"
"points500000-sources32","gw","3","91","179164519.10789999","179164561.1171","42.009200006723404","36.591899991035461","2"
"points500000-sources32","gw","3","92","179164561.30430001","179164605.06909999","43.764799982309341","36.967299997806549","2"
"points500000-sources32","gw","3","93","179164605.27700001","179164647.33790001","42.060900002717972","36.255399972200394","2"
"points500000-sources32","gw","3","94","179164647.5325","179164690.1401","42.607600003480911","36.61080002784729","2"
"points500000-sources32","gw","3","95","179164690.32679999","179164732.822","42.495200008153915","36.556600034236908","2"
"points500000-sources32","gw","3","96","179164733.00600001","179164774.51140001","41.505400002002716","36.021800011396408","2"
"points500000-sources32","gw","3","97","179164774.69060001","179164817.41580001","42.725199997425079","36.556600004434586","2"
"points500000-sources32","gw","3","98","179164817.60789999","179164859.80700001","42.199100017547607","36.589100033044815","2"
"points500000-sources32","gw","3","99","179164859.98769999","179164902.8105","42.822800010442734","36.504000008106232","2"
"points500000-sources32","gw","3","100","179164903.0061","179164947.12419999","44.118099987506866","36.813600033521652","2"
"points500000-sources32","gw","3","101","179164947.31639999","179164993.53490001","46.218500018119812","36.531399995088577","2"
"points500000-sources32","gw","3","102","179164993.73089999","179165036.59630001","42.865400016307831","36.778000026941299","2"
"points500000-sources32","gw","3","103","179165036.80140001","179165078.0742","41.272799998521805","36.389400005340576","2"
"points500000-sources32","gw","3","104","179165078.25670001","179165120.7441","42.487399995326996","36.306800007820129","2"
"points500000-sources32","gw","3","105","179165120.92879999","179165163.1455","42.21670001745224","36.432600021362305","2"
"points500000-sources32","gw","3","106","179165163.3608","179165205.52849999","42.167699992656708","36.919700026512146","2"
"points500000-sources32","gw","3","107","179165205.7146","179165248.1164","42.401800006628036","36.789700001478195","2"
"points500000-sources32","gw","3","108","179165248.3087","179165290.28080001","41.972100019454956","36.527300000190735","2"
"points500000-sources32","gw","3","109","179165290.46160001","179165336.6893","46.227699995040894","40.191799968481064","2"
"points500000-sources32","gw","3","110","179165336.88519999","179165379.0043","42.119100004434586","36.445800006389618","2"
"points500000-sources32","gw","3","111","179165379.19400001","179165420.7651","41.571099996566772","36.652299970388412","2"
"points500000-sources32","gw","3","112","179165420.98890001","179165463.73649999","42.747599989175797","36.360100030899048","2"
"points500000-sources32","gw","3","113","179165463.963","179165505.98730001","42.024300009012222","36.280400007963181","2"
"points500000-sources32","gw","3","114","179165506.16960001","179165547.29679999","41.127199977636337","36.227600008249283","2"
"points500000-sources32","gw","3","115","179165547.48649999","179165591.02900001","43.542500019073486","36.133399993181229","2"
"points500000-sources32","gw","3","116","179165591.21700001","179165635.56009999","44.343099981546402","36.819900006055832","2"
"points500000-sources32","gw","3","117","179165635.75279999","179165680.7216","44.968800008296967","37.906299978494644","2"
"points500000-sources32","gw","3","118","179165680.91949999","179165724.71970001","43.800200015306473","36.206299990415573","2"
"points500000-sources32","gw","3","119","179165724.90239999","179165769.26109999","44.358700007200241","36.534600019454956","2"
"points500000-sources32","gw","3","120","179165769.44369999","179165813.5873","44.143600016832352","36.680200010538101","2"
"points500000-sources32","retained","3","1","179165872.04539999","179165875.586","3.5406000018119812","0","0"
"points500000-sources32","retained","3","2","179165875.76499999","179165878.92660001","3.1616000235080719","0","0"
"points500000-sources32","retained","3","3","179165879.07089999","179165882.9853","3.9144000113010406","0","0"
"points500000-sources32","retained","3","4","179165883.1171","179165887.97139999","4.8542999923229218","0","0"
"points500000-sources32","retained","3","5","179165888.10190001","179165892.48370001","4.3817999958992004","0","0"
"points500000-sources32","retained","3","6","179165892.60780001","179165896.59619999","3.9883999824523926","0","0"
"points500000-sources32","retained","3","7","179165896.7552","179165901.5273","4.7721000015735626","0","0"
"points500000-sources32","retained","3","8","179165901.69049999","179165908.4542","6.763700008392334","0","0"
"points500000-sources32","retained","3","9","179165908.61489999","179165912.7313","4.1164000034332275","0","0"
"points500000-sources32","retained","3","10","179165912.9084","179165917.2493","4.3409000039100647","0","0"
"points500000-sources32","retained","3","11","179165917.43189999","179165920.69029999","3.2583999931812286","0","0"
"points500000-sources32","retained","3","12","179165920.81209999","179165924.06310001","3.2510000169277191","0","0"
"points500000-sources32","retained","3","13","179165924.17469999","179165927.18889999","3.0142000019550323","0","0"
"points500000-sources32","retained","3","14","179165927.30360001","179165930.56380001","3.2601999938488007","0","0"
"points500000-sources32","retained","3","15","179165930.7026","179165936.44279999","5.7401999831199646","0","0"
"points500000-sources32","retained","3","16","179165936.5785","179165940.24810001","3.6696000099182129","0","0"
"points500000-sources32","retained","3","17","179165940.3705","179165943.78220001","3.4117000102996826","0","0"
"points500000-sources32","retained","3","18","179165943.92379999","179165949.0801","5.1563000082969666","0","0"
"points500000-sources32","retained","3","19","179165949.2245","179165953.23710001","4.0126000046730042","0","0"
"points500000-sources32","retained","3","20","179165953.3635","179165957.38640001","4.0229000151157379","0","0"
"points500000-sources32","retained","3","21","179165957.50330001","179165961.21070001","3.707399994134903","0","0"
"points500000-sources32","retained","3","22","179165961.324","179165968.0442","6.7202000021934509","0","0"
"points500000-sources32","retained","3","23","179165968.2182","179165972.35929999","4.1410999894142151","0","0"
"points500000-sources32","retained","3","24","179165972.50029999","179165976.3488","3.8485000133514404","0","0"
"points500000-sources32","retained","3","25","179165976.4727","179165981.7701","5.2973999977111816","0","0"
"points500000-sources32","retained","3","26","179165981.9314","179165985.91769999","3.986299991607666","0","0"
"points500000-sources32","retained","3","27","179165986.05019999","179165990.63850001","4.5883000195026398","0","0"
"points500000-sources32","retained","3","28","179165990.75830001","179165994.1803","3.421999990940094","0","0"
"points500000-sources32","retained","3","29","179165994.3046","179165999.84310001","5.5385000109672546","0","0"
"points500000-sources32","retained","3","30","179166000.04449999","179166003.30930001","3.2648000121116638","0","0"
"points500000-sources32","retained","3","31","179166003.42910001","179166006.52540001","3.0963000059127808","0","0"
"points500000-sources32","retained","3","32","179166006.6374","179166009.6715","3.0340999960899353","0","0"
"points500000-sources32","retained","3","33","179166009.78279999","179166013.8168","4.0340000092983246","0","0"
"points500000-sources32","retained","3","34","179166013.94479999","179166017.0715","3.1267000138759613","0","0"
"points500000-sources32","retained","3","35","179166017.2024","179166020.72909999","3.5266999900341034","0","0"
"points500000-sources32","retained","3","36","179166020.84540001","179166024.33000001","3.4846000075340271","0","0"
"points500000-sources32","retained","3","37","179166024.4391","179166030.63589999","6.1967999935150146","0","0"
"points500000-sources32","retained","3","38","179166030.76840001","179166035.15329999","4.3848999738693237","0","0"
"points500000-sources32","retained","3","39","179166035.2879","179166039.71349999","4.425599992275238","0","0"
"points500000-sources32","retained","3","40","179166039.82600001","179166044.5891","4.7630999982357025","0","0"
"points500000-sources32","retained","3","41","179166044.71990001","179166049.27849999","4.558599978685379","0","0"
"points500000-sources32","retained","3","42","179166049.4693","179166054.27720001","4.8079000115394592","0","0"
"points500000-sources32","retained","3","43","179166054.4021","179166058.39230001","3.990200012922287","0","0"
"points500000-sources32","retained","3","44","179166058.521","179166064.4479","5.9268999993801117","0","0"
"points500000-sources32","retained","3","45","179166064.60089999","179166068.89129999","4.2903999984264374","0","0"
"points500000-sources32","retained","3","46","179166069.0246","179166072.70140001","3.676800012588501","0","0"
"points500000-sources32","retained","3","47","179166072.82249999","179166076.52129999","3.6987999975681305","0","0"
"points500000-sources32","retained","3","48","179166076.63940001","179166080.1261","3.4866999983787537","0","0"
"points500000-sources32","retained","3","49","179166080.24970001","179166083.47319999","3.223499983549118","0","0"
"points500000-sources32","retained","3","50","179166083.58539999","179166086.6674","3.0820000171661377","0","0"
"points500000-sources32","retained","3","51","179166086.7739","179166091.24970001","4.4758000075817108","0","0"
"points500000-sources32","retained","3","52","179166091.36090001","179166094.17160001","2.810699999332428","0","0"
"points500000-sources32","retained","3","53","179166094.28400001","179166098.96059999","4.6765999794006348","0","0"
"points500000-sources32","retained","3","54","179166099.1137","179166103.17340001","4.0597000122070312","0","0"
"points500000-sources32","retained","3","55","179166103.30379999","179166107.96239999","4.6586000025272369","0","0"
"points500000-sources32","retained","3","56","179166108.10890001","179166111.75189999","3.6429999768733978","0","0"
"points500000-sources32","retained","3","57","179166111.90580001","179166116.06650001","4.1606999933719635","0","0"
"points500000-sources32","retained","3","58","179166116.1895","179166120.2886","4.0990999937057495","0","0"
"points500000-sources32","retained","3","59","179166120.42359999","179166126.0372","5.6136000156402588","0","0"
"points500000-sources32","retained","3","60","179166126.1516","179166129.5959","3.4442999958992004","0","0"
"points500000-sources32","retained","3","61","179166129.7159","179166134.80329999","5.0873999893665314","0","0"
"points500000-sources32","retained","3","62","179166134.95390001","179166140.04100001","5.0870999991893768","0","0"
"points500000-sources32","retained","3","63","179166140.1918","179166143.9734","3.7815999984741211","0","0"
"points500000-sources32","retained","3","64","179166144.08500001","179166148.0939","4.008899986743927","0","0"
"points500000-sources32","retained","3","65","179166148.23609999","179166152.18509999","3.9490000009536743","0","0"
"points500000-sources32","retained","3","66","179166152.31830001","179166156.82390001","4.5056000053882599","0","0"
"points500000-sources32","retained","3","67","179166156.95030001","179166159.84740001","2.8971000015735626","0","0"
"points500000-sources32","retained","3","68","179166159.95919999","179166163.56279999","3.6035999953746796","0","0"
"points500000-sources32","retained","3","69","179166163.6825","179166166.87239999","3.1898999810218811","0","0"
"points500000-sources32","retained","3","70","179166166.99149999","179166170.11230001","3.1208000183105469","0","0"
"points500000-sources32","retained","3","71","179166170.227","179166173.42019999","3.1931999921798706","0","0"
"points500000-sources32","retained","3","72","179166173.53580001","179166177.3712","3.8353999853134155","0","0"
"points500000-sources32","retained","3","73","179166177.47929999","179166181.98699999","4.5076999962329865","0","0"
"points500000-sources32","retained","3","74","179166182.1072","179166187.9016","5.7944000065326691","0","0"
"points500000-sources32","retained","3","75","179166188.0372","179166191.66249999","3.6252999901771545","0","0"
"points500000-sources32","retained","3","76","179166191.78470001","179166196.67969999","4.8949999809265137","0","0"
"points500000-sources32","retained","3","77","179166196.85159999","179166202.67629999","5.8246999979019165","0","0"
"points500000-sources32","retained","3","78","179166202.84169999","179166207.4905","4.6488000154495239","0","0"
"points500000-sources32","retained","3","79","179166207.65810001","179166211.6557","3.9975999891757965","0","0"
"points500000-sources32","retained","3","80","179166211.8459","179166218.50260001","6.6567000150680542","0","0"
"points500000-sources32","retained","3","81","179166218.68799999","179166222.50130001","3.8133000135421753","0","0"
"points500000-sources32","retained","3","82","179166222.66749999","179166227.24270001","4.5752000212669373","0","0"
"points500000-sources32","retained","3","83","179166227.4005","179166233.76550001","6.3650000095367432","0","0"
"points500000-sources32","retained","3","84","179166233.94710001","179166237.6424","3.6952999830245972","0","0"
"points500000-sources32","retained","3","85","179166237.78310001","179166240.94499999","3.1618999838829041","0","0"
"points500000-sources32","retained","3","86","179166241.06310001","179166244.19589999","3.1327999830245972","0","0"
"points500000-sources32","retained","3","87","179166244.3089","179166249.7911","5.4821999967098236","0","0"
"points500000-sources32","retained","3","88","179166249.9558","179166253.18720001","3.2314000129699707","0","0"
"points500000-sources32","retained","3","89","179166253.32010001","179166257.26409999","3.9439999759197235","0","0"
"points500000-sources32","retained","3","90","179166257.39789999","179166263.24110001","5.8432000279426575","0","0"
"points500000-sources32","retained","3","91","179166263.4082","179166267.83660001","4.4284000098705292","0","0"
"points500000-sources32","retained","3","92","179166267.97260001","179166271.7044","3.731799989938736","0","0"
"points500000-sources32","retained","3","93","179166271.8222","179166275.83090001","4.0087000131607056","0","0"
"points500000-sources32","retained","3","94","179166275.9434","179166281.6442","5.7008000016212463","0","0"
"points500000-sources32","retained","3","95","179166281.77579999","179166285.8231","4.0473000109195709","0","0"
"points500000-sources32","retained","3","96","179166285.95590001","179166289.85049999","3.894599974155426","0","0"
"points500000-sources32","retained","3","97","179166289.96439999","179166294.9686","5.0042000114917755","0","0"
"points500000-sources32","retained","3","98","179166295.09979999","179166301.51350001","6.4137000143527985","0","0"
"points500000-sources32","retained","3","99","179166301.68130001","179166305.7947","4.1133999824523926","0","0"
"points500000-sources32","retained","3","100","179166305.9267","179166310.05599999","4.1292999982833862","0","0"
"points500000-sources32","retained","3","101","179166310.18279999","179166313.7703","3.5875000059604645","0","0"
"points500000-sources32","retained","3","102","179166313.90669999","179166317.06369999","3.1570000052452087","0","0"
"points500000-sources32","retained","3","103","179166317.18630001","179166320.3159","3.1295999884605408","0","0"
"points500000-sources32","retained","3","104","179166320.4314","179166323.28929999","2.8578999936580658","0","0"
"points500000-sources32","retained","3","105","179166323.3994","179166327.50040001","4.1010000109672546","0","0"
"points500000-sources32","retained","3","106","179166327.63589999","179166331.2299","3.5940000116825104","0","0"
"points500000-sources32","retained","3","107","179166331.39399999","179166335.34150001","3.9475000202655792","0","0"
"points500000-sources32","retained","3","108","179166335.47690001","179166339.3809","3.9039999842643738","0","0"
"points500000-sources32","retained","3","109","179166339.5095","179166345.07600001","5.5665000081062317","0","0"
"points500000-sources32","retained","3","110","179166345.2295","179166348.96180001","3.7323000133037567","0","0"
"points500000-sources32","retained","3","111","179166349.0927","179166353.01280001","3.9201000034809113","0","0"
"points500000-sources32","retained","3","112","179166353.1322","179166356.86739999","3.7351999878883362","0","0"
"points500000-sources32","retained","3","113","179166356.98809999","179166360.6099","3.6218000054359436","0","0"
"points500000-sources32","retained","3","114","179166360.7184","179166364.94190001","4.2235000133514404","0","0"
"points500000-sources32","retained","3","115","179166365.07949999","179166369.01440001","3.9349000155925751","0","0"
"points500000-sources32","retained","3","116","179166369.14309999","179166373.34130001","4.1982000172138214","0","0"
"points500000-sources32","retained","3","117","179166373.4646","179166379.43869999","5.9740999937057495","0","0"
"points500000-sources32","retained","3","118","179166379.5641","179166383.3696","3.8055000007152557","0","0"
"points500000-sources32","retained","3","119","179166383.49020001","179166387.4804","3.9901999831199646","0","0"
"points500000-sources32","retained","3","120","179166387.59729999","179166392.12419999","4.5268999934196472","0","0"
