case,arm,repeat,frame,begin_qpc_ms,end_qpc_ms,step_ms,callback_ms,callback_calls
"points100000-sources3","off","1","1","179072924.33320001","179072927.8179","3.4846999943256378","0","0"
"points100000-sources3","off","1","2","179072928.03690001","179072930.824","2.7870999872684479","0","0"
"points100000-sources3","off","1","3","179072930.99129999","179072933.72659999","2.7353000044822693","0","0"
"points100000-sources3","off","1","4","179072933.87599999","179072939.16420001","5.2882000207901001","0","0"
"points100000-sources3","off","1","5","179072939.31650001","179072943.59099999","4.2744999825954437","0","0"
"points100000-sources3","off","1","6","179072943.74700001","179072946.7692","3.0221999883651733","0","0"
"points100000-sources3","off","1","7","179072947.87599999","179072951.06200001","3.1860000193119049","0","0"
"points100000-sources3","off","1","8","179072951.2022","179072954.2687","3.0665000081062317","0","0"
"points100000-sources3","off","1","9","179072954.39480001","179072958.36919999","3.9743999838829041","0","0"
"points100000-sources3","off","1","10","179072958.54480001","179072961.41690001","2.8720999956130981","0","0"
"points100000-sources3","off","1","11","179072961.54640001","179072964.50839999","2.9619999825954437","0","0"
"points100000-sources3","off","1","12","179072964.632","179072967.26249999","2.6304999887943268","0","0"
"points100000-sources3","off","1","13","179072967.37990001","179072970.26089999","2.8809999823570251","0","0"
"points100000-sources3","off","1","14","179072970.3786","179072974.1279","3.7493000030517578","0","0"
"points100000-sources3","off","1","15","179072974.24340001","179072976.9596","2.7161999940872192","0","0"
"points100000-sources3","off","1","16","179072977.07800001","179072979.85420001","2.776199996471405","0","0"
"points100000-sources3","off","1","17","179072979.96579999","179072983.27880001","3.3130000233650208","0","0"
"points100000-sources3","off","1","18","179072983.41069999","179072986.32969999","2.9189999997615814","0","0"
"points100000-sources3","off","1","19","179072986.45030001","179072990.69","4.2396999895572662","0","0"
"points100000-sources3","off","1","20","179072990.80559999","179072993.60960001","2.8040000200271606","0","0"
"points100000-sources3","off","1","21","179072993.71779999","179072996.52579999","2.8079999983310699","0","0"
"points100000-sources3","off","1","22","179072996.62709999","179072999.54010001","2.9130000174045563","0","0"
"points100000-sources3","off","1","23","179072999.65360001","179073002.51820001","2.8646000027656555","0","0"
"points100000-sources3","off","1","24","179073002.62720001","179073007.17640001","4.5491999983787537","0","0"
"points100000-sources3","off","1","25","179073007.28529999","179073010.1146","2.8293000161647797","0","0"
"points100000-sources3","off","1","26","179073010.2324","179073012.8574","2.625","0","0"
"points100000-sources3","off","1","27","179073012.961","179073015.8924","2.9314000010490417","0","0"
"points100000-sources3","off","1","28","179073016.0115","179073018.97799999","2.9664999842643738","0","0"
"points100000-sources3","off","1","29","179073019.09110001","179073022.2665","3.1753999888896942","0","0"
"points100000-sources3","off","1","30","179073022.36790001","179073025.16659999","2.7986999750137329","0","0"
"points100000-sources3","off","1","31","179073025.27020001","179073028.1521","2.8818999826908112","0","0"
"points100000-sources3","off","1","32","179073028.25459999","179073031.04210001","2.7875000238418579","0","0"
"points100000-sources3","off","1","33","179073031.15149999","179073034.07069999","2.9192000031471252","0","0"
"points100000-sources3","off","1","34","179073034.18189999","179073038.49360001","4.3117000162601471","0","0"
"points100000-sources3","off","1","35","179073038.59959999","179073041.2692","2.6696000099182129","0","0"
"points100000-sources3","off","1","36","179073041.3845","179073044.32640001","2.9419000148773193","0","0"
"points100000-sources3","off","1","37","179073044.44299999","179073047.597","3.1540000140666962","0","0"
"points100000-sources3","off","1","38","179073047.73480001","179073051.38890001","3.6541000008583069","0","0"
"points100000-sources3","off","1","39","179073051.5794","179073055.0311","3.4517000019550323","0","0"
"points100000-sources3","off","1","40","179073055.1505","179073057.97330001","2.8228000104427338","0","0"
"points100000-sources3","off","1","41","179073058.08309999","179073060.94029999","2.8571999967098236","0","0"
"points100000-sources3","off","1","42","179073061.04969999","179073063.78709999","2.7373999953269958","0","0"
"points100000-sources3","off","1","43","179073063.89230001","179073072.74020001","8.847900003194809","0","0"
"points100000-sources3","off","1","44","179073072.90279999","179073076.8978","3.9950000047683716","0","0"
"points100000-sources3","off","1","45","179073077.016","179073079.72499999","2.7089999914169312","0","0"
"points100000-sources3","off","1","46","179073079.84119999","179073083.05219999","3.210999995470047","0","0"
"points100000-sources3","off","1","47","179073083.19080001","179073086.0052","2.8143999874591827","0","0"
"points100000-sources3","off","1","48","179073086.16","179073088.99959999","2.839599996805191","0","0"
"points100000-sources3","off","1","49","179073089.11880001","179073091.87059999","2.7517999708652496","0","0"
"points100000-sources3","off","1","50","179073091.99160001","179073094.64129999","2.6496999859809875","0","0"
"points100000-sources3","off","1","51","179073094.7572","179073097.7931","3.0358999967575073","0","0"
"points100000-sources3","off","1","52","179073097.91639999","179073104.46709999","6.5507000088691711","0","0"
"points100000-sources3","off","1","53","179073104.62450001","179073112.4747","7.8501999974250793","0","0"
"points100000-sources3","off","1","54","179073112.61269999","179073115.9479","3.3352000117301941","0","0"
"points100000-sources3","off","1","55","179073116.09099999","179073119.0571","2.9661000072956085","0","0"
"points100000-sources3","off","1","56","179073119.19100001","179073121.91870001","2.7276999950408936","0","0"
"points100000-sources3","off","1","57","179073122.0652","179073124.9294","2.8641999959945679","0","0"
"points100000-sources3","off","1","58","179073125.0512","179073128.10299999","3.0517999827861786","0","0"
"points100000-sources3","off","1","59","179073128.2218","179073132.13389999","3.9120999872684479","0","0"
"points100000-sources3","off","1","60","179073132.26030001","179073134.9761","2.7157999873161316","0","0"
"points100000-sources3","off","1","61","179073135.09639999","179073137.86809999","2.771699994802475","0","0"
"points100000-sources3","off","1","62","179073137.98840001","179073141.4596","3.4711999893188477","0","0"
"points100000-sources3","off","1","63","179073141.57969999","179073144.4091","2.8294000029563904","0","0"
"points100000-sources3","off","1","64","179073144.54679999","179073147.73969999","3.1929000020027161","0","0"
"points100000-sources3","off","1","65","179073147.88530001","179073150.74770001","2.8623999953269958","0","0"
"points100000-sources3","off","1","66","179073150.87059999","179073153.63839999","2.7678000032901764","0","0"
"points100000-sources3","off","1","67","179073153.77020001","179073156.4533","2.6830999851226807","0","0"
"points100000-sources3","off","1","68","179073156.57820001","179073159.48640001","2.9081999957561493","0","0"
"points100000-sources3","off","1","69","179073159.6146","179073163.73519999","4.1205999851226807","0","0"
"points100000-sources3","off","1","70","179073163.85859999","179073166.43130001","2.572700023651123","0","0"
"points100000-sources3","off","1","71","179073166.55239999","179073169.20109999","2.6486999988555908","0","0"
"points100000-sources3","off","1","72","179073169.32749999","179073172.12549999","2.7980000078678131","0","0"
"points100000-sources3","off","1","73","179073172.24680001","179073175.0433","2.7964999973773956","0","0"
"points100000-sources3","off","1","74","179073175.17680001","179073178.56189999","3.3850999772548676","0","0"
"points100000-sources3","off","1","75","179073178.67699999","179073181.34009999","2.663100004196167","0","0"
"points100000-sources3","off","1","76","179073181.51879999","179073184.2518","2.7330000102519989","0","0"
"points100000-sources3","off","1","77","179073184.37819999","179073187.29460001","2.9164000153541565","0","0"
"points100000-sources3","off","1","78","179073187.42140001","179073190.16249999","2.7410999834537506","0","0"
"points100000-sources3","off","1","79","179073190.2845","179073194.60429999","4.3197999894618988","0","0"
"points100000-sources3","off","1","80","179073194.72330001","179073197.47260001","2.7493000030517578","0","0"
"points100000-sources3","off","1","81","179073197.5891","179073200.53099999","2.9418999850749969","0","0"
"points100000-sources3","off","1","82","179073200.64789999","179073203.47369999","2.8258000016212463","0","0"
"points100000-sources3","off","1","83","179073203.5914","179073206.37959999","2.7881999909877777","0","0"
"points100000-sources3","off","1","84","179073206.49259999","179073210.18700001","3.6944000124931335","0","0"
"points100000-sources3","off","1","85","179073210.3046","179073213.06920001","2.76460000872612","0","0"
"points100000-sources3","off","1","86","179073213.18720001","179073216.34330001","3.1561000049114227","0","0"
"points100000-sources3","off","1","87","179073216.49399999","179073221.15700001","4.6630000174045563","0","0"
"points100000-sources3","off","1","88","179073221.28259999","179073223.89770001","2.6151000261306763","0","0"
"points100000-sources3","off","1","89","179073224.0194","179073227.97600001","3.95660001039505","0","0"
"points100000-sources3","off","1","90","179073228.09760001","179073232.26800001","4.1703999936580658","0","0"
"points100000-sources3","off","1","91","179073232.4048","179073235.3915","2.9866999983787537","0","0"
"points100000-sources3","off","1","92","179073235.5104","179073240.34740001","4.8370000123977661","0","0"
"points100000-sources3","off","1","93","179073240.46560001","179073244.0476","3.5819999873638153","0","0"
"points100000-sources3","off","1","94","179073244.1661","179073247.0185","2.852400004863739","0","0"
"points100000-sources3","off","1","95","179073247.13370001","179073251.48370001","4.3499999940395355","0","0"
"points100000-sources3","off","1","96","179073251.6092","179073256.914","5.3048000037670135","0","0"
"points100000-sources3","off","1","97","179073257.05340001","179073260.32390001","3.2705000042915344","0","0"
"points100000-sources3","off","1","98","179073260.44530001","179073263.5641","3.1187999844551086","0","0"
"points100000-sources3","off","1","99","179073263.68009999","179073267.023","3.3429000079631805","0","0"
"points100000-sources3","off","1","100","179073267.1451","179073271.4192","4.2741000056266785","0","0"
"points100000-sources3","off","1","101","179073271.53839999","179073274.71160001","3.1732000112533569","0","0"
"points100000-sources3","off","1","102","179073274.82910001","179073278.15200001","3.3228999972343445","0","0"
"points100000-sources3","off","1","103","179073278.26300001","179073281.7385","3.4754999876022339","0","0"
"points100000-sources3","off","1","104","179073281.86860001","179073286.7559","4.8872999846935272","0","0"
"points100000-sources3","off","1","105","179073286.88909999","179073289.77579999","2.8867000043392181","0","0"
"points100000-sources3","off","1","106","179073289.89309999","179073292.57100001","2.6779000163078308","0","0"
"points100000-sources3","off","1","107","179073292.68779999","179073295.2782","2.5904000103473663","0","0"
"points100000-sources3","off","1","108","179073295.38960001","179073299.14120001","3.7515999972820282","0","0"
"points100000-sources3","off","1","109","179073299.27720001","179073304.109","4.8317999839782715","0","0"
"points100000-sources3","off","1","110","179073304.22670001","179073307.82640001","3.599700003862381","0","0"
"points100000-sources3","off","1","111","179073307.96419999","179073311.48879999","3.5245999991893768","0","0"
"points100000-sources3","off","1","112","179073311.61829999","179073316.25909999","4.6407999992370605","0","0"
"points100000-sources3","off","1","113","179073316.42210001","179073322.5916","6.1694999933242798","0","0"
"points100000-sources3","off","1","114","179073322.73429999","179073326.0174","3.2831000089645386","0","0"
"points100000-sources3","off","1","115","179073326.13960001","179073329.24810001","3.1085000038146973","0","0"
"points100000-sources3","off","1","116","179073329.35640001","179073334.1733","4.8168999850749969","0","0"
"points100000-sources3","off","1","117","179073334.2994","179073337.51159999","3.2121999859809875","0","0"
"points100000-sources3","off","1","118","179073337.6275","179073340.95719999","3.3296999931335449","0","0"
"points100000-sources3","off","1","119","179073341.0774","179073344.3867","3.3093000054359436","0","0"
"points100000-sources3","off","1","120","179073344.49849999","179073347.854","3.3555000126361847","0","0"
"points100000-sources3","gw","1","1","179073482.99129999","179073493.46470001","10.47340002655983","5.5392000079154968","2"
"points100000-sources3","gw","1","2","179073493.63769999","179073502.9377","9.300000011920929","5.5155999958515167","2"
"points100000-sources3","gw","1","3","179073503.13800001","179073513.62279999","10.484799981117249","5.5392000079154968","2"
"points100000-sources3","gw","1","4","179073513.87540001","179073523.6248","9.7493999898433685","5.5324000120162964","2"
"points100000-sources3","gw","1","5","179073523.7911","179073533.62540001","9.8343000113964081","5.6340000033378601","2"
"points100000-sources3","gw","1","6","179073533.78670001","179073545.5828","11.796099990606308","5.7789999842643738","2"
"points100000-sources3","gw","1","7","179073545.74340001","179073557.1494","11.40599998831749","6.2224000096321106","2"
"points100000-sources3","gw","1","8","179073557.34","179073567.52939999","10.189399987459183","5.5058000087738037","2"
"points100000-sources3","gw","1","9","179073567.74599999","179073579.4941","11.748100012540817","5.4989999830722809","2"
"points100000-sources3","gw","1","10","179073579.6428","179073589.95750001","10.31470000743866","5.575300008058548","2"
"points100000-sources3","gw","1","11","179073590.14309999","179073599.92039999","9.7773000001907349","5.6877000033855438","2"
"points100000-sources3","gw","1","12","179073600.07730001","179073610.9474","10.870099991559982","5.4966999888420105","2"
"points100000-sources3","gw","1","13","179073611.09369999","179073622.06290001","10.969200015068054","5.6877000033855438","2"
"points100000-sources3","gw","1","14","179073622.25060001","179073632.61179999","10.361199975013733","5.9072999954223633","2"
"points100000-sources3","gw","1","15","179073632.757","179073643.6187","10.861699998378754","5.5178999900817871","2"
"points100000-sources3","gw","1","16","179073643.76030001","179073653.98890001","10.22859999537468","5.5040000081062317","2"
"points100000-sources3","gw","1","17","179073654.14320001","179073662.61430001","8.4711000025272369","5.6061000227928162","2"
"points100000-sources3","gw","1","18","179073662.75549999","179073673.00600001","10.250500023365021","5.4711000025272369","2"
"points100000-sources3","gw","1","19","179073673.15740001","179073683.097","9.9395999908447266","5.5929999947547913","2"
"points100000-sources3","gw","1","20","179073683.25909999","179073693.67879999","10.419699996709824","5.5565999746322632","2"
"points100000-sources3","gw","1","21","179073693.82460001","179073705.43830001","11.61370000243187","5.7106000185012817","2"
"points100000-sources3","gw","1","22","179073705.58329999","179073716.62419999","11.040899991989136","5.5383999943733215","2"
"points100000-sources3","gw","1","23","179073716.78290001","179073728.0751","11.292199999094009","5.7290000319480896","2"
"points100000-sources3","gw","1","24","179073728.2308","179073738.92449999","10.693699985742569","5.4936000108718872","2"
"points100000-sources3","gw","1","25","179073739.14320001","179073750.52810001","11.384900003671646","5.5001000165939331","2"
"points100000-sources3","gw","1","26","179073750.6979","179073762.13710001","11.439200013875961","5.5880000293254852","2"
"points100000-sources3","gw","1","27","179073762.28310001","179073771.25229999","8.9691999852657318","5.542199969291687","2"
"points100000-sources3","gw","1","28","179073771.4844","179073781.89520001","10.410800009965897","5.4823000133037567","2"
"points100000-sources3","gw","1","29","179073782.05630001","179073793.54980001","11.493499994277954","5.6912000179290771","2"
"points100000-sources3","gw","1","30","179073793.69069999","179073802.7554","9.0647000074386597","5.559799998998642","2"
"points100000-sources3","gw","1","31","179073802.9131","179073812.0158","9.1026999950408936","5.6315000057220459","2"
"points100000-sources3","gw","1","32","179073812.1582","179073822.30649999","10.148299992084503","5.6907000243663788","2"
"points100000-sources3","gw","1","33","179073822.45719999","179073830.75400001","8.2968000173568726","5.5426999926567078","2"
"points100000-sources3","gw","1","34","179073830.8926","179073842.76440001","11.871800005435944","7.1808000206947327","2"
"points100000-sources3","gw","1","35","179073842.90200001","179073854.48300001","11.581000000238419","5.5094000399112701","2"
"points100000-sources3","gw","1","36","179073854.63870001","179073863.43419999","8.7954999804496765","5.4891000092029572","2"
"points100000-sources3","gw","1","37","179073863.57640001","179073874.6857","11.10929998755455","5.508899986743927","2"
"points100000-sources3","gw","1","38","179073874.8263","179073886.9702","12.143900007009506","5.5269000232219696","2"
"points100000-sources3","gw","1","39","179073887.1469","179073896.36050001","9.2136000096797943","5.5245999991893768","2"
"points100000-sources3","gw","1","40","179073896.49649999","179073907.7164","11.219900012016296","5.4968999922275543","2"
"points100000-sources3","gw","1","41","179073907.9048","179073920.34470001","12.439900010824203","5.5814999938011169","2"
"points100000-sources3","gw","1","42","179073920.52219999","179073930.54080001","10.018600016832352","5.5631999671459198","2"
"points100000-sources3","gw","1","43","179073930.69479999","179073942.27599999","11.581200003623962","5.6271999776363373","2"
"points100000-sources3","gw","1","44","179073942.4589","179073955.36219999","12.903299987316132","5.7476000189781189","2"
"points100000-sources3","gw","1","45","179073955.5433","179073965.1374","9.5940999984741211","5.5976000130176544","2"
"points100000-sources3","gw","1","46","179073965.29100001","179073976.09850001","10.807500004768372","5.7960000038146973","2"
"points100000-sources3","gw","1","47","179073976.2534","179073985.91159999","9.6581999957561493","5.522599995136261","2"
"points100000-sources3","gw","1","48","179073986.07550001","179073996.3504","10.274899989366531","5.5684999823570251","2"
"points100000-sources3","gw","1","49","179073996.5291","179074006.111","9.5819000005722046","5.5999999940395355","2"
"points100000-sources3","gw","1","50","179074006.26320001","179074017.60069999","11.337499976158142","5.585999995470047","2"
"points100000-sources3","gw","1","51","179074017.78049999","179074028.0239","10.243400007486343","5.4819000065326691","2"
"points100000-sources3","gw","1","52","179074028.16420001","179074037.93979999","9.7755999863147736","5.5520000159740448","2"
"points100000-sources3","gw","1","53","179074038.079","179074049.42179999","11.342799991369247","5.479200005531311","2"
"points100000-sources3","gw","1","54","179074049.60139999","179074060.51440001","10.913000017404556","6.3684000074863434","2"
"points100000-sources3","gw","1","55","179074060.65669999","179074071.20469999","10.548000007867813","5.8104999959468842","2"
"points100000-sources3","gw","1","56","179074071.36320001","179074082.99559999","11.63239997625351","5.5947999954223633","2"
"points100000-sources3","gw","1","57","179074083.16549999","179074093.4382","10.272700011730194","5.76460000872612","2"
"points100000-sources3","gw","1","58","179074093.5909","179074102.35370001","8.762800008058548","5.6200000047683716","2"
"points100000-sources3","gw","1","59","179074102.5016","179074112.21970001","9.7181000113487244","5.4940000176429749","2"
"points100000-sources3","gw","1","60","179074112.35730001","179074122.06659999","9.7092999815940857","5.6381000280380249","2"
"points100000-sources3","gw","1","61","179074122.248","179074132.17919999","9.9311999976634979","5.5991999804973602","2"
"points100000-sources3","gw","1","62","179074132.32519999","179074143.42539999","11.100199997425079","5.5506000220775604","2"
"points100000-sources3","gw","1","63","179074143.5835","179074154.2836","10.700100004673004","5.5255000293254852","2"
"points100000-sources3","gw","1","64","179074154.46349999","179074165.05469999","10.591199994087219","6.2849999964237213","2"
"points100000-sources3","gw","1","65","179074165.22389999","179074176.45649999","11.232600003480911","5.5880999863147736","2"
"points100000-sources3","gw","1","66","179074176.6133","179074187.14669999","10.533399999141693","5.5354999899864197","2"
"points100000-sources3","gw","1","67","179074187.3197","179074197.6873","10.367599993944168","5.6611000001430511","2"
"points100000-sources3","gw","1","68","179074197.8603","179074209.11700001","11.25670000910759","5.4666000008583069","2"
"points100000-sources3","gw","1","69","179074209.255","179074220.40889999","11.153899997472763","5.8379999995231628","2"
"points100000-sources3","gw","1","70","179074220.57859999","179074231.44279999","10.864199995994568","5.5873000025749207","2"
"points100000-sources3","gw","1","71","179074231.59830001","179074240.55680001","8.9584999978542328","5.5485000014305115","2"
"points100000-sources3","gw","1","72","179074240.7735","179074251.53560001","10.762100011110306","5.5030999779701233","2"
"points100000-sources3","gw","1","73","179074251.6954","179074261.986","10.290600001811981","5.6536000072956085","2"
"points100000-sources3","gw","1","74","179074262.13420001","179074271.678","9.5437999963760376","5.8285999894142151","2"
"points100000-sources3","gw","1","75","179074271.88150001","179074283.33660001","11.455099999904633","6.0579999685287476","2"
"points100000-sources3","gw","1","76","179074283.5169","179074294.7112","11.1942999958992","5.574400007724762","2"
"points100000-sources3","gw","1","77","179074294.8599","179074304.3531","9.4932000041007996","5.5175999999046326","2"
"points100000-sources3","gw","1","78","179074304.50440001","179074315.48899999","10.984599977731705","5.5002000033855438","2"
"points100000-sources3","gw","1","79","179074315.65020001","179074326.0359","10.385699987411499","5.6147000193595886","2"
"points100000-sources3","gw","1","80","179074326.18489999","179074335.77720001","9.5923000276088715","5.6997999846935272","2"
"points100000-sources3","gw","1","81","179074335.93849999","179074346.19890001","10.260400027036667","5.4812000095844269","2"
"points100000-sources3","gw","1","82","179074346.32749999","179074357.0508","10.723300009965897","5.5361000001430511","2"
"points100000-sources3","gw","1","83","179074357.20770001","179074367.6622","10.454499989748001","5.5873999893665314","2"
"points100000-sources3","gw","1","84","179074367.83790001","179074379.97659999","12.138699978590012","5.9873999953269958","2"
"points100000-sources3","gw","1","85","179074380.26969999","179074389.8035","9.5338000059127808","5.7077999711036682","2"
"points100000-sources3","gw","1","86","179074389.9707","179074398.9896","9.0189000070095062","5.5932999849319458","2"
"points100000-sources3","gw","1","87","179074399.1679","179074408.4048","9.2369000017642975","5.4733999967575073","2"
"points100000-sources3","gw","1","88","179074408.54280001","179074420.0794","11.53659999370575","5.8914999961853027","2"
"points100000-sources3","gw","1","89","179074420.2466","179074430.875","10.6283999979496","5.6990000009536743","2"
"points100000-sources3","gw","1","90","179074431.05070001","179074442.45750001","11.406800001859665","5.5024999976158142","2"
"points100000-sources3","gw","1","91","179074442.6002","179074451.6417","9.0415000021457672","5.5850000083446503","2"
"points100000-sources3","gw","1","92","179074451.79519999","179074461.19600001","9.4008000195026398","5.5546999871730804","2"
"points100000-sources3","gw","1","93","179074461.3339","179074471.7775","10.443599998950958","5.477400004863739","2"
"points100000-sources3","gw","1","94","179074471.9149","179074482.27059999","10.355699986219406","5.5493000149726868","2"
"points100000-sources3","gw","1","95","179074482.4269","179074492.79899999","10.372099995613098","5.5225000083446503","2"
"points100000-sources3","gw","1","96","179074492.9443","179074504.51840001","11.574100017547607","5.4704999923706055","2"
"points100000-sources3","gw","1","97","179074504.6733","179074514.21329999","9.5399999916553497","5.6876000165939331","2"
"points100000-sources3","gw","1","98","179074514.35949999","179074523.6564","9.2969000041484833","5.5755000114440918","2"
"points100000-sources3","gw","1","99","179074523.81799999","179074536.22710001","12.409100025892258","5.5633000135421753","2"
"points100000-sources3","gw","1","100","179074536.40380001","179074545.29840001","8.8946000039577484","5.540399968624115","2"
"points100000-sources3","gw","1","101","179074545.4463","179074553.94549999","8.4991999864578247","5.4976999759674072","2"
"points100000-sources3","gw","1","102","179074554.1006","179074563.80270001","9.70210000872612","5.6592000126838684","2"
"points100000-sources3","gw","1","103","179074563.95449999","179074572.8874","8.9329000115394592","5.609900027513504","2"
"points100000-sources3","gw","1","104","179074573.0661","179074583.76179999","10.695699989795685","5.7533999979496002","2"
"points100000-sources3","gw","1","105","179074583.93920001","179074593.14669999","9.2074999809265137","5.7298999726772308","2"
"points100000-sources3","gw","1","106","179074593.29449999","179074603.34099999","10.046499997377396","5.5721000134944916","2"
"points100000-sources3","gw","1","107","179074603.51230001","179074615.47620001","11.963899999856949","5.5801999866962433","2"
"points100000-sources3","gw","1","108","179074615.6561","179074626.67770001","11.021600008010864","5.5191999971866608","2"
"points100000-sources3","gw","1","109","179074626.83719999","179074637.74649999","10.909299999475479","5.5065999925136566","2"
"points100000-sources3","gw","1","110","179074637.8937","179074649.60049999","11.706799983978271","5.7395000159740448","2"
"points100000-sources3","gw","1","111","179074649.77079999","179074659.4878","9.7170000076293945","5.6066999733448029","2"
"points100000-sources3","gw","1","112","179074659.63679999","179074670.38260001","10.745800018310547","5.602899968624115","2"
"points100000-sources3","gw","1","113","179074670.5334","179074680.35030001","9.8169000148773193","5.4594999849796295","2"
"points100000-sources3","gw","1","114","179074680.4957","179074691.16080001","10.665100008249283","5.555400013923645","2"
"points100000-sources3","gw","1","115","179074691.34060001","179074701.89289999","10.552299976348877","5.5651000142097473","2"
"points100000-sources3","gw","1","116","179074702.051","179074710.46129999","8.4102999866008759","5.4717000126838684","2"
"points100000-sources3","gw","1","117","179074710.6661","179074721.20469999","10.538599997758865","5.5990999937057495","2"
"points100000-sources3","gw","1","118","179074721.37279999","179074731.49470001","10.121900022029877","5.5277999937534332","2"
"points100000-sources3","gw","1","119","179074731.65920001","179074740.83379999","9.1745999753475189","5.6342000067234039","2"
"points100000-sources3","gw","1","120","179074740.9707","179074752.16029999","11.189599990844727","5.5047999918460846","2"
"points100000-sources3","retained","1","1","179074807.17449999","179074810.00760001","2.8331000208854675","0","0"
"points100000-sources3","retained","1","2","179074810.18470001","179074812.95249999","2.767799973487854","0","0"
"points100000-sources3","retained","1","3","179074813.0959","179074815.8955","2.7996000051498413","0","0"
"points100000-sources3","retained","1","4","179074816.05649999","179074821.9558","5.8993000090122223","0","0"
"points100000-sources3","retained","1","5","179074822.10319999","179074825.2387","3.1355000138282776","0","0"
"points100000-sources3","retained","1","6","179074825.36379999","179074829.00310001","3.6393000185489655","0","0"
"points100000-sources3","retained","1","7","179074829.1257","179074833.16190001","4.0362000167369843","0","0"
"points100000-sources3","retained","1","8","179074833.29350001","179074837.7087","4.4151999950408936","0","0"
"points100000-sources3","retained","1","9","179074837.82949999","179074840.89089999","3.0613999962806702","0","0"
"points100000-sources3","retained","1","10","179074841.00130001","179074844.4763","3.4749999940395355","0","0"
"points100000-sources3","retained","1","11","179074844.5887","179074847.595","3.0063000023365021","0","0"
"points100000-sources3","retained","1","12","179074847.72170001","179074853.15149999","5.4297999739646912","0","0"
"points100000-sources3","retained","1","13","179074853.2764","179074856.4745","3.1981000006198883","0","0"
"points100000-sources3","retained","1","14","179074856.59630001","179074860.18349999","3.5871999859809875","0","0"
"points100000-sources3","retained","1","15","179074860.2931","179074863.80250001","3.5094000101089478","0","0"
"points100000-sources3","retained","1","16","179074863.9287","179074868.4111","4.4824000000953674","0","0"
"points100000-sources3","retained","1","17","179074868.5293","179074871.3545","2.8251999914646149","0","0"
"points100000-sources3","retained","1","18","179074871.4677","179074874.56690001","3.0992000102996826","0","0"
"points100000-sources3","retained","1","19","179074874.67930001","179074877.7863","3.1069999933242798","0","0"
"points100000-sources3","retained","1","20","179074877.8935","179074880.91530001","3.0218000113964081","0","0"
"points100000-sources3","retained","1","21","179074881.02880001","179074886.25619999","5.2273999750614166","0","0"
"points100000-sources3","retained","1","22","179074886.39950001","179074889.1866","2.7870999872684479","0","0"
"points100000-sources3","retained","1","23","179074889.31200001","179074893.01030001","3.6983000040054321","0","0"
"points100000-sources3","retained","1","24","179074893.12529999","179074896.89820001","3.7729000151157379","0","0"
"points100000-sources3","retained","1","25","179074897.01320001","179074903.21250001","6.1992999911308289","0","0"
"points100000-sources3","retained","1","26","179074903.3973","179074907.54840001","4.1511000096797943","0","0"
"points100000-sources3","retained","1","27","179074907.6882","179074911.33970001","3.651500016450882","0","0"
"points100000-sources3","retained","1","28","179074911.4718","179074917.08629999","5.6144999861717224","0","0"
"points100000-sources3","retained","1","29","179074917.2473","179074920.83129999","3.5839999914169312","0","0"
"points100000-sources3","retained","1","30","179074920.96849999","179074923.9867","3.018200010061264","0","0"
"points100000-sources3","retained","1","31","179074924.10839999","179074927.64669999","3.5383000075817108","0","0"
"points100000-sources3","retained","1","32","179074927.76179999","179074932.31549999","4.5537000000476837","0","0"
"points100000-sources3","retained","1","33","179074932.4914","179074937.51519999","5.0237999856472015","0","0"
"points100000-sources3","retained","1","34","179074937.64950001","179074940.95050001","3.3009999990463257","0","0"
"points100000-sources3","retained","1","35","179074941.06600001","179074944.421","3.3549999892711639","0","0"
"points100000-sources3","retained","1","36","179074944.53189999","179074949.4562","4.9243000149726868","0","0"
"points100000-sources3","retained","1","37","179074949.59909999","179074952.56659999","2.9675000011920929","0","0"
"points100000-sources3","retained","1","38","179074952.6934","179074955.68439999","2.9909999966621399","0","0"
"points100000-sources3","retained","1","39","179074955.81380001","179074958.61160001","2.7978000044822693","0","0"
"points100000-sources3","retained","1","40","179074958.72549999","179074962.69949999","3.9740000069141388","0","0"
"points100000-sources3","retained","1","41","179074962.81169999","179074966.2279","3.4162000119686127","0","0"
"points100000-sources3","retained","1","42","179074966.34619999","179074969.646","3.2998000085353851","0","0"
"points100000-sources3","retained","1","43","179074969.76109999","179074973.3506","3.5895000100135803","0","0"
"points100000-sources3","retained","1","44","179074973.5456","179074978.58629999","5.0406999886035919","0","0"
"points100000-sources3","retained","1","45","179074978.7017","179074983.97400001","5.2723000049591064","0","0"
"points100000-sources3","retained","1","46","179074984.10859999","179074987.32730001","3.2187000215053558","0","0"
"points100000-sources3","retained","1","47","179074987.45190001","179074991.2121","3.7601999938488007","0","0"
"points100000-sources3","retained","1","48","179074991.33680001","179074996.01460001","4.6777999997138977","0","0"
"points100000-sources3","retained","1","49","179074996.13330001","179075000.42950001","4.2962000072002411","0","0"
"points100000-sources3","retained","1","50","179075000.6873","179075005.01499999","4.3276999890804291","0","0"
"points100000-sources3","retained","1","51","179075005.14919999","179075010.0029","4.8537000119686127","0","0"
"points100000-sources3","retained","1","52","179075010.19279999","179075014.4145","4.2217000126838684","0","0"
"points100000-sources3","retained","1","53","179075014.542","179075018.50619999","3.9641999900341034","0","0"
"points100000-sources3","retained","1","54","179075018.62819999","179075021.87580001","3.2476000189781189","0","0"
"points100000-sources3","retained","1","55","179075021.9973","179075025.48069999","3.4833999872207642","0","0"
"points100000-sources3","retained","1","56","179075025.59259999","179075028.71959999","3.1270000040531158","0","0"
"points100000-sources3","retained","1","57","179075028.82620001","179075031.68509999","2.8588999807834625","0","0"
"points100000-sources3","retained","1","58","179075031.7974","179075034.5618","2.7644000053405762","0","0"
"points100000-sources3","retained","1","59","179075034.6708","179075037.3563","2.6854999959468842","0","0"
"points100000-sources3","retained","1","60","179075037.463","179075043.3321","5.8691000044345856","0","0"
"points100000-sources3","retained","1","61","179075043.4666","179075046.8249","3.3583000004291534","0","0"
"points100000-sources3","retained","1","62","179075046.9427","179075051.1006","4.1579000055789948","0","0"
"points100000-sources3","retained","1","63","179075051.24079999","179075055.13679999","3.8959999978542328","0","0"
"points100000-sources3","retained","1","64","179075055.26320001","179075059.95019999","4.6869999766349792","0","0"
"points100000-sources3","retained","1","65","179075060.0704","179075063.73379999","3.6633999943733215","0","0"
"points100000-sources3","retained","1","66","179075063.87470001","179075067.97420001","4.0995000004768372","0","0"
"points100000-sources3","retained","1","67","179075068.09490001","179075073.07679999","4.9818999767303467","0","0"
"points100000-sources3","retained","1","68","179075073.1945","179075077.4549","4.2603999972343445","0","0"
"points100000-sources3","retained","1","69","179075077.5837","179075081.1965","3.6128000020980835","0","0"
"points100000-sources3","retained","1","70","179075081.32980001","179075085.787","4.4571999907493591","0","0"
"points100000-sources3","retained","1","71","179075085.91760001","179075089.96950001","4.0518999993801117","0","0"
"points100000-sources3","retained","1","72","179075090.08570001","179075094.2473","4.1615999937057495","0","0"
"points100000-sources3","retained","1","73","179075094.36050001","179075097.01769999","2.6571999788284302","0","0"
"points100000-sources3","retained","1","74","179075097.1295","179075100.61559999","3.4860999882221222","0","0"
"points100000-sources3","retained","1","75","179075100.73640001","179075103.69890001","2.9625000059604645","0","0"
"points100000-sources3","retained","1","76","179075103.80860001","179075106.63859999","2.8299999833106995","0","0"
"points100000-sources3","retained","1","77","179075106.74790001","179075109.34189999","2.593999981880188","0","0"
"points100000-sources3","retained","1","78","179075109.45339999","179075113.00490001","3.5515000224113464","0","0"
"points100000-sources3","retained","1","79","179075113.11309999","179075117.29359999","4.1805000007152557","0","0"
"points100000-sources3","retained","1","80","179075117.42950001","179075122.05219999","4.6226999759674072","0","0"
"points100000-sources3","retained","1","81","179075122.17609999","179075126.2369","4.0608000159263611","0","0"
"points100000-sources3","retained","1","82","179075126.3592","179075130.03780001","3.678600013256073","0","0"
"points100000-sources3","retained","1","83","179075130.17480001","179075134.3152","4.1403999924659729","0","0"
"points100000-sources3","retained","1","84","179075134.4305","179075139.79300001","5.362500011920929","0","0"
"points100000-sources3","retained","1","85","179075139.90990001","179075143.47319999","3.5632999837398529","0","0"
"points100000-sources3","retained","1","86","179075143.58199999","179075146.95230001","3.3703000247478485","0","0"
"points100000-sources3","retained","1","87","179075147.09220001","179075151.35530001","4.2630999982357025","0","0"
"points100000-sources3","retained","1","88","179075151.5095","179075154.69499999","3.1854999959468842","0","0"
"points100000-sources3","retained","1","89","179075154.81150001","179075158.49849999","3.6869999766349792","0","0"
"points100000-sources3","retained","1","90","179075158.61759999","179075162.24649999","3.6288999915122986","0","0"
"points100000-sources3","retained","1","91","179075162.36359999","179075167.28729999","4.9237000048160553","0","0"
"points100000-sources3","retained","1","92","179075167.41530001","179075170.32859999","2.9132999777793884","0","0"
"points100000-sources3","retained","1","93","179075170.4452","179075174.40270001","3.9575000107288361","0","0"
"points100000-sources3","retained","1","94","179075174.51989999","179075178.24489999","3.7249999940395355","0","0"
"points100000-sources3","retained","1","95","179075178.3563","179075182.43360001","4.0773000121116638","0","0"
"points100000-sources3","retained","1","96","179075182.5627","179075186.0345","3.4717999994754791","0","0"
"points100000-sources3","retained","1","97","179075186.16420001","179075189.67340001","3.5092000067234039","0","0"
"points100000-sources3","retained","1","98","179075189.7818","179075193.39359999","3.6117999851703644","0","0"
"points100000-sources3","retained","1","99","179075193.5061","179075199.08559999","5.5794999897480011","0","0"
"points100000-sources3","retained","1","100","179075199.21360001","179075202.96619999","3.7525999844074249","0","0"
"points100000-sources3","retained","1","101","179075203.0819","179075206.49900001","3.4171000123023987","0","0"
"points100000-sources3","retained","1","102","179075206.6137","179075210.3863","3.772599995136261","0","0"
"points100000-sources3","retained","1","103","179075210.5219","179075216.28220001","5.7603000104427338","0","0"
"points100000-sources3","retained","1","104","179075216.44389999","179075220.03830001","3.594400018453598","0","0"
"points100000-sources3","retained","1","105","179075220.1503","179075223.98750001","3.8372000157833099","0","0"
"points100000-sources3","retained","1","106","179075224.09819999","179075229.00999999","4.9117999970912933","0","0"
"points100000-sources3","retained","1","107","179075229.12630001","179075232.48890001","3.3625999987125397","0","0"
"points100000-sources3","retained","1","108","179075232.62040001","179075236.64520001","4.0248000025749207","0","0"
"points100000-sources3","retained","1","109","179075236.77559999","179075240.4325","3.656900018453598","0","0"
"points100000-sources3","retained","1","110","179075240.5449","179075244.4174","3.8725000023841858","0","0"
"points100000-sources3","retained","1","111","179075244.5318","179075248.16420001","3.6324000060558319","0","0"
"points100000-sources3","retained","1","112","179075248.28740001","179075251.84900001","3.561599999666214","0","0"
"points100000-sources3","retained","1","113","179075251.96700001","179075255.54049999","3.5734999775886536","0","0"
"points100000-sources3","retained","1","114","179075255.64840001","179075260.2974","4.6489999890327454","0","0"
"points100000-sources3","retained","1","115","179075260.45190001","179075267.67469999","7.2227999866008759","0","0"
"points100000-sources3","retained","1","116","179075267.89219999","179075272.71180001","4.8196000158786774","0","0"
"points100000-sources3","retained","1","117","179075272.86399999","179075277.3028","4.4388000071048737","0","0"
"points100000-sources3","retained","1","118","179075277.4589","179075282.7721","5.3131999969482422","0","0"
"points100000-sources3","retained","1","119","179075282.96919999","179075289.46970001","6.5005000233650208","0","0"
"points100000-sources3","retained","1","120","179075289.64109999","179075292.86669999","3.225600004196167","0","0"
"points100000-sources3","retained","2","1","179075342.3696","179075345.912","3.5424000024795532","0","0"
"points100000-sources3","retained","2","2","179075346.09740001","179075351.52110001","5.4237000048160553","0","0"
"points100000-sources3","retained","2","3","179075351.7211","179075357.3409","5.6198000013828278","0","0"
"points100000-sources3","retained","2","4","179075357.47389999","179075361.05109999","3.5771999955177307","0","0"
"points100000-sources3","retained","2","5","179075361.15799999","179075364.95469999","3.7967000007629395","0","0"
"points100000-sources3","retained","2","6","179075365.0783","179075367.9628","2.8844999969005585","0","0"
"points100000-sources3","retained","2","7","179075368.08109999","179075370.9289","2.8478000164031982","0","0"
"points100000-sources3","retained","2","8","179075371.0476","179075374.25","3.2023999989032745","0","0"
"points100000-sources3","retained","2","9","179075374.3563","179075377.213","2.8567000031471252","0","0"
"points100000-sources3","retained","2","10","179075377.34099999","179075380.17680001","2.8358000218868256","0","0"
"points100000-sources3","retained","2","11","179075380.3926","179075384.4091","4.0164999961853027","0","0"
"points100000-sources3","retained","2","12","179075384.5605","179075390.11939999","5.558899998664856","0","0"
"points100000-sources3","retained","2","13","179075390.25229999","179075394.36449999","4.112199991941452","0","0"
"points100000-sources3","retained","2","14","179075394.48050001","179075400.38519999","5.904699981212616","0","0"
"points100000-sources3","retained","2","15","179075400.55399999","179075405.6318","5.0778000056743622","0","0"
"points100000-sources3","retained","2","16","179075405.77059999","179075409.4122","3.6416000127792358","0","0"
"points100000-sources3","retained","2","17","179075409.53279999","179075414.09689999","4.5640999972820282","0","0"
"points100000-sources3","retained","2","18","179075414.24200001","179075420.9298","6.6877999901771545","0","0"
"points100000-sources3","retained","2","19","179075421.14820001","179075425.28","4.1317999958992004","0","0"
"points100000-sources3","retained","2","20","179075425.4337","179075429.52779999","4.0940999984741211","0","0"
"points100000-sources3","retained","2","21","179075429.64930001","179075434.9427","5.29339998960495","0","0"
"points100000-sources3","retained","2","22","179075435.09020001","179075438.49430001","3.4041000008583069","0","0"
"points100000-sources3","retained","2","23","179075438.62009999","179075441.7518","3.1317000091075897","0","0"
"points100000-sources3","retained","2","24","179075441.86880001","179075444.89919999","3.0303999781608582","0","0"
"points100000-sources3","retained","2","25","179075445.01859999","179075449.93020001","4.9116000235080719","0","0"
"points100000-sources3","retained","2","26","179075450.0634","179075452.90619999","2.8427999913692474","0","0"
"points100000-sources3","retained","2","27","179075453.0363","179075455.6541","2.6177999973297119","0","0"
"points100000-sources3","retained","2","28","179075455.77070001","179075459.405","3.6342999935150146","0","0"
"points100000-sources3","retained","2","29","179075459.5257","179075463.89930001","4.3736000061035156","0","0"
"points100000-sources3","retained","2","30","179075464.01249999","179075468.8915","4.8790000081062317","0","0"
"points100000-sources3","retained","2","31","179075469.00830001","179075472.6742","3.6658999919891357","0","0"
"points100000-sources3","retained","2","32","179075472.7881","179075476.52590001","3.7378000020980835","0","0"
"points100000-sources3","retained","2","33","179075476.64289999","179075482.22589999","5.5830000042915344","0","0"
"points100000-sources3","retained","2","34","179075482.38119999","179075486.1823","3.8011000156402588","0","0"
"points100000-sources3","retained","2","35","179075486.3114","179075490.08739999","3.7759999930858612","0","0"
"points100000-sources3","retained","2","36","179075490.21529999","179075495.3017","5.0864000022411346","0","0"
"points100000-sources3","retained","2","37","179075495.4224","179075500.70159999","5.2791999876499176","0","0"
"points100000-sources3","retained","2","38","179075500.83899999","179075504.69499999","3.8560000061988831","0","0"
"points100000-sources3","retained","2","39","179075504.81799999","179075509.57910001","4.7611000239849091","0","0"
"points100000-sources3","retained","2","40","179075509.69819999","179075512.4754","2.7772000133991241","0","0"
"points100000-sources3","retained","2","41","179075512.58790001","179075516.08860001","3.5006999969482422","0","0"
"points100000-sources3","retained","2","42","179075516.2155","179075519.03780001","2.8223000168800354","0","0"
"points100000-sources3","retained","2","43","179075519.16440001","179075522.02500001","2.8605999946594238","0","0"
"points100000-sources3","retained","2","44","179075522.1347","179075525.19159999","3.0568999946117401","0","0"
"points100000-sources3","retained","2","45","179075525.30430001","179075528.47060001","3.1662999987602234","0","0"
"points100000-sources3","retained","2","46","179075528.58570001","179075531.8865","3.3007999956607819","0","0"
"points100000-sources3","retained","2","47","179075532.00279999","179075534.97499999","2.9722000062465668","0","0"
"points100000-sources3","retained","2","48","179075535.09529999","179075538.72369999","3.6283999979496002","0","0"
"points100000-sources3","retained","2","49","179075538.83590001","179075543.58590001","4.75","0","0"
"points100000-sources3","retained","2","50","179075543.73210001","179075547.3804","3.6482999920845032","0","0"
"points100000-sources3","retained","2","51","179075547.53929999","179075551.15079999","3.6114999949932098","0","0"
"points100000-sources3","retained","2","52","179075551.31959999","179075555.17750001","3.8579000234603882","0","0"
"points100000-sources3","retained","2","53","179075555.31920001","179075559.91980001","4.600600004196167","0","0"
"points100000-sources3","retained","2","54","179075560.04890001","179075563.8175","3.7685999870300293","0","0"
"points100000-sources3","retained","2","55","179075563.98050001","179075568.07550001","4.0949999988079071","0","0"
"points100000-sources3","retained","2","56","179075568.21950001","179075574.9391","6.7195999920368195","0","0"
"points100000-sources3","retained","2","57","179075575.09709999","179075578.96970001","3.8726000189781189","0","0"
"points100000-sources3","retained","2","58","179075579.1056","179075583.373","4.2673999965190887","0","0"
"points100000-sources3","retained","2","59","179075583.52239999","179075586.79609999","3.2736999988555908","0","0"
"points100000-sources3","retained","2","60","179075586.99630001","179075590.58450001","3.5882000029087067","0","0"
"points100000-sources3","retained","2","61","179075590.71700001","179075593.49070001","2.7736999988555908","0","0"
"points100000-sources3","retained","2","62","179075593.6099","179075596.59529999","2.98539999127388","0","0"
"points100000-sources3","retained","2","63","179075596.76910001","179075599.63299999","2.8638999760150909","0","0"
"points100000-sources3","retained","2","64","179075599.7536","179075602.61970001","2.866100013256073","0","0"
"points100000-sources3","retained","2","65","179075602.73300001","179075607.55039999","4.8173999786376953","0","0"
"points100000-sources3","retained","2","66","179075607.7265","179075611.70070001","3.9742000102996826","0","0"
"points100000-sources3","retained","2","67","179075611.84940001","179075615.25490001","3.4054999947547913","0","0"
"points100000-sources3","retained","2","68","179075615.42590001","179075620.72319999","5.2972999811172485","0","0"
"points100000-sources3","retained","2","69","179075620.90189999","179075625.98289999","5.0810000002384186","0","0"
"points100000-sources3","retained","2","70","179075626.12709999","179075629.8917","3.76460000872612","0","0"
"points100000-sources3","retained","2","71","179075630.0939","179075635.1859","5.0920000076293945","0","0"
"points100000-sources3","retained","2","72","179075635.3303","179075640.90939999","5.5790999829769135","0","0"
"points100000-sources3","retained","2","73","179075641.0266","179075644.1586","3.1319999992847443","0","0"
"points100000-sources3","retained","2","74","179075644.26820001","179075647.7978","3.5295999944210052","0","0"
"points100000-sources3","retained","2","75","179075647.91190001","179075651.83250001","3.9205999970436096","0","0"
"points100000-sources3","retained","2","76","179075651.9962","179075655.70199999","3.7057999968528748","0","0"
"points100000-sources3","retained","2","77","179075655.83770001","179075659.4589","3.6211999952793121","0","0"
"points100000-sources3","retained","2","78","179075659.5751","179075662.87799999","3.3028999865055084","0","0"
"points100000-sources3","retained","2","79","179075663.00189999","179075666.0652","3.0633000135421753","0","0"
"points100000-sources3","retained","2","80","179075666.18970001","179075670.7085","4.5187999904155731","0","0"
"points100000-sources3","retained","2","81","179075670.83329999","179075673.57620001","2.742900013923645","0","0"
"points100000-sources3","retained","2","82","179075673.69499999","179075676.35499999","2.6599999964237213","0","0"
"points100000-sources3","retained","2","83","179075676.46669999","179075679.76539999","3.2987000048160553","0","0"
"points100000-sources3","retained","2","84","179075679.87810001","179075683.91850001","4.0403999984264374","0","0"
"points100000-sources3","retained","2","85","179075684.0763","179075687.6627","3.5864000022411346","0","0"
"points100000-sources3","retained","2","86","179075687.80250001","179075691.1654","3.3628999888896942","0","0"
"points100000-sources3","retained","2","87","179075691.28839999","179075694.37599999","3.0875999927520752","0","0"
"points100000-sources3","retained","2","88","179075694.4862","179075699.1532","4.6669999957084656","0","0"
"points100000-sources3","retained","2","89","179075699.29929999","179075705.16980001","5.8705000281333923","0","0"
"points100000-sources3","retained","2","90","179075705.30669999","179075708.93669999","3.6299999952316284","0","0"
"points100000-sources3","retained","2","91","179075709.0609","179075712.08450001","3.0236000120639801","0","0"
"points100000-sources3","retained","2","92","179075712.19980001","179075719.3779","7.1780999898910522","0","0"
"points100000-sources3","retained","2","93","179075719.53439999","179075722.98550001","3.4511000216007233","0","0"
"points100000-sources3","retained","2","94","179075723.12189999","179075726.49059999","3.3686999976634979","0","0"
"points100000-sources3","retained","2","95","179075726.6142","179075730.06240001","3.4482000172138214","0","0"
"points100000-sources3","retained","2","96","179075730.2049","179075733.52950001","3.3246000111103058","0","0"
"points100000-sources3","retained","2","97","179075733.6507","179075736.49970001","2.8490000069141388","0","0"
"points100000-sources3","retained","2","98","179075736.61579999","179075739.5487","2.9329000115394592","0","0"
"points100000-sources3","retained","2","99","179075739.66479999","179075742.55090001","2.8861000239849091","0","0"
"points100000-sources3","retained","2","100","179075742.66249999","179075746.65009999","3.9875999987125397","0","0"
"points100000-sources3","retained","2","101","179075746.81470001","179075749.71799999","2.9032999873161316","0","0"
"points100000-sources3","retained","2","102","179075749.86790001","179075752.6187","2.7507999837398529","0","0"
"points100000-sources3","retained","2","103","179075752.74180001","179075756.285","3.5431999862194061","0","0"
"points100000-sources3","retained","2","104","179075756.41319999","179075760.16209999","3.7488999962806702","0","0"
"points100000-sources3","retained","2","105","179075760.285","179075765.7525","5.4675000011920929","0","0"
"points100000-sources3","retained","2","106","179075765.88569999","179075769.6974","3.8117000162601471","0","0"
"points100000-sources3","retained","2","107","179075769.87360001","179075773.72","3.8463999927043915","0","0"
"points100000-sources3","retained","2","108","179075773.852","179075778.13699999","4.2849999964237213","0","0"
"points100000-sources3","retained","2","109","179075778.25960001","179075782.5571","4.2974999845027924","0","0"
"points100000-sources3","retained","2","110","179075782.74340001","179075786.2577","3.5142999887466431","0","0"
"points100000-sources3","retained","2","111","179075786.37740001","179075789.89919999","3.5217999815940857","0","0"
"points100000-sources3","retained","2","112","179075790.01179999","179075795.35319999","5.3413999974727631","0","0"
"points100000-sources3","retained","2","113","179075795.4745","179075800.65689999","5.1823999881744385","0","0"
"points100000-sources3","retained","2","114","179075800.82339999","179075804.54460001","3.72120001912117","0","0"
"points100000-sources3","retained","2","115","179075804.6785","179075807.87400001","3.1955000162124634","0","0"
"points100000-sources3","retained","2","116","179075807.99900001","179075812.40619999","4.4071999788284302","0","0"
"points100000-sources3","retained","2","117","179075812.52950001","179075815.90709999","3.3775999844074249","0","0"
"points100000-sources3","retained","2","118","179075816.0517","179075819.234","3.1823000013828278","0","0"
"points100000-sources3","retained","2","119","179075819.41769999","179075822.26840001","2.8507000207901001","0","0"
"points100000-sources3","retained","2","120","179075822.41029999","179075826.0007","3.5904000103473663","0","0"
"points100000-sources3","gw","2","1","179075964.96950001","179075974.30790001","9.3384000062942505","5.4672999978065491","2"
"points100000-sources3","gw","2","2","179075974.49349999","179075982.76609999","8.272599995136261","5.4808000028133392","2"
"points100000-sources3","gw","2","3","179075982.92680001","179075993.255","10.328199982643127","5.4689000248908997","2"
"points100000-sources3","gw","2","4","179075993.40979999","179076002.9425","9.5327000021934509","5.5690999925136566","2"
"points100000-sources3","gw","2","5","179076003.10789999","179076013.03920001","9.931300014257431","5.6135000288486481","2"
"points100000-sources3","gw","2","6","179076013.19279999","179076024.68149999","11.48870000243187","5.63960000872612","2"
"points100000-sources3","gw","2","7","179076024.83450001","179076035.16060001","10.326099991798401","5.601500004529953","2"
"points100000-sources3","gw","2","8","179076035.32679999","179076045.53529999","10.208499997854233","5.4812999963760376","2"
"points100000-sources3","gw","2","9","179076045.69190001","179076058.25150001","12.559599995613098","5.5746999979019165","2"
"points100000-sources3","gw","2","10","179076058.44459999","179076067.70039999","9.2558000087738037","5.5964999794960022","2"
"points100000-sources3","gw","2","11","179076067.8513","179076078.93059999","11.079299986362457","5.7590000033378601","2"
"points100000-sources3","gw","2","12","179076079.07179999","179076088.8946","9.8228000104427338","5.5480999946594238","2"
"points100000-sources3","gw","2","13","179076089.0526","179076099.92789999","10.875299990177155","5.5336999595165253","2"
"points100000-sources3","gw","2","14","179076100.10339999","179076110.72099999","10.617599993944168","5.5718999803066254","2"
"points100000-sources3","gw","2","15","179076110.85330001","179076119.19409999","8.3407999873161316","5.4865999817848206","2"
"points100000-sources3","gw","2","16","179076119.39570001","179076128.43610001","9.0403999984264374","5.46670001745224","2"
"points100000-sources3","gw","2","17","179076128.5679","179076137.34169999","8.7737999856472015","5.5080000162124634","2"
"points100000-sources3","gw","2","18","179076137.48890001","179076147.6198","10.130899995565414","5.4877000153064728","2"
"points100000-sources3","gw","2","19","179076147.76930001","179076159.8382","12.068899989128113","5.5200999975204468","2"
"points100000-sources3","gw","2","20","179076160.05509999","179076169.167","9.1119000017642975","5.4865999817848206","2"
"points100000-sources3","gw","2","21","179076169.32100001","179076178.47690001","9.1559000015258789","5.4628999829292297","2"
"points100000-sources3","gw","2","22","179076178.64070001","179076188.69850001","10.057799994945526","5.551800012588501","2"
"points100000-sources3","gw","2","23","179076188.84330001","179076198.84349999","10.000199973583221","5.6897000074386597","2"
"points100000-sources3","gw","2","24","179076198.98899999","179076209.8646","10.875600010156631","5.5047999918460846","2"
"points100000-sources3","gw","2","25","179076210.0045","179076221.28870001","11.284200012683868","5.5073000192642212","2"
"points100000-sources3","gw","2","26","179076221.45840001","179076230.86269999","9.4042999744415283","5.6308999955654144","2"
"points100000-sources3","gw","2","27","179076231.00999999","179076240.11840001","9.1084000170230865","5.5320000052452087","2"
"points100000-sources3","gw","2","28","179076240.27739999","179076251.10890001","10.831500023603439","6.1462999880313873","2"
"points100000-sources3","gw","2","29","179076251.287","179076260.98570001","9.6987000107765198","5.8131999969482422","2"
"points100000-sources3","gw","2","30","179076261.1437","179076272.48649999","11.342799991369247","5.7398000061511993","2"
"points100000-sources3","gw","2","31","179076272.6365","179076281.93900001","9.3025000095367432","6.0361000001430511","2"
"points100000-sources3","gw","2","32","179076282.0968","179076291.22209999","9.1252999901771545","5.6471000015735626","2"
"points100000-sources3","gw","2","33","179076291.43239999","179076302.46779999","11.035400003194809","5.9993999898433685","2"
"points100000-sources3","gw","2","34","179076302.62189999","179076312.27239999","9.6504999995231628","5.4477999806404114","2"
"points100000-sources3","gw","2","35","179076312.41280001","179076321.75189999","9.3390999734401703","5.4691999852657318","2"
"points100000-sources3","gw","2","36","179076321.89840001","179076333.3427","11.4442999958992","5.5557000041007996","2"
"points100000-sources3","gw","2","37","179076333.51140001","179076343.4418","9.9303999841213226","5.4828999936580658","2"
"points100000-sources3","gw","2","38","179076343.56510001","179076352.36219999","8.7970999777317047","5.4654999971389771","2"
"points100000-sources3","gw","2","39","179076352.52540001","179076363.5794","11.053999990224838","5.6038000285625458","2"
"points100000-sources3","gw","2","40","179076363.7811","179076373.2299","9.4487999975681305","5.4805000126361847","2"
"points100000-sources3","gw","2","41","179076373.3743","179076384.81619999","11.441899985074997","5.4623999893665314","2"
"points100000-sources3","gw","2","42","179076384.97009999","179076393.88049999","8.910400003194809","5.4941000044345856","2"
"points100000-sources3","gw","2","43","179076394.02000001","179076403.7085","9.6884999871253967","5.6793999671936035","2"
"points100000-sources3","gw","2","44","179076403.85890001","179076414.46450001","10.605599999427795","5.5462000370025635","2"
"points100000-sources3","gw","2","45","179076414.62259999","179076424.81650001","10.193900018930435","5.6000999808311462","2"
"points100000-sources3","gw","2","46","179076424.97659999","179076434.08770001","9.1111000180244446","5.5859000086784363","2"
"points100000-sources3","gw","2","47","179076434.23609999","179076443.02000001","8.7839000225067139","5.5519999861717224","2"
"points100000-sources3","gw","2","48","179076443.15689999","179076451.6803","8.5234000086784363","5.5316000282764435","2"
"points100000-sources3","gw","2","49","179076451.8249","179076461.89320001","10.068300008773804","5.5083999931812286","2"
"points100000-sources3","gw","2","50","179076462.03650001","179076473.67820001","11.641699999570847","5.997299998998642","2"
"points100000-sources3","gw","2","51","179076473.9294","179076483.3319","9.4025000035762787","5.583899974822998","2"
"points100000-sources3","gw","2","52","179076483.51820001","179076493.46309999","9.9448999762535095","5.455700010061264","2"
"points100000-sources3","gw","2","53","179076493.5943","179076504.4129","10.818599998950958","5.5357000231742859","2"
"points100000-sources3","gw","2","54","179076504.56130001","179076514.17840001","9.6171000003814697","5.5523000061511993","2"
"points100000-sources3","gw","2","55","179076514.3434","179076526.08360001","11.740200012922287","5.5057999789714813","2"
"points100000-sources3","gw","2","56","179076526.22080001","179076535.29120001","9.0703999996185303","5.6107999682426453","2"
"points100000-sources3","gw","2","57","179076535.42269999","179076544.86719999","9.4444999992847443","5.5521000027656555","2"
"points100000-sources3","gw","2","58","179076545.00960001","179076557.36610001","12.356499999761581","5.552899956703186","2"
"points100000-sources3","gw","2","59","179076557.55419999","179076567.829","10.274800002574921","5.5048999786376953","2"
"points100000-sources3","gw","2","60","179076568.0237","179076579.64120001","11.617500007152557","7.2946000099182129","2"
"points100000-sources3","gw","2","61","179076579.80309999","179076591.49129999","11.688199996948242","5.6319000124931335","2"
"points100000-sources3","gw","2","62","179076591.6692","179076601.2965","9.6272999942302704","5.4910999834537506","2"
"points100000-sources3","gw","2","63","179076601.45230001","179076610.29969999","8.8473999798297882","5.7725000083446503","2"
"points100000-sources3","gw","2","64","179076610.42399999","179076621.02000001","10.596000015735626","5.5823999643325806","2"
"points100000-sources3","gw","2","65","179076621.19220001","179076631.64030001","10.448100000619888","5.6546000242233276","2"
"points100000-sources3","gw","2","66","179076631.79499999","179076641.05840001","9.2634000182151794","5.6117999851703644","2"
"points100000-sources3","gw","2","67","179076641.18790001","179076652.3712","11.183299988508224","5.4946999847888947","2"
"points100000-sources3","gw","2","68","179076652.52869999","179076663.63499999","11.106299996376038","5.5316999852657318","2"
"points100000-sources3","gw","2","69","179076663.8547","179076675.12549999","11.270799994468689","5.4654000103473663","2"
"points100000-sources3","gw","2","70","179076675.28049999","179076686.69260001","11.41210001707077","6.0533999800682068","2"
"points100000-sources3","gw","2","71","179076686.88150001","179076697.84540001","10.963899999856949","5.6092000305652618","2"
"points100000-sources3","gw","2","72","179076698.00889999","179076708.8989","10.890000015497208","5.5568000078201294","2"
"points100000-sources3","gw","2","73","179076709.05809999","179076719.97400001","10.915900021791458","5.4934999644756317","2"
"points100000-sources3","gw","2","74","179076720.25529999","179076730.45100001","10.195700019598007","5.51910001039505","2"
"points100000-sources3","gw","2","75","179076730.6011","179076740.6645","10.063400000333786","5.607399970293045","2"
"points100000-sources3","gw","2","76","179076740.80680001","179076750.00150001","9.1947000026702881","5.7941000163555145","2"
"points100000-sources3","gw","2","77","179076750.17460001","179076759.56259999","9.3879999816417694","5.5342999994754791","2"
"points100000-sources3","gw","2","78","179076759.70100001","179076770.24880001","10.547800004482269","5.5781999826431274","2"
"points100000-sources3","gw","2","79","179076770.41330001","179076780.85370001","10.440400004386902","5.5534999668598175","2"
"points100000-sources3","gw","2","80","179076781.0059","179076791.68579999","10.679899990558624","5.5627000033855438","2"
"points100000-sources3","gw","2","81","179076791.84279999","179076805.73460001","13.89180001616478","6.7942000329494476","2"
"points100000-sources3","gw","2","82","179076805.92719999","179076816.51699999","10.589800000190735","5.5489999949932098","2"
"points100000-sources3","gw","2","83","179076816.69190001","179076827.0318","10.339899986982346","5.6922999918460846","2"
"points100000-sources3","gw","2","84","179076827.18309999","179076839.34830001","12.165200024843216","5.496399998664856","2"
"points100000-sources3","gw","2","85","179076839.57089999","179076849.76679999","10.195899993181229","5.5447999835014343","2"
"points100000-sources3","gw","2","86","179076849.95210001","179076861.06259999","11.110499978065491","5.5336999893188477","2"
"points100000-sources3","gw","2","87","179076861.23199999","179076872.3177","11.085700005292892","5.4995000064373016","2"
"points100000-sources3","gw","2","88","179076872.47350001","179076882.8924","10.418899983167648","5.5604000091552734","2"
"points100000-sources3","gw","2","89","179076883.0587","179076893.59619999","10.537499994039536","5.6083999872207642","2"
"points100000-sources3","gw","2","90","179076893.8105","179076903.2656","9.4550999999046326","5.5391999781131744","2"
"points100000-sources3","gw","2","91","179076903.428","179076914.40580001","10.977800011634827","6.9360000193119049","2"
"points100000-sources3","gw","2","92","179076914.5801","179076923.2703","8.690200001001358","5.5648000240325928","2"
"points100000-sources3","gw","2","93","179076923.4278","179076933.7105","10.282700002193451","5.5124999582767487","2"
"points100000-sources3","gw","2","94","179076933.84439999","179076944.81479999","10.970400005578995","5.5281000137329102","2"
"points100000-sources3","gw","2","95","179076944.95070001","179076955.02689999","10.076199978590012","5.6031000018119812","2"
"points100000-sources3","gw","2","96","179076955.20050001","179076966.2615","11.060999989509583","5.4901999831199646","2"
"points100000-sources3","gw","2","97","179076966.405","179076976.24239999","9.8373999893665314","5.4846000075340271","2"
"points100000-sources3","gw","2","98","179076976.36750001","179076987.1706","10.803099989891052","5.6017999947071075","2"
"points100000-sources3","gw","2","99","179076987.33109999","179076998.23590001","10.904800027608871","5.4887999892234802","2"
"points100000-sources3","gw","2","100","179076998.39899999","179077008.66080001","10.261800020933151","5.496099978685379","2"
"points100000-sources3","gw","2","101","179077008.80579999","179077020.04269999","11.236900001764297","5.5883999764919281","2"
"points100000-sources3","gw","2","102","179077020.21709999","179077031.89969999","11.682599991559982","5.7129000127315521","2"
"points100000-sources3","gw","2","103","179077032.05239999","179077042.9082","10.855800002813339","5.4859999716281891","2"
"points100000-sources3","gw","2","104","179077043.06690001","179077053.8001","10.73319998383522","5.6051999926567078","2"
"points100000-sources3","gw","2","105","179077053.99290001","179077062.9154","8.9224999845027924","5.6008000075817108","2"
"points100000-sources3","gw","2","106","179077063.29030001","179077072.86739999","9.5770999789237976","5.488400012254715","2"
"points100000-sources3","gw","2","107","179077073.021","179077081.78850001","8.7675000131130219","5.5633000433444977","2"
"points100000-sources3","gw","2","108","179077081.93599999","179077091.84729999","9.911300003528595","5.4984999895095825","2"
"points100000-sources3","gw","2","109","179077091.979","179077102.7462","10.767199993133545","5.5201999843120575","2"
"points100000-sources3","gw","2","110","179077102.93189999","179077113.12850001","10.196600019931793","5.6893999874591827","2"
"points100000-sources3","gw","2","111","179077113.27509999","179077124.8299","11.554800003767014","5.5417999923229218","2"
"points100000-sources3","gw","2","112","179077124.9795","179077135.78439999","10.804899990558624","5.4858999848365784","2"
"points100000-sources3","gw","2","113","179077135.94659999","179077145.2044","9.2578000128269196","5.5248999893665314","2"
"points100000-sources3","gw","2","114","179077145.35569999","179077157.65540001","12.299700021743774","5.7604999840259552","2"
"points100000-sources3","gw","2","115","179077157.81459999","179077168.14309999","10.328500002622604","5.453900009393692","2"
"points100000-sources3","gw","2","116","179077168.28510001","179077179.00999999","10.724899977445602","5.5464999675750732","2"
"points100000-sources3","gw","2","117","179077179.1564","179077188.88240001","9.7260000109672546","5.5187999904155731","2"
"points100000-sources3","gw","2","118","179077189.03760001","179077199.70359999","10.665999978780746","5.7213999927043915","2"
"points100000-sources3","gw","2","119","179077199.875","179077210.41420001","10.539200007915497","5.5367999970912933","2"
"points100000-sources3","gw","2","120","179077210.55540001","179077219.26530001","8.7098999917507172","5.5573000013828278","2"
"points100000-sources3","off","2","1","179077269.7613","179077273.1699","3.4086000025272369","0","0"
"points100000-sources3","off","2","2","179077273.33059999","179077276.5763","3.2457000017166138","0","0"
"points100000-sources3","off","2","3","179077276.69960001","179077279.75619999","3.0565999746322632","0","0"
"points100000-sources3","off","2","4","179077279.88609999","179077283.54809999","3.6620000004768372","0","0"
"points100000-sources3","off","2","5","179077283.69580001","179077287.13890001","3.4431000053882599","0","0"
"points100000-sources3","off","2","6","179077287.2701","179077289.85600001","2.5859000086784363","0","0"
"points100000-sources3","off","2","7","179077289.97490001","179077292.84999999","2.8750999867916107","0","0"
"points100000-sources3","off","2","8","179077292.9632","179077295.7647","2.801499992609024","0","0"
"points100000-sources3","off","2","9","179077295.88139999","179077298.77590001","2.8945000171661377","0","0"
"points100000-sources3","off","2","10","179077298.94229999","179077303.97569999","5.0333999991416931","0","0"
"points100000-sources3","off","2","11","179077304.1406","179077307.71090001","3.5703000128269196","0","0"
"points100000-sources3","off","2","12","179077307.85499999","179077311.58160001","3.7266000211238861","0","0"
"points100000-sources3","off","2","13","179077311.8272","179077317.26350001","5.4363000094890594","0","0"
"points100000-sources3","off","2","14","179077317.4894","179077322.574","5.0846000015735626","0","0"
"points100000-sources3","off","2","15","179077322.73550001","179077326.89559999","4.160099983215332","0","0"
"points100000-sources3","off","2","16","179077327.12799999","179077330.822","3.6940000057220459","0","0"
"points100000-sources3","off","2","17","179077330.96560001","179077336.58160001","5.6159999966621399","0","0"
"points100000-sources3","off","2","18","179077336.72279999","179077340.25510001","3.5323000252246857","0","0"
"points100000-sources3","off","2","19","179077340.39219999","179077343.24200001","2.8498000204563141","0","0"
"points100000-sources3","off","2","20","179077343.3601","179077346.83410001","3.4740000069141388","0","0"
"points100000-sources3","off","2","21","179077346.98120001","179077352.3391","5.3578999936580658","0","0"
"points100000-sources3","off","2","22","179077352.50490001","179077356.1437","3.6387999951839447","0","0"
"points100000-sources3","off","2","23","179077356.26409999","179077359.2624","2.9983000159263611","0","0"
"points100000-sources3","off","2","24","179077359.37380001","179077362.02250001","2.6486999988555908","0","0"
"points100000-sources3","off","2","25","179077362.1665","179077366.66659999","4.5000999867916107","0","0"
"points100000-sources3","off","2","26","179077366.78979999","179077369.52829999","2.7384999990463257","0","0"
"points100000-sources3","off","2","27","179077369.64649999","179077372.1688","2.5223000049591064","0","0"
"points100000-sources3","off","2","28","179077372.28209999","179077375.7071","3.425000011920929","0","0"
"points100000-sources3","off","2","29","179077375.81999999","179077379.70660001","3.8866000175476074","0","0"
"points100000-sources3","off","2","30","179077379.81439999","179077385.40709999","5.5927000045776367","0","0"
"points100000-sources3","off","2","31","179077385.58149999","179077389.1189","3.5374000072479248","0","0"
"points100000-sources3","off","2","32","179077389.22729999","179077392.30379999","3.0764999985694885","0","0"
"points100000-sources3","off","2","33","179077392.41580001","179077397.65200001","5.2362000048160553","0","0"
"points100000-sources3","off","2","34","179077397.7753","179077401.61939999","3.8440999984741211","0","0"
"points100000-sources3","off","2","35","179077401.76179999","179077405.02020001","3.258400022983551","0","0"
"points100000-sources3","off","2","36","179077405.14719999","179077408.03940001","2.8922000229358673","0","0"
"points100000-sources3","off","2","37","179077408.1552","179077412.9716","4.8163999915122986","0","0"
"points100000-sources3","off","2","38","179077413.0855","179077416.30599999","3.2204999923706055","0","0"
"points100000-sources3","off","2","39","179077416.4312","179077420.02959999","3.5983999967575073","0","0"
"points100000-sources3","off","2","40","179077420.15580001","179077423.66499999","3.5091999769210815","0","0"
"points100000-sources3","off","2","41","179077423.79080001","179077428.05860001","4.2678000032901764","0","0"
"points100000-sources3","off","2","42","179077428.17449999","179077430.83899999","2.6644999980926514","0","0"
"points100000-sources3","off","2","43","179077430.95390001","179077433.89649999","2.9425999820232391","0","0"
"points100000-sources3","off","2","44","179077434.01409999","179077436.75310001","2.7390000224113464","0","0"
"points100000-sources3","off","2","45","179077436.87149999","179077439.5086","2.6371000111103058","0","0"
"points100000-sources3","off","2","46","179077439.61660001","179077442.9815","3.3648999929428101","0","0"
"points100000-sources3","off","2","47","179077443.09470001","179077447.78920001","4.6944999992847443","0","0"
"points100000-sources3","off","2","48","179077447.9303","179077451.8493","3.9189999997615814","0","0"
"points100000-sources3","off","2","49","179077451.97170001","179077455.683","3.7112999856472015","0","0"
"points100000-sources3","off","2","50","179077455.80379999","179077461.0598","5.2560000121593475","0","0"
"points100000-sources3","off","2","51","179077461.1997","179077464.60409999","3.4043999910354614","0","0"
"points100000-sources3","off","2","52","179077464.7349","179077467.7739","3.039000004529953","0","0"
"points100000-sources3","off","2","53","179077467.89590001","179077471.2678","3.3718999922275543","0","0"
"points100000-sources3","off","2","54","179077471.37909999","179077475.82820001","4.4491000175476074","0","0"
"points100000-sources3","off","2","55","179077475.9526","179077479.06119999","3.108599990606308","0","0"
"points100000-sources3","off","2","56","179077479.1776","179077483.80720001","4.6296000182628632","0","0"
"points100000-sources3","off","2","57","179077483.94749999","179077487.831","3.8835000097751617","0","0"
"points100000-sources3","off","2","58","179077487.95109999","179077493.12360001","5.1725000143051147","0","0"
"points100000-sources3","off","2","59","179077493.25080001","179077496.3116","3.0607999861240387","0","0"
"points100000-sources3","off","2","60","179077496.42649999","179077499.38820001","2.9617000222206116","0","0"
"points100000-sources3","off","2","61","179077499.51190001","179077502.45559999","2.943699985742569","0","0"
"points100000-sources3","off","2","62","179077502.5751","179077506.09830001","3.5232000052928925","0","0"
"points100000-sources3","off","2","63","179077506.21450001","179077508.97870001","2.7642000019550323","0","0"
"points100000-sources3","off","2","64","179077509.0936","179077511.7114","2.6177999973297119","0","0"
"points100000-sources3","off","2","65","179077511.82550001","179077514.3822","2.5566999912261963","0","0"
"points100000-sources3","off","2","66","179077514.49700001","179077518.15110001","3.6541000008583069","0","0"
"points100000-sources3","off","2","67","179077518.2947","179077523.66249999","5.3677999973297119","0","0"
"points100000-sources3","off","2","68","179077523.7872","179077527.70050001","3.9133000075817108","0","0"
"points100000-sources3","off","2","69","179077527.8608","179077531.86700001","4.0062000155448914","0","0"
"points100000-sources3","off","2","70","179077531.99309999","179077535.7863","3.7932000160217285","0","0"
"points100000-sources3","off","2","71","179077535.90650001","179077540.47830001","4.5717999935150146","0","0"
"points100000-sources3","off","2","72","179077540.59240001","179077544.2015","3.6090999841690063","0","0"
"points100000-sources3","off","2","73","179077544.34689999","179077548.04280001","3.695900022983551","0","0"
"points100000-sources3","off","2","74","179077548.1909","179077554.23800001","6.0471000075340271","0","0"
"points100000-sources3","off","2","75","179077554.38249999","179077558.42699999","4.0444999933242798","0","0"
"points100000-sources3","off","2","76","179077558.5429","179077561.70550001","3.1626000106334686","0","0"
"points100000-sources3","off","2","77","179077561.81709999","179077565.2062","3.3891000151634216","0","0"
"points100000-sources3","off","2","78","179077565.41479999","179077569.58160001","4.1668000221252441","0","0"
"points100000-sources3","off","2","79","179077569.7638","179077573.14070001","3.3769000172615051","0","0"
"points100000-sources3","off","2","80","179077573.27469999","179077576.15009999","2.8754000067710876","0","0"
"points100000-sources3","off","2","81","179077576.2771","179077578.97569999","2.6985999941825867","0","0"
"points100000-sources3","off","2","82","179077579.086","179077581.88699999","2.8009999990463257","0","0"
"points100000-sources3","off","2","83","179077582.03150001","179077587.44530001","5.4138000011444092","0","0"
"points100000-sources3","off","2","84","179077587.61390001","179077591.3784","3.7644999921321869","0","0"
"points100000-sources3","off","2","85","179077591.52169999","179077594.59819999","3.0764999985694885","0","0"
"points100000-sources3","off","2","86","179077594.74290001","179077598.89320001","4.150299996137619","0","0"
"points100000-sources3","off","2","87","179077599.03569999","179077604.11359999","5.0778999924659729","0","0"
"points100000-sources3","off","2","88","179077604.24680001","179077607.42289999","3.1760999858379364","0","0"
"points100000-sources3","off","2","89","179077607.5438","179077610.57159999","3.0277999937534332","0","0"
"points100000-sources3","off","2","90","179077610.68090001","179077614.54449999","3.8635999858379364","0","0"
"points100000-sources3","off","2","91","179077614.6726","179077620.3664","5.6938000023365021","0","0"
"points100000-sources3","off","2","92","179077620.49939999","179077623.632","3.1326000094413757","0","0"
"points100000-sources3","off","2","93","179077623.75479999","179077627.33950001","3.5847000181674957","0","0"
"points100000-sources3","off","2","94","179077627.45809999","179077631.1388","3.6807000041007996","0","0"
"points100000-sources3","off","2","95","179077631.25760001","179077634.13069999","2.8730999827384949","0","0"
"points100000-sources3","off","2","96","179077634.25209999","179077637.39390001","3.1418000161647797","0","0"
"points100000-sources3","off","2","97","179077637.5027","179077640.2703","2.7675999999046326","0","0"
"points100000-sources3","off","2","98","179077640.38550001","179077642.97119999","2.5856999754905701","0","0"
"points100000-sources3","off","2","99","179077643.08379999","179077647.59310001","4.509300023317337","0","0"
"points100000-sources3","off","2","100","179077647.71950001","179077650.97150001","3.2520000040531158","0","0"
"points100000-sources3","off","2","101","179077651.09240001","179077653.99509999","2.9026999771595001","0","0"
"points100000-sources3","off","2","102","179077654.10870001","179077656.65740001","2.5487000048160553","0","0"
"points100000-sources3","off","2","103","179077656.7687","179077659.3973","2.628600001335144","0","0"
"points100000-sources3","off","2","104","179077659.51030001","179077662.75740001","3.2470999956130981","0","0"
"points100000-sources3","off","2","105","179077662.8788","179077665.81189999","2.9330999851226807","0","0"
"points100000-sources3","off","2","106","179077665.94150001","179077668.7784","2.836899995803833","0","0"
"points100000-sources3","off","2","107","179077668.91870001","179077671.6859","2.7671999931335449","0","0"
"points100000-sources3","off","2","108","179077671.79629999","179077674.37900001","2.5827000141143799","0","0"
"points100000-sources3","off","2","109","179077674.4919","179077678.78580001","4.2939000129699707","0","0"
"points100000-sources3","off","2","110","179077678.91639999","179077682.1054","3.1890000104904175","0","0"
"points100000-sources3","off","2","111","179077682.27689999","179077685.52070001","3.243800014257431","0","0"
"points100000-sources3","off","2","112","179077685.64840001","179077688.40490001","2.7565000057220459","0","0"
"points100000-sources3","off","2","113","179077688.53639999","179077691.20829999","2.6719000041484833","0","0"
"points100000-sources3","off","2","114","179077691.3251","179077694.67660001","3.351500004529953","0","0"
"points100000-sources3","off","2","115","179077694.7899","179077697.4727","2.6827999949455261","0","0"
"points100000-sources3","off","2","116","179077697.5952","179077700.83700001","3.2418000102043152","0","0"
"points100000-sources3","off","2","117","179077701.02160001","179077703.74439999","2.7227999866008759","0","0"
"points100000-sources3","off","2","118","179077703.8513","179077706.5223","2.6710000038146973","0","0"
"points100000-sources3","off","2","119","179077706.6372","179077711.09220001","4.4550000131130219","0","0"
"points100000-sources3","off","2","120","179077711.20699999","179077713.7881","2.5811000168323517","0","0"
"points100000-sources3","off","3","1","179077754.0677","179077757.6135","3.5458000004291534","0","0"
"points100000-sources3","off","3","2","179077757.80180001","179077760.47","2.6681999862194061","0","0"
"points100000-sources3","off","3","3","179077760.5817","179077763.47819999","2.8964999914169312","0","0"
"points100000-sources3","off","3","4","179077763.58950001","179077766.30430001","2.7148000001907349","0","0"
"points100000-sources3","off","3","5","179077766.42989999","179077769.2678","2.8379000127315521","0","0"
"points100000-sources3","off","3","6","179077769.37920001","179077773.61109999","4.2318999767303467","0","0"
"points100000-sources3","off","3","7","179077773.72260001","179077776.56290001","2.8402999937534332","0","0"
"points100000-sources3","off","3","8","179077776.68880001","179077779.745","3.0561999976634979","0","0"
"points100000-sources3","off","3","9","179077779.8567","179077782.39840001","2.541700005531311","0","0"
"points100000-sources3","off","3","10","179077782.53749999","179077786.58180001","4.0443000197410583","0","0"
"points100000-sources3","off","3","11","179077786.71720001","179077790.33109999","3.6138999760150909","0","0"
"points100000-sources3","off","3","12","179077790.4479","179077793.83570001","3.387800008058548","0","0"
"points100000-sources3","off","3","13","179077793.97330001","179077797.47679999","3.5034999847412109","0","0"
"points100000-sources3","off","3","14","179077797.64629999","179077801.44749999","3.8012000024318695","0","0"
"points100000-sources3","off","3","15","179077801.58899999","179077806.59029999","5.0013000071048737","0","0"
"points100000-sources3","off","3","16","179077806.71830001","179077809.51210001","2.7937999963760376","0","0"
"points100000-sources3","off","3","17","179077809.64660001","179077812.36219999","2.7155999839305878","0","0"
"points100000-sources3","off","3","18","179077812.4772","179077815.46900001","2.9918000102043152","0","0"
"points100000-sources3","off","3","19","179077815.6004","179077818.86149999","3.2610999941825867","0","0"
"points100000-sources3","off","3","20","179077819.0298","179077822.2448","3.2150000035762787","0","0"
"points100000-sources3","off","3","21","179077822.3664","179077825.11770001","2.7513000071048737","0","0"
"points100000-sources3","off","3","22","179077825.2335","179077828.0478","2.814300000667572","0","0"
"points100000-sources3","off","3","23","179077828.19780001","179077831.0253","2.8274999856948853","0","0"
"points100000-sources3","off","3","24","179077831.1857","179077835.31900001","4.1333000063896179","0","0"
"points100000-sources3","off","3","25","179077835.4429","179077838.095","2.652099996805191","0","0"
"points100000-sources3","off","3","26","179077838.2198","179077840.98629999","2.7664999961853027","0","0"
"points100000-sources3","off","3","27","179077841.10690001","179077844.71059999","3.6036999821662903","0","0"
"points100000-sources3","off","3","28","179077844.82699999","179077847.97009999","3.1430999934673309","0","0"
"points100000-sources3","off","3","29","179077848.0988","179077851.68610001","3.5873000025749207","0","0"
"points100000-sources3","off","3","30","179077851.81200001","179077854.55779999","2.7457999885082245","0","0"
"points100000-sources3","off","3","31","179077854.6753","179077857.3459","2.6705999970436096","0","0"
"points100000-sources3","off","3","32","179077857.456","179077860.116","2.6599999964237213","0","0"
"points100000-sources3","off","3","33","179077860.24160001","179077862.97659999","2.7349999845027924","0","0"
"points100000-sources3","off","3","34","179077863.08880001","179077868.0826","4.9937999844551086","0","0"
"points100000-sources3","off","3","35","179077868.21959999","179077870.92269999","2.7030999958515167","0","0"
"points100000-sources3","off","3","36","179077871.03909999","179077873.785","2.7459000051021576","0","0"
"points100000-sources3","off","3","37","179077873.89950001","179077877.70519999","3.8056999742984772","0","0"
"points100000-sources3","off","3","38","179077877.81990001","179077881.01989999","3.199999988079071","0","0"
"points100000-sources3","off","3","39","179077881.13690001","179077884.15509999","3.0181999802589417","0","0"
"points100000-sources3","off","3","40","179077884.27320001","179077887.00209999","2.7288999855518341","0","0"
"points100000-sources3","off","3","41","179077887.11700001","179077889.81729999","2.7002999782562256","0","0"
"points100000-sources3","off","3","42","179077889.93040001","179077892.60600001","2.675599992275238","0","0"
"points100000-sources3","off","3","43","179077892.72319999","179077895.46380001","2.7406000196933746","0","0"
"points100000-sources3","off","3","44","179077895.5722","179077900.63100001","5.0588000118732452","0","0"
"points100000-sources3","off","3","45","179077900.81869999","179077904.12689999","3.3082000017166138","0","0"
"points100000-sources3","off","3","46","179077904.28560001","179077907.3928","3.1071999967098236","0","0"
"points100000-sources3","off","3","47","179077907.59119999","179077910.5185","2.9273000061511993","0","0"
"points100000-sources3","off","3","48","179077910.66080001","179077914.8748","4.2139999866485596","0","0"
"points100000-sources3","off","3","49","179077915.04519999","179077918.17570001","3.1305000185966492","0","0"
"points100000-sources3","off","3","50","179077918.31909999","179077921.01550001","2.6964000165462494","0","0"
"points100000-sources3","off","3","51","179077921.1428","179077925.44190001","4.2991000115871429","0","0"
"points100000-sources3","off","3","52","179077925.56240001","179077928.2728","2.7103999853134155","0","0"
"points100000-sources3","off","3","53","179077928.38949999","179077931.16319999","2.7736999988555908","0","0"
"points100000-sources3","off","3","54","179077931.2911","179077934.22499999","2.933899998664856","0","0"
"points100000-sources3","off","3","55","179077934.46439999","179077938.12799999","3.6635999977588654","0","0"
"points100000-sources3","off","3","56","179077938.24529999","179077940.93059999","2.6852999925613403","0","0"
"points100000-sources3","off","3","57","179077941.04440001","179077944.2146","3.170199990272522","0","0"
"points100000-sources3","off","3","58","179077944.35139999","179077948.77469999","4.4232999980449677","0","0"
"points100000-sources3","off","3","59","179077948.99340001","179077952.15279999","3.1593999862670898","0","0"
"points100000-sources3","off","3","60","179077952.2748","179077956.51280001","4.2380000054836273","0","0"
"points100000-sources3","off","3","61","179077956.63440001","179077959.47819999","2.8437999784946442","0","0"
"points100000-sources3","off","3","62","179077959.5966","179077962.322","2.7254000008106232","0","0"
"points100000-sources3","off","3","63","179077962.44190001","179077965.19100001","2.749099999666214","0","0"
"points100000-sources3","off","3","64","179077965.33469999","179077968.03400001","2.6993000209331512","0","0"
"points100000-sources3","off","3","65","179077968.14179999","179077971.007","2.865200012922287","0","0"
"points100000-sources3","off","3","66","179077971.11559999","179077973.7441","2.6285000145435333","0","0"
"points100000-sources3","off","3","67","179077973.8651","179077977.60330001","3.7382000088691711","0","0"
"points100000-sources3","off","3","68","179077977.71610001","179077980.36809999","2.6519999802112579","0","0"
"points100000-sources3","off","3","69","179077980.48570001","179077983.61649999","3.1307999789714813","0","0"
"points100000-sources3","off","3","70","179077983.73100001","179077986.43470001","2.7037000060081482","0","0"
"points100000-sources3","off","3","71","179077986.55070001","179077989.3637","2.8129999935626984","0","0"
"points100000-sources3","off","3","72","179077989.47510001","179077993.87819999","4.4030999839305878","0","0"
"points100000-sources3","off","3","73","179077993.99700001","179077996.8502","2.8531999886035919","0","0"
"points100000-sources3","off","3","74","179077997.0941","179078000.64770001","3.553600013256073","0","0"
"points100000-sources3","off","3","75","179078000.77579999","179078003.68540001","2.9096000194549561","0","0"
"points100000-sources3","off","3","76","179078003.79049999","179078007.58860001","3.7981000244617462","0","0"
"points100000-sources3","off","3","77","179078007.7132","179078015.10609999","7.3928999900817871","0","0"
"points100000-sources3","off","3","78","179078015.2949","179078019.40360001","4.1087000072002411","0","0"
"points100000-sources3","off","3","79","179078019.54620001","179078022.35800001","2.8118000030517578","0","0"
"points100000-sources3","off","3","80","179078022.48899999","179078026.78240001","4.2934000194072723","0","0"
"points100000-sources3","off","3","81","179078026.90650001","179078029.5469","2.6403999924659729","0","0"
"points100000-sources3","off","3","82","179078029.65810001","179078032.4052","2.7470999956130981","0","0"
"points100000-sources3","off","3","83","179078032.5246","179078035.62670001","3.1021000146865845","0","0"
"points100000-sources3","off","3","84","179078035.7489","179078038.4991","2.7502000033855438","0","0"
"points100000-sources3","off","3","85","179078038.6539","179078042.22060001","3.5667000114917755","0","0"
"points100000-sources3","off","3","86","179078042.33539999","179078045.1683","2.8329000174999237","0","0"
"points100000-sources3","off","3","87","179078045.2775","179078048.03119999","2.7536999881267548","0","0"
"points100000-sources3","off","3","88","179078048.164","179078052.32300001","4.1590000092983246","0","0"
"points100000-sources3","off","3","89","179078052.4465","179078055.26890001","2.8224000036716461","0","0"
"points100000-sources3","off","3","90","179078055.39230001","179078058.27079999","2.8784999847412109","0","0"
"points100000-sources3","off","3","91","179078058.39300001","179078061.0449","2.6518999934196472","0","0"
"points100000-sources3","off","3","92","179078061.15779999","179078063.792","2.6342000067234039","0","0"
"points100000-sources3","off","3","93","179078063.90810001","179078066.71849999","2.810399979352951","0","0"
"points100000-sources3","off","3","94","179078066.84369999","179078069.67070001","2.8270000219345093","0","0"
"points100000-sources3","off","3","95","179078069.83950001","179078073.3766","3.5370999872684479","0","0"
"points100000-sources3","off","3","96","179078073.49680001","179078076.09470001","2.597900003194809","0","0"
"points100000-sources3","off","3","97","179078076.2035","179078078.98120001","2.7777000069618225","0","0"
"points100000-sources3","off","3","98","179078079.08790001","179078081.87360001","2.7856999933719635","0","0"
"points100000-sources3","off","3","99","179078082.0002","179078087.1146","5.1143999993801117","0","0"
"points100000-sources3","off","3","100","179078087.24559999","179078090.0993","2.8537000119686127","0","0"
"points100000-sources3","off","3","101","179078090.2184","179078092.8628","2.6444000005722046","0","0"
"points100000-sources3","off","3","102","179078092.9725","179078095.6198","2.6473000049591064","0","0"
"points100000-sources3","off","3","103","179078095.72600001","179078098.83829999","3.1122999787330627","0","0"
"points100000-sources3","off","3","104","179078098.9756","179078101.76949999","2.7938999831676483","0","0"
"points100000-sources3","off","3","105","179078101.89820001","179078105.51710001","3.6189000010490417","0","0"
"points100000-sources3","off","3","106","179078105.6437","179078108.28389999","2.6401999890804291","0","0"
"points100000-sources3","off","3","107","179078108.3989","179078110.97490001","2.5760000050067902","0","0"
"points100000-sources3","off","3","108","179078111.07949999","179078113.69859999","2.6191000044345856","0","0"
"points100000-sources3","off","3","109","179078113.8213","179078116.95699999","3.135699987411499","0","0"
"points100000-sources3","off","3","110","179078117.08379999","179078121.52790001","4.444100022315979","0","0"
"points100000-sources3","off","3","111","179078121.65630001","179078124.51519999","2.8588999807834625","0","0"
"points100000-sources3","off","3","112","179078124.63890001","179078127.3757","2.7367999851703644","0","0"
"points100000-sources3","off","3","113","179078127.48629999","179078130.8705","3.3842000067234039","0","0"
"points100000-sources3","off","3","114","179078131.0442","179078134.6717","3.6274999976158142","0","0"
"points100000-sources3","off","3","115","179078134.79550001","179078137.96149999","3.1659999787807465","0","0"
"points100000-sources3","off","3","116","179078138.08140001","179078141.704","3.6225999891757965","0","0"
"points100000-sources3","off","3","117","179078141.82949999","179078145.6913","3.8618000149726868","0","0"
"points100000-sources3","off","3","118","179078145.81279999","179078152.623","6.8102000057697296","0","0"
"points100000-sources3","off","3","119","179078152.79910001","179078156.38389999","3.5847999751567841","0","0"
"points100000-sources3","off","3","120","179078156.51699999","179078160.5828","4.0658000111579895","0","0"
"points100000-sources3","gw","3","1","179078293.69999999","179078305.32280001","11.622800022363663","5.4853000044822693","2"
"points100000-sources3","gw","3","2","179078305.49590001","179078315.01879999","9.5228999853134155","5.5547000169754028","2"
"points100000-sources3","gw","3","3","179078315.1674","179078324.50389999","9.3364999890327454","5.6177000105381012","2"
"points100000-sources3","gw","3","4","179078324.6397","179078335.18700001","10.547300010919571","5.531000018119812","2"
"points100000-sources3","gw","3","5","179078335.3662","179078346.54660001","11.180400013923645","5.5768000185489655","2"
"points100000-sources3","gw","3","6","179078346.73879999","179078356.6002","9.8614000082015991","5.871399998664856","2"
"points100000-sources3","gw","3","7","179078356.7615","179078366.16100001","9.3995000123977661","5.7486999928951263","2"
"points100000-sources3","gw","3","8","179078366.3351","179078377.53870001","11.203600019216537","5.7351999878883362","2"
"points100000-sources3","gw","3","9","179078377.7119","179078386.6489","8.9370000064373016","5.5762999951839447","2"
"points100000-sources3","gw","3","10","179078386.81200001","179078397.04159999","10.229599982500076","5.5482999980449677","2"
"points100000-sources3","gw","3","11","179078397.19530001","179078405.94749999","8.7521999776363373","5.6286999881267548","2"
"points100000-sources3","gw","3","12","179078406.1124","179078414.5817","8.4693000018596649","5.5724000036716461","2"
"points100000-sources3","gw","3","13","179078414.73710001","179078425.3143","10.577199995517731","5.6362999677658081","2"
"points100000-sources3","gw","3","14","179078425.4598","179078434.00690001","8.5471000075340271","5.510200023651123","2"
"points100000-sources3","gw","3","15","179078434.15689999","179078443.89590001","9.7390000224113464","5.4825999736785889","2"
"points100000-sources3","gw","3","16","179078444.02689999","179078454.0548","10.027900010347366","5.6191999912261963","2"
"points100000-sources3","gw","3","17","179078454.24059999","179078464.0763","9.8357000052928925","5.585099995136261","2"
"points100000-sources3","gw","3","18","179078464.2421","179078475.3899","11.147799998521805","5.6518000066280365","2"
"points100000-sources3","gw","3","19","179078475.52559999","179078486.40059999","10.875","5.8260999917984009","2"
"points100000-sources3","gw","3","20","179078486.5623","179078496.8809","10.318599998950958","5.6186999976634979","2"
"points100000-sources3","gw","3","21","179078497.03690001","179078508.60010001","11.563199996948242","5.4675000011920929","2"
"points100000-sources3","gw","3","22","179078508.78240001","179078518.93970001","10.157299995422363","5.6868999898433685","2"
"points100000-sources3","gw","3","23","179078519.1024","179078528.36140001","9.2590000033378601","5.7606000006198883","2"
"points100000-sources3","gw","3","24","179078528.50130001","179078539.74599999","11.244699984788895","5.5485999882221222","2"
"points100000-sources3","gw","3","25","179078539.87889999","179078550.79249999","10.913599997758865","5.5226000249385834","2"
"points100000-sources3","gw","3","26","179078550.95230001","179078560.06459999","9.1122999787330627","5.5226999819278717","2"
"points100000-sources3","gw","3","27","179078560.21399999","179078569.5783","9.364300012588501","5.633400022983551","2"
"points100000-sources3","gw","3","28","179078569.7899","179078581.13249999","11.342599987983704","6.0054000020027161","2"
"points100000-sources3","gw","3","29","179078581.3197","179078591.7624","10.442699998617172","5.5905999839305878","2"
"points100000-sources3","gw","3","30","179078591.9161","179078600.986","9.0699000060558319","5.5229000151157379","2"
"points100000-sources3","gw","3","31","179078601.15329999","179078611.44400001","10.290700018405914","5.5688999891281128","2"
"points100000-sources3","gw","3","32","179078611.61680001","179078622.45460001","10.837799996137619","5.5796999931335449","2"
"points100000-sources3","gw","3","33","179078622.6241","179078633.9267","11.302599996328354","5.5185999870300293","2"
"points100000-sources3","gw","3","34","179078634.10420001","179078643.34920001","9.2450000047683716","5.460999995470047","2"
"points100000-sources3","gw","3","35","179078643.4686","179078652.78799999","9.3193999826908112","5.630299985408783","2"
"points100000-sources3","gw","3","36","179078652.9357","179078663.884","10.948300004005432","5.4998999834060669","2"
"points100000-sources3","gw","3","37","179078664.04769999","179078674.44870001","10.401000022888184","5.834199994802475","2"
"points100000-sources3","gw","3","38","179078674.60049999","179078685.14649999","10.546000003814697","5.6554000079631805","2"
"points100000-sources3","gw","3","39","179078685.322","179078696.85499999","11.532999992370605","5.535400003194809","2"
"points100000-sources3","gw","3","40","179078697.03279999","179078706.13569999","9.1028999984264374","5.6118000149726868","2"
"points100000-sources3","gw","3","41","179078706.2784","179078715.3008","9.0223999917507172","5.6290999948978424","2"
"points100000-sources3","gw","3","42","179078715.4623","179078726.37940001","10.917100012302399","5.5351999700069427","2"
"points100000-sources3","gw","3","43","179078726.53740001","179078735.12040001","8.5830000042915344","5.6292000114917755","2"
"points100000-sources3","gw","3","44","179078735.2651","179078743.7762","8.5110999941825867","5.511199951171875","2"
"points100000-sources3","gw","3","45","179078743.9111","179078754.9183","11.007200002670288","5.5327999889850616","2"
"points100000-sources3","gw","3","46","179078755.10769999","179078765.706","10.598300009965897","5.5476000010967255","2"
"points100000-sources3","gw","3","47","179078765.86199999","179078777.0318","11.169800013303757","5.505299985408783","2"
"points100000-sources3","gw","3","48","179078777.18380001","179078790.35409999","13.170299977064133","6.0151000320911407","2"
"points100000-sources3","gw","3","49","179078790.542","179078801.23289999","10.6908999979496","5.6022000014781952","2"
"points100000-sources3","gw","3","50","179078801.3973","179078811.76019999","10.362899988889694","5.5318000018596649","2"
"points100000-sources3","gw","3","51","179078811.91370001","179078823.23820001","11.324499994516373","5.4620000123977661","2"
"points100000-sources3","gw","3","52","179078823.4014","179078833.42719999","10.025799989700317","5.5579999983310699","2"
"points100000-sources3","gw","3","53","179078833.59439999","179078843.57080001","9.9764000177383423","5.577599972486496","2"
"points100000-sources3","gw","3","54","179078843.7265","179078855.1886","11.462099999189377","5.6230999827384949","2"
"points100000-sources3","gw","3","55","179078855.37909999","179078865.2976","9.9185000061988831","5.5860999822616577","2"
"points100000-sources3","gw","3","56","179078865.44980001","179078874.2069","8.757099986076355","5.5726999938488007","2"
"points100000-sources3","gw","3","57","179078874.34290001","179078884.27739999","9.934499979019165","5.5746000111103058","2"
"points100000-sources3","gw","3","58","179078884.44100001","179078894.38530001","9.9442999958992004","5.4791999757289886","2"
"points100000-sources3","gw","3","59","179078894.54570001","179078905.28850001","10.742799997329712","5.8853000402450562","2"
"points100000-sources3","gw","3","60","179078905.48050001","179078917.73820001","12.257699996232986","5.513700008392334","2"
"points100000-sources3","gw","3","61","179078917.92609999","179078928.71239999","10.786300003528595","5.5383999943733215","2"
"points100000-sources3","gw","3","62","179078928.84040001","179078939.1268","10.286399990320206","5.5404999852180481","2"
"points100000-sources3","gw","3","63","179078939.26339999","179078950.84110001","11.577700018882751","5.6063999831676483","2"
"points100000-sources3","gw","3","64","179078950.99070001","179078961.09439999","10.10369998216629","5.5715999901294708","2"
"points100000-sources3","gw","3","65","179078961.22","179078971.69100001","10.471000015735626","5.6066000163555145","2"
"points100000-sources3","gw","3","66","179078971.82069999","179078982.7114","10.89070001244545","5.4988000094890594","2"
"points100000-sources3","gw","3","67","179078982.85949999","179079002.83489999","19.975400000810623","5.8955999910831451","2"
"points100000-sources3","gw","3","68","179079003.0298","179079014.10859999","11.078799992799759","5.5800999999046326","2"
"points100000-sources3","gw","3","69","179079014.2701","179079024.38010001","10.110000014305115","5.7651999890804291","2"
"points100000-sources3","gw","3","70","179079024.54519999","179079034.4876","9.9424000084400177","5.5180999934673309","2"
"points100000-sources3","gw","3","71","179079034.64559999","179079043.0819","8.4363000094890594","5.5776999890804291","2"
"points100000-sources3","gw","3","72","179079043.20070001","179079053.56810001","10.367399990558624","5.5593000054359436","2"
"points100000-sources3","gw","3","73","179079053.7166","179079063.66909999","9.9524999856948853","5.6040999889373779","2"
"points100000-sources3","gw","3","74","179079063.8008","179079074.9287","11.127900004386902","5.5230999886989594","2"
"points100000-sources3","gw","3","75","179079075.1031","179079085.74599999","10.642899990081787","5.5891999900341034","2"
"points100000-sources3","gw","3","76","179079085.89629999","179079095.6997","9.8034000098705292","6.1461000442504883","2"
"points100000-sources3","gw","3","77","179079095.852","179079107.4269","11.57490000128746","5.6523000001907349","2"
"points100000-sources3","gw","3","78","179079107.57499999","179079118.65400001","11.079000025987625","5.7822000086307526","2"
"points100000-sources3","gw","3","79","179079118.84060001","179079128.6674","9.8267999887466431","5.5060000121593475","2"
"points100000-sources3","gw","3","80","179079128.8186","179079140.62639999","11.807799994945526","5.5875999927520752","2"
"points100000-sources3","gw","3","81","179079140.76550001","179079151.2051","10.439599990844727","5.4931000173091888","2"
"points100000-sources3","gw","3","82","179079151.36109999","179079160.41690001","9.0558000206947327","5.5664999783039093","2"
"points100000-sources3","gw","3","83","179079160.5336","179079170.41460001","9.8810000121593475","5.5972000062465668","2"
"points100000-sources3","gw","3","84","179079170.53960001","179079179.6311","9.0914999842643738","5.4462999701499939","2"
"points100000-sources3","gw","3","85","179079179.75209999","179079188.0212","8.26910001039505","5.4864999949932098","2"
"points100000-sources3","gw","3","86","179079188.1652","179079198.3836","10.218400001525879","5.5491000115871429","2"
"points100000-sources3","gw","3","87","179079198.53240001","179079208.8238","10.291399985551834","5.5336000025272369","2"
"points100000-sources3","gw","3","88","179079209.0817","179079219.28200001","10.200300008058548","5.6209999918937683","2"
"points100000-sources3","gw","3","89","179079219.44409999","179079231.0693","11.625200003385544","5.4965999722480774","2"
"points100000-sources3","gw","3","90","179079231.2728","179079241.41","10.137199997901917","5.5532000362873077","2"
"points100000-sources3","gw","3","91","179079241.55340001","179079251.4619","9.9084999859333038","5.7518999576568604","2"
"points100000-sources3","gw","3","92","179079251.61899999","179079262.4357","10.816700011491776","5.4963000118732452","2"
"points100000-sources3","gw","3","93","179079262.57359999","179079272.55829999","9.9846999943256378","5.6732999980449677","2"
"points100000-sources3","gw","3","94","179079272.68709999","179079282.23660001","9.5495000183582306","5.599700003862381","2"
"points100000-sources3","gw","3","95","179079282.42989999","179079293.40920001","10.979300022125244","5.4701000154018402","2"
"points100000-sources3","gw","3","96","179079293.5503","179079304.31240001","10.762100011110306","5.5037999749183655","2"
"points100000-sources3","gw","3","97","179079304.47479999","179079313.34459999","8.8698000013828278","5.5858000218868256","2"
"points100000-sources3","gw","3","98","179079313.48230001","179079323.477","9.9946999847888947","5.5190999805927277","2"
"points100000-sources3","gw","3","99","179079323.61840001","179079332.48159999","8.8631999790668488","5.4918000102043152","2"
"points100000-sources3","gw","3","100","179079332.6331","179079341.82969999","9.1965999901294708","5.5802000164985657","2"
"points100000-sources3","gw","3","101","179079341.95699999","179079352.93540001","10.978400021791458","5.9517000317573547","2"
"points100000-sources3","gw","3","102","179079353.11359999","179079362.46470001","9.3511000275611877","5.7236999869346619","2"
"points100000-sources3","gw","3","103","179079362.61090001","179079373.10429999","10.493399977684021","5.4611000418663025","2"
"points100000-sources3","gw","3","104","179079373.25690001","179079383.70249999","10.445599973201752","5.5791000127792358","2"
"points100000-sources3","gw","3","105","179079383.86520001","179079393.63389999","9.76869997382164","5.5826999843120575","2"
"points100000-sources3","gw","3","106","179079393.78459999","179079404.78490001","11.000300019979477","5.5900999903678894","2"
"points100000-sources3","gw","3","107","179079404.93669999","179079416.4355","11.498800009489059","5.945000022649765","2"
"points100000-sources3","gw","3","108","179079416.63620001","179079427.1613","10.525099992752075","5.8725999891757965","2"
"points100000-sources3","gw","3","109","179079427.31","179079437.667","10.35699999332428","5.5225000381469727","2"
"points100000-sources3","gw","3","110","179079437.81349999","179079449.3784","11.564900010824203","5.5404999852180481","2"
"points100000-sources3","gw","3","111","179079449.55739999","179079459.60350001","10.04610002040863","5.5860999822616577","2"
"points100000-sources3","gw","3","112","179079459.76660001","179079469.36179999","9.5951999723911285","5.469400018453598","2"
"points100000-sources3","gw","3","113","179079469.52270001","179079479.57820001","10.055500000715256","5.7192000150680542","2"
"points100000-sources3","gw","3","114","179079479.7209","179079489.6045","9.8835999965667725","5.5446999967098236","2"
"points100000-sources3","gw","3","115","179079489.76140001","179079498.22920001","8.4677999913692474","5.4999000132083893","2"
"points100000-sources3","gw","3","116","179079498.36000001","179079508.52520001","10.165199995040894","5.6302000284194946","2"
"points100000-sources3","gw","3","117","179079508.662","179079520.73179999","12.069799989461899","6.5077000260353088","2"
"points100000-sources3","gw","3","118","179079520.90880001","179079531.76069999","10.851899981498718","5.5681000053882599","2"
"points100000-sources3","gw","3","119","179079531.91139999","179079542.6927","10.781300008296967","5.49959996342659","2"
"points100000-sources3","gw","3","120","179079542.85699999","179079553.90669999","11.049699991941452","5.7138999998569489","2"
"points100000-sources3","retained","3","1","179079606.4497","179079610.1961","3.746399998664856","0","0"
"points100000-sources3","retained","3","2","179079610.3777","179079614.9034","4.5257000029087067","0","0"
"points100000-sources3","retained","3","3","179079615.0774","179079619.31560001","4.2382000088691711","0","0"
"points100000-sources3","retained","3","4","179079619.46430001","179079623.09889999","3.6345999836921692","0","0"
"points100000-sources3","retained","3","5","179079623.22909999","179079627.37810001","4.1490000188350677","0","0"
"points100000-sources3","retained","3","6","179079627.5271","179079635.09169999","7.5645999908447266","0","0"
"points100000-sources3","retained","3","7","179079635.28459999","179079639.86770001","4.5831000208854675","0","0"
"points100000-sources3","retained","3","8","179079640.01699999","179079644.48289999","4.4659000039100647","0","0"
"points100000-sources3","retained","3","9","179079644.61219999","179079648.79820001","4.1860000193119049","0","0"
"points100000-sources3","retained","3","10","179079648.94260001","179079653.50409999","4.5614999830722809","0","0"
"points100000-sources3","retained","3","11","179079653.62380001","179079656.7764","3.1525999903678894","0","0"
"points100000-sources3","retained","3","12","179079656.88440001","179079661.7175","4.8330999910831451","0","0"
"points100000-sources3","retained","3","13","179079661.84909999","179079664.6327","2.7836000025272369","0","0"
"points100000-sources3","retained","3","14","179079664.75839999","179079668.45370001","3.6953000128269196","0","0"
"points100000-sources3","retained","3","15","179079668.57179999","179079671.54899999","2.9772000014781952","0","0"
"points100000-sources3","retained","3","16","179079671.6582","179079675.78870001","4.1305000185966492","0","0"
"points100000-sources3","retained","3","17","179079675.90310001","179079679.58399999","3.680899977684021","0","0"
"points100000-sources3","retained","3","18","179079679.71529999","179079684.00729999","4.2919999957084656","0","0"
"points100000-sources3","retained","3","19","179079684.1749","179079687.80720001","3.6323000192642212","0","0"
"points100000-sources3","retained","3","20","179079687.9181","179079692.2216","4.3034999966621399","0","0"
"points100000-sources3","retained","3","21","179079692.336","179079695.39399999","3.0579999983310699","0","0"
"points100000-sources3","retained","3","22","179079695.50870001","179079699.74329999","4.2345999777317047","0","0"
"points100000-sources3","retained","3","23","179079699.8901","179079704.2313","4.3411999940872192","0","0"
"points100000-sources3","retained","3","24","179079704.3599","179079709.2374","4.8774999976158142","0","0"
"points100000-sources3","retained","3","25","179079709.36059999","179079712.63940001","3.2788000106811523","0","0"
"points100000-sources3","retained","3","26","179079712.7534","179079716.60089999","3.8474999964237213","0","0"
"points100000-sources3","retained","3","27","179079716.73980001","179079720.05689999","3.3170999884605408","0","0"
"points100000-sources3","retained","3","28","179079720.1846","179079724.33140001","4.1468000113964081","0","0"
"points100000-sources3","retained","3","29","179079724.4474","179079727.11660001","2.6692000031471252","0","0"
"points100000-sources3","retained","3","30","179079727.24309999","179079730.37349999","3.1304000020027161","0","0"
"points100000-sources3","retained","3","31","179079730.48710001","179079733.79249999","3.3053999841213226","0","0"
"points100000-sources3","retained","3","32","179079733.90529999","179079737.06099999","3.1556999981403351","0","0"
"points100000-sources3","retained","3","33","179079737.17120001","179079740.4382","3.2669999897480011","0","0"
"points100000-sources3","retained","3","34","179079740.58270001","179079744.1356","3.5528999865055084","0","0"
"points100000-sources3","retained","3","35","179079744.25409999","179079747.50119999","3.2470999956130981","0","0"
"points100000-sources3","retained","3","36","179079747.6142","179079751.7353","4.1211000084877014","0","0"
"points100000-sources3","retained","3","37","179079751.8669","179079757.15200001","5.2851000130176544","0","0"
"points100000-sources3","retained","3","38","179079757.3448","179079760.83829999","3.4934999942779541","0","0"
"points100000-sources3","retained","3","39","179079760.9526","179079765.4932","4.5406000018119812","0","0"
"points100000-sources3","retained","3","40","179079765.63409999","179079770.66080001","5.0267000198364258","0","0"
"points100000-sources3","retained","3","41","179079770.80320001","179079774.43200001","3.6288000047206879","0","0"
"points100000-sources3","retained","3","42","179079774.54280001","179079778.1769","3.6340999901294708","0","0"
"points100000-sources3","retained","3","43","179079778.2877","179079783.11680001","4.8291000127792358","0","0"
"points100000-sources3","retained","3","44","179079783.2667","179079788.50960001","5.242900013923645","0","0"
"points100000-sources3","retained","3","45","179079788.6288","179079791.72389999","3.0950999855995178","0","0"
"points100000-sources3","retained","3","46","179079791.8364","179079794.72389999","2.887499988079071","0","0"
"points100000-sources3","retained","3","47","179079794.8303","179079797.87","3.0397000014781952","0","0"
"points100000-sources3","retained","3","48","179079798.0007","179079802.0361","4.035400003194809","0","0"
"points100000-sources3","retained","3","49","179079802.16330001","179079805.0038","2.8404999971389771","0","0"
"points100000-sources3","retained","3","50","179079805.11860001","179079807.82769999","2.7090999782085419","0","0"
"points100000-sources3","retained","3","51","179079807.9384","179079811.23429999","3.2958999872207642","0","0"
"points100000-sources3","retained","3","52","179079811.3484","179079815.40990001","4.0615000128746033","0","0"
"points100000-sources3","retained","3","53","179079815.57319999","179079821.3759","5.802700012922287","0","0"
"points100000-sources3","retained","3","54","179079821.5097","179079824.98609999","3.4763999879360199","0","0"
"points100000-sources3","retained","3","55","179079825.09909999","179079829.47479999","4.3756999969482422","0","0"
"points100000-sources3","retained","3","56","179079829.5869","179079834.5767","4.9898000061511993","0","0"
"points100000-sources3","retained","3","57","179079834.7087","179079838.0587","3.3499999940395355","0","0"
"points100000-sources3","retained","3","58","179079838.1767","179079842.69150001","4.5148000121116638","0","0"
"points100000-sources3","retained","3","59","179079842.80270001","179079848.84650001","6.0437999963760376","0","0"
"points100000-sources3","retained","3","60","179079849.021","179079852.6365","3.6155000030994415","0","0"
"points100000-sources3","retained","3","61","179079852.79030001","179079856.26949999","3.4791999757289886","0","0"
"points100000-sources3","retained","3","62","179079856.3872","179079859.61480001","3.2276000082492828","0","0"
"points100000-sources3","retained","3","63","179079859.72189999","179079863.5756","3.8537000119686127","0","0"
"points100000-sources3","retained","3","64","179079863.68509999","179079866.35659999","2.6714999973773956","0","0"
"points100000-sources3","retained","3","65","179079866.4761","179079869.2969","2.8208000063896179","0","0"
"points100000-sources3","retained","3","66","179079869.4163","179079872.09869999","2.6823999881744385","0","0"
"points100000-sources3","retained","3","67","179079872.20469999","179079877.25639999","5.0516999959945679","0","0"
"points100000-sources3","retained","3","68","179079877.3721","179079880.5404","3.1683000028133392","0","0"
"points100000-sources3","retained","3","69","179079880.66010001","179079884.54179999","3.8816999793052673","0","0"
"points100000-sources3","retained","3","70","179079884.66859999","179079887.83559999","3.1669999957084656","0","0"
"points100000-sources3","retained","3","71","179079887.9488","179079891.39120001","3.4424000084400177","0","0"
"points100000-sources3","retained","3","72","179079891.50709999","179079896.8292","5.3221000134944916","0","0"
"points100000-sources3","retained","3","73","179079896.99599999","179079901.14789999","4.1518999934196472","0","0"
"points100000-sources3","retained","3","74","179079901.2947","179079905.08570001","3.7910000085830688","0","0"
"points100000-sources3","retained","3","75","179079905.2119","179079910.78839999","5.5764999985694885","0","0"
"points100000-sources3","retained","3","76","179079910.90889999","179079914.38589999","3.4769999980926514","0","0"
"points100000-sources3","retained","3","77","179079914.5133","179079918.2511","3.7378000020980835","0","0"
"points100000-sources3","retained","3","78","179079918.384","179079921.87900001","3.4950000047683716","0","0"
"points100000-sources3","retained","3","79","179079921.9878","179079926.89700001","4.9092000126838684","0","0"
"points100000-sources3","retained","3","80","179079927.00740001","179079930.139","3.1315999925136566","0","0"
"points100000-sources3","retained","3","81","179079930.26100001","179079933.37009999","3.1090999841690063","0","0"
"points100000-sources3","retained","3","82","179079933.49129999","179079937.63010001","4.1388000249862671","0","0"
"points100000-sources3","retained","3","83","179079937.76719999","179079942.02579999","4.2585999965667725","0","0"
"points100000-sources3","retained","3","84","179079942.1374","179079944.86269999","2.7252999842166901","0","0"
"points100000-sources3","retained","3","85","179079944.97209999","179079947.67820001","2.7061000168323517","0","0"
"points100000-sources3","retained","3","86","179079947.7951","179079951.794","3.9988999962806702","0","0"
"points100000-sources3","retained","3","87","179079951.91139999","179079956.5359","4.6245000064373016","0","0"
"points100000-sources3","retained","3","88","179079956.6514","179079960.22850001","3.57710000872612","0","0"
"points100000-sources3","retained","3","89","179079960.33629999","179079963.83939999","3.5031000077724457","0","0"
"points100000-sources3","retained","3","90","179079963.97029999","179079967.08410001","3.1138000190258026","0","0"
"points100000-sources3","retained","3","91","179079967.1988","179079971.82269999","4.6238999962806702","0","0"
"points100000-sources3","retained","3","92","179079971.94960001","179079975.2987","3.3490999937057495","0","0"
"points100000-sources3","retained","3","93","179079975.40920001","179079978.98879999","3.5795999765396118","0","0"
"points100000-sources3","retained","3","94","179079979.097","179079983.2913","4.1942999958992004","0","0"
"points100000-sources3","retained","3","95","179079983.42340001","179079988.72510001","5.3016999959945679","0","0"
"points100000-sources3","retained","3","96","179079988.8664","179079992.28690001","3.4205000102519989","0","0"
"points100000-sources3","retained","3","97","179079992.40380001","179079995.86919999","3.4653999805450439","0","0"
"points100000-sources3","retained","3","98","179079995.98010001","179080000.15259999","4.1724999845027924","0","0"
"points100000-sources3","retained","3","99","179080000.31819999","179080004.74110001","4.4229000210762024","0","0"
"points100000-sources3","retained","3","100","179080004.87259999","179080007.627","2.7544000148773193","0","0"
"points100000-sources3","retained","3","101","179080007.7437","179080010.72279999","2.9790999889373779","0","0"
"points100000-sources3","retained","3","102","179080010.8326","179080013.64610001","2.8135000169277191","0","0"
"points100000-sources3","retained","3","103","179080013.75229999","179080017.82550001","4.0732000172138214","0","0"
"points100000-sources3","retained","3","104","179080017.9675","179080022.35600001","4.3885000050067902","0","0"
"points100000-sources3","retained","3","105","179080022.4835","179080026.2942","3.810699999332428","0","0"
"points100000-sources3","retained","3","106","179080026.4174","179080029.68509999","3.2676999866962433","0","0"
"points100000-sources3","retained","3","107","179080029.79719999","179080034.85910001","5.0619000196456909","0","0"
"points100000-sources3","retained","3","108","179080034.98840001","179080038.65310001","3.6647000014781952","0","0"
"points100000-sources3","retained","3","109","179080038.79210001","179080042.52680001","3.7346999943256378","0","0"
"points100000-sources3","retained","3","110","179080042.63949999","179080046.0282","3.388700008392334","0","0"
"points100000-sources3","retained","3","111","179080046.14230001","179080051.9601","5.817799985408783","0","0"
"points100000-sources3","retained","3","112","179080052.12079999","179080055.66960001","3.5488000214099884","0","0"
"points100000-sources3","retained","3","113","179080055.78279999","179080058.86219999","3.0794000029563904","0","0"
"points100000-sources3","retained","3","114","179080058.97729999","179080062.51440001","3.5371000170707703","0","0"
"points100000-sources3","retained","3","115","179080062.6561","179080068.0993","5.4431999921798706","0","0"
"points100000-sources3","retained","3","116","179080068.2421","179080071.1207","2.878600001335144","0","0"
"points100000-sources3","retained","3","117","179080071.2405","179080074.00139999","2.7608999907970428","0","0"
"points100000-sources3","retained","3","118","179080074.11039999","179080077.0984","2.9880000054836273","0","0"
"points100000-sources3","retained","3","119","179080077.20699999","179080080.53130001","3.3243000209331512","0","0"
"points100000-sources3","retained","3","120","179080080.65200001","179080083.73289999","3.0808999836444855","0","0"
