case,arm,repeat,frame,begin_qpc_ms,end_qpc_ms,step_ms,callback_ms,callback_calls
"points250000-population10000","off","1","1","179294306.83270001","179294309.56240001","2.7296999990940094","0","0"
"points250000-population10000","off","1","2","179294309.78920001","179294313.43450001","3.6453000009059906","0","0"
"points250000-population10000","off","1","3","179294313.6083","179294318.8549","5.2466000020503998","0","0"
"points250000-population10000","off","1","4","179294318.9941","179294322.47670001","3.4826000034809113","0","0"
"points250000-population10000","off","1","5","179294322.6198","179294327.14719999","4.5273999869823456","0","0"
"points250000-population10000","off","1","6","179294327.3364","179294331.27289999","3.9364999830722809","0","0"
"points250000-population10000","off","1","7","179294332.0156","179294334.8599","2.8443000018596649","0","0"
"points250000-population10000","off","1","8","179294334.9761","179294338.59259999","3.6164999902248383","0","0"
"points250000-population10000","off","1","9","179294338.7094","179294342.24770001","3.5383000075817108","0","0"
"points250000-population10000","off","1","10","179294342.37029999","179294345.90920001","3.5389000177383423","0","0"
"points250000-population10000","off","1","11","179294346.12079999","179294352.57949999","6.4587000012397766","0","0"
"points250000-population10000","off","1","12","179294352.75049999","179294356.5275","3.7770000100135803","0","0"
"points250000-population10000","off","1","13","179294356.669","179294360.2466","3.5776000022888184","0","0"
"points250000-population10000","off","1","14","179294360.39700001","179294365.1866","4.7895999848842621","0","0"
"points250000-population10000","off","1","15","179294365.33219999","179294368.71039999","3.3781999945640564","0","0"
"points250000-population10000","off","1","16","179294368.83160001","179294371.7272","2.8955999910831451","0","0"
"points250000-population10000","off","1","17","179294371.8448","179294374.5598","2.7150000035762787","0","0"
"points250000-population10000","off","1","18","179294374.6769","179294377.46669999","2.7897999882698059","0","0"
"points250000-population10000","off","1","19","179294377.58250001","179294382.31259999","4.7300999760627747","0","0"
"points250000-population10000","off","1","20","179294382.44710001","179294385.12470001","2.6775999963283539","0","0"
"points250000-population10000","off","1","21","179294385.23140001","179294388.54769999","3.3162999749183655","0","0"
"points250000-population10000","off","1","22","179294388.65740001","179294392.26140001","3.6040000021457672","0","0"
"points250000-population10000","off","1","23","179294392.36579999","179294397.3405","4.974700003862381","0","0"
"points250000-population10000","off","1","24","179294397.4912","179294401.2033","3.7120999991893768","0","0"
"points250000-population10000","off","1","25","179294401.32449999","179294405.49860001","4.1741000115871429","0","0"
"points250000-population10000","off","1","26","179294405.61359999","179294408.64089999","3.0273000001907349","0","0"
"points250000-population10000","off","1","27","179294408.7484","179294415.5508","6.8023999929428101","0","0"
"points250000-population10000","off","1","28","179294415.72240001","179294419.74399999","4.0215999782085419","0","0"
"points250000-population10000","off","1","29","179294419.8759","179294423.42469999","3.548799991607666","0","0"
"points250000-population10000","off","1","30","179294423.5363","179294427.7667","4.2303999960422516","0","0"
"points250000-population10000","off","1","31","179294427.90439999","179294433.22400001","5.3196000158786774","0","0"
"points250000-population10000","off","1","32","179294433.4425","179294439.26519999","5.8226999938488007","0","0"
"points250000-population10000","off","1","33","179294439.3883","179294442.04010001","2.6518000066280365","0","0"
"points250000-population10000","off","1","34","179294442.15189999","179294445.1864","3.0345000028610229","0","0"
"points250000-population10000","off","1","35","179294445.32449999","179294448.0185","2.6940000057220459","0","0"
"points250000-population10000","off","1","36","179294448.1415","179294450.8698","2.728300005197525","0","0"
"points250000-population10000","off","1","37","179294451.03279999","179294454.04859999","3.0157999992370605","0","0"
"points250000-population10000","off","1","38","179294454.15709999","179294457.0077","2.850600004196167","0","0"
"points250000-population10000","off","1","39","179294457.11269999","179294460.81020001","3.6975000202655792","0","0"
"points250000-population10000","off","1","40","179294460.93290001","179294465.3687","4.4357999861240387","0","0"
"points250000-population10000","off","1","41","179294465.48269999","179294469.6785","4.1958000063896179","0","0"
"points250000-population10000","off","1","42","179294469.78600001","179294473.40630001","3.6202999949455261","0","0"
"points250000-population10000","off","1","43","179294473.5257","179294478.70680001","5.1811000108718872","0","0"
"points250000-population10000","off","1","44","179294478.88319999","179294482.71160001","3.8284000158309937","0","0"
"points250000-population10000","off","1","45","179294482.8387","179294486.95820001","4.1195000112056732","0","0"
"points250000-population10000","off","1","46","179294487.0848","179294491.05270001","3.9679000079631805","0","0"
"points250000-population10000","off","1","47","179294491.16940001","179294495.12819999","3.9587999880313873","0","0"
"points250000-population10000","off","1","48","179294495.3019","179294499.35010001","4.0482000112533569","0","0"
"points250000-population10000","off","1","49","179294499.48069999","179294502.56819999","3.0875000059604645","0","0"
"points250000-population10000","off","1","50","179294502.69330001","179294507.47369999","4.7803999781608582","0","0"
"points250000-population10000","off","1","51","179294507.59240001","179294511.0156","3.4231999814510345","0","0"
"points250000-population10000","off","1","52","179294511.1406","179294514.2326","3.0920000076293945","0","0"
"points250000-population10000","off","1","53","179294514.3554","179294518.36649999","4.0110999941825867","0","0"
"points250000-population10000","off","1","54","179294518.50409999","179294521.38209999","2.8779999911785126","0","0"
"points250000-population10000","off","1","55","179294521.50009999","179294524.18380001","2.6837000250816345","0","0"
"points250000-population10000","off","1","56","179294524.30059999","179294526.9395","2.6389000117778778","0","0"
"points250000-population10000","off","1","57","179294527.06040001","179294530.70879999","3.6483999788761139","0","0"
"points250000-population10000","off","1","58","179294530.83360001","179294534.12040001","3.2867999970912933","0","0"
"points250000-population10000","off","1","59","179294534.2387","179294539.34330001","5.1046000123023987","0","0"
"points250000-population10000","off","1","60","179294539.47580001","179294542.55779999","3.0819999873638153","0","0"
"points250000-population10000","off","1","61","179294542.6751","179294546.35980001","3.6847000122070312","0","0"
"points250000-population10000","off","1","62","179294546.4826","179294550.6886","4.2060000002384186","0","0"
"points250000-population10000","off","1","63","179294550.8125","179294555.3091","4.4966000020503998","0","0"
"points250000-population10000","off","1","64","179294555.43619999","179294558.82910001","3.3929000198841095","0","0"
"points250000-population10000","off","1","65","179294558.9506","179294562.79910001","3.8485000133514404","0","0"
"points250000-population10000","off","1","66","179294562.95460001","179294568.9057","5.9510999917984009","0","0"
"points250000-population10000","off","1","67","179294569.10949999","179294574.51449999","5.4050000011920929","0","0"
"points250000-population10000","off","1","68","179294574.65920001","179294578.40290001","3.7436999976634979","0","0"
"points250000-population10000","off","1","69","179294578.5623","179294581.84240001","3.280100017786026","0","0"
"points250000-population10000","off","1","70","179294582.01370001","179294584.7317","2.7179999947547913","0","0"
"points250000-population10000","off","1","71","179294584.87110001","179294587.71579999","2.8446999788284302","0","0"
"points250000-population10000","off","1","72","179294587.8899","179294590.56380001","2.6739000082015991","0","0"
"points250000-population10000","off","1","73","179294590.69510001","179294593.64829999","2.9531999826431274","0","0"
"points250000-population10000","off","1","74","179294593.921","179294597.4093","3.4882999956607819","0","0"
"points250000-population10000","off","1","75","179294597.55289999","179294601.993","4.4401000142097473","0","0"
"points250000-population10000","off","1","76","179294602.12189999","179294605.0966","2.974700003862381","0","0"
"points250000-population10000","off","1","77","179294605.2155","179294608.8874","3.6719000041484833","0","0"
"points250000-population10000","off","1","78","179294609.00220001","179294613.6882","4.6859999895095825","0","0"
"points250000-population10000","off","1","79","179294613.83180001","179294618.5271","4.6952999830245972","0","0"
"points250000-population10000","off","1","80","179294618.6697","179294622.12180001","3.45210000872612","0","0"
"points250000-population10000","off","1","81","179294622.23679999","179294625.51050001","3.2737000286579132","0","0"
"points250000-population10000","off","1","82","179294625.6261","179294631.1979","5.5717999935150146","0","0"
"points250000-population10000","off","1","83","179294631.36379999","179294637.05219999","5.688400000333786","0","0"
"points250000-population10000","off","1","84","179294637.19780001","179294640.87639999","3.6785999834537506","0","0"
"points250000-population10000","off","1","85","179294641.01539999","179294646.08649999","5.0710999965667725","0","0"
"points250000-population10000","off","1","86","179294646.2748","179294650.9298","4.6550000011920929","0","0"
"points250000-population10000","off","1","87","179294651.067","179294654.54300001","3.4760000109672546","0","0"
"points250000-population10000","off","1","88","179294654.6629","179294657.62909999","2.9661999940872192","0","0"
"points250000-population10000","off","1","89","179294657.74200001","179294660.74079999","2.9987999796867371","0","0"
"points250000-population10000","off","1","90","179294660.89199999","179294665.4655","4.573500007390976","0","0"
"points250000-population10000","off","1","91","179294665.5936","179294668.4244","2.8307999968528748","0","0"
"points250000-population10000","off","1","92","179294668.53870001","179294671.13440001","2.5956999957561493","0","0"
"points250000-population10000","off","1","93","179294671.24790001","179294674.89469999","3.6467999815940857","0","0"
"points250000-population10000","off","1","94","179294675.01539999","179294680.5413","5.5259000062942505","0","0"
"points250000-population10000","off","1","95","179294680.74129999","179294684.4885","3.7472000122070312","0","0"
"points250000-population10000","off","1","96","179294684.61070001","179294687.55050001","2.9397999942302704","0","0"
"points250000-population10000","off","1","97","179294687.66389999","179294691.21849999","3.5546000003814697","0","0"
"points250000-population10000","off","1","98","179294691.32589999","179294697.87830001","6.5524000227451324","0","0"
"points250000-population10000","off","1","99","179294698.0695","179294701.73179999","3.6622999906539917","0","0"
"points250000-population10000","off","1","100","179294701.8459","179294705.50760001","3.6617000102996826","0","0"
"points250000-population10000","off","1","101","179294705.61809999","179294710.40759999","4.7894999980926514","0","0"
"points250000-population10000","off","1","102","179294710.52990001","179294714.10640001","3.5764999985694885","0","0"
"points250000-population10000","off","1","103","179294714.22580001","179294717.62079999","3.3949999809265137","0","0"
"points250000-population10000","off","1","104","179294717.72839999","179294721.0147","3.286300003528595","0","0"
"points250000-population10000","off","1","105","179294721.123","179294724.4501","3.32710000872612","0","0"
"points250000-population10000","off","1","106","179294724.56690001","179294729.0142","4.447299987077713","0","0"
"points250000-population10000","off","1","107","179294729.17019999","179294732.58539999","3.4151999950408936","0","0"
"points250000-population10000","off","1","108","179294732.7218","179294735.5614","2.839599996805191","0","0"
"points250000-population10000","off","1","109","179294735.6841","179294738.35010001","2.6660000085830688","0","0"
"points250000-population10000","off","1","110","179294738.4612","179294742.43360001","3.9724000096321106","0","0"
"points250000-population10000","off","1","111","179294742.55899999","179294745.91670001","3.3577000200748444","0","0"
"points250000-population10000","off","1","112","179294746.08000001","179294749.91659999","3.8365999758243561","0","0"
"points250000-population10000","off","1","113","179294750.0731","179294753.5625","3.4893999993801117","0","0"
"points250000-population10000","off","1","114","179294753.68880001","179294758.53729999","4.848499983549118","0","0"
"points250000-population10000","off","1","115","179294758.6577","179294762.78580001","4.1281000077724457","0","0"
"points250000-population10000","off","1","116","179294762.92629999","179294766.42559999","3.4993000030517578","0","0"
"points250000-population10000","off","1","117","179294766.54499999","179294770.04859999","3.503600001335144","0","0"
"points250000-population10000","off","1","118","179294770.15869999","179294774.60100001","4.442300021648407","0","0"
"points250000-population10000","off","1","119","179294774.7062","179294778.49669999","3.7904999852180481","0","0"
"points250000-population10000","off","1","120","179294778.63420001","179294781.82859999","3.1943999826908112","0","0"
"points250000-population10000","gw","1","1","179295042.7105","179295063.94440001","21.233900010585785","14.0067999958992","2"
"points250000-population10000","gw","1","2","179295064.1595","179295087.50709999","23.347599983215332","15.782099992036819","2"
"points250000-population10000","gw","1","3","179295087.70289999","179295105.4941","17.791200011968613","13.799800008535385","2"
"points250000-population10000","gw","1","4","179295105.6733","179295124.18110001","18.50780001282692","13.830700010061264","2"
"points250000-population10000","gw","1","5","179295124.33649999","179295142.8933","18.556800007820129","13.636999994516373","2"
"points250000-population10000","gw","1","6","179295143.0925","179295162.6058","19.513300001621246","13.861200004816055","2"
"points250000-population10000","gw","1","7","179295162.77939999","179295182.67860001","19.899200022220612","13.803399980068207","2"
"points250000-population10000","gw","1","8","179295182.84830001","179295201.36790001","18.519600003957748","14.078399986028671","2"
"points250000-population10000","gw","1","9","179295201.53420001","179295221.36579999","19.831599980592728","13.7151999771595","2"
"points250000-population10000","gw","1","10","179295221.52129999","179295241.44209999","19.920800000429153","13.758099973201752","2"
"points250000-population10000","gw","1","11","179295241.67750001","179295261.3035","19.625999987125397","14.036900013685226","2"
"points250000-population10000","gw","1","12","179295261.48179999","179295282.43419999","20.952399998903275","14.489199995994568","2"
"points250000-population10000","gw","1","13","179295282.6196","179295304.22099999","21.60139998793602","14.165999978780746","2"
"points250000-population10000","gw","1","14","179295304.40380001","179295323.92789999","19.524099975824356","13.976400017738342","2"
"points250000-population10000","gw","1","15","179295324.11340001","179295341.655","17.541599988937378","13.732999980449677","2"
"points250000-population10000","gw","1","16","179295341.81940001","179295359.73410001","17.914700001478195","13.702300012111664","2"
"points250000-population10000","gw","1","17","179295359.90490001","179295378.56079999","18.655899971723557","13.766400009393692","2"
"points250000-population10000","gw","1","18","179295378.72229999","179295397.49309999","18.770799994468689","13.790100038051605","2"
"points250000-population10000","gw","1","19","179295397.66800001","179295417.82089999","20.152899980545044","13.993400007486343","2"
"points250000-population10000","gw","1","20","179295417.99590001","179295436.2678","18.271899998188019","13.670000016689301","2"
"points250000-population10000","gw","1","21","179295436.47639999","179295455.77430001","19.297900021076202","14.041700005531311","2"
"points250000-population10000","gw","1","22","179295455.95460001","179295475.07800001","19.123400002717972","13.674400001764297","2"
"points250000-population10000","gw","1","23","179295475.2868","179295495.69530001","20.408500015735626","14.247200012207031","2"
"points250000-population10000","gw","1","24","179295495.89930001","179295516.36559999","20.46629998087883","13.922300010919571","2"
"points250000-population10000","gw","1","25","179295516.5314","179295534.48100001","17.949600011110306","13.676999986171722","2"
"points250000-population10000","gw","1","26","179295534.6478","179295554.8601","20.212300002574921","14.185099989175797","2"
"points250000-population10000","gw","1","27","179295555.0977","179295576.4208","21.323100000619888","13.910400032997131","2"
"points250000-population10000","gw","1","28","179295576.61230001","179295595.5415","18.929199993610382","14.318899989128113","2"
"points250000-population10000","gw","1","29","179295595.7274","179295614.8256","19.098199993371964","13.62270000576973","2"
"points250000-population10000","gw","1","30","179295615.00830001","179295634.29170001","19.283399999141693","13.843699991703033","2"
"points250000-population10000","gw","1","31","179295634.4923","179295652.2863","17.793999999761581","13.716699987649918","2"
"points250000-population10000","gw","1","32","179295652.48280001","179295671.91600001","19.433200001716614","13.674099981784821","2"
"points250000-population10000","gw","1","33","179295672.10409999","179295691.24790001","19.143800020217896","13.6807000041008","2"
"points250000-population10000","gw","1","34","179295691.4147","179295712.03400001","20.619300007820129","14.20100000500679","2"
"points250000-population10000","gw","1","35","179295712.22009999","179295731.76179999","19.541700005531311","13.730599999427795","2"
"points250000-population10000","gw","1","36","179295731.93509999","179295750.38800001","18.452900022268295","13.716499984264374","2"
"points250000-population10000","gw","1","37","179295750.5659","179295772.3026","21.736699998378754","13.992300003767014","2"
"points250000-population10000","gw","1","38","179295772.4833","179295792.11919999","19.635899990797043","13.814500004053116","2"
"points250000-population10000","gw","1","39","179295792.3091","179295811.45320001","19.14410001039505","13.704299986362457","2"
"points250000-population10000","gw","1","40","179295811.63190001","179295831.45629999","19.82439997792244","13.715300023555756","2"
"points250000-population10000","gw","1","41","179295831.6266","179295848.81400001","17.187400013208389","13.770500004291534","2"
"points250000-population10000","gw","1","42","179295848.99129999","179295868.074","19.08270001411438","13.698800027370453","2"
"points250000-population10000","gw","1","43","179295868.2448","179295886.80000001","18.555200010538101","13.831899970769882","2"
"points250000-population10000","gw","1","44","179295886.9745","179295905.73859999","18.764099985361099","13.732999980449677","2"
"points250000-population10000","gw","1","45","179295905.92300001","179295926.68180001","20.758799999952316","13.981000006198883","2"
"points250000-population10000","gw","1","46","179295926.8989","179295947.76949999","20.870599985122681","13.87830001115799","2"
"points250000-population10000","gw","1","47","179295947.95660001","179295967.558","19.60139998793602","14.011800020933151","2"
"points250000-population10000","gw","1","48","179295967.75139999","179295988.18279999","20.431400001049042","13.808899968862534","2"
"points250000-population10000","gw","1","49","179295988.34419999","179296008.8364","20.492200016975403","13.815599977970123","2"
"points250000-population10000","gw","1","50","179296009.01050001","179296028.5751","19.564599990844727","14.063799977302551","2"
"points250000-population10000","gw","1","51","179296028.7484","179296048.93259999","20.18419998884201","14.096100002527237","2"
"points250000-population10000","gw","1","52","179296049.1144","179296069.5323","20.417899996042252","15.074799984693527","2"
"points250000-population10000","gw","1","53","179296069.7175","179296088.986","19.268500000238419","13.870999962091446","2"
"points250000-population10000","gw","1","54","179296089.15509999","179296108.04859999","18.893500000238419","13.886599987745285","2"
"points250000-population10000","gw","1","55","179296108.23699999","179296127.3319","19.094900012016296","13.794799983501434","2"
"points250000-population10000","gw","1","56","179296127.51519999","179296148.2613","20.746100008487701","13.646100014448166","2"
"points250000-population10000","gw","1","57","179296148.4411","179296168.05790001","19.616800010204315","13.749300003051758","2"
"points250000-population10000","gw","1","58","179296168.24219999","179296188.47679999","20.234600007534027","14.233799993991852","2"
"points250000-population10000","gw","1","59","179296188.65169999","179296208.65349999","20.001800000667572","13.692999988794327","2"
"points250000-population10000","gw","1","60","179296208.81709999","179296228.57640001","19.759300023317337","13.703500002622604","2"
"points250000-population10000","gw","1","61","179296228.74590001","179296248.12979999","19.383899986743927","14.018800020217896","2"
"points250000-population10000","gw","1","62","179296248.40270001","179296268.53929999","20.136599987745285","13.984800010919571","2"
"points250000-population10000","gw","1","63","179296268.71599999","179296288.3502","19.634200006723404","13.597799986600876","2"
"points250000-population10000","gw","1","64","179296288.51589999","179296308.33410001","19.818200021982193","13.830199986696243","2"
"points250000-population10000","gw","1","65","179296308.50529999","179296327.35030001","18.845000028610229","13.822300016880035","2"
"points250000-population10000","gw","1","66","179296327.58140001","179296346.102","18.520599991083145","13.972499996423721","2"
"points250000-population10000","gw","1","67","179296346.27520001","179296365.66229999","19.387099981307983","14.027200013399124","2"
"points250000-population10000","gw","1","68","179296365.85800001","179296386.22080001","20.362800002098083","13.888600021600723","2"
"points250000-population10000","gw","1","69","179296386.40990001","179296407.62810001","21.218199998140335","15.405500024557114","2"
"points250000-population10000","gw","1","70","179296407.80860001","179296427.65779999","19.84919998049736","13.700399994850159","2"
"points250000-population10000","gw","1","71","179296427.84150001","179296449.62450001","21.782999992370605","14.947699993848801","2"
"points250000-population10000","gw","1","72","179296449.817","179296468.78060001","18.963600009679794","13.719700008630753","2"
"points250000-population10000","gw","1","73","179296468.94780001","179296488.294","19.346199989318848","13.699200004339218","2"
"points250000-population10000","gw","1","74","179296488.4553","179296507.99270001","19.537400007247925","13.844999998807907","2"
"points250000-population10000","gw","1","75","179296508.1593","179296526.68880001","18.529500007629395","13.680900007486343","2"
"points250000-population10000","gw","1","76","179296526.86449999","179296547.0562","20.191700011491776","13.938499987125397","2"
"points250000-population10000","gw","1","77","179296547.2317","179296565.09419999","17.862499982118607","13.731699973344803","2"
"points250000-population10000","gw","1","78","179296565.2888","179296584.2071","18.918300002813339","13.77510005235672","2"
"points250000-population10000","gw","1","79","179296584.37709999","179296603.764","19.386900007724762","13.648800015449524","2"
"points250000-population10000","gw","1","80","179296603.95289999","179296623.3224","19.369500011205673","13.972299993038177","2"
"points250000-population10000","gw","1","81","179296623.49149999","179296643.34799999","19.856499999761581","13.919899970293045","2"
"points250000-population10000","gw","1","82","179296643.5316","179296663.0905","19.558899998664856","13.722900003194809","2"
"points250000-population10000","gw","1","83","179296663.27590001","179296683.26969999","19.993799984455109","13.656899988651276","2"
"points250000-population10000","gw","1","84","179296683.4686","179296703.26620001","19.797600001096725","13.700699985027313","2"
"points250000-population10000","gw","1","85","179296703.43399999","179296723.27939999","19.845400005578995","14.400700002908707","2"
"points250000-population10000","gw","1","86","179296723.46560001","179296744.00569999","20.54009997844696","13.819099992513657","2"
"points250000-population10000","gw","1","87","179296744.2089","179296765.07620001","20.867300003767014","14.239399999380112","2"
"points250000-population10000","gw","1","88","179296765.2633","179296784.1647","18.901399999856949","13.86939999461174","2"
"points250000-population10000","gw","1","89","179296784.39660001","179296804.41940001","20.022799998521805","13.710400015115738","2"
"points250000-population10000","gw","1","90","179296804.60479999","179296821.67629999","17.07150000333786","13.70430001616478","2"
"points250000-population10000","gw","1","91","179296821.83809999","179296840.8046","18.966500014066696","13.690400004386902","2"
"points250000-population10000","gw","1","92","179296840.97499999","179296860.10370001","19.128700017929077","13.895299971103668","2"
"points250000-population10000","gw","1","93","179296860.27360001","179296879.42129999","19.147699981927872","13.706000030040741","2"
"points250000-population10000","gw","1","94","179296879.6155","179296899.80590001","20.190400004386902","13.865599989891052","2"
"points250000-population10000","gw","1","95","179296899.9912","179296919.0038","19.012600004673004","13.617500007152557","2"
"points250000-population10000","gw","1","96","179296919.1771","179296939.90380001","20.726700007915497","14.048200011253357","2"
"points250000-population10000","gw","1","97","179296940.08289999","179296962.04750001","21.964600026607513","14.51800000667572","2"
"points250000-population10000","gw","1","98","179296962.24599999","179296980.9409","18.694900006055832","13.707099974155426","2"
"points250000-population10000","gw","1","99","179296981.10299999","179297001.20089999","20.097900003194809","13.785600006580353","2"
"points250000-population10000","gw","1","100","179297001.37509999","179297021.78119999","20.406100004911423","14.06139999628067","2"
"points250000-population10000","gw","1","101","179297021.95370001","179297040.45089999","18.497199982404709","13.669200003147125","2"
"points250000-population10000","gw","1","102","179297040.61700001","179297060.49970001","19.882699996232986","14.242800027132034","2"
"points250000-population10000","gw","1","103","179297060.70699999","179297079.82100001","19.114000022411346","13.678900003433228","2"
"points250000-population10000","gw","1","104","179297079.99770001","179297099.76890001","19.771200001239777","13.872900009155273","2"
"points250000-population10000","gw","1","105","179297099.93970001","179297120.10499999","20.165299981832504","13.676099985837936","2"
"points250000-population10000","gw","1","106","179297120.29280001","179297140.56760001","20.274800002574921","13.847000002861023","2"
"points250000-population10000","gw","1","107","179297140.73469999","179297159.7899","19.055200010538101","13.823800027370453","2"
"points250000-population10000","gw","1","108","179297160.06040001","179297181.67500001","21.614600002765656","14.403600007295609","2"
"points250000-population10000","gw","1","109","179297181.85100001","179297200.06369999","18.212699979543686","13.770300000905991","2"
"points250000-population10000","gw","1","110","179297200.24900001","179297219.6855","19.436499983072281","13.698900014162064","2"
"points250000-population10000","gw","1","111","179297219.8436","179297239.51359999","19.669999986886978","13.76800000667572","2"
"points250000-population10000","gw","1","112","179297239.68220001","179297261.25940001","21.577199995517731","15.945999979972839","2"
"points250000-population10000","gw","1","113","179297261.43889999","179297280.81","19.371100008487701","13.720899999141693","2"
"points250000-population10000","gw","1","114","179297280.99669999","179297299.84760001","18.850900024175644","14.00519996881485","2"
"points250000-population10000","gw","1","115","179297300.01910001","179297318.01030001","17.991200000047684","13.74219998717308","2"
"points250000-population10000","gw","1","116","179297318.16859999","179297338.29179999","20.123199999332428","13.845699995756149","2"
"points250000-population10000","gw","1","117","179297338.46169999","179297358.37090001","19.909200012683868","13.87950000166893","2"
"points250000-population10000","gw","1","118","179297358.5625","179297377.52970001","18.967200011014938","13.991800010204315","2"
"points250000-population10000","gw","1","119","179297377.7401","179297399.82550001","22.085400015115738","14.581699997186661","2"
"points250000-population10000","gw","1","120","179297400.01409999","179297418.27689999","18.262800008058548","13.857399970293045","2"
"points250000-population10000","retained","1","1","179297470.87169999","179297474.30160001","3.4299000203609467","0","0"
"points250000-population10000","retained","1","2","179297474.46630001","179297478.62650001","4.1601999998092651","0","0"
"points250000-population10000","retained","1","3","179297478.80880001","179297484.12110001","5.3122999966144562","0","0"
"points250000-population10000","retained","1","4","179297484.24720001","179297487.82359999","3.5763999819755554","0","0"
"points250000-population10000","retained","1","5","179297487.94819999","179297491.52430001","3.5761000216007233","0","0"
"points250000-population10000","retained","1","6","179297491.64289999","179297497.0645","5.4216000139713287","0","0"
"points250000-population10000","retained","1","7","179297497.227","179297501.05419999","3.8271999955177307","0","0"
"points250000-population10000","retained","1","8","179297501.20550001","179297504.78310001","3.5776000022888184","0","0"
"points250000-population10000","retained","1","9","179297504.9127","179297509.40439999","4.4916999936103821","0","0"
"points250000-population10000","retained","1","10","179297509.55149999","179297514.34940001","4.7979000210762024","0","0"
"points250000-population10000","retained","1","11","179297514.47310001","179297517.3021","2.8289999961853027","0","0"
"points250000-population10000","retained","1","12","179297517.41280001","179297520.30059999","2.8877999782562256","0","0"
"points250000-population10000","retained","1","13","179297520.41100001","179297524.06299999","3.6519999802112579","0","0"
"points250000-population10000","retained","1","14","179297524.176","179297527.31130001","3.1353000104427338","0","0"
"points250000-population10000","retained","1","15","179297527.4637","179297531.3439","3.8801999986171722","0","0"
"points250000-population10000","retained","1","16","179297531.4883","179297534.49939999","3.0110999941825867","0","0"
"points250000-population10000","retained","1","17","179297534.61340001","179297538.15669999","3.5432999730110168","0","0"
"points250000-population10000","retained","1","18","179297538.27180001","179297542.48460001","4.212799996137619","0","0"
"points250000-population10000","retained","1","19","179297542.59810001","179297547.88640001","5.2883000075817108","0","0"
"points250000-population10000","retained","1","20","179297548.0226","179297551.7184","3.6958000063896179","0","0"
"points250000-population10000","retained","1","21","179297551.84290001","179297555.69389999","3.8509999811649323","0","0"
"points250000-population10000","retained","1","22","179297555.9102","179297560.51159999","4.6013999879360199","0","0"
"points250000-population10000","retained","1","23","179297560.6523","179297564.2823","3.6299999952316284","0","0"
"points250000-population10000","retained","1","24","179297564.4267","179297568.06420001","3.6375000178813934","0","0"
"points250000-population10000","retained","1","25","179297568.20070001","179297572.01460001","3.8138999938964844","0","0"
"points250000-population10000","retained","1","26","179297572.13510001","179297576.62130001","4.4862000048160553","0","0"
"points250000-population10000","retained","1","27","179297576.8443","179297580.28040001","3.4361000061035156","0","0"
"points250000-population10000","retained","1","28","179297580.40580001","179297583.2437","2.8378999829292297","0","0"
"points250000-population10000","retained","1","29","179297583.3594","179297586.19940001","2.8400000035762787","0","0"
"points250000-population10000","retained","1","30","179297586.34290001","179297590.2076","3.8646999895572662","0","0"
"points250000-population10000","retained","1","31","179297590.31549999","179297593.3689","3.0534000098705292","0","0"
"points250000-population10000","retained","1","32","179297593.4831","179297596.69859999","3.2154999971389771","0","0"
"points250000-population10000","retained","1","33","179297596.82100001","179297599.6561","2.835099995136261","0","0"
"points250000-population10000","retained","1","34","179297599.76589999","179297602.48069999","2.7148000001907349","0","0"
"points250000-population10000","retained","1","35","179297602.60699999","179297607.5151","4.9081000089645386","0","0"
"points250000-population10000","retained","1","36","179297607.6584","179297611.0176","3.3592000007629395","0","0"
"points250000-population10000","retained","1","37","179297611.146","179297614.01300001","2.867000013589859","0","0"
"points250000-population10000","retained","1","38","179297614.12529999","179297616.97080001","2.8455000221729279","0","0"
"points250000-population10000","retained","1","39","179297617.0776","179297620.66980001","3.5922000110149384","0","0"
"points250000-population10000","retained","1","40","179297620.77779999","179297623.5596","2.7818000018596649","0","0"
"points250000-population10000","retained","1","41","179297623.6681","179297626.45930001","2.7912000119686127","0","0"
"points250000-population10000","retained","1","42","179297626.5686","179297629.45370001","2.8851000070571899","0","0"
"points250000-population10000","retained","1","43","179297629.5767","179297632.6112","3.0345000028610229","0","0"
"points250000-population10000","retained","1","44","179297632.71529999","179297635.56979999","2.8544999957084656","0","0"
"points250000-population10000","retained","1","45","179297635.68279999","179297639.84999999","4.1671999990940094","0","0"
"points250000-population10000","retained","1","46","179297639.95719999","179297642.72780001","2.7706000208854675","0","0"
"points250000-population10000","retained","1","47","179297642.85330001","179297645.7385","2.8851999938488007","0","0"
"points250000-population10000","retained","1","48","179297645.85210001","179297648.55739999","2.705299973487854","0","0"
"points250000-population10000","retained","1","49","179297648.66670001","179297652.28009999","3.6133999824523926","0","0"
"points250000-population10000","retained","1","50","179297652.3946","179297655.4558","3.0611999928951263","0","0"
"points250000-population10000","retained","1","51","179297655.5668","179297658.40540001","2.8386000096797943","0","0"
"points250000-population10000","retained","1","52","179297658.5169","179297661.8312","3.314300000667572","0","0"
"points250000-population10000","retained","1","53","179297661.9659","179297665.23199999","3.2660999894142151","0","0"
"points250000-population10000","retained","1","54","179297665.35280001","179297669.8064","4.4535999894142151","0","0"
"points250000-population10000","retained","1","55","179297669.93090001","179297672.74529999","2.8143999874591827","0","0"
"points250000-population10000","retained","1","56","179297672.8642","179297675.61829999","2.7540999948978424","0","0"
"points250000-population10000","retained","1","57","179297675.72749999","179297678.59729999","2.8698000013828278","0","0"
"points250000-population10000","retained","1","58","179297678.72799999","179297681.69159999","2.9636000096797943","0","0"
"points250000-population10000","retained","1","59","179297681.836","179297685.29210001","3.4561000168323517","0","0"
"points250000-population10000","retained","1","60","179297685.40439999","179297688.15560001","2.7512000203132629","0","0"
"points250000-population10000","retained","1","61","179297688.271","179297691.1388","2.8677999973297119","0","0"
"points250000-population10000","retained","1","62","179297691.2507","179297694.2141","2.9634000062942505","0","0"
"points250000-population10000","retained","1","63","179297694.34630001","179297697.55899999","3.2126999795436859","0","0"
"points250000-population10000","retained","1","64","179297697.6796","179297701.80039999","4.1207999885082245","0","0"
"points250000-population10000","retained","1","65","179297701.91530001","179297704.88600001","2.9706999957561493","0","0"
"points250000-population10000","retained","1","66","179297705.00139999","179297707.99739999","2.9959999918937683","0","0"
"points250000-population10000","retained","1","67","179297708.1085","179297711.07539999","2.9668999910354614","0","0"
"points250000-population10000","retained","1","68","179297711.18830001","179297715.5873","4.3989999890327454","0","0"
"points250000-population10000","retained","1","69","179297715.70989999","179297718.64629999","2.9363999962806702","0","0"
"points250000-population10000","retained","1","70","179297718.76339999","179297721.5512","2.7878000140190125","0","0"
"points250000-population10000","retained","1","71","179297721.662","179297724.84200001","3.1800000071525574","0","0"
"points250000-population10000","retained","1","72","179297724.9567","179297728.5686","3.6119000017642975","0","0"
"points250000-population10000","retained","1","73","179297728.78200001","179297734.81299999","6.0309999883174896","0","0"
"points250000-population10000","retained","1","74","179297734.95829999","179297738.5469","3.5886000096797943","0","0"
"points250000-population10000","retained","1","75","179297738.65720001","179297741.88749999","3.2302999794483185","0","0"
"points250000-population10000","retained","1","76","179297742.0009","179297745.58860001","3.5877000093460083","0","0"
"points250000-population10000","retained","1","77","179297745.7297","179297750.06189999","4.3321999907493591","0","0"
"points250000-population10000","retained","1","78","179297750.1866","179297753.34979999","3.1631999909877777","0","0"
"points250000-population10000","retained","1","79","179297753.4725","179297756.2189","2.746399998664856","0","0"
"points250000-population10000","retained","1","80","179297756.32960001","179297759.16010001","2.8305000066757202","0","0"
"points250000-population10000","retained","1","81","179297759.27340001","179297762.41859999","3.1451999843120575","0","0"
"points250000-population10000","retained","1","82","179297762.58469999","179297765.46270001","2.878000020980835","0","0"
"points250000-population10000","retained","1","83","179297765.58570001","179297768.39809999","2.8123999834060669","0","0"
"points250000-population10000","retained","1","84","179297768.51800001","179297771.34200001","2.8240000009536743","0","0"
"points250000-population10000","retained","1","85","179297771.45680001","179297774.31720001","2.86039999127388","0","0"
"points250000-population10000","retained","1","86","179297774.42469999","179297777.41460001","2.9899000227451324","0","0"
"points250000-population10000","retained","1","87","179297777.5361","179297781.1338","3.5976999998092651","0","0"
"points250000-population10000","retained","1","88","179297781.2518","179297784.21759999","2.9657999873161316","0","0"
"points250000-population10000","retained","1","89","179297784.3312","179297786.97589999","2.6446999907493591","0","0"
"points250000-population10000","retained","1","90","179297787.0957","179297789.7823","2.686599999666214","0","0"
"points250000-population10000","retained","1","91","179297789.89829999","179297793.29269999","3.3944000005722046","0","0"
"points250000-population10000","retained","1","92","179297793.48210001","179297800.2042","6.7220999896526337","0","0"
"points250000-population10000","retained","1","93","179297800.41760001","179297803.4659","3.0482999980449677","0","0"
"points250000-population10000","retained","1","94","179297803.5909","179297806.67460001","3.0837000012397766","0","0"
"points250000-population10000","retained","1","95","179297806.78979999","179297809.9533","3.1635000109672546","0","0"
"points250000-population10000","retained","1","96","179297810.07249999","179297813.05680001","2.9843000173568726","0","0"
"points250000-population10000","retained","1","97","179297813.18130001","179297816.0494","2.8680999875068665","0","0"
"points250000-population10000","retained","1","98","179297816.1649","179297819.01899999","2.8540999889373779","0","0"
"points250000-population10000","retained","1","99","179297819.12619999","179297821.9517","2.8255000114440918","0","0"
"points250000-population10000","retained","1","100","179297822.06459999","179297826.4745","4.4099000096321106","0","0"
"points250000-population10000","retained","1","101","179297826.60550001","179297830.2428","3.6372999846935272","0","0"
"points250000-population10000","retained","1","102","179297830.3813","179297833.3696","2.9882999956607819","0","0"
"points250000-population10000","retained","1","103","179297833.50260001","179297836.60139999","3.0987999737262726","0","0"
"points250000-population10000","retained","1","104","179297836.7279","179297839.95570001","3.2278000116348267","0","0"
"points250000-population10000","retained","1","105","179297840.10789999","179297843.33500001","3.2271000146865845","0","0"
"points250000-population10000","retained","1","106","179297843.456","179297846.75319999","3.2971999943256378","0","0"
"points250000-population10000","retained","1","107","179297846.89610001","179297849.9043","3.0081999897956848","0","0"
"points250000-population10000","retained","1","108","179297850.0255","179297852.90349999","2.8779999911785126","0","0"
"points250000-population10000","retained","1","109","179297853.0178","179297858.03290001","5.0151000022888184","0","0"
"points250000-population10000","retained","1","110","179297858.15200001","179297862.28439999","4.1323999762535095","0","0"
"points250000-population10000","retained","1","111","179297862.465","179297865.8687","3.4036999940872192","0","0"
"points250000-population10000","retained","1","112","179297865.99779999","179297868.7428","2.7450000047683716","0","0"
"points250000-population10000","retained","1","113","179297868.8793","179297871.53940001","2.6601000130176544","0","0"
"points250000-population10000","retained","1","114","179297871.65180001","179297874.3396","2.6877999901771545","0","0"
"points250000-population10000","retained","1","115","179297874.4522","179297877.39910001","2.9469000101089478","0","0"
"points250000-population10000","retained","1","116","179297877.51750001","179297880.47","2.9524999856948853","0","0"
"points250000-population10000","retained","1","117","179297880.6099","179297883.44960001","2.8397000133991241","0","0"
"points250000-population10000","retained","1","118","179297883.5598","179297888.03189999","4.4720999896526337","0","0"
"points250000-population10000","retained","1","119","179297888.14199999","179297890.99849999","2.8564999997615814","0","0"
"points250000-population10000","retained","1","120","179297891.1085","179297893.9982","2.8896999955177307","0","0"
"points250000-population10000","retained","2","1","179297937.62099999","179297942.54910001","4.9281000196933746","0","0"
"points250000-population10000","retained","2","2","179297942.72459999","179297946.03330001","3.3087000250816345","0","0"
"points250000-population10000","retained","2","3","179297946.1927","179297949.26449999","3.0717999935150146","0","0"
"points250000-population10000","retained","2","4","179297949.4023","179297952.1252","2.722900003194809","0","0"
"points250000-population10000","retained","2","5","179297952.2457","179297955.12779999","2.882099986076355","0","0"
"points250000-population10000","retained","2","6","179297955.24450001","179297958.0196","2.7750999927520752","0","0"
"points250000-population10000","retained","2","7","179297958.12740001","179297961.31940001","3.1920000016689301","0","0"
"points250000-population10000","retained","2","8","179297961.44530001","179297965.57730001","4.1319999992847443","0","0"
"points250000-population10000","retained","2","9","179297965.7062","179297975.11759999","9.4113999903202057","0","0"
"points250000-population10000","retained","2","10","179297975.27849999","179297978.60280001","3.3243000209331512","0","0"
"points250000-population10000","retained","2","11","179297978.73539999","179297981.7008","2.9654000103473663","0","0"
"points250000-population10000","retained","2","12","179297981.82190001","179297984.4623","2.6403999924659729","0","0"
"points250000-population10000","retained","2","13","179297984.57210001","179297987.37380001","2.8016999959945679","0","0"
"points250000-population10000","retained","2","14","179297987.48699999","179297990.3775","2.890500009059906","0","0"
"points250000-population10000","retained","2","15","179297990.48699999","179297993.30250001","2.815500020980835","0","0"
"points250000-population10000","retained","2","16","179297993.41929999","179297996.91929999","3.5","0","0"
"points250000-population10000","retained","2","17","179297997.0397","179297999.79449999","2.7547999918460846","0","0"
"points250000-population10000","retained","2","18","179297999.90939999","179298002.8761","2.96670001745224","0","0"
"points250000-population10000","retained","2","19","179298002.98789999","179298007.27559999","4.2876999974250793","0","0"
"points250000-population10000","retained","2","20","179298007.41690001","179298010.83109999","3.4141999781131744","0","0"
"points250000-population10000","retained","2","21","179298010.95449999","179298014.25639999","3.3018999993801117","0","0"
"points250000-population10000","retained","2","22","179298014.4569","179298017.2412","2.7842999994754791","0","0"
"points250000-population10000","retained","2","23","179298017.3603","179298020.28490001","2.9246000051498413","0","0"
"points250000-population10000","retained","2","24","179298020.39610001","179298023.25749999","2.8613999783992767","0","0"
"points250000-population10000","retained","2","25","179298023.3741","179298026.35350001","2.9794000089168549","0","0"
"points250000-population10000","retained","2","26","179298026.4614","179298030.317","3.8555999994277954","0","0"
"points250000-population10000","retained","2","27","179298030.442","179298033.21919999","2.7771999835968018","0","0"
"points250000-population10000","retained","2","28","179298033.3294","179298036.06029999","2.73089998960495","0","0"
"points250000-population10000","retained","2","29","179298036.1665","179298038.86649999","2.699999988079071","0","0"
"points250000-population10000","retained","2","30","179298038.9711","179298041.6794","2.708299994468689","0","0"
"points250000-population10000","retained","2","31","179298041.79280001","179298047.32449999","5.5316999852657318","0","0"
"points250000-population10000","retained","2","32","179298047.49000001","179298050.78830001","3.2982999980449677","0","0"
"points250000-population10000","retained","2","33","179298050.9156","179298053.58579999","2.670199990272522","0","0"
"points250000-population10000","retained","2","34","179298053.7049","179298056.41420001","2.7093000113964081","0","0"
"points250000-population10000","retained","2","35","179298056.52410001","179298059.6952","3.171099990606308","0","0"
"points250000-population10000","retained","2","36","179298059.87130001","179298063.00420001","3.1328999996185303","0","0"
"points250000-population10000","retained","2","37","179298063.12979999","179298066.26089999","3.1310999989509583","0","0"
"points250000-population10000","retained","2","38","179298066.37270001","179298069.37259999","2.9998999834060669","0","0"
"points250000-population10000","retained","2","39","179298069.48500001","179298072.33239999","2.8473999798297882","0","0"
"points250000-population10000","retained","2","40","179298072.4425","179298076.32499999","3.8824999928474426","0","0"
"points250000-population10000","retained","2","41","179298076.43959999","179298079.32359999","2.8840000033378601","0","0"
"points250000-population10000","retained","2","42","179298079.45019999","179298082.4454","2.9952000081539154","0","0"
"points250000-population10000","retained","2","43","179298082.56029999","179298086.3504","3.7901000082492828","0","0"
"points250000-population10000","retained","2","44","179298086.4668","179298089.26989999","2.8030999898910522","0","0"
"points250000-population10000","retained","2","45","179298089.38260001","179298092.11399999","2.7313999831676483","0","0"
"points250000-population10000","retained","2","46","179298092.2254","179298095.45519999","3.2297999858856201","0","0"
"points250000-population10000","retained","2","47","179298095.63460001","179298098.8601","3.2254999876022339","0","0"
"points250000-population10000","retained","2","48","179298098.9774","179298101.75229999","2.7748999893665314","0","0"
"points250000-population10000","retained","2","49","179298101.8721","179298104.92640001","3.0543000102043152","0","0"
"points250000-population10000","retained","2","50","179298105.0582","179298109.17699999","4.1187999844551086","0","0"
"points250000-population10000","retained","2","51","179298109.28830001","179298113.30379999","4.0154999792575836","0","0"
"points250000-population10000","retained","2","52","179298113.4206","179298117.10769999","3.6870999932289124","0","0"
"points250000-population10000","retained","2","53","179298117.21790001","179298121.25889999","4.0409999787807465","0","0"
"points250000-population10000","retained","2","54","179298121.3741","179298125.75479999","4.3806999921798706","0","0"
"points250000-population10000","retained","2","55","179298125.88440001","179298130.1672","4.2827999889850616","0","0"
"points250000-population10000","retained","2","56","179298130.2915","179298134.59380001","4.3023000061511993","0","0"
"points250000-population10000","retained","2","57","179298134.7089","179298139.4815","4.772599995136261","0","0"
"points250000-population10000","retained","2","58","179298139.6011","179298143.11719999","3.5160999894142151","0","0"
"points250000-population10000","retained","2","59","179298143.24129999","179298146.84779999","3.6064999997615814","0","0"
"points250000-population10000","retained","2","60","179298146.9702","179298150.38820001","3.4180000126361847","0","0"
"points250000-population10000","retained","2","61","179298150.50049999","179298154.8416","4.3411000072956085","0","0"
"points250000-population10000","retained","2","62","179298154.96579999","179298157.86559999","2.8998000025749207","0","0"
"points250000-population10000","retained","2","63","179298157.98449999","179298162.0918","4.1073000133037567","0","0"
"points250000-population10000","retained","2","64","179298162.22350001","179298167.1751","4.9515999853610992","0","0"
"points250000-population10000","retained","2","65","179298167.29359999","179298170.25440001","2.9608000218868256","0","0"
"points250000-population10000","retained","2","66","179298170.3662","179298173.0609","2.6947000026702881","0","0"
"points250000-population10000","retained","2","67","179298173.17199999","179298175.93270001","2.7607000172138214","0","0"
"points250000-population10000","retained","2","68","179298176.0442","179298179.0442","3","0","0"
"points250000-population10000","retained","2","69","179298179.15709999","179298181.94119999","2.7840999960899353","0","0"
"points250000-population10000","retained","2","70","179298182.05250001","179298185.83399999","3.781499981880188","0","0"
"points250000-population10000","retained","2","71","179298185.9436","179298188.97170001","3.0281000137329102","0","0"
"points250000-population10000","retained","2","72","179298189.0794","179298192.66280001","3.5834000110626221","0","0"
"points250000-population10000","retained","2","73","179298192.77289999","179298197.56490001","4.792000025510788","0","0"
"points250000-population10000","retained","2","74","179298197.6954","179298202.4993","4.8039000034332275","0","0"
"points250000-population10000","retained","2","75","179298202.6162","179298205.96079999","3.3445999920368195","0","0"
"points250000-population10000","retained","2","76","179298206.07339999","179298209.1882","3.1148000061511993","0","0"
"points250000-population10000","retained","2","77","179298209.2958","179298213.91479999","4.6189999878406525","0","0"
"points250000-population10000","retained","2","78","179298214.0596","179298219.48019999","5.4205999970436096","0","0"
"points250000-population10000","retained","2","79","179298219.63209999","179298222.73710001","3.1050000190734863","0","0"
"points250000-population10000","retained","2","80","179298222.8574","179298226.56940001","3.7120000123977661","0","0"
"points250000-population10000","retained","2","81","179298226.6841","179298231.89129999","5.2071999907493591","0","0"
"points250000-population10000","retained","2","82","179298232.02540001","179298237.16479999","5.1393999755382538","0","0"
"points250000-population10000","retained","2","83","179298237.28470001","179298240.40329999","3.1185999810695648","0","0"
"points250000-population10000","retained","2","84","179298240.5149","179298243.60460001","3.0897000133991241","0","0"
"points250000-population10000","retained","2","85","179298243.72530001","179298247.13679999","3.4114999771118164","0","0"
"points250000-population10000","retained","2","86","179298247.26519999","179298250.8109","3.5457000136375427","0","0"
"points250000-population10000","retained","2","87","179298250.93189999","179298253.88659999","2.9546999931335449","0","0"
"points250000-population10000","retained","2","88","179298254.00009999","179298256.86770001","2.8676000237464905","0","0"
"points250000-population10000","retained","2","89","179298256.97799999","179298260.49860001","3.5206000208854675","0","0"
"points250000-population10000","retained","2","90","179298260.70699999","179298267.39359999","6.686599999666214","0","0"
"points250000-population10000","retained","2","91","179298267.5846","179298271.2139","3.6292999982833862","0","0"
"points250000-population10000","retained","2","92","179298271.33340001","179298275.20210001","3.8686999976634979","0","0"
"points250000-population10000","retained","2","93","179298275.31830001","179298281.32690001","6.0085999965667725","0","0"
"points250000-population10000","retained","2","94","179298281.449","179298284.68290001","3.2339000105857849","0","0"
"points250000-population10000","retained","2","95","179298284.80329999","179298287.7193","2.9160000085830688","0","0"
"points250000-population10000","retained","2","96","179298287.8283","179298291.45039999","3.6220999956130981","0","0"
"points250000-population10000","retained","2","97","179298291.5571","179298295.75209999","4.1949999928474426","0","0"
"points250000-population10000","retained","2","98","179298295.89610001","179298299.35010001","3.4539999961853027","0","0"
"points250000-population10000","retained","2","99","179298299.46970001","179298302.8231","3.3533999919891357","0","0"
"points250000-population10000","retained","2","100","179298302.9436","179298306.5765","3.6328999996185303","0","0"
"points250000-population10000","retained","2","101","179298306.68759999","179298311.42160001","4.734000027179718","0","0"
"points250000-population10000","retained","2","102","179298311.54660001","179298315.10479999","3.5581999719142914","0","0"
"points250000-population10000","retained","2","103","179298315.22170001","179298317.9914","2.7696999907493591","0","0"
"points250000-population10000","retained","2","104","179298318.10229999","179298321.03040001","2.9281000196933746","0","0"
"points250000-population10000","retained","2","105","179298321.1419","179298325.52790001","4.386000007390976","0","0"
"points250000-population10000","retained","2","106","179298325.6494","179298328.398","2.7486000061035156","0","0"
"points250000-population10000","retained","2","107","179298328.52379999","179298332.1961","3.6723000109195709","0","0"
"points250000-population10000","retained","2","108","179298332.31150001","179298335.93689999","3.6253999769687653","0","0"
"points250000-population10000","retained","2","109","179298336.05070001","179298339.23269999","3.1819999814033508","0","0"
"points250000-population10000","retained","2","110","179298339.34220001","179298344.72510001","5.3828999996185303","0","0"
"points250000-population10000","retained","2","111","179298344.85339999","179298348.4235","3.5701000094413757","0","0"
"points250000-population10000","retained","2","112","179298348.5442","179298351.84200001","3.2978000044822693","0","0"
"points250000-population10000","retained","2","113","179298351.96059999","179298355.90580001","3.9452000260353088","0","0"
"points250000-population10000","retained","2","114","179298356.0223","179298361.34709999","5.3247999846935272","0","0"
"points250000-population10000","retained","2","115","179298361.50819999","179298364.92179999","3.4135999977588654","0","0"
"points250000-population10000","retained","2","116","179298365.04280001","179298368.03999999","2.9971999824047089","0","0"
"points250000-population10000","retained","2","117","179298368.1525","179298371.9465","3.7939999997615814","0","0"
"points250000-population10000","retained","2","118","179298372.05989999","179298377.49700001","5.4371000230312347","0","0"
"points250000-population10000","retained","2","119","179298377.63640001","179298381.26069999","3.6242999732494354","0","0"
"points250000-population10000","retained","2","120","179298381.38820001","179298384.60049999","3.2122999727725983","0","0"
"points250000-population10000","gw","2","1","179298647.1128","179298666.23730001","19.124500006437302","13.777999997138977","2"
"points250000-population10000","gw","2","2","179298666.42570001","179298685.73370001","19.30799999833107","14.081499993801117","2"
"points250000-population10000","gw","2","3","179298685.9163","179298706.93279999","21.016499996185303","13.764800012111664","2"
"points250000-population10000","gw","2","4","179298707.1638","179298728.0203","20.856499999761581","13.933799982070923","2"
"points250000-population10000","gw","2","5","179298728.2015","179298747.3285","19.127000004053116","13.697999984025955","2"
"points250000-population10000","gw","2","6","179298747.51710001","179298768.08570001","20.568599998950958","13.720600008964539","2"
"points250000-population10000","gw","2","7","179298768.2863","179298789.1789","20.892599999904633","13.918300002813339","2"
"points250000-population10000","gw","2","8","179298789.35609999","179298809.7581","20.40200001001358","14.057900011539459","2"
"points250000-population10000","gw","2","9","179298809.94960001","179298830.3565","20.406899988651276","13.77130001783371","2"
"points250000-population10000","gw","2","10","179298830.54800001","179298850.98339999","20.435399979352951","14.044400036334991","2"
"points250000-population10000","gw","2","11","179298851.19060001","179298870.61669999","19.426099985837936","13.839800000190735","2"
"points250000-population10000","gw","2","12","179298870.80270001","179298889.73179999","18.929099977016449","13.864700019359589","2"
"points250000-population10000","gw","2","13","179298889.89309999","179298908.12630001","18.233200013637543","13.720000028610229","2"
"points250000-population10000","gw","2","14","179298908.2915","179298929.3928","21.101300001144409","13.681100010871887","2"
"points250000-population10000","gw","2","15","179298929.60170001","179298949.52559999","19.923899978399277","13.903700023889542","2"
"points250000-population10000","gw","2","16","179298949.6943","179298969.72310001","20.028800010681152","13.630500018596649","2"
"points250000-population10000","gw","2","17","179298969.89809999","179298990.13150001","20.233400017023087","13.687800019979477","2"
"points250000-population10000","gw","2","18","179298990.3351","179299010.66159999","20.326499998569489","13.868000000715256","2"
"points250000-population10000","gw","2","19","179299010.8567","179299030.93439999","20.077699989080429","13.880800008773804","2"
"points250000-population10000","gw","2","20","179299031.12079999","179299051.88589999","20.765100002288818","13.801000028848648","2"
"points250000-population10000","gw","2","21","179299052.0526","179299072.57960001","20.52700001001358","14.156800001859665","2"
"points250000-population10000","gw","2","22","179299072.75459999","179299091.3098","18.555200010538101","13.785700023174286","2"
"points250000-population10000","gw","2","23","179299091.48269999","179299110.14570001","18.663000017404556","13.758399993181229","2"
"points250000-population10000","gw","2","24","179299110.3152","179299127.86219999","17.546999990940094","13.935400009155273","2"
"points250000-population10000","gw","2","25","179299128.04179999","179299147.5751","19.533300012350082","13.679300010204315","2"
"points250000-population10000","gw","2","26","179299147.7554","179299167.0266","19.271200001239777","13.687400013208389","2"
"points250000-population10000","gw","2","27","179299167.1943","179299186.28920001","19.094900012016296","13.673700004816055","2"
"points250000-population10000","gw","2","28","179299186.44800001","179299206.33140001","19.883399993181229","13.784299969673157","2"
"points250000-population10000","gw","2","29","179299206.4946","179299226.17629999","19.681699991226196","13.640199989080429","2"
"points250000-population10000","gw","2","30","179299226.43610001","179299245.683","19.246899992227554","13.806400001049042","2"
"points250000-population10000","gw","2","31","179299245.85569999","179299266.06060001","20.204900026321411","13.986100018024445","2"
"points250000-population10000","gw","2","32","179299266.26289999","179299286.6045","20.341600000858307","14.056300014257431","2"
"points250000-population10000","gw","2","33","179299286.7658","179299306.25479999","19.488999992609024","13.738499999046326","2"
"points250000-population10000","gw","2","34","179299306.41839999","179299325.7676","19.349200010299683","13.909200012683868","2"
"points250000-population10000","gw","2","35","179299325.9325","179299343.8136","17.881099998950958","13.73649999499321","2"
"points250000-population10000","gw","2","36","179299343.98539999","179299362.88119999","18.895799994468689","13.593700021505356","2"
"points250000-population10000","gw","2","37","179299363.0571","179299381.5402","18.48309999704361","13.642100006341934","2"
"points250000-population10000","gw","2","38","179299381.70719999","179299400.02309999","18.3158999979496","13.845999985933304","2"
"points250000-population10000","gw","2","39","179299400.1954","179299421.14410001","20.94870001077652","14.009999990463257","2"
"points250000-population10000","gw","2","40","179299421.32190001","179299440.44319999","19.121299982070923","13.658799976110458","2"
"points250000-population10000","gw","2","41","179299440.64680001","179299460.64669999","19.999899983406067","13.76910001039505","2"
"points250000-population10000","gw","2","42","179299460.8161","179299481.428","20.611900001764297","14.244100004434586","2"
"points250000-population10000","gw","2","43","179299481.61309999","179299501.67989999","20.066799998283386","14.042800009250641","2"
"points250000-population10000","gw","2","44","179299501.85960001","179299522.07890001","20.219300001859665","13.768999993801117","2"
"points250000-population10000","gw","2","45","179299522.23069999","179299542.32570001","20.095000028610229","13.802100002765656","2"
"points250000-population10000","gw","2","46","179299542.49700001","179299561.75220001","19.255199998617172","13.817200034856796","2"
"points250000-population10000","gw","2","47","179299561.933","179299582.40970001","20.476700007915497","13.896699994802475","2"
"points250000-population10000","gw","2","48","179299582.5923","179299601.7597","19.167400002479553","14.105800002813339","2"
"points250000-population10000","gw","2","49","179299601.93540001","179299619.4772","17.541799992322922","13.805599987506866","2"
"points250000-population10000","gw","2","50","179299619.639","179299638.6354","18.996399998664856","13.81920000910759","2"
"points250000-population10000","gw","2","51","179299638.7992","179299657.81510001","19.015900015830994","13.626599997282028","2"
"points250000-population10000","gw","2","52","179299657.99509999","179299677.4077","19.412600010633469","13.600500017404556","2"
"points250000-population10000","gw","2","53","179299677.5808","179299699.23809999","21.657299995422363","14.405400007963181","2"
"points250000-population10000","gw","2","54","179299699.4337","179299719.00670001","19.573000013828278","13.731699973344803","2"
"points250000-population10000","gw","2","55","179299719.2001","179299740.3188","21.118699997663498","14.226900011301041","2"
"points250000-population10000","gw","2","56","179299740.535","179299760.80689999","20.271899998188019","13.831099987030029","2"
"points250000-population10000","gw","2","57","179299760.99880001","179299780.49149999","19.492699980735779","13.748700022697449","2"
"points250000-population10000","gw","2","58","179299780.67390001","179299800.73429999","20.060399979352951","13.764200001955032","2"
"points250000-population10000","gw","2","59","179299800.94139999","179299820.3574","19.416000008583069","13.79449999332428","2"
"points250000-population10000","gw","2","60","179299820.5298","179299838.68009999","18.150299996137619","13.995600014925003","2"
"points250000-population10000","gw","2","61","179299838.8405","179299857.4224","18.581900000572205","13.851899981498718","2"
"points250000-population10000","gw","2","62","179299857.60519999","179299876.0257","18.420500010251999","13.931299984455109","2"
"points250000-population10000","gw","2","63","179299876.20719999","179299895.96219999","19.754999995231628","13.719900012016296","2"
"points250000-population10000","gw","2","64","179299896.14520001","179299916.65560001","20.510399997234344","14.185199975967407","2"
"points250000-population10000","gw","2","65","179299916.83219999","179299936.21200001","19.379800021648407","13.824999958276749","2"
"points250000-population10000","gw","2","66","179299936.43000001","179299956.3285","19.898499995470047","13.737799972295761","2"
"points250000-population10000","gw","2","67","179299956.49529999","179299976.06099999","19.565699994564056","13.702300012111664","2"
"points250000-population10000","gw","2","68","179299976.25330001","179299994.9373","18.683999985456467","13.753499984741211","2"
"points250000-population10000","gw","2","69","179299995.11210001","179300016.1015","20.989399999380112","14.883599996566772","2"
"points250000-population10000","gw","2","70","179300016.31169999","179300036.27689999","19.965200006961823","13.768600016832352","2"
"points250000-population10000","gw","2","71","179300036.44389999","179300056.338","19.89410001039505","13.983900010585785","2"
"points250000-population10000","gw","2","72","179300056.5045","179300075.6701","19.165600001811981","13.714900016784668","2"
"points250000-population10000","gw","2","73","179300075.8594","179300093.64840001","17.789000004529953","13.874899983406067","2"
"points250000-population10000","gw","2","74","179300093.83019999","179300113.94150001","20.111300021409988","15.117699980735779","2"
"points250000-population10000","gw","2","75","179300114.1295","179300133.9298","19.800300002098083","13.714700013399124","2"
"points250000-population10000","gw","2","76","179300134.10589999","179300154.2683","20.162400007247925","13.973600000143051","2"
"points250000-population10000","gw","2","77","179300154.4632","179300174.59009999","20.126899987459183","13.788499981164932","2"
"points250000-population10000","gw","2","78","179300174.7484","179300194.30230001","19.553900003433228","13.664600014686584","2"
"points250000-population10000","gw","2","79","179300194.4752","179300213.60350001","19.12830001115799","13.990199983119965","2"
"points250000-population10000","gw","2","80","179300213.76620001","179300234.5302","20.763999998569489","14.423800021409988","2"
"points250000-population10000","gw","2","81","179300234.72440001","179300254.96239999","20.237999975681305","13.688799977302551","2"
"points250000-population10000","gw","2","82","179300255.1433","179300274.8486","19.705300003290176","13.824699997901917","2"
"points250000-population10000","gw","2","83","179300275.01280001","179300294.65099999","19.638199985027313","13.973200023174286","2"
"points250000-population10000","gw","2","84","179300294.82429999","179300313.2823","18.458000004291534","13.710900038480759","2"
"points250000-population10000","gw","2","85","179300313.44679999","179300332.4774","19.030600011348724","13.710799992084503","2"
"points250000-population10000","gw","2","86","179300332.6534","179300352.07269999","19.419299989938736","13.678900003433228","2"
"points250000-population10000","gw","2","87","179300352.31389999","179300371.40790001","19.09400001168251","13.699300020933151","2"
"points250000-population10000","gw","2","88","179300371.57339999","179300391.76629999","20.192900002002716","14.006100028753281","2"
"points250000-population10000","gw","2","89","179300391.92680001","179300411.07190001","19.145099997520447","13.728700011968613","2"
"points250000-population10000","gw","2","90","179300411.28200001","179300431.47510001","20.19310000538826","13.826000034809113","2"
"points250000-population10000","gw","2","91","179300431.66170001","179300451.19589999","19.534199982881546","13.738999992609024","2"
"points250000-population10000","gw","2","92","179300451.38100001","179300471.12110001","19.740099996328354","13.672300010919571","2"
"points250000-population10000","gw","2","93","179300471.29190001","179300491.11500001","19.823100000619888","13.76639997959137","2"
"points250000-population10000","gw","2","94","179300491.2728","179300510.74829999","19.475499987602234","13.830300003290176","2"
"points250000-population10000","gw","2","95","179300510.91940001","179300529.45269999","18.53329998254776","13.870599985122681","2"
"points250000-population10000","gw","2","96","179300529.63569999","179300548.873","19.237300008535385","14.243600010871887","2"
"points250000-population10000","gw","2","97","179300549.04190001","179300567.87560001","18.833700001239777","14.075700014829636","2"
"points250000-population10000","gw","2","98","179300568.07370001","179300587.94819999","19.874499976634979","13.968800008296967","2"
"points250000-population10000","gw","2","99","179300588.11410001","179300607.8603","19.746199995279312","14.07150000333786","2"
"points250000-population10000","gw","2","100","179300608.03870001","179300628.52129999","20.482599973678589","14.131599992513657","2"
"points250000-population10000","gw","2","101","179300628.84419999","179300648.85929999","20.015100002288818","13.80460000038147","2"
"points250000-population10000","gw","2","102","179300649.01100001","179300668.36579999","19.35479998588562","13.77020001411438","2"
"points250000-population10000","gw","2","103","179300668.53830001","179300688.17250001","19.634200006723404","13.871399998664856","2"
"points250000-population10000","gw","2","104","179300688.34380001","179300708.8497","20.505899995565414","13.859699994325638","2"
"points250000-population10000","gw","2","105","179300709.03169999","179300728.72600001","19.694300025701523","13.906800031661987","2"
"points250000-population10000","gw","2","106","179300728.91639999","179300748.84779999","19.931400001049042","14.497599989175797","2"
"points250000-population10000","gw","2","107","179300749.02779999","179300768.9393","19.911500006914139","13.765399992465973","2"
"points250000-population10000","gw","2","108","179300769.12650001","179300787.36669999","18.240199983119965","13.982299983501434","2"
"points250000-population10000","gw","2","109","179300787.54049999","179300806.1895","18.649000018835068","13.671499997377396","2"
"points250000-population10000","gw","2","110","179300806.366","179300825.10030001","18.734300017356873","13.821400016546249","2"
"points250000-population10000","gw","2","111","179300825.2854","179300844.84720001","19.561800003051758","14.059900015592575","2"
"points250000-population10000","gw","2","112","179300845.01899999","179300867.9862","22.967200011014938","16.757200002670288","2"
"points250000-population10000","gw","2","113","179300868.1904","179300889.07179999","20.881399989128113","13.867799997329712","2"
"points250000-population10000","gw","2","114","179300889.2581","179300909.06299999","19.804899990558624","13.94530001282692","2"
"points250000-population10000","gw","2","115","179300909.25850001","179300929.03040001","19.771899998188019","13.762200027704239","2"
"points250000-population10000","gw","2","116","179300929.20590001","179300948.35730001","19.151399999856949","13.782300025224686","2"
"points250000-population10000","gw","2","117","179300948.54319999","179300967.64789999","19.104699999094009","14.183200001716614","2"
"points250000-population10000","gw","2","118","179300967.82499999","179300987.45500001","19.630000025033951","13.849899977445602","2"
"points250000-population10000","gw","2","119","179300987.6232","179301007.5684","19.945199996232986","13.895799994468689","2"
"points250000-population10000","gw","2","120","179301007.75240001","179301026.0756","18.323199987411499","13.853100001811981","2"
"points250000-population10000","off","2","1","179301073.10949999","179301077.23719999","4.127700001001358","0","0"
"points250000-population10000","off","2","2","179301077.41580001","179301082.36750001","4.9517000019550323","0","0"
"points250000-population10000","off","2","3","179301082.52110001","179301086.0792","3.5580999851226807","0","0"
"points250000-population10000","off","2","4","179301086.20539999","179301089.78400001","3.5786000192165375","0","0"
"points250000-population10000","off","2","5","179301089.8964","179301093.71470001","3.8183000087738037","0","0"
"points250000-population10000","off","2","6","179301093.83090001","179301098.8788","5.04789999127388","0","0"
"points250000-population10000","off","2","7","179301099.005","179301101.65459999","2.6495999991893768","0","0"
"points250000-population10000","off","2","8","179301101.7615","179301104.35409999","2.5925999879837036","0","0"
"points250000-population10000","off","2","9","179301104.46200001","179301107.5844","3.1223999857902527","0","0"
"points250000-population10000","off","2","10","179301107.69100001","179301110.8292","3.1381999850273132","0","0"
"points250000-population10000","off","2","11","179301110.99259999","179301114.0314","3.0388000011444092","0","0"
"points250000-population10000","off","2","12","179301114.14950001","179301116.8046","2.6550999879837036","0","0"
"points250000-population10000","off","2","13","179301116.921","179301120.44440001","3.5234000086784363","0","0"
"points250000-population10000","off","2","14","179301120.55689999","179301124.32699999","3.7700999975204468","0","0"
"points250000-population10000","off","2","15","179301124.4368","179301130.17629999","5.7394999861717224","0","0"
"points250000-population10000","off","2","16","179301130.31209999","179301133.90689999","3.5947999954223633","0","0"
"points250000-population10000","off","2","17","179301134.05419999","179301137.71470001","3.6605000197887421","0","0"
"points250000-population10000","off","2","18","179301137.829","179301142.14809999","4.3190999925136566","0","0"
"points250000-population10000","off","2","19","179301142.2622","179301146.86840001","4.6062000095844269","0","0"
"points250000-population10000","off","2","20","179301147.00299999","179301150.56110001","3.5581000149250031","0","0"
"points250000-population10000","off","2","21","179301150.67609999","179301154.80540001","4.1293000280857086","0","0"
"points250000-population10000","off","2","22","179301154.9154","179301160.51910001","5.6037000119686127","0","0"
"points250000-population10000","off","2","23","179301160.6674","179301164.25260001","3.5852000117301941","0","0"
"points250000-population10000","off","2","24","179301164.4039","179301167.69999999","3.296099990606308","0","0"
"points250000-population10000","off","2","25","179301167.8143","179301171.07359999","3.2592999935150146","0","0"
"points250000-population10000","off","2","26","179301171.1841","179301174.68450001","3.5004000067710876","0","0"
"points250000-population10000","off","2","27","179301174.79350001","179301177.73269999","2.9391999840736389","0","0"
"points250000-population10000","off","2","28","179301177.8398","179301180.57280001","2.7330000102519989","0","0"
"points250000-population10000","off","2","29","179301180.68009999","179301183.45699999","2.7768999934196472","0","0"
"points250000-population10000","off","2","30","179301183.5747","179301186.73449999","3.1597999930381775","0","0"
"points250000-population10000","off","2","31","179301186.84850001","179301190.86449999","4.015999972820282","0","0"
"points250000-population10000","off","2","32","179301190.9781","179301195.07519999","4.0970999896526337","0","0"
"points250000-population10000","off","2","33","179301195.2022","179301199.0264","3.8242000043392181","0","0"
"points250000-population10000","off","2","34","179301199.15270001","179301202.40849999","3.2557999789714813","0","0"
"points250000-population10000","off","2","35","179301202.52790001","179301207.59419999","5.0662999749183655","0","0"
"points250000-population10000","off","2","36","179301207.71090001","179301210.711","3.0000999867916107","0","0"
"points250000-population10000","off","2","37","179301210.82440001","179301214.30329999","3.4788999855518341","0","0"
"points250000-population10000","off","2","38","179301214.41670001","179301217.9393","3.522599995136261","0","0"
"points250000-population10000","off","2","39","179301218.06330001","179301222.78889999","4.7255999743938446","0","0"
"points250000-population10000","off","2","40","179301222.917","179301226.39930001","3.4823000133037567","0","0"
"points250000-population10000","off","2","41","179301226.5293","179301230.03240001","3.5031000077724457","0","0"
"points250000-population10000","off","2","42","179301230.1728","179301233.683","3.5101999938488007","0","0"
"points250000-population10000","off","2","43","179301233.801","179301238.20730001","4.4063000082969666","0","0"
"points250000-population10000","off","2","44","179301238.32480001","179301241.6611","3.3362999856472015","0","0"
"points250000-population10000","off","2","45","179301241.77689999","179301245.20500001","3.4281000196933746","0","0"
"points250000-population10000","off","2","46","179301245.33829999","179301248.16100001","2.822700023651123","0","0"
"points250000-population10000","off","2","47","179301248.2823","179301251.20460001","2.9223000109195709","0","0"
"points250000-population10000","off","2","48","179301251.3211","179301255.3811","4.0600000023841858","0","0"
"points250000-population10000","off","2","49","179301255.49599999","179301258.1388","2.6428000032901764","0","0"
"points250000-population10000","off","2","50","179301258.25659999","179301261.8132","3.5566000044345856","0","0"
"points250000-population10000","off","2","51","179301261.94049999","179301265.31020001","3.369700014591217","0","0"
"points250000-population10000","off","2","52","179301265.4287","179301270.18450001","4.7558000087738037","0","0"
"points250000-population10000","off","2","53","179301270.30360001","179301273.736","3.4323999881744385","0","0"
"points250000-population10000","off","2","54","179301273.8804","179301277.47","3.589599996805191","0","0"
"points250000-population10000","off","2","55","179301277.58050001","179301281.35839999","3.7778999805450439","0","0"
"points250000-population10000","off","2","56","179301281.47549999","179301286.56830001","5.0928000211715698","0","0"
"points250000-population10000","off","2","57","179301286.6758","179301290.34670001","3.6709000170230865","0","0"
"points250000-population10000","off","2","58","179301290.4621","179301294.05939999","3.5972999930381775","0","0"
"points250000-population10000","off","2","59","179301294.19679999","179301298.53200001","4.3352000117301941","0","0"
"points250000-population10000","off","2","60","179301298.66069999","179301302.77500001","4.114300012588501","0","0"
"points250000-population10000","off","2","61","179301302.8897","179301305.8883","2.9986000061035156","0","0"
"points250000-population10000","off","2","62","179301306.0025","179301309.65990001","3.6574000120162964","0","0"
"points250000-population10000","off","2","63","179301309.77720001","179301313.20640001","3.4291999936103821","0","0"
"points250000-population10000","off","2","64","179301313.3229","179301318.03479999","4.711899995803833","0","0"
"points250000-population10000","off","2","65","179301318.14520001","179301320.91240001","2.7671999931335449","0","0"
"points250000-population10000","off","2","66","179301321.05419999","179301323.69729999","2.6430999934673309","0","0"
"points250000-population10000","off","2","67","179301323.80559999","179301327.40490001","3.5993000268936157","0","0"
"points250000-population10000","off","2","68","179301327.58000001","179301332.745","5.1649999916553497","0","0"
"points250000-population10000","off","2","69","179301332.8845","179301336.62110001","3.7366000115871429","0","0"
"points250000-population10000","off","2","70","179301336.7441","179301340.22330001","3.479200005531311","0","0"
"points250000-population10000","off","2","71","179301340.33590001","179301343.66749999","3.3315999805927277","0","0"
"points250000-population10000","off","2","72","179301343.78420001","179301349.97409999","6.1898999810218811","0","0"
"points250000-population10000","off","2","73","179301350.10429999","179301353.78940001","3.6851000189781189","0","0"
"points250000-population10000","off","2","74","179301353.90650001","179301357.23280001","3.3262999951839447","0","0"
"points250000-population10000","off","2","75","179301357.34310001","179301361.59799999","4.2548999786376953","0","0"
"points250000-population10000","off","2","76","179301361.72080001","179301366.33840001","4.6175999939441681","0","0"
"points250000-population10000","off","2","77","179301366.48879999","179301370.07859999","3.5898000001907349","0","0"
"points250000-population10000","off","2","78","179301370.19749999","179301374.0377","3.8402000069618225","0","0"
"points250000-population10000","off","2","79","179301374.18149999","179301379.23449999","5.0530000030994415","0","0"
"points250000-population10000","off","2","80","179301379.36059999","179301382.3161","2.9555000066757202","0","0"
"points250000-population10000","off","2","81","179301382.43340001","179301385.09310001","2.6597000062465668","0","0"
"points250000-population10000","off","2","82","179301385.20269999","179301387.81349999","2.6107999980449677","0","0"
"points250000-population10000","off","2","83","179301387.92129999","179301391.3263","3.4050000011920929","0","0"
"points250000-population10000","off","2","84","179301391.43489999","179301396.64050001","5.2056000232696533","0","0"
"points250000-population10000","off","2","85","179301396.79719999","179301400.50920001","3.7120000123977661","0","0"
"points250000-population10000","off","2","86","179301400.63420001","179301403.67809999","3.0438999831676483","0","0"
"points250000-population10000","off","2","87","179301403.81470001","179301407.41420001","3.5995000004768372","0","0"
"points250000-population10000","off","2","88","179301407.52579999","179301413.02779999","5.5020000040531158","0","0"
"points250000-population10000","off","2","89","179301413.15220001","179301416.58880001","3.436599999666214","0","0"
"points250000-population10000","off","2","90","179301416.6997","179301419.98820001","3.2885000109672546","0","0"
"points250000-population10000","off","2","91","179301420.10789999","179301424.60569999","4.4977999925613403","0","0"
"points250000-population10000","off","2","92","179301424.71239999","179301429.3436","4.6312000155448914","0","0"
"points250000-population10000","off","2","93","179301429.47870001","179301432.8619","3.3831999897956848","0","0"
"points250000-population10000","off","2","94","179301432.9797","179301436.1196","3.1398999989032745","0","0"
"points250000-population10000","off","2","95","179301436.23339999","179301439.5957","3.3623000085353851","0","0"
"points250000-population10000","off","2","96","179301439.7121","179301444.15540001","4.4433000087738037","0","0"
"points250000-population10000","off","2","97","179301444.30019999","179301447.32969999","3.0295000076293945","0","0"
"points250000-population10000","off","2","98","179301447.4524","179301450.22099999","2.7685999870300293","0","0"
"points250000-population10000","off","2","99","179301450.3339","179301452.96529999","2.6313999891281128","0","0"
"points250000-population10000","off","2","100","179301453.07659999","179301456.53060001","3.4540000259876251","0","0"
"points250000-population10000","off","2","101","179301456.64160001","179301460.6015","3.9598999917507172","0","0"
"points250000-population10000","off","2","102","179301460.71779999","179301464.74939999","4.0315999984741211","0","0"
"points250000-population10000","off","2","103","179301464.86250001","179301468.48109999","3.6185999810695648","0","0"
"points250000-population10000","off","2","104","179301468.59540001","179301473.4382","4.8427999913692474","0","0"
"points250000-population10000","off","2","105","179301473.59509999","179301477.93540001","4.3403000235557556","0","0"
"points250000-population10000","off","2","106","179301478.05849999","179301481.4522","3.3937000036239624","0","0"
"points250000-population10000","off","2","107","179301481.56420001","179301484.3053","2.7410999834537506","0","0"
"points250000-population10000","off","2","108","179301484.41229999","179301489.08289999","4.6705999970436096","0","0"
"points250000-population10000","off","2","109","179301489.1954","179301493.38949999","4.1940999925136566","0","0"
"points250000-population10000","off","2","110","179301493.5027","179301497.40630001","3.9036000072956085","0","0"
"points250000-population10000","off","2","111","179301497.53650001","179301501.44549999","3.9089999794960022","0","0"
"points250000-population10000","off","2","112","179301501.5575","179301505.74829999","4.1907999813556671","0","0"
"points250000-population10000","off","2","113","179301505.86129999","179301508.69060001","2.8293000161647797","0","0"
"points250000-population10000","off","2","114","179301508.8008","179301511.7735","2.9726999998092651","0","0"
"points250000-population10000","off","2","115","179301511.8926","179301514.69749999","2.8048999905586243","0","0"
"points250000-population10000","off","2","116","179301514.80860001","179301517.5194","2.7107999920845032","0","0"
"points250000-population10000","off","2","117","179301517.6365","179301521.00920001","3.3727000057697296","0","0"
"points250000-population10000","off","2","118","179301521.11770001","179301523.7947","2.6769999861717224","0","0"
"points250000-population10000","off","2","119","179301523.90310001","179301526.55160001","2.648499995470047","0","0"
"points250000-population10000","off","2","120","179301526.664","179301530.48550001","3.8215000033378601","0","0"
"points250000-population10000","off","3","1","179301584.76899999","179301587.8937","3.1247000098228455","0","0"
"points250000-population10000","off","3","2","179301588.0751","179301591.03119999","2.9560999870300293","0","0"
"points250000-population10000","off","3","3","179301591.1548","179301593.90239999","2.7475999891757965","0","0"
"points250000-population10000","off","3","4","179301594.0318","179301598.46880001","4.4370000064373016","0","0"
"points250000-population10000","off","3","5","179301598.60620001","179301601.20820001","2.6019999980926514","0","0"
"points250000-population10000","off","3","6","179301601.3396","179301605.74939999","4.4097999930381775","0","0"
"points250000-population10000","off","3","7","179301605.87020001","179301609.30540001","3.4352000057697296","0","0"
"points250000-population10000","off","3","8","179301609.477","179301613.82440001","4.3474000096321106","0","0"
"points250000-population10000","off","3","9","179301614.09470001","179301617.71740001","3.6227000057697296","0","0"
"points250000-population10000","off","3","10","179301617.84810001","179301622.0557","4.2075999975204468","0","0"
"points250000-population10000","off","3","11","179301622.16999999","179301625.2439","3.0739000141620636","0","0"
"points250000-population10000","off","3","12","179301625.35600001","179301630.9215","5.5654999911785126","0","0"
"points250000-population10000","off","3","13","179301631.05419999","179301634.5715","3.517300009727478","0","0"
"points250000-population10000","off","3","14","179301634.68869999","179301638.8211","4.1324000060558319","0","0"
"points250000-population10000","off","3","15","179301638.9341","179301642.5544","3.6202999949455261","0","0"
"points250000-population10000","off","3","16","179301642.80770001","179301647.79269999","4.9849999845027924","0","0"
"points250000-population10000","off","3","17","179301647.9156","179301651.3759","3.4602999985218048","0","0"
"points250000-population10000","off","3","18","179301651.4883","179301654.47799999","2.9896999895572662","0","0"
"points250000-population10000","off","3","19","179301654.58899999","179301657.37400001","2.7850000262260437","0","0"
"points250000-population10000","off","3","20","179301657.52990001","179301662.41819999","4.888299971818924","0","0"
"points250000-population10000","off","3","21","179301662.5891","179301665.4869","2.8977999985218048","0","0"
"points250000-population10000","off","3","22","179301665.61770001","179301668.80950001","3.1917999982833862","0","0"
"points250000-population10000","off","3","23","179301668.93610001","179301671.87979999","2.943699985742569","0","0"
"points250000-population10000","off","3","24","179301671.9919","179301676.0487","4.0568000078201294","0","0"
"points250000-population10000","off","3","25","179301676.21720001","179301679.74849999","3.5312999784946442","0","0"
"points250000-population10000","off","3","26","179301679.87400001","179301683.05289999","3.1788999736309052","0","0"
"points250000-population10000","off","3","27","179301683.16659999","179301685.95879999","2.7921999990940094","0","0"
"points250000-population10000","off","3","28","179301686.06729999","179301690.20109999","4.1337999999523163","0","0"
"points250000-population10000","off","3","29","179301690.3145","179301696.1494","5.8348999917507172","0","0"
"points250000-population10000","off","3","30","179301696.30759999","179301700.27959999","3.9720000028610229","0","0"
"points250000-population10000","off","3","31","179301700.40759999","179301703.95730001","3.5497000217437744","0","0"
"points250000-population10000","off","3","32","179301704.07350001","179301708.42210001","4.3486000001430511","0","0"
"points250000-population10000","off","3","33","179301708.54069999","179301711.69499999","3.1543000042438507","0","0"
"points250000-population10000","off","3","34","179301711.8184","179301715.73890001","3.9205000102519989","0","0"
"points250000-population10000","off","3","35","179301715.85460001","179301719.3312","3.4765999913215637","0","0"
"points250000-population10000","off","3","36","179301719.44569999","179301723.8039","4.3582000136375427","0","0"
"points250000-population10000","off","3","37","179301723.91639999","179301726.44369999","2.5273000001907349","0","0"
"points250000-population10000","off","3","38","179301726.5643","179301729.85749999","3.2931999862194061","0","0"
"points250000-population10000","off","3","39","179301729.99900001","179301733.1726","3.1735999882221222","0","0"
"points250000-population10000","off","3","40","179301733.3035","179301735.97670001","2.6732000112533569","0","0"
"points250000-population10000","off","3","41","179301736.0891","179301739.68450001","3.5954000055789948","0","0"
"points250000-population10000","off","3","42","179301739.79710001","179301743.50650001","3.7093999981880188","0","0"
"points250000-population10000","off","3","43","179301743.66949999","179301747.54390001","3.8744000196456909","0","0"
"points250000-population10000","off","3","44","179301747.66940001","179301750.93880001","3.2694000005722046","0","0"
"points250000-population10000","off","3","45","179301751.07910001","179301756.8626","5.7834999859333038","0","0"
"points250000-population10000","off","3","46","179301756.9831","179301760.41870001","3.4356000125408173","0","0"
"points250000-population10000","off","3","47","179301760.53909999","179301764.5733","4.0342000126838684","0","0"
"points250000-population10000","off","3","48","179301764.73949999","179301768.1365","3.3970000147819519","0","0"
"points250000-population10000","off","3","49","179301768.25839999","179301773.00549999","4.7470999956130981","0","0"
"points250000-population10000","off","3","50","179301773.12040001","179301776.71720001","3.5967999994754791","0","0"
"points250000-population10000","off","3","51","179301776.8635","179301781.26409999","4.4005999863147736","0","0"
"points250000-population10000","off","3","52","179301781.38440001","179301786.30680001","4.9223999977111816","0","0"
"points250000-population10000","off","3","53","179301786.4267","179301789.51609999","3.0893999934196472","0","0"
"points250000-population10000","off","3","54","179301789.63170001","179301792.38839999","2.7566999793052673","0","0"
"points250000-population10000","off","3","55","179301792.54960001","179301796.5133","3.963699996471405","0","0"
"points250000-population10000","off","3","56","179301796.67050001","179301799.64219999","2.971699982881546","0","0"
"points250000-population10000","off","3","57","179301799.7651","179301803.29339999","3.5282999873161316","0","0"
"points250000-population10000","off","3","58","179301803.40669999","179301806.06479999","2.6581000089645386","0","0"
"points250000-population10000","off","3","59","179301806.17840001","179301808.7031","2.5246999859809875","0","0"
"points250000-population10000","off","3","60","179301808.808","179301813.1638","4.3558000028133392","0","0"
"points250000-population10000","off","3","61","179301813.29499999","179301818.50850001","5.2135000228881836","0","0"
"points250000-population10000","off","3","62","179301818.62979999","179301821.95750001","3.3277000188827515","0","0"
"points250000-population10000","off","3","63","179301822.0724","179301825.01289999","2.9404999911785126","0","0"
"points250000-population10000","off","3","64","179301825.12149999","179301829.2994","4.1779000163078308","0","0"
"points250000-population10000","off","3","65","179301829.44100001","179301833.854","4.4129999876022339","0","0"
"points250000-population10000","off","3","66","179301834.09400001","179301838.88080001","4.7867999970912933","0","0"
"points250000-population10000","off","3","67","179301839.01370001","179301843.3317","4.3179999887943268","0","0"
"points250000-population10000","off","3","68","179301843.47","179301849.43810001","5.9681000113487244","0","0"
"points250000-population10000","off","3","69","179301849.5961","179301853.1365","3.5403999984264374","0","0"
"points250000-population10000","off","3","70","179301853.26320001","179301856.26879999","3.0055999755859375","0","0"
"points250000-population10000","off","3","71","179301856.38209999","179301859.59979999","3.2177000045776367","0","0"
"points250000-population10000","off","3","72","179301859.71360001","179301863.61230001","3.8986999988555908","0","0"
"points250000-population10000","off","3","73","179301863.76010001","179301867.87059999","4.1104999780654907","0","0"
"points250000-population10000","off","3","74","179301867.9946","179301870.63330001","2.638700008392334","0","0"
"points250000-population10000","off","3","75","179301870.74939999","179301873.74649999","2.9970999956130981","0","0"
"points250000-population10000","off","3","76","179301873.85879999","179301878.52180001","4.6630000174045563","0","0"
"points250000-population10000","off","3","77","179301878.65239999","179301881.90869999","3.2563000023365021","0","0"
"points250000-population10000","off","3","78","179301882.03529999","179301885.48109999","3.4458000063896179","0","0"
"points250000-population10000","off","3","79","179301885.59580001","179301888.57839999","2.9825999736785889","0","0"
"points250000-population10000","off","3","80","179301888.6909","179301892.09560001","3.4047000110149384","0","0"
"points250000-population10000","off","3","81","179301892.20590001","179301897.96270001","5.7567999958992004","0","0"
"points250000-population10000","off","3","82","179301898.17140001","179301902.28690001","4.1155000030994415","0","0"
"points250000-population10000","off","3","83","179301902.4233","179301905.63690001","3.2136000096797943","0","0"
"points250000-population10000","off","3","84","179301905.76949999","179301910.6004","4.8309000134468079","0","0"
"points250000-population10000","off","3","85","179301910.7617","179301916.354","5.5922999978065491","0","0"
"points250000-population10000","off","3","86","179301916.48390001","179301920.1814","3.6974999904632568","0","0"
"points250000-population10000","off","3","87","179301920.2983","179301923.6311","3.3328000009059906","0","0"
"points250000-population10000","off","3","88","179301923.74439999","179301928.68740001","4.9430000185966492","0","0"
"points250000-population10000","off","3","89","179301928.82879999","179301932.05419999","3.2254000008106232","0","0"
"points250000-population10000","off","3","90","179301932.18279999","179301936.03619999","3.8533999919891357","0","0"
"points250000-population10000","off","3","91","179301936.16389999","179301939.2252","3.0613000094890594","0","0"
"points250000-population10000","off","3","92","179301939.35120001","179301943.6399","4.2886999845504761","0","0"
"points250000-population10000","off","3","93","179301943.7676","179301946.71309999","2.945499986410141","0","0"
"points250000-population10000","off","3","94","179301946.83680001","179301950.06709999","3.2302999794483185","0","0"
"points250000-population10000","off","3","95","179301950.1816","179301953.36090001","3.1793000102043152","0","0"
"points250000-population10000","off","3","96","179301953.47049999","179301958.41139999","4.9408999979496002","0","0"
"points250000-population10000","off","3","97","179301958.5311","179301962.18470001","3.6536000072956085","0","0"
"points250000-population10000","off","3","98","179301962.31200001","179301965.6498","3.337799996137619","0","0"
"points250000-population10000","off","3","99","179301965.76899999","179301969.30700001","3.5380000174045563","0","0"
"points250000-population10000","off","3","100","179301969.4179","179301973.41150001","3.9936000108718872","0","0"
"points250000-population10000","off","3","101","179301973.5273","179301979.45300001","5.9257000088691711","0","0"
"points250000-population10000","off","3","102","179301979.60519999","179301983.39649999","3.7912999987602234","0","0"
"points250000-population10000","off","3","103","179301983.55059999","179301987.29910001","3.7485000193119049","0","0"
"points250000-population10000","off","3","104","179301987.46529999","179301991.9294","4.4641000032424927","0","0"
"points250000-population10000","off","3","105","179301992.088","179301995.74720001","3.6592000126838684","0","0"
"points250000-population10000","off","3","106","179301995.88730001","179301999.17230001","3.2849999964237213","0","0"
"points250000-population10000","off","3","107","179301999.31659999","179302002.81369999","3.4970999956130981","0","0"
"points250000-population10000","off","3","108","179302002.96020001","179302007.71520001","4.7549999952316284","0","0"
"points250000-population10000","off","3","109","179302007.8369","179302010.80059999","2.963699996471405","0","0"
"points250000-population10000","off","3","110","179302010.92739999","179302013.604","2.6766000092029572","0","0"
"points250000-population10000","off","3","111","179302013.7202","179302016.36989999","2.6496999859809875","0","0"
"points250000-population10000","off","3","112","179302016.4824","179302019.4237","2.9413000047206879","0","0"
"points250000-population10000","off","3","113","179302019.53459999","179302024.26789999","4.7333000004291534","0","0"
"points250000-population10000","off","3","114","179302024.3809","179302027.514","3.1331000030040741","0","0"
"points250000-population10000","off","3","115","179302027.641","179302031.20320001","3.5622000098228455","0","0"
"points250000-population10000","off","3","116","179302031.32370001","179302034.70550001","3.3817999958992004","0","0"
"points250000-population10000","off","3","117","179302034.8188","179302040.3849","5.566100001335144","0","0"
"points250000-population10000","off","3","118","179302040.5176","179302044.14989999","3.6322999894618988","0","0"
"points250000-population10000","off","3","119","179302044.30840001","179302047.9278","3.6193999946117401","0","0"
"points250000-population10000","off","3","120","179302048.06020001","179302051.9851","3.9248999953269958","0","0"
"points250000-population10000","gw","3","1","179302307.1374","179302326.72040001","19.583000004291534","13.720699995756149","2"
"points250000-population10000","gw","3","2","179302326.9341","179302346.53049999","19.596399992704391","13.81470000743866","2"
"points250000-population10000","gw","3","3","179302346.71070001","179302367.0555","20.344799995422363","13.777900010347366","2"
"points250000-population10000","gw","3","4","179302367.22749999","179302386.48640001","19.258900016546249","14.239499986171722","2"
"points250000-population10000","gw","3","5","179302386.64770001","179302404.62079999","17.97309997677803","13.808700025081635","2"
"points250000-population10000","gw","3","6","179302404.7992","179302423.375","18.575800001621246","13.635600000619888","2"
"points250000-population10000","gw","3","7","179302423.5616","179302443.94400001","20.382400006055832","14.396899998188019","2"
"points250000-population10000","gw","3","8","179302444.1507","179302464.53920001","20.38850000500679","13.859200000762939","2"
"points250000-population10000","gw","3","9","179302464.71090001","179302483.9975","19.28659999370575","13.79899999499321","2"
"points250000-population10000","gw","3","10","179302484.16729999","179302503.40090001","19.23360002040863","13.636900007724762","2"
"points250000-population10000","gw","3","11","179302503.56529999","179302523.59850001","20.033200025558472","13.673399984836578","2"
"points250000-population10000","gw","3","12","179302523.7832","179302541.57659999","17.79339998960495","13.578099995851517","2"
"points250000-population10000","gw","3","13","179302541.7511","179302561.44119999","19.690099984407425","13.709899961948395","2"
"points250000-population10000","gw","3","14","179302561.63420001","179302581.6961","20.061899989843369","13.766400009393692","2"
"points250000-population10000","gw","3","15","179302581.8795","179302601.58230001","19.702800005674362","13.952399998903275","2"
"points250000-population10000","gw","3","16","179302601.7577","179302621.4215","19.663800001144409","13.695200026035309","2"
"points250000-population10000","gw","3","17","179302621.58309999","179302641.39109999","19.80799999833107","14.376500010490417","2"
"points250000-population10000","gw","3","18","179302641.57640001","179302661.20500001","19.628600001335144","15.257300019264221","2"
"points250000-population10000","gw","3","19","179302661.38859999","179302680.7696","19.381000012159348","13.765899986028671","2"
"points250000-population10000","gw","3","20","179302680.94330001","179302700.9955","20.052199989557266","13.71289998292923","2"
"points250000-population10000","gw","3","21","179302701.1956","179302719.87729999","18.681699991226196","13.716599971055984","2"
"points250000-population10000","gw","3","22","179302720.0442","179302740.5196","20.475400000810623","13.867499977350235","2"
"points250000-population10000","gw","3","23","179302740.70210001","179302762.21489999","21.512799978256226","15.182700008153915","2"
"points250000-population10000","gw","3","24","179302762.40349999","179302782.60780001","20.20430001616478","13.853899985551834","2"
"points250000-population10000","gw","3","25","179302782.8091","179302802.54890001","19.739800006151199","13.990299999713898","2"
"points250000-population10000","gw","3","26","179302802.73190001","179302822.7272","19.995299994945526","13.68029996752739","2"
"points250000-population10000","gw","3","27","179302822.89579999","179302841.98699999","19.091199994087219","13.880800008773804","2"
"points250000-population10000","gw","3","28","179302842.17809999","179302864.04229999","21.864199995994568","15.036600023508072","2"
"points250000-population10000","gw","3","29","179302864.2263","179302883.178","18.951700001955032","13.770800024271011","2"
"points250000-population10000","gw","3","30","179302883.3626","179302900.17379999","16.811199992895126","13.589399993419647","2"
"points250000-population10000","gw","3","31","179302900.34830001","179302917.97139999","17.623099982738495","13.643599987030029","2"
"points250000-population10000","gw","3","32","179302918.1512","179302937.1742","19.023000001907349","13.628499984741211","2"
"points250000-population10000","gw","3","33","179302937.35730001","179302956.40290001","19.04559999704361","13.824400007724762","2"
"points250000-population10000","gw","3","34","179302956.5837","179302976.67500001","20.091300010681152","14.296499997377396","2"
"points250000-population10000","gw","3","35","179302976.84940001","179302997.4998","20.65039998292923","15.97419998049736","2"
"points250000-population10000","gw","3","36","179302997.6767","179303018.14210001","20.465400010347366","13.647200018167496","2"
"points250000-population10000","gw","3","37","179303018.3057","179303038.76019999","20.454499989748001","13.916300028562546","2"
"points250000-population10000","gw","3","38","179303038.93040001","179303057.22409999","18.293699979782104","13.908099979162216","2"
"points250000-population10000","gw","3","39","179303057.45039999","179303078.91460001","21.464200019836426","13.776699990034103","2"
"points250000-population10000","gw","3","40","179303079.09979999","179303098.2078","19.108000010251999","13.609000027179718","2"
"points250000-population10000","gw","3","41","179303098.38510001","179303118.23100001","19.845899999141693","13.683200031518936","2"
"points250000-population10000","gw","3","42","179303118.41139999","179303138.7245","20.313100010156631","13.767599999904633","2"
"points250000-population10000","gw","3","43","179303138.89829999","179303156.92840001","18.030100017786026","13.727700024843216","2"
"points250000-population10000","gw","3","44","179303157.08680001","179303175.4639","18.377099990844727","13.624400019645691","2"
"points250000-population10000","gw","3","45","179303175.62459999","179303196.13","20.505400002002716","14.129999995231628","2"
"points250000-population10000","gw","3","46","179303196.3258","179303216.6753","20.349500000476837","14.233799993991852","2"
"points250000-population10000","gw","3","47","179303216.8558","179303237.57170001","20.715900003910065","13.962199956178665","2"
"points250000-population10000","gw","3","48","179303237.748","179303257.90540001","20.157400012016296","13.708700001239777","2"
"points250000-population10000","gw","3","49","179303258.08050001","179303277.0961","19.015599995851517","13.754400014877319","2"
"points250000-population10000","gw","3","50","179303277.27500001","179303297.51190001","20.236900001764297","13.638999998569489","2"
"points250000-population10000","gw","3","51","179303297.68009999","179303316.5194","18.839300006628036","13.651299983263016","2"
"points250000-population10000","gw","3","52","179303316.69139999","179303336.62760001","19.936200022697449","14.051100015640259","2"
"points250000-population10000","gw","3","53","179303336.80199999","179303356.23100001","19.429000020027161","13.837700009346008","2"
"points250000-population10000","gw","3","54","179303356.4217","179303374.90900001","18.487300008535385","13.652799993753433","2"
"points250000-population10000","gw","3","55","179303375.07480001","179303394.27169999","19.196899980306625","14.129000008106232","2"
"points250000-population10000","gw","3","56","179303394.45609999","179303412.59560001","18.139500021934509","13.825100004673004","2"
"points250000-population10000","gw","3","57","179303412.7674","179303431.06920001","18.301800012588501","13.72189998626709","2"
"points250000-population10000","gw","3","58","179303431.2437","179303449.01859999","17.774899989366531","14.010200023651123","2"
"points250000-population10000","gw","3","59","179303449.18740001","179303469.14320001","19.955799996852875","13.658000022172928","2"
"points250000-population10000","gw","3","60","179303469.31510001","179303489.5151","20.199999988079071","14.445299983024597","2"
"points250000-population10000","gw","3","61","179303489.7096","179303510.2017","20.49210000038147","13.651500016450882","2"
"points250000-population10000","gw","3","62","179303510.3788","179303529.25119999","18.872399985790253","13.800399988889694","2"
"points250000-population10000","gw","3","63","179303529.43349999","179303548.8687","19.43520000576973","13.750800013542175","2"
"points250000-population10000","gw","3","64","179303549.03209999","179303567.46430001","18.432200014591217","13.652199983596802","2"
"points250000-population10000","gw","3","65","179303567.6613","179303588.2924","20.631099998950958","13.669400006532669","2"
"points250000-population10000","gw","3","66","179303588.4806","179303606.55329999","18.072699993848801","13.843100011348724","2"
"points250000-population10000","gw","3","67","179303606.73190001","179303627.28169999","20.549799978733063","13.717900007963181","2"
"points250000-population10000","gw","3","68","179303627.45539999","179303646.92820001","19.472800016403198","13.654999971389771","2"
"points250000-population10000","gw","3","69","179303647.10710001","179303665.47799999","18.370899975299835","13.713700026273727","2"
"points250000-population10000","gw","3","70","179303665.65540001","179303682.93709999","17.281699985265732","13.850899994373322","2"
"points250000-population10000","gw","3","71","179303683.1128","179303702.22099999","19.10819998383522","13.978300005197525","2"
"points250000-population10000","gw","3","72","179303702.39899999","179303721.23019999","18.831200003623962","13.619699984788895","2"
"points250000-population10000","gw","3","73","179303721.4147","179303741.98519999","20.570499986410141","13.858699977397919","2"
"points250000-population10000","gw","3","74","179303742.17660001","179303762.52599999","20.349399983882904","13.966200023889542","2"
"points250000-population10000","gw","3","75","179303762.7112","179303782.16769999","19.456499993801117","13.869399964809418","2"
"points250000-population10000","gw","3","76","179303782.3301","179303801.93270001","19.602600008249283","13.620499968528748","2"
"points250000-population10000","gw","3","77","179303802.1171","179303821.5539","19.436800003051758","13.853200018405914","2"
"points250000-population10000","gw","3","78","179303821.79390001","179303841.76840001","19.974500000476837","13.659999996423721","2"
"points250000-population10000","gw","3","79","179303841.9375","179303861.93779999","20.000299990177155","14.245200008153915","2"
"points250000-population10000","gw","3","80","179303862.11950001","179303881.96540001","19.845899999141693","13.75780001282692","2"
"points250000-population10000","gw","3","81","179303882.12180001","179303900.63010001","18.508300006389618","14.412000000476837","2"
"points250000-population10000","gw","3","82","179303900.82170001","179303918.94929999","18.127599984407425","13.616400003433228","2"
"points250000-population10000","gw","3","83","179303919.14120001","179303938.69190001","19.550700008869171","13.726899981498718","2"
"points250000-population10000","gw","3","84","179303938.8725","179303957.60460001","18.732100009918213","13.642500013113022","2"
"points250000-population10000","gw","3","85","179303957.76199999","179303978.2437","20.481700003147125","13.87279999256134","2"
"points250000-population10000","gw","3","86","179303978.43200001","179303996.44670001","18.014699995517731","13.922500014305115","2"
"points250000-population10000","gw","3","87","179303996.7017","179304016.3179","19.616200000047684","13.77580001950264","2"
"points250000-population10000","gw","3","88","179304016.47999999","179304034.87059999","18.390599995851517","13.688400000333786","2"
"points250000-population10000","gw","3","89","179304035.0314","179304055.5839","20.552500009536743","14.038599997758865","2"
"points250000-population10000","gw","3","90","179304055.7493","179304075.52849999","19.779199987649918","13.808100014925003","2"
"points250000-population10000","gw","3","91","179304075.74000001","179304095.8827","20.142699986696243","13.770000010728836","2"
"points250000-population10000","gw","3","92","179304096.06299999","179304116.32460001","20.261600017547607","14.348900020122528","2"
"points250000-population10000","gw","3","93","179304116.49860001","179304136.09940001","19.600800007581711","15.169200003147125","2"
"points250000-population10000","gw","3","94","179304136.26789999","179304156.59619999","20.328299999237061","13.623600006103516","2"
"points250000-population10000","gw","3","95","179304156.76289999","179304175.41960001","18.656700015068054","13.67399999499321","2"
"points250000-population10000","gw","3","96","179304175.5803","179304193.95089999","18.370599985122681","13.793400019407272","2"
"points250000-population10000","gw","3","97","179304194.12920001","179304214.3048","20.175599992275238","13.762600004673004","2"
"points250000-population10000","gw","3","98","179304214.48660001","179304234.18000001","19.693399995565414","13.680000007152557","2"
"points250000-population10000","gw","3","99","179304234.38069999","179304253.38519999","19.00450000166893","13.641000002622604","2"
"points250000-population10000","gw","3","100","179304253.7211","179304273.81459999","20.09349998831749","13.68790003657341","2"
"points250000-population10000","gw","3","101","179304273.98199999","179304293.87360001","19.891600012779236","13.983299970626831","2"
"points250000-population10000","gw","3","102","179304294.0609","179304313.26480001","19.203900009393692","13.915399998426437","2"
"points250000-population10000","gw","3","103","179304313.4522","179304334.4842","21.032000005245209","14.291999995708466","2"
"points250000-population10000","gw","3","104","179304334.6602","179304354.18740001","19.527200013399124","13.69310000538826","2"
"points250000-population10000","gw","3","105","179304354.3574","179304374.37909999","20.021699994802475","13.60699999332428","2"
"points250000-population10000","gw","3","106","179304374.5485","179304393.50490001","18.956400007009506","13.734300017356873","2"
"points250000-population10000","gw","3","107","179304393.67160001","179304414.5214","20.849799990653992","15.438899993896484","2"
"points250000-population10000","gw","3","108","179304414.71039999","179304432.46329999","17.752900004386902","13.622099995613098","2"
"points250000-population10000","gw","3","109","179304432.6153","179304453.27270001","20.657400012016296","14.052500009536743","2"
"points250000-population10000","gw","3","110","179304453.44069999","179304472.5724","19.13170000910759","13.68189999461174","2"
"points250000-population10000","gw","3","111","179304472.73539999","179304492.60339999","19.868000000715256","13.932600021362305","2"
"points250000-population10000","gw","3","112","179304492.7802","179304512.13780001","19.357600003480911","13.863900005817413","2"
"points250000-population10000","gw","3","113","179304512.31240001","179304532.8874","20.574999988079071","14.125","2"
"points250000-population10000","gw","3","114","179304533.07699999","179304553.85010001","20.773100018501282","14.101999998092651","2"
"points250000-population10000","gw","3","115","179304554.0117","179304577.40279999","23.391099989414215","16.379800021648407","2"
"points250000-population10000","gw","3","116","179304577.7017","179304606.16999999","28.468299984931946","17.539200007915497","2"
"points250000-population10000","gw","3","117","179304606.39199999","179304631.9005","25.508500009775162","18.4132000207901","2"
"points250000-population10000","gw","3","118","179304632.18700001","179304654.45230001","22.265300005674362","14.340099990367889","2"
"points250000-population10000","gw","3","119","179304654.77779999","179304679.22400001","24.446200013160706","17.041700005531311","2"
"points250000-population10000","gw","3","120","179304679.41190001","179304698.4438","19.031899988651276","13.806799978017807","2"
"points250000-population10000","retained","3","1","179304754.10319999","179304758.25760001","4.1544000208377838","0","0"
"points250000-population10000","retained","3","2","179304758.4316","179304761.4165","2.9848999977111816","0","0"
"points250000-population10000","retained","3","3","179304761.5941","179304764.80039999","3.2062999904155731","0","0"
"points250000-population10000","retained","3","4","179304764.94949999","179304767.83379999","2.8842999935150146","0","0"
"points250000-population10000","retained","3","5","179304767.95930001","179304770.76499999","2.8056999742984772","0","0"
"points250000-population10000","retained","3","6","179304770.88389999","179304774.29069999","3.4068000018596649","0","0"
"points250000-population10000","retained","3","7","179304774.4118","179304777.14399999","2.7321999967098236","0","0"
"points250000-population10000","retained","3","8","179304777.26460001","179304780.1187","2.8540999889373779","0","0"
"points250000-population10000","retained","3","9","179304780.23449999","179304783.07190001","2.8374000191688538","0","0"
"points250000-population10000","retained","3","10","179304783.18239999","179304786.16780001","2.9854000210762024","0","0"
"points250000-population10000","retained","3","11","179304786.28259999","179304790.18939999","3.9068000018596649","0","0"
"points250000-population10000","retained","3","12","179304790.31200001","179304793.36739999","3.0553999841213226","0","0"
"points250000-population10000","retained","3","13","179304793.48429999","179304796.65689999","3.1726000010967255","0","0"
"points250000-population10000","retained","3","14","179304796.78639999","179304799.79269999","3.0063000023365021","0","0"
"points250000-population10000","retained","3","15","179304799.90580001","179304802.71599999","2.8101999759674072","0","0"
"points250000-population10000","retained","3","16","179304802.83039999","179304806.48019999","3.6498000025749207","0","0"
"points250000-population10000","retained","3","17","179304806.58939999","179304809.35249999","2.7630999982357025","0","0"
"points250000-population10000","retained","3","18","179304809.50960001","179304812.3109","2.8012999892234802","0","0"
"points250000-population10000","retained","3","19","179304812.4208","179304815.3479","2.9271000027656555","0","0"
"points250000-population10000","retained","3","20","179304815.4578","179304818.32319999","2.8653999865055084","0","0"
"points250000-population10000","retained","3","21","179304818.42809999","179304822.73460001","4.3065000176429749","0","0"
"points250000-population10000","retained","3","22","179304822.84999999","179304825.56619999","2.7161999940872192","0","0"
"points250000-population10000","retained","3","23","179304825.6735","179304828.7281","3.0546000003814697","0","0"
"points250000-population10000","retained","3","24","179304828.8524","179304831.6074","2.7549999952316284","0","0"
"points250000-population10000","retained","3","25","179304831.7182","179304834.52950001","2.8113000094890594","0","0"
"points250000-population10000","retained","3","26","179304834.63850001","179304838.66049999","4.0219999849796295","0","0"
"points250000-population10000","retained","3","27","179304838.78420001","179304842.06369999","3.2794999778270721","0","0"
"points250000-population10000","retained","3","28","179304842.17699999","179304845.4298","3.2528000175952911","0","0"
"points250000-population10000","retained","3","29","179304845.5537","179304848.95640001","3.4027000069618225","0","0"
"points250000-population10000","retained","3","30","179304849.17680001","179304853.67390001","4.4970999956130981","0","0"
"points250000-population10000","retained","3","31","179304853.78940001","179304856.5248","2.73539999127388","0","0"
"points250000-population10000","retained","3","32","179304856.63679999","179304859.61629999","2.9794999957084656","0","0"
"points250000-population10000","retained","3","33","179304859.7306","179304862.73550001","3.0049000084400177","0","0"
"points250000-population10000","retained","3","34","179304862.90329999","179304866.0176","3.114300012588501","0","0"
"points250000-population10000","retained","3","35","179304866.1327","179304869.2899","3.1572000086307526","0","0"
"points250000-population10000","retained","3","36","179304869.40970001","179304872.17699999","2.7672999799251556","0","0"
"points250000-population10000","retained","3","37","179304872.29179999","179304875.21830001","2.9265000224113464","0","0"
"points250000-population10000","retained","3","38","179304875.3258","179304878.38620001","3.0604000091552734","0","0"
"points250000-population10000","retained","3","39","179304878.50440001","179304881.25459999","2.7501999735832214","0","0"
"points250000-population10000","retained","3","40","179304881.3633","179304885.48800001","4.1247000098228455","0","0"
"points250000-population10000","retained","3","41","179304885.59560001","179304888.22049999","2.6248999834060669","0","0"
"points250000-population10000","retained","3","42","179304888.33050001","179304891.25659999","2.9260999858379364","0","0"
"points250000-population10000","retained","3","43","179304891.3669","179304894.23030001","2.863400012254715","0","0"
"points250000-population10000","retained","3","44","179304894.35299999","179304897.92320001","3.5702000260353088","0","0"
"points250000-population10000","retained","3","45","179304898.04840001","179304901.65560001","3.6071999967098236","0","0"
"points250000-population10000","retained","3","46","179304901.7789","179304904.80509999","3.026199996471405","0","0"
"points250000-population10000","retained","3","47","179304904.92910001","179304908.02039999","3.09129998087883","0","0"
"points250000-population10000","retained","3","48","179304908.13299999","179304911.1347","3.0017000138759613","0","0"
"points250000-population10000","retained","3","49","179304911.2516","179304915.63940001","4.387800008058548","0","0"
"points250000-population10000","retained","3","50","179304915.75470001","179304919.33129999","3.5765999853610992","0","0"
"points250000-population10000","retained","3","51","179304919.44260001","179304922.4093","2.9666999876499176","0","0"
"points250000-population10000","retained","3","52","179304922.51769999","179304925.8479","3.3302000164985657","0","0"
"points250000-population10000","retained","3","53","179304925.95739999","179304929.8439","3.8865000009536743","0","0"
"points250000-population10000","retained","3","54","179304929.98210001","179304933.93169999","3.9495999813079834","0","0"
"points250000-population10000","retained","3","55","179304934.1112","179304937.87729999","3.7660999894142151","0","0"
"points250000-population10000","retained","3","56","179304937.99919999","179304940.81690001","2.8177000284194946","0","0"
"points250000-population10000","retained","3","57","179304940.93959999","179304944.21560001","3.2760000228881836","0","0"
"points250000-population10000","retained","3","58","179304944.33880001","179304948.89489999","4.5560999810695648","0","0"
"points250000-population10000","retained","3","59","179304949.0566","179304952.77880001","3.7222000062465668","0","0"
"points250000-population10000","retained","3","60","179304953.00229999","179304956.2286","3.2263000011444092","0","0"
"points250000-population10000","retained","3","61","179304956.359","179304959.2771","2.9180999994277954","0","0"
"points250000-population10000","retained","3","62","179304959.4488","179304963.5939","4.1450999975204468","0","0"
"points250000-population10000","retained","3","63","179304963.7419","179304966.47400001","2.7321000099182129","0","0"
"points250000-population10000","retained","3","64","179304966.59900001","179304969.28529999","2.6862999796867371","0","0"
"points250000-population10000","retained","3","65","179304969.3969","179304972.24759999","2.8506999909877777","0","0"
"points250000-population10000","retained","3","66","179304972.35389999","179304975.1927","2.8388000130653381","0","0"
"points250000-population10000","retained","3","67","179304975.3037","179304979.9219","4.6182000041007996","0","0"
"points250000-population10000","retained","3","68","179304980.09079999","179304983.20190001","3.1111000180244446","0","0"
"points250000-population10000","retained","3","69","179304983.3184","179304986.123","2.8046000003814697","0","0"
"points250000-population10000","retained","3","70","179304986.23109999","179304989.05970001","2.8286000192165375","0","0"
"points250000-population10000","retained","3","71","179304989.17109999","179304992.11129999","2.940200001001358","0","0"
"points250000-population10000","retained","3","72","179304992.2437","179304996.4885","4.2448000013828278","0","0"
"points250000-population10000","retained","3","73","179304996.61680001","179304999.6277","3.0108999907970428","0","0"
"points250000-population10000","retained","3","74","179304999.74250001","179305002.6002","2.857699990272522","0","0"
"points250000-population10000","retained","3","75","179305002.71619999","179305005.4973","2.7811000049114227","0","0"
"points250000-population10000","retained","3","76","179305005.60620001","179305009.91999999","4.3137999773025513","0","0"
"points250000-population10000","retained","3","77","179305010.0503","179305013.26809999","3.2177999913692474","0","0"
"points250000-population10000","retained","3","78","179305013.384","179305016.21399999","2.8299999833106995","0","0"
"points250000-population10000","retained","3","79","179305016.32480001","179305019.10030001","2.7754999995231628","0","0"
"points250000-population10000","retained","3","80","179305019.21340001","179305022.0442","2.8307999968528748","0","0"
"points250000-population10000","retained","3","81","179305022.1532","179305025.99219999","3.8389999866485596","0","0"
"points250000-population10000","retained","3","82","179305026.13839999","179305029.39120001","3.2528000175952911","0","0"
"points250000-population10000","retained","3","83","179305029.5147","179305032.33230001","2.8176000118255615","0","0"
"points250000-population10000","retained","3","84","179305032.44209999","179305035.26280001","2.8207000195980072","0","0"
"points250000-population10000","retained","3","85","179305035.37380001","179305038.1789","2.8050999939441681","0","0"
"points250000-population10000","retained","3","86","179305038.33579999","179305043.07089999","4.7351000010967255","0","0"
"points250000-population10000","retained","3","87","179305043.19890001","179305046.44229999","3.243399977684021","0","0"
"points250000-population10000","retained","3","88","179305046.56009999","179305049.419","2.8589000105857849","0","0"
"points250000-population10000","retained","3","89","179305049.528","179305052.3351","2.8070999979972839","0","0"
"points250000-population10000","retained","3","90","179305052.4418","179305056.36390001","3.9221000075340271","0","0"
"points250000-population10000","retained","3","91","179305056.48069999","179305059.72870001","3.2480000257492065","0","0"
"points250000-population10000","retained","3","92","179305059.85120001","179305063.08309999","3.2318999767303467","0","0"
"points250000-population10000","retained","3","93","179305063.22499999","179305066.0851","2.8601000010967255","0","0"
"points250000-population10000","retained","3","94","179305066.206","179305069.05770001","2.8517000079154968","0","0"
"points250000-population10000","retained","3","95","179305069.1735","179305073.42969999","4.256199985742569","0","0"
"points250000-population10000","retained","3","96","179305073.54300001","179305077.25600001","3.7129999995231628","0","0"
"points250000-population10000","retained","3","97","179305077.3716","179305080.64969999","3.2780999839305878","0","0"
"points250000-population10000","retained","3","98","179305080.76230001","179305083.55630001","2.7939999997615814","0","0"
"points250000-population10000","retained","3","99","179305083.66420001","179305086.83880001","3.1746000051498413","0","0"
"points250000-population10000","retained","3","100","179305087.02649999","179305089.85609999","2.8296000063419342","0","0"
"points250000-population10000","retained","3","101","179305089.9763","179305093.11539999","3.1390999853610992","0","0"
"points250000-population10000","retained","3","102","179305093.2712","179305096.93650001","3.6653000116348267","0","0"
"points250000-population10000","retained","3","103","179305097.06940001","179305100.01570001","2.9462999999523163","0","0"
"points250000-population10000","retained","3","104","179305100.1322","179305104.60479999","4.472599983215332","0","0"
"points250000-population10000","retained","3","105","179305104.72150001","179305107.64629999","2.9247999787330627","0","0"
"points250000-population10000","retained","3","106","179305107.75909999","179305110.5679","2.8088000118732452","0","0"
"points250000-population10000","retained","3","107","179305110.67989999","179305113.5936","2.9137000143527985","0","0"
"points250000-population10000","retained","3","108","179305113.71000001","179305116.58660001","2.8765999972820282","0","0"
"points250000-population10000","retained","3","109","179305116.69800001","179305120.1855","3.4874999821186066","0","0"
"points250000-population10000","retained","3","110","179305120.2958","179305123.24590001","2.9501000046730042","0","0"
"points250000-population10000","retained","3","111","179305123.35769999","179305126.1749","2.8172000050544739","0","0"
"points250000-population10000","retained","3","112","179305126.2877","179305129.5314","3.2436999976634979","0","0"
"points250000-population10000","retained","3","113","179305129.6656","179305132.59040001","2.9248000085353851","0","0"
"points250000-population10000","retained","3","114","179305132.70820001","179305137.06760001","4.3594000041484833","0","0"
"points250000-population10000","retained","3","115","179305137.18450001","179305141.39030001","4.2057999968528748","0","0"
"points250000-population10000","retained","3","116","179305141.5036","179305144.46599999","2.9623999893665314","0","0"
"points250000-population10000","retained","3","117","179305144.5851","179305147.48480001","2.8997000157833099","0","0"
"points250000-population10000","retained","3","118","179305147.627","179305150.42300001","2.7960000038146973","0","0"
"points250000-population10000","retained","3","119","179305150.53839999","179305153.4111","2.8727000057697296","0","0"
"points250000-population10000","retained","3","120","179305153.51730001","179305157.79679999","4.2794999778270721","0","0"
