case,arm,repeat,frame,begin_qpc_ms,end_qpc_ms,step_ms,callback_ms,callback_calls
"points250000-population1000000","off","1","1","179320912.8809","179320920.44310001","7.5622000098228455","0","0"
"points250000-population1000000","off","1","2","179320920.6602","179320924.54339999","3.8831999897956848","0","0"
"points250000-population1000000","off","1","3","179320924.68000001","179320931.83419999","7.1541999876499176","0","0"
"points250000-population1000000","off","1","4","179320932.07049999","179320943.49290001","11.422400027513504","0","0"
"points250000-population1000000","off","1","5","179320943.76539999","179320947.96759999","4.2021999955177307","0","0"
"points250000-population1000000","off","1","6","179320948.60730001","179320952.43979999","3.8324999809265137","0","0"
"points250000-population1000000","off","1","7","179320952.5772","179320957.15619999","4.5789999961853027","0","0"
"points250000-population1000000","off","1","8","179320957.2726","179320963.04710001","5.7745000123977661","0","0"
"points250000-population1000000","off","1","9","179320963.22639999","179320969.71309999","6.4866999983787537","0","0"
"points250000-population1000000","off","1","10","179320969.84439999","179320974.9765","5.1321000158786774","0","0"
"points250000-population1000000","off","1","11","179320975.11610001","179320979.11000001","3.9939000010490417","0","0"
"points250000-population1000000","off","1","12","179320979.28420001","179320987.0936","7.8093999922275543","0","0"
"points250000-population1000000","off","1","13","179320987.22839999","179320991.77079999","4.5424000024795532","0","0"
"points250000-population1000000","off","1","14","179320991.8897","179321001.00060001","9.1109000146389008","0","0"
"points250000-population1000000","off","1","15","179321001.1473","179321006.12619999","4.9788999855518341","0","0"
"points250000-population1000000","off","1","16","179321006.2735","179321009.5","3.226500004529953","0","0"
"points250000-population1000000","off","1","17","179321009.62169999","179321012.6349","3.0132000148296356","0","0"
"points250000-population1000000","off","1","18","179321012.75659999","179321015.82539999","3.0688000023365021","0","0"
"points250000-population1000000","off","1","19","179321015.9461","179321018.8664","2.9203000068664551","0","0"
"points250000-population1000000","off","1","20","179321018.98159999","179321022.41760001","3.4360000193119049","0","0"
"points250000-population1000000","off","1","21","179321022.53479999","179321025.28240001","2.7476000189781189","0","0"
"points250000-population1000000","off","1","22","179321025.3867","179321028.62310001","3.2364000082015991","0","0"
"points250000-population1000000","off","1","23","179321028.74610001","179321032.3211","3.574999988079071","0","0"
"points250000-population1000000","off","1","24","179321032.43239999","179321036.30500001","3.8726000189781189","0","0"
"points250000-population1000000","off","1","25","179321036.41999999","179321041.89269999","5.4726999998092651","0","0"
"points250000-population1000000","off","1","26","179321042.01440001","179321046.80689999","4.7924999892711639","0","0"
"points250000-population1000000","off","1","27","179321046.95570001","179321050.99309999","4.0373999774456024","0","0"
"points250000-population1000000","off","1","28","179321051.11930001","179321055.51589999","4.3965999782085419","0","0"
"points250000-population1000000","off","1","29","179321055.64070001","179321059.51539999","3.8746999800205231","0","0"
"points250000-population1000000","off","1","30","179321059.64919999","179321063.0061","3.3569000065326691","0","0"
"points250000-population1000000","off","1","31","179321063.1349","179321069.14359999","6.0086999833583832","0","0"
"points250000-population1000000","off","1","32","179321069.27059999","179321072.99020001","3.7196000218391418","0","0"
"points250000-population1000000","off","1","33","179321073.1092","179321077.4082","4.2989999949932098","0","0"
"points250000-population1000000","off","1","34","179321077.53549999","179321081.18540001","3.6499000191688538","0","0"
"points250000-population1000000","off","1","35","179321081.3145","179321084.63569999","3.3211999833583832","0","0"
"points250000-population1000000","off","1","36","179321084.7836","179321087.7994","3.0157999992370605","0","0"
"points250000-population1000000","off","1","37","179321087.92919999","179321090.8443","2.9151000082492828","0","0"
"points250000-population1000000","off","1","38","179321090.96599999","179321094.0848","3.118800014257431","0","0"
"points250000-population1000000","off","1","39","179321094.2317","179321098.9894","4.7576999962329865","0","0"
"points250000-population1000000","off","1","40","179321099.13789999","179321101.9244","2.7865000069141388","0","0"
"points250000-population1000000","off","1","41","179321102.0474","179321104.70199999","2.6545999944210052","0","0"
"points250000-population1000000","off","1","42","179321104.815","179321108.4912","3.6762000024318695","0","0"
"points250000-population1000000","off","1","43","179321108.59889999","179321112.78130001","4.1824000179767609","0","0"
"points250000-population1000000","off","1","44","179321112.93380001","179321117.55919999","4.6253999769687653","0","0"
"points250000-population1000000","off","1","45","179321117.67039999","179321121.1516","3.4812000095844269","0","0"
"points250000-population1000000","off","1","46","179321121.266","179321125.4093","4.1432999968528748","0","0"
"points250000-population1000000","off","1","47","179321125.53220001","179321130.6778","5.1455999910831451","0","0"
"points250000-population1000000","off","1","48","179321130.8594","179321134.46200001","3.6026000082492828","0","0"
"points250000-population1000000","off","1","49","179321134.58759999","179321137.98469999","3.3971000015735626","0","0"
"points250000-population1000000","off","1","50","179321138.11199999","179321142.65180001","4.5398000180721283","0","0"
"points250000-population1000000","off","1","51","179321142.82030001","179321148.24380001","5.4235000014305115","0","0"
"points250000-population1000000","off","1","52","179321148.4138","179321152.03310001","3.6193000078201294","0","0"
"points250000-population1000000","off","1","53","179321152.15799999","179321155.63429999","3.4763000011444092","0","0"
"points250000-population1000000","off","1","54","179321155.75639999","179321160.31560001","4.5592000186443329","0","0"
"points250000-population1000000","off","1","55","179321160.47589999","179321163.8646","3.388700008392334","0","0"
"points250000-population1000000","off","1","56","179321164.02790001","179321167.02079999","2.9928999841213226","0","0"
"points250000-population1000000","off","1","57","179321167.16060001","179321170.02720001","2.8666000068187714","0","0"
"points250000-population1000000","off","1","58","179321170.15200001","179321174.16080001","4.0087999999523163","0","0"
"points250000-population1000000","off","1","59","179321174.27950001","179321177.13350001","2.8540000021457672","0","0"
"points250000-population1000000","off","1","60","179321177.2656","179321180.82640001","3.5608000159263611","0","0"
"points250000-population1000000","off","1","61","179321180.9598","179321184.16620001","3.2064000070095062","0","0"
"points250000-population1000000","off","1","62","179321184.29080001","179321187.7015","3.4106999933719635","0","0"
"points250000-population1000000","off","1","63","179321187.8247","179321192.7536","4.9289000034332275","0","0"
"points250000-population1000000","off","1","64","179321192.91389999","179321196.63530001","3.7214000225067139","0","0"
"points250000-population1000000","off","1","65","179321196.7938","179321200.06330001","3.2695000171661377","0","0"
"points250000-population1000000","off","1","66","179321200.20629999","179321204.2378","4.0315000116825104","0","0"
"points250000-population1000000","off","1","67","179321204.40220001","179321208.8759","4.4736999869346619","0","0"
"points250000-population1000000","off","1","68","179321209.00929999","179321212.84720001","3.8379000127315521","0","0"
"points250000-population1000000","off","1","69","179321213.0686","179321216.75009999","3.6814999878406525","0","0"
"points250000-population1000000","off","1","70","179321216.88850001","179321221.84740001","4.9589000046253204","0","0"
"points250000-population1000000","off","1","71","179321222.0702","179321228.06760001","5.9974000155925751","0","0"
"points250000-population1000000","off","1","72","179321228.25209999","179321232.25080001","3.9987000226974487","0","0"
"points250000-population1000000","off","1","73","179321232.40689999","179321236.30019999","3.8932999968528748","0","0"
"points250000-population1000000","off","1","74","179321236.43830001","179321239.1311","2.692799985408783","0","0"
"points250000-population1000000","off","1","75","179321239.25889999","179321241.91749999","2.6586000025272369","0","0"
"points250000-population1000000","off","1","76","179321242.04440001","179321245.7026","3.6581999957561493","0","0"
"points250000-population1000000","off","1","77","179321245.94819999","179321249.14269999","3.1944999992847443","0","0"
"points250000-population1000000","off","1","78","179321249.287","179321252.21799999","2.9309999942779541","0","0"
"points250000-population1000000","off","1","79","179321252.3484","179321256.7362","4.387800008058548","0","0"
"points250000-population1000000","off","1","80","179321256.866","179321260.26840001","3.402400016784668","0","0"
"points250000-population1000000","off","1","81","179321260.41260001","179321264.5138","4.1011999845504761","0","0"
"points250000-population1000000","off","1","82","179321264.67519999","179321269.49739999","4.8222000002861023","0","0"
"points250000-population1000000","off","1","83","179321269.63510001","179321274.22510001","4.5900000035762787","0","0"
"points250000-population1000000","off","1","84","179321274.39649999","179321277.9016","3.5051000118255615","0","0"
"points250000-population1000000","off","1","85","179321278.0388","179321281.6631","3.6243000030517578","0","0"
"points250000-population1000000","off","1","86","179321281.80070001","179321287.9526","6.1518999934196472","0","0"
"points250000-population1000000","off","1","87","179321288.09400001","179321291.24250001","3.148499995470047","0","0"
"points250000-population1000000","off","1","88","179321291.3874","179321295.73199999","4.3445999920368195","0","0"
"points250000-population1000000","off","1","89","179321295.8865","179321299.5936","3.7071000039577484","0","0"
"points250000-population1000000","off","1","90","179321299.73100001","179321304.37529999","4.6442999839782715","0","0"
"points250000-population1000000","off","1","91","179321304.505","179321307.7579","3.2529000043869019","0","0"
"points250000-population1000000","off","1","92","179321307.87419999","179321310.97440001","3.1002000272274017","0","0"
"points250000-population1000000","off","1","93","179321311.0977","179321313.80140001","2.7037000060081482","0","0"
"points250000-population1000000","off","1","94","179321313.91569999","179321318.8527","4.9370000064373016","0","0"
"points250000-population1000000","off","1","95","179321319.0115","179321321.80770001","2.7962000072002411","0","0"
"points250000-population1000000","off","1","96","179321321.94069999","179321324.78600001","2.845300018787384","0","0"
"points250000-population1000000","off","1","97","179321324.9041","179321329.73679999","4.8326999843120575","0","0"
"points250000-population1000000","off","1","98","179321329.9007","179321334.88690001","4.9862000048160553","0","0"
"points250000-population1000000","off","1","99","179321335.0352","179321338.63190001","3.5967000126838684","0","0"
"points250000-population1000000","off","1","100","179321338.76390001","179321342.14160001","3.377700001001358","0","0"
"points250000-population1000000","off","1","101","179321342.2633","179321347.1622","4.8989000022411346","0","0"
"points250000-population1000000","off","1","102","179321347.3396","179321353.1514","5.8118000030517578","0","0"
"points250000-population1000000","off","1","103","179321353.33410001","179321356.5819","3.2477999925613403","0","0"
"points250000-population1000000","off","1","104","179321356.7114","179321359.94409999","3.232699990272522","0","0"
"points250000-population1000000","off","1","105","179321360.14669999","179321366.75009999","6.6033999919891357","0","0"
"points250000-population1000000","off","1","106","179321366.92019999","179321370.14660001","3.2264000177383423","0","0"
"points250000-population1000000","off","1","107","179321370.30309999","179321373.9689","3.665800005197525","0","0"
"points250000-population1000000","off","1","108","179321374.1058","179321379.19780001","5.0920000076293945","0","0"
"points250000-population1000000","off","1","109","179321379.36210001","179321383.07300001","3.7109000086784363","0","0"
"points250000-population1000000","off","1","110","179321383.20039999","179321386.2992","3.098800003528595","0","0"
"points250000-population1000000","off","1","111","179321386.46180001","179321389.32120001","2.8594000041484833","0","0"
"points250000-population1000000","off","1","112","179321389.43810001","179321393.3538","3.9156999886035919","0","0"
"points250000-population1000000","off","1","113","179321393.49110001","179321397.449","3.9578999876976013","0","0"
"points250000-population1000000","off","1","114","179321397.64410001","179321400.33610001","2.6920000016689301","0","0"
"points250000-population1000000","off","1","115","179321400.4589","179321403.0688","2.6098999977111816","0","0"
"points250000-population1000000","off","1","116","179321403.22139999","179321406.92879999","3.707399994134903","0","0"
"points250000-population1000000","off","1","117","179321407.05509999","179321412.67410001","5.6190000176429749","0","0"
"points250000-population1000000","off","1","118","179321412.82249999","179321416.4251","3.6026000082492828","0","0"
"points250000-population1000000","off","1","119","179321416.551","179321419.6241","3.0731000006198883","0","0"
"points250000-population1000000","off","1","120","179321419.7552","179321424.11719999","4.3619999885559082","0","0"
"points250000-population1000000","gw","1","1","179321696.6706","179321718.10820001","21.437600016593933","14.005199998617172","2"
"points250000-population1000000","gw","1","2","179321718.2827","179321740.05140001","21.768700003623962","14.146700024604797","2"
"points250000-population1000000","gw","1","3","179321740.2529","179321761.57030001","21.317400008440018","13.788900017738342","2"
"points250000-population1000000","gw","1","4","179321761.78479999","179321783.67770001","21.892900019884109","13.894400000572205","2"
"points250000-population1000000","gw","1","5","179321783.86660001","179321804.82069999","20.954099982976913","14.002400010824203","2"
"points250000-population1000000","gw","1","6","179321805.00639999","179321825.09040001","20.084000021219254","14.022699981927872","2"
"points250000-population1000000","gw","1","7","179321825.27320001","179321847.00920001","21.736000001430511","15.26129999756813","2"
"points250000-population1000000","gw","1","8","179321847.20519999","179321866.54589999","19.340700000524521","13.817199975252151","2"
"points250000-population1000000","gw","1","9","179321866.72130001","179321886.36919999","19.647899985313416","13.765099972486496","2"
"points250000-population1000000","gw","1","10","179321886.5302","179321907.8461","21.3158999979496","15.244199991226196","2"
"points250000-population1000000","gw","1","11","179321908.03150001","179321931.1191","23.087599992752075","14.494499981403351","2"
"points250000-population1000000","gw","1","12","179321931.31310001","179321954.54499999","23.231899976730347","14.217799991369247","2"
"points250000-population1000000","gw","1","13","179321954.73089999","179321974.4887","19.75780001282692","13.836300015449524","2"
"points250000-population1000000","gw","1","14","179321974.69679999","179321995.0898","20.39300000667572","14.083199977874756","2"
"points250000-population1000000","gw","1","15","179321995.2692","179322014.9684","19.699200004339218","13.988300025463104","2"
"points250000-population1000000","gw","1","16","179322015.13800001","179322035.16190001","20.023900002241135","14.259300023317337","2"
"points250000-population1000000","gw","1","17","179322035.3407","179322055.67969999","20.33899998664856","13.770800024271011","2"
"points250000-population1000000","gw","1","18","179322055.84979999","179322074.91249999","19.062700003385544","13.692600011825562","2"
"points250000-population1000000","gw","1","19","179322075.13550001","179322093.34940001","18.213899999856949","13.879900008440018","2"
"points250000-population1000000","gw","1","20","179322093.56110001","179322112.29210001","18.731000006198883","13.855699956417084","2"
"points250000-population1000000","gw","1","21","179322112.47510001","179322131.6749","19.199799984693527","13.82600000500679","2"
"points250000-population1000000","gw","1","22","179322131.847","179322152.1363","20.289299994707108","13.738000005483627","2"
"points250000-population1000000","gw","1","23","179322152.31349999","179322171.9425","19.629000008106232","13.67509999871254","2"
"points250000-population1000000","gw","1","24","179322172.11579999","179322190.3504","18.234600007534027","13.688199996948242","2"
"points250000-population1000000","gw","1","25","179322190.5429","179322211.15279999","20.609899997711182","13.987499982118607","2"
"points250000-population1000000","gw","1","26","179322211.3281","179322229.63800001","18.309900015592575","13.805500000715256","2"
"points250000-population1000000","gw","1","27","179322229.80360001","179322249.36849999","19.564899981021881","13.657499998807907","2"
"points250000-population1000000","gw","1","28","179322249.5494","179322269.35139999","19.801999986171722","13.668500006198883","2"
"points250000-population1000000","gw","1","29","179322269.5508","179322289.227","19.67620000243187","13.697599977254868","2"
"points250000-population1000000","gw","1","30","179322289.38589999","179322309.04499999","19.659099996089935","13.722499996423721","2"
"points250000-population1000000","gw","1","31","179322309.2527","179322327.9673","18.714599996805191","13.821599990129471","2"
"points250000-population1000000","gw","1","32","179322328.14219999","179322345.31389999","17.171700000762939","13.734999984502792","2"
"points250000-population1000000","gw","1","33","179322345.48100001","179322364.53380001","19.052799999713898","13.894999980926514","2"
"points250000-population1000000","gw","1","34","179322364.7394","179322386.05669999","21.317299991846085","13.843699991703033","2"
"points250000-population1000000","gw","1","35","179322386.24540001","179322406.98679999","20.741399973630905","14.394199997186661","2"
"points250000-population1000000","gw","1","36","179322407.16940001","179322427.17950001","20.01010000705719","13.779799997806549","2"
"points250000-population1000000","gw","1","37","179322427.3653","179322447.4513","20.085999995470047","13.673799991607666","2"
"points250000-population1000000","gw","1","38","179322447.62200001","179322466.8536","19.231599986553192","13.669299989938736","2"
"points250000-population1000000","gw","1","39","179322467.0262","179322486.98050001","19.95430001616478","13.829600036144257","2"
"points250000-population1000000","gw","1","40","179322487.16710001","179322507.94100001","20.773900002241135","13.761999994516373","2"
"points250000-population1000000","gw","1","41","179322508.12029999","179322526.6665","18.546200007200241","13.677799969911575","2"
"points250000-population1000000","gw","1","42","179322526.84639999","179322547.15439999","20.30799999833107","14.003600001335144","2"
"points250000-population1000000","gw","1","43","179322547.32820001","179322565.3339","18.005699992179871","13.7639000415802","2"
"points250000-population1000000","gw","1","44","179322565.55939999","179322584.86149999","19.302100002765656","13.80009999871254","2"
"points250000-population1000000","gw","1","45","179322585.03749999","179322605.09130001","20.053800016641617","14.087399959564209","2"
"points250000-population1000000","gw","1","46","179322605.2705","179322624.68349999","19.412999987602234","14.245700001716614","2"
"points250000-population1000000","gw","1","47","179322624.86039999","179322644.58419999","19.723800003528595","13.917100012302399","2"
"points250000-population1000000","gw","1","48","179322644.7536","179322664.5614","19.807799994945526","13.875799983739853","2"
"points250000-population1000000","gw","1","49","179322664.74790001","179322684.50490001","19.756999999284744","13.731400012969971","2"
"points250000-population1000000","gw","1","50","179322684.6778","179322705.1814","20.503600001335144","13.83899998664856","2"
"points250000-population1000000","gw","1","51","179322705.37689999","179322726.71540001","21.338500022888184","14.488499999046326","2"
"points250000-population1000000","gw","1","52","179322726.89700001","179322746.95289999","20.055899977684021","15.083099991083145","2"
"points250000-population1000000","gw","1","53","179322747.13859999","179322766.91760001","19.779000014066696","13.618999987840652","2"
"points250000-population1000000","gw","1","54","179322767.09380001","179322785.69319999","18.599399983882904","13.786500036716461","2"
"points250000-population1000000","gw","1","55","179322785.87529999","179322805.55610001","19.680800020694733","13.778600007295609","2"
"points250000-population1000000","gw","1","56","179322805.73859999","179322825.3917","19.65310001373291","14.273300021886826","2"
"points250000-population1000000","gw","1","57","179322825.57640001","179322845.38299999","19.806599974632263","13.915499985218048","2"
"points250000-population1000000","gw","1","58","179322845.57820001","179322865.16260001","19.584399998188019","13.923700004816055","2"
"points250000-population1000000","gw","1","59","179322865.34259999","179322883.99329999","18.650700002908707","13.635800004005432","2"
"points250000-population1000000","gw","1","60","179322884.1451","179322904.3818","20.236699998378754","13.834200024604797","2"
"points250000-population1000000","gw","1","61","179322904.57690001","179322924.5668","19.98989999294281","13.670499980449677","2"
"points250000-population1000000","gw","1","62","179322924.77630001","179322945.461","20.684699982404709","14.311300039291382","2"
"points250000-population1000000","gw","1","63","179322945.6349","179322965.8414","20.206499993801117","13.903099983930588","2"
"points250000-population1000000","gw","1","64","179322966.0183","179322985.27829999","19.259999990463257","13.662299990653992","2"
"points250000-population1000000","gw","1","65","179322985.4402","179323004.86309999","19.42289999127388","13.95399996638298","2"
"points250000-population1000000","gw","1","66","179323005.04269999","179323024.82690001","19.784200012683868","13.793499976396561","2"
"points250000-population1000000","gw","1","67","179323025.03979999","179323043.5751","18.535300016403198","14.230300009250641","2"
"points250000-population1000000","gw","1","68","179323043.75889999","179323063.11649999","19.357600003480911","13.654300004243851","2"
"points250000-population1000000","gw","1","69","179323063.29609999","179323082.10339999","18.807300001382828","13.748299986124039","2"
"points250000-population1000000","gw","1","70","179323082.3017","179323101.56760001","19.265900015830994","13.750799983739853","2"
"points250000-population1000000","gw","1","71","179323101.82359999","179323121.9648","20.141200006008148","13.751300036907196","2"
"points250000-population1000000","gw","1","72","179323122.1223","179323141.11610001","18.993800014257431","14.352099984884262","2"
"points250000-population1000000","gw","1","73","179323141.28439999","179323163.33989999","22.055500000715256","14.040200024843216","2"
"points250000-population1000000","gw","1","74","179323163.52110001","179323181.56990001","18.048799991607666","13.785600006580353","2"
"points250000-population1000000","gw","1","75","179323181.72889999","179323201.05419999","19.325300008058548","13.81060004234314","2"
"points250000-population1000000","gw","1","76","179323201.2401","179323220.81490001","19.57480001449585","13.751299977302551","2"
"points250000-population1000000","gw","1","77","179323220.98550001","179323239.83939999","18.853899985551834","13.788500010967255","2"
"points250000-population1000000","gw","1","78","179323240.0255","179323260.28889999","20.263399988412857","14.395599991083145","2"
"points250000-population1000000","gw","1","79","179323260.4756","179323277.62419999","17.148599982261658","13.811100006103516","2"
"points250000-population1000000","gw","1","80","179323277.79710001","179323295.43009999","17.632999986410141","13.813300013542175","2"
"points250000-population1000000","gw","1","81","179323295.6076","179323314.19510001","18.587500005960464","13.79600003361702","2"
"points250000-population1000000","gw","1","82","179323314.36520001","179323332.9287","18.563499987125397","13.826599985361099","2"
"points250000-population1000000","gw","1","83","179323333.11050001","179323351.93189999","18.821399986743927","13.789400011301041","2"
"points250000-population1000000","gw","1","84","179323352.10260001","179323370.69960001","18.597000002861023","14.734500020742416","2"
"points250000-population1000000","gw","1","85","179323370.87360001","179323388.5905","17.716899991035461","13.991400003433228","2"
"points250000-population1000000","gw","1","86","179323388.7545","179323407.46079999","18.706299990415573","13.664900004863739","2"
"points250000-population1000000","gw","1","87","179323407.64739999","179323425.06119999","17.413800001144409","13.706999987363815","2"
"points250000-population1000000","gw","1","88","179323425.23339999","179323444.71790001","19.484500020742416","14.56700000166893","2"
"points250000-population1000000","gw","1","89","179323444.89660001","179323464.26629999","19.369699984788895","13.843699991703033","2"
"points250000-population1000000","gw","1","90","179323464.44839999","179323482.0115","17.563100010156631","13.819700002670288","2"
"points250000-population1000000","gw","1","91","179323482.18110001","179323500.55540001","18.374300003051758","13.609699994325638","2"
"points250000-population1000000","gw","1","92","179323500.71869999","179323518.88850001","18.169800013303757","13.608699977397919","2"
"points250000-population1000000","gw","1","93","179323519.0722","179323536.61930001","17.547100007534027","13.747500002384186","2"
"points250000-population1000000","gw","1","94","179323536.7811","179323556.5993","19.818199992179871","15.005099982023239","2"
"points250000-population1000000","gw","1","95","179323556.77829999","179323574.20100001","17.422700017690659","13.658500015735626","2"
"points250000-population1000000","gw","1","96","179323574.38299999","179323592.8486","18.46560001373291","13.718299984931946","2"
"points250000-population1000000","gw","1","97","179323593.0226","179323611.9402","18.917600005865097","13.767499983310699","2"
"points250000-population1000000","gw","1","98","179323612.11359999","179323630.04139999","17.927799999713898","13.757299989461899","2"
"points250000-population1000000","gw","1","99","179323630.21219999","179323649.08570001","18.873500019311905","13.75220000743866","2"
"points250000-population1000000","gw","1","100","179323649.2423","179323668.18520001","18.942900002002716","14.214199990034103","2"
"points250000-population1000000","gw","1","101","179323668.3644","179323688.11140001","19.747000008821487","13.770399987697601","2"
"points250000-population1000000","gw","1","102","179323688.3019","179323707.766","19.464100003242493","13.759200006723404","2"
"points250000-population1000000","gw","1","103","179323707.94010001","179323725.5176","17.577499985694885","13.681600004434586","2"
"points250000-population1000000","gw","1","104","179323725.6825","179323744.35699999","18.674499988555908","13.739499986171722","2"
"points250000-population1000000","gw","1","105","179323744.53659999","179323762.3066","17.770000010728836","14.104200005531311","2"
"points250000-population1000000","gw","1","106","179323762.48840001","179323781.82449999","19.336099982261658","14.665199995040894","2"
"points250000-population1000000","gw","1","107","179323781.99039999","179323802.1868","20.196400016546249","15.571799993515015","2"
"points250000-population1000000","gw","1","108","179323802.38029999","179323820.73550001","18.35520002245903","13.84280002117157","2"
"points250000-population1000000","gw","1","109","179323820.9023","179323839.50009999","18.597799986600876","13.676599979400635","2"
"points250000-population1000000","gw","1","110","179323839.66639999","179323857.7272","18.060800015926361","13.815699994564056","2"
"points250000-population1000000","gw","1","111","179323857.89629999","179323876.6252","18.728900015354156","14.395799994468689","2"
"points250000-population1000000","gw","1","112","179323876.8238","179323896.82139999","19.997599989175797","13.725599974393845","2"
"points250000-population1000000","gw","1","113","179323896.99340001","179323915.8021","18.808699995279312","13.80919998884201","2"
"points250000-population1000000","gw","1","114","179323915.97799999","179323934.38960001","18.411600023508072","13.769800007343292","2"
"points250000-population1000000","gw","1","115","179323934.5591","179323954.93759999","20.378499984741211","13.806400001049042","2"
"points250000-population1000000","gw","1","116","179323955.10519999","179323973.1257","18.020500004291534","13.876399993896484","2"
"points250000-population1000000","gw","1","117","179323973.2931","179323992.1261","18.833000004291534","13.701200008392334","2"
"points250000-population1000000","gw","1","118","179323992.29120001","179324011.12959999","18.838399976491928","13.699799984693527","2"
"points250000-population1000000","gw","1","119","179324011.30039999","179324030.95539999","19.655000001192093","14.186299979686737","2"
"points250000-population1000000","gw","1","120","179324031.15439999","179324050.55770001","19.403300017118454","13.833300024271011","2"
"points250000-population1000000","retained","1","1","179324100.6929","179324103.62439999","2.9314999878406525","0","0"
"points250000-population1000000","retained","1","2","179324103.79800001","179324107.83489999","4.0368999838829041","0","0"
"points250000-population1000000","retained","1","3","179324107.977","179324116.83469999","8.857699990272522","0","0"
"points250000-population1000000","retained","1","4","179324116.9797","179324120.15509999","3.1753999888896942","0","0"
"points250000-population1000000","retained","1","5","179324120.28389999","179324123.3373","3.0534000098705292","0","0"
"points250000-population1000000","retained","1","6","179324123.52900001","179324129.04980001","5.520799994468689","0","0"
"points250000-population1000000","retained","1","7","179324129.26809999","179324132.64809999","3.3799999952316284","0","0"
"points250000-population1000000","retained","1","8","179324132.77340001","179324135.75","2.9765999913215637","0","0"
"points250000-population1000000","retained","1","9","179324135.86809999","179324138.76390001","2.8958000242710114","0","0"
"points250000-population1000000","retained","1","10","179324138.8768","179324142.29440001","3.417600005865097","0","0"
"points250000-population1000000","retained","1","11","179324142.44690001","179324145.4905","3.0435999929904938","0","0"
"points250000-population1000000","retained","1","12","179324145.61809999","179324148.7247","3.1066000163555145","0","0"
"points250000-population1000000","retained","1","13","179324148.852","179324151.96149999","3.109499990940094","0","0"
"points250000-population1000000","retained","1","14","179324152.0781","179324154.84330001","2.7652000188827515","0","0"
"points250000-population1000000","retained","1","15","179324154.97729999","179324159.26539999","4.288100004196167","0","0"
"points250000-population1000000","retained","1","16","179324159.37810001","179324162.2333","2.8551999926567078","0","0"
"points250000-population1000000","retained","1","17","179324162.3524","179324165.28490001","2.9325000047683716","0","0"
"points250000-population1000000","retained","1","18","179324165.39840001","179324168.06439999","2.6659999787807465","0","0"
"points250000-population1000000","retained","1","19","179324168.1787","179324171.07359999","2.894899994134903","0","0"
"points250000-population1000000","retained","1","20","179324171.18830001","179324174.51589999","3.327599972486496","0","0"
"points250000-population1000000","retained","1","21","179324174.62810001","179324177.2114","2.583299994468689","0","0"
"points250000-population1000000","retained","1","22","179324177.329","179324180.44600001","3.117000013589859","0","0"
"points250000-population1000000","retained","1","23","179324180.60600001","179324183.44999999","2.843999981880188","0","0"
"points250000-population1000000","retained","1","24","179324183.56619999","179324186.57980001","3.0136000216007233","0","0"
"points250000-population1000000","retained","1","25","179324186.6972","179324190.41339999","3.7161999940872192","0","0"
"points250000-population1000000","retained","1","26","179324190.52360001","179324193.33489999","2.8112999796867371","0","0"
"points250000-population1000000","retained","1","27","179324193.45809999","179324196.82300001","3.3649000227451324","0","0"
"points250000-population1000000","retained","1","28","179324196.94499999","179324199.72830001","2.7833000123500824","0","0"
"points250000-population1000000","retained","1","29","179324199.84119999","179324202.67550001","2.8343000113964081","0","0"
"points250000-population1000000","retained","1","30","179324202.78830001","179324206.3856","3.5972999930381775","0","0"
"points250000-population1000000","retained","1","31","179324206.50299999","179324209.3876","2.8846000134944916","0","0"
"points250000-population1000000","retained","1","32","179324209.60699999","179324212.45950001","2.8525000214576721","0","0"
"points250000-population1000000","retained","1","33","179324212.57519999","179324215.25580001","2.6806000173091888","0","0"
"points250000-population1000000","retained","1","34","179324215.3691","179324218.1142","2.7450999915599823","0","0"
"points250000-population1000000","retained","1","35","179324218.22260001","179324222.45140001","4.2287999987602234","0","0"
"points250000-population1000000","retained","1","36","179324222.5632","179324225.25889999","2.6956999897956848","0","0"
"points250000-population1000000","retained","1","37","179324225.37020001","179324229.17629999","3.8060999810695648","0","0"
"points250000-population1000000","retained","1","38","179324229.3105","179324232.4946","3.1841000020503998","0","0"
"points250000-population1000000","retained","1","39","179324232.611","179324236.26050001","3.6495000123977661","0","0"
"points250000-population1000000","retained","1","40","179324236.37959999","179324239.34979999","2.9702000021934509","0","0"
"points250000-population1000000","retained","1","41","179324239.46439999","179324243.33019999","3.8657999932765961","0","0"
"points250000-population1000000","retained","1","42","179324243.4571","179324247.8087","4.3515999913215637","0","0"
"points250000-population1000000","retained","1","43","179324247.9463","179324252.87959999","4.9332999885082245","0","0"
"points250000-population1000000","retained","1","44","179324252.99439999","179324256.4113","3.4169000089168549","0","0"
"points250000-population1000000","retained","1","45","179324256.51930001","179324260.8123","4.2929999828338623","0","0"
"points250000-population1000000","retained","1","46","179324260.92989999","179324264.61539999","3.6854999959468842","0","0"
"points250000-population1000000","retained","1","47","179324264.73800001","179324269.09299999","4.3549999892711639","0","0"
"points250000-population1000000","retained","1","48","179324269.2069","179324272.03889999","2.8319999873638153","0","0"
"points250000-population1000000","retained","1","49","179324272.14570001","179324276.31909999","4.1733999848365784","0","0"
"points250000-population1000000","retained","1","50","179324276.43540001","179324280.95539999","4.5199999809265137","0","0"
"points250000-population1000000","retained","1","51","179324281.07409999","179324286.56830001","5.4942000210285187","0","0"
"points250000-population1000000","retained","1","52","179324286.6857","179324290.2498","3.5640999972820282","0","0"
"points250000-population1000000","retained","1","53","179324290.3705","179324294.833","4.4625000059604645","0","0"
"points250000-population1000000","retained","1","54","179324295.0923","179324299.00889999","3.9165999889373779","0","0"
"points250000-population1000000","retained","1","55","179324299.13960001","179324302.1198","2.9801999926567078","0","0"
"points250000-population1000000","retained","1","56","179324302.2394","179324305.11300001","2.8736000061035156","0","0"
"points250000-population1000000","retained","1","57","179324305.23089999","179324308.08680001","2.8559000194072723","0","0"
"points250000-population1000000","retained","1","58","179324308.1974","179324310.81990001","2.6225000023841858","0","0"
"points250000-population1000000","retained","1","59","179324310.9298","179324315.1004","4.1705999970436096","0","0"
"points250000-population1000000","retained","1","60","179324315.2193","179324317.82659999","2.6072999835014343","0","0"
"points250000-population1000000","retained","1","61","179324317.9341","179324321.472","3.5379000008106232","0","0"
"points250000-population1000000","retained","1","62","179324321.5819","179324325.58140001","3.9995000064373016","0","0"
"points250000-population1000000","retained","1","63","179324325.7536","179324331.03940001","5.2858000099658966","0","0"
"points250000-population1000000","retained","1","64","179324331.18110001","179324334.49590001","3.3147999942302704","0","0"
"points250000-population1000000","retained","1","65","179324334.61930001","179324337.91479999","3.2954999804496765","0","0"
"points250000-population1000000","retained","1","66","179324338.02579999","179324342.21939999","4.1935999989509583","0","0"
"points250000-population1000000","retained","1","67","179324342.3274","179324348.82210001","6.494700014591217","0","0"
"points250000-population1000000","retained","1","68","179324348.984","179324352.65619999","3.6721999943256378","0","0"
"points250000-population1000000","retained","1","69","179324352.7811","179324356.91389999","4.1327999830245972","0","0"
"points250000-population1000000","retained","1","70","179324357.03209999","179324361.40650001","4.3744000196456909","0","0"
"points250000-population1000000","retained","1","71","179324361.55790001","179324366.52360001","4.9657000005245209","0","0"
"points250000-population1000000","retained","1","72","179324366.64989999","179324370.27540001","3.6255000233650208","0","0"
"points250000-population1000000","retained","1","73","179324370.3953","179324373.6092","3.2138999998569489","0","0"
"points250000-population1000000","retained","1","74","179324373.72080001","179324378.42429999","4.703499972820282","0","0"
"points250000-population1000000","retained","1","75","179324378.55250001","179324381.35710001","2.8046000003814697","0","0"
"points250000-population1000000","retained","1","76","179324381.47889999","179324384.2031","2.7242000102996826","0","0"
"points250000-population1000000","retained","1","77","179324384.31659999","179324387.98159999","3.6649999916553497","0","0"
"points250000-population1000000","retained","1","78","179324388.1191","179324392.35820001","4.2391000092029572","0","0"
"points250000-population1000000","retained","1","79","179324392.55160001","179324397.491","4.9393999874591827","0","0"
"points250000-population1000000","retained","1","80","179324397.70609999","179324401.7265","4.0204000174999237","0","0"
"points250000-population1000000","retained","1","81","179324401.84979999","179324406.09909999","4.2493000030517578","0","0"
"points250000-population1000000","retained","1","82","179324406.359","179324412.16260001","5.803600013256073","0","0"
"points250000-population1000000","retained","1","83","179324412.3021","179324416.1358","3.8337000012397766","0","0"
"points250000-population1000000","retained","1","84","179324416.27329999","179324420.22009999","3.9467999935150146","0","0"
"points250000-population1000000","retained","1","85","179324420.34639999","179324424.46399999","4.1175999939441681","0","0"
"points250000-population1000000","retained","1","86","179324424.58669999","179324427.78830001","3.2016000151634216","0","0"
"points250000-population1000000","retained","1","87","179324427.9294","179324431.65239999","3.7229999899864197","0","0"
"points250000-population1000000","retained","1","88","179324431.79820001","179324435.36809999","3.5698999762535095","0","0"
"points250000-population1000000","retained","1","89","179324435.491","179324439.8326","4.3416000008583069","0","0"
"points250000-population1000000","retained","1","90","179324439.95050001","179324442.70339999","2.7528999745845795","0","0"
"points250000-population1000000","retained","1","91","179324442.85350001","179324445.9524","3.0988999903202057","0","0"
"points250000-population1000000","retained","1","92","179324446.0792","179324448.9788","2.8995999991893768","0","0"
"points250000-population1000000","retained","1","93","179324449.09540001","179324451.831","2.7355999946594238","0","0"
"points250000-population1000000","retained","1","94","179324451.9447","179324456.26679999","4.3220999836921692","0","0"
"points250000-population1000000","retained","1","95","179324456.38440001","179324459.76089999","3.3764999806880951","0","0"
"points250000-population1000000","retained","1","96","179324459.88330001","179324463.33050001","3.4472000002861023","0","0"
"points250000-population1000000","retained","1","97","179324463.45320001","179324467.24270001","3.7894999980926514","0","0"
"points250000-population1000000","retained","1","98","179324467.3617","179324471.29010001","3.9284000098705292","0","0"
"points250000-population1000000","retained","1","99","179324471.41100001","179324476.14700001","4.7360000014305115","0","0"
"points250000-population1000000","retained","1","100","179324476.25929999","179324479.9456","3.6863000094890594","0","0"
"points250000-population1000000","retained","1","101","179324480.06220001","179324483.5634","3.5011999905109406","0","0"
"points250000-population1000000","retained","1","102","179324483.67309999","179324487.41949999","3.746399998664856","0","0"
"points250000-population1000000","retained","1","103","179324487.5314","179324491.81889999","4.2874999940395355","0","0"
"points250000-population1000000","retained","1","104","179324491.9287","179324496.03960001","4.1109000146389008","0","0"
"points250000-population1000000","retained","1","105","179324496.17089999","179324500.49630001","4.3254000246524811","0","0"
"points250000-population1000000","retained","1","106","179324500.6261","179324506.22920001","5.6031000018119812","0","0"
"points250000-population1000000","retained","1","107","179324506.38389999","179324509.89879999","3.5148999989032745","0","0"
"points250000-population1000000","retained","1","108","179324510.02599999","179324512.99250001","2.9665000140666962","0","0"
"points250000-population1000000","retained","1","109","179324513.10949999","179324515.95449999","2.8449999988079071","0","0"
"points250000-population1000000","retained","1","110","179324516.06869999","179324519.63010001","3.5614000260829926","0","0"
"points250000-population1000000","retained","1","111","179324519.73890001","179324522.4833","2.7443999946117401","0","0"
"points250000-population1000000","retained","1","112","179324522.59830001","179324525.26930001","2.6710000038146973","0","0"
"points250000-population1000000","retained","1","113","179324525.37970001","179324528.36160001","2.9819000065326691","0","0"
"points250000-population1000000","retained","1","114","179324528.48629999","179324532.58700001","4.1007000207901001","0","0"
"points250000-population1000000","retained","1","115","179324532.7457","179324538.06259999","5.3168999850749969","0","0"
"points250000-population1000000","retained","1","116","179324538.1762","179324541.2137","3.0374999940395355","0","0"
"points250000-population1000000","retained","1","117","179324541.32730001","179324545.04969999","3.7223999798297882","0","0"
"points250000-population1000000","retained","1","118","179324545.17609999","179324549.70919999","4.5331000089645386","0","0"
"points250000-population1000000","retained","1","119","179324549.829","179324554.1972","4.3682000041007996","0","0"
"points250000-population1000000","retained","1","120","179324554.30829999","179324557.77110001","3.4628000259399414","0","0"
"points250000-population1000000","retained","2","1","179324607.81940001","179324611.12920001","3.309799998998642","0","0"
"points250000-population1000000","retained","2","2","179324611.3154","179324615.92320001","4.6078000068664551","0","0"
"points250000-population1000000","retained","2","3","179324616.06799999","179324619.44999999","3.3819999992847443","0","0"
"points250000-population1000000","retained","2","4","179324619.57879999","179324623.03049999","3.4517000019550323","0","0"
"points250000-population1000000","retained","2","5","179324623.14379999","179324627.0508","3.9070000052452087","0","0"
"points250000-population1000000","retained","2","6","179324627.1936","179324632.5573","5.3637000024318695","0","0"
"points250000-population1000000","retained","2","7","179324632.67210001","179324636.13150001","3.4593999981880188","0","0"
"points250000-population1000000","retained","2","8","179324636.25060001","179324639.1929","2.9422999918460846","0","0"
"points250000-population1000000","retained","2","9","179324639.30230001","179324650.05610001","10.753800004720688","0","0"
"points250000-population1000000","retained","2","10","179324650.18619999","179324653.60440001","3.4182000160217285","0","0"
"points250000-population1000000","retained","2","11","179324653.7198","179324656.90779999","3.1879999935626984","0","0"
"points250000-population1000000","retained","2","12","179324657.01719999","179324662.0808","5.0636000037193298","0","0"
"points250000-population1000000","retained","2","13","179324662.23890001","179324665.13850001","2.8995999991893768","0","0"
"points250000-population1000000","retained","2","14","179324665.26710001","179324667.9799","2.712799996137619","0","0"
"points250000-population1000000","retained","2","15","179324668.09630001","179324671.66280001","3.5665000081062317","0","0"
"points250000-population1000000","retained","2","16","179324671.77419999","179324676.10640001","4.3322000205516815","0","0"
"points250000-population1000000","retained","2","17","179324676.2324","179324681.43419999","5.2017999887466431","0","0"
"points250000-population1000000","retained","2","18","179324681.5706","179324685.3452","3.7745999991893768","0","0"
"points250000-population1000000","retained","2","19","179324685.456","179324688.8732","3.4171999990940094","0","0"
"points250000-population1000000","retained","2","20","179324688.97920001","179324694.32030001","5.3411000072956085","0","0"
"points250000-population1000000","retained","2","21","179324694.47279999","179324698.93399999","4.4611999988555908","0","0"
"points250000-population1000000","retained","2","22","179324699.07139999","179324702.7412","3.6698000133037567","0","0"
"points250000-population1000000","retained","2","23","179324702.8603","179324706.6521","3.7917999923229218","0","0"
"points250000-population1000000","retained","2","24","179324706.7658","179324711.61039999","4.8445999920368195","0","0"
"points250000-population1000000","retained","2","25","179324711.76820001","179324715.6762","3.9079999923706055","0","0"
"points250000-population1000000","retained","2","26","179324715.84459999","179324719.7572","3.9126000106334686","0","0"
"points250000-population1000000","retained","2","27","179324719.8777","179324723.12239999","3.2446999847888947","0","0"
"points250000-population1000000","retained","2","28","179324723.24149999","179324727.57089999","4.3294000029563904","0","0"
"points250000-population1000000","retained","2","29","179324727.7105","179324730.93399999","3.223499983549118","0","0"
"points250000-population1000000","retained","2","30","179324731.0582","179324733.89590001","2.8377000093460083","0","0"
"points250000-population1000000","retained","2","31","179324734.0108","179324736.75960001","2.7488000094890594","0","0"
"points250000-population1000000","retained","2","32","179324736.86669999","179324741.79539999","4.9287000000476837","0","0"
"points250000-population1000000","retained","2","33","179324741.90549999","179324745.3574","3.4519000053405762","0","0"
"points250000-population1000000","retained","2","34","179324745.48320001","179324749.15959999","3.6763999760150909","0","0"
"points250000-population1000000","retained","2","35","179324749.30430001","179324753.20280001","3.898499995470047","0","0"
"points250000-population1000000","retained","2","36","179324753.31850001","179324758.1374","4.8188999891281128","0","0"
"points250000-population1000000","retained","2","37","179324758.25279999","179324761.95789999","3.7050999999046326","0","0"
"points250000-population1000000","retained","2","38","179324762.08340001","179324765.845","3.761599987745285","0","0"
"points250000-population1000000","retained","2","39","179324765.9729","179324769.2561","3.2831999957561493","0","0"
"points250000-population1000000","retained","2","40","179324769.37029999","179324774.47569999","5.1053999960422516","0","0"
"points250000-population1000000","retained","2","41","179324774.59119999","179324777.79359999","3.2023999989032745","0","0"
"points250000-population1000000","retained","2","42","179324777.91510001","179324781.35839999","3.4432999789714813","0","0"
"points250000-population1000000","retained","2","43","179324781.4734","179324784.7992","3.3258000016212463","0","0"
"points250000-population1000000","retained","2","44","179324784.94350001","179324789.8312","4.8876999914646149","0","0"
"points250000-population1000000","retained","2","45","179324789.9508","179324792.89860001","2.9478000104427338","0","0"
"points250000-population1000000","retained","2","46","179324793.01989999","179324796.42320001","3.403300017118454","0","0"
"points250000-population1000000","retained","2","47","179324796.59310001","179324799.736","3.1428999900817871","0","0"
"points250000-population1000000","retained","2","48","179324799.85710001","179324803.18470001","3.3276000022888184","0","0"
"points250000-population1000000","retained","2","49","179324803.3021","179324806.02939999","2.7272999882698059","0","0"
"points250000-population1000000","retained","2","50","179324806.14219999","179324809.7272","3.5850000083446503","0","0"
"points250000-population1000000","retained","2","51","179324809.89829999","179324813.6539","3.7556000053882599","0","0"
"points250000-population1000000","retained","2","52","179324813.76699999","179324817.15470001","3.3877000212669373","0","0"
"points250000-population1000000","retained","2","53","179324817.2938","179324822.65619999","5.3623999953269958","0","0"
"points250000-population1000000","retained","2","54","179324822.76640001","179324826.18560001","3.4192000031471252","0","0"
"points250000-population1000000","retained","2","55","179324826.29859999","179324830.289","3.9904000163078308","0","0"
"points250000-population1000000","retained","2","56","179324830.41870001","179324835.12779999","4.7090999782085419","0","0"
"points250000-population1000000","retained","2","57","179324835.24259999","179324839.37149999","4.1288999915122986","0","0"
"points250000-population1000000","retained","2","58","179324839.48280001","179324842.95500001","3.4722000062465668","0","0"
"points250000-population1000000","retained","2","59","179324843.06819999","179324846.81670001","3.7485000193119049","0","0"
"points250000-population1000000","retained","2","60","179324846.94330001","179324851.7615","4.8181999921798706","0","0"
"points250000-population1000000","retained","2","61","179324851.8802","179324855.08970001","3.2095000147819519","0","0"
"points250000-population1000000","retained","2","62","179324855.20500001","179324858.5652","3.3601999878883362","0","0"
"points250000-population1000000","retained","2","63","179324858.6749","179324861.9957","3.3208000063896179","0","0"
"points250000-population1000000","retained","2","64","179324862.11860001","179324865.8497","3.7310999929904938","0","0"
"points250000-population1000000","retained","2","65","179324865.96560001","179324869.1433","3.1776999831199646","0","0"
"points250000-population1000000","retained","2","66","179324869.25929999","179324872.03960001","2.7803000211715698","0","0"
"points250000-population1000000","retained","2","67","179324872.15180001","179324874.85389999","2.7020999789237976","0","0"
"points250000-population1000000","retained","2","68","179324874.9621","179324877.8506","2.8885000050067902","0","0"
"points250000-population1000000","retained","2","69","179324877.9738","179324883.18709999","5.2132999897003174","0","0"
"points250000-population1000000","retained","2","70","179324883.30340001","179324886.33500001","3.0315999984741211","0","0"
"points250000-population1000000","retained","2","71","179324886.45930001","179324890.0654","3.6060999929904938","0","0"
"points250000-population1000000","retained","2","72","179324890.17930001","179324893.73550001","3.5561999976634979","0","0"
"points250000-population1000000","retained","2","73","179324893.85749999","179324899.45280001","5.595300018787384","0","0"
"points250000-population1000000","retained","2","74","179324899.5923","179324904.13049999","4.5381999909877777","0","0"
"points250000-population1000000","retained","2","75","179324904.27689999","179324908.01280001","3.7359000146389008","0","0"
"points250000-population1000000","retained","2","76","179324908.1435","179324912.49470001","4.3512000143527985","0","0"
"points250000-population1000000","retained","2","77","179324912.61149999","179324918.1523","5.540800005197525","0","0"
"points250000-population1000000","retained","2","78","179324918.26879999","179324921.5661","3.2973000109195709","0","0"
"points250000-population1000000","retained","2","79","179324921.6893","179324925.4585","3.7691999971866608","0","0"
"points250000-population1000000","retained","2","80","179324925.60280001","179324930.51699999","4.9141999781131744","0","0"
"points250000-population1000000","retained","2","81","179324930.66","179324933.5002","2.8402000069618225","0","0"
"points250000-population1000000","retained","2","82","179324933.6142","179324937.40380001","3.7896000146865845","0","0"
"points250000-population1000000","retained","2","83","179324937.5138","179324940.18880001","2.675000011920929","0","0"
"points250000-population1000000","retained","2","84","179324940.29570001","179324943.40380001","3.1080999970436096","0","0"
"points250000-population1000000","retained","2","85","179324943.51570001","179324948.55809999","5.0423999726772308","0","0"
"points250000-population1000000","retained","2","86","179324948.67539999","179324951.6428","2.9674000144004822","0","0"
"points250000-population1000000","retained","2","87","179324951.7554","179324955.44029999","3.6848999857902527","0","0"
"points250000-population1000000","retained","2","88","179324955.5508","179324959.46790001","3.9171000123023987","0","0"
"points250000-population1000000","retained","2","89","179324959.5878","179324964.57350001","4.9857000112533569","0","0"
"points250000-population1000000","retained","2","90","179324964.69670001","179324968.21489999","3.5181999802589417","0","0"
"points250000-population1000000","retained","2","91","179324968.3267","179324971.51230001","3.1856000125408173","0","0"
"points250000-population1000000","retained","2","92","179324971.6336","179324975.91859999","4.2849999964237213","0","0"
"points250000-population1000000","retained","2","93","179324976.0336","179324981.27559999","5.2419999837875366","0","0"
"points250000-population1000000","retained","2","94","179324981.3926","179324984.7559","3.3632999956607819","0","0"
"points250000-population1000000","retained","2","95","179324984.8673","179324988.6345","3.7671999931335449","0","0"
"points250000-population1000000","retained","2","96","179324988.76550001","179324992.97749999","4.2119999825954437","0","0"
"points250000-population1000000","retained","2","97","179324993.10080001","179324997.48840001","4.3876000046730042","0","0"
"points250000-population1000000","retained","2","98","179324997.6164","179325001.0659","3.4494999945163727","0","0"
"points250000-population1000000","retained","2","99","179325001.17950001","179325004.35870001","3.1791999936103821","0","0"
"points250000-population1000000","retained","2","100","179325004.46720001","179325010.45910001","5.9918999969959259","0","0"
"points250000-population1000000","retained","2","101","179325010.70919999","179325014.54660001","3.8374000191688538","0","0"
"points250000-population1000000","retained","2","102","179325014.6965","179325017.68360001","2.9871000051498413","0","0"
"points250000-population1000000","retained","2","103","179325017.8118","179325021.7024","3.8905999958515167","0","0"
"points250000-population1000000","retained","2","104","179325021.822","179325027.6406","5.8185999989509583","0","0"
"points250000-population1000000","retained","2","105","179325027.7888","179325031.88260001","4.0938000082969666","0","0"
"points250000-population1000000","retained","2","106","179325032.02129999","179325035.62310001","3.6018000245094299","0","0"
"points250000-population1000000","retained","2","107","179325035.7385","179325040.34900001","4.6105000078678131","0","0"
"points250000-population1000000","retained","2","108","179325040.4569","179325045.0142","4.5573000013828278","0","0"
"points250000-population1000000","retained","2","109","179325045.1925","179325049.43309999","4.2405999898910522","0","0"
"points250000-population1000000","retained","2","110","179325049.5517","179325053.31659999","3.7648999989032745","0","0"
"points250000-population1000000","retained","2","111","179325053.43040001","179325057.8071","4.3766999840736389","0","0"
"points250000-population1000000","retained","2","112","179325057.9452","179325062.37490001","4.4297000169754028","0","0"
"points250000-population1000000","retained","2","113","179325062.5156","179325065.77869999","3.2630999982357025","0","0"
"points250000-population1000000","retained","2","114","179325065.8987","179325069.2123","3.3136000037193298","0","0"
"points250000-population1000000","retained","2","115","179325069.3204","179325073.8265","4.5060999989509583","0","0"
"points250000-population1000000","retained","2","116","179325073.9522","179325077.1126","3.160400003194809","0","0"
"points250000-population1000000","retained","2","117","179325077.2405","179325080.02020001","2.7797000110149384","0","0"
"points250000-population1000000","retained","2","118","179325080.14250001","179325082.91069999","2.7681999802589417","0","0"
"points250000-population1000000","retained","2","119","179325083.02779999","179325086.6875","3.6597000062465668","0","0"
"points250000-population1000000","retained","2","120","179325086.7999","179325089.53439999","2.734499990940094","0","0"
"points250000-population1000000","gw","2","1","179325344.76320001","179325364.4982","19.734999984502792","14.059900015592575","2"
"points250000-population1000000","gw","2","2","179325364.68889999","179325383.90450001","19.21560001373291","13.812700003385544","2"
"points250000-population1000000","gw","2","3","179325384.09029999","179325404.7412","20.65090000629425","14.03669998049736","2"
"points250000-population1000000","gw","2","4","179325404.92680001","179325423.6476","18.72079998254776","13.750399976968765","2"
"points250000-population1000000","gw","2","5","179325423.82229999","179325443.31240001","19.490100026130676","13.670800000429153","2"
"points250000-population1000000","gw","2","6","179325443.49759999","179325466.7696","23.272000014781952","15.820900022983551","2"
"points250000-population1000000","gw","2","7","179325466.96020001","179325486.65790001","19.697699993848801","13.66210001707077","2"
"points250000-population1000000","gw","2","8","179325486.84279999","179325506.2017","19.358900010585785","13.892399996519089","2"
"points250000-population1000000","gw","2","9","179325506.37529999","179325526.27579999","19.900499999523163","13.783199995756149","2"
"points250000-population1000000","gw","2","10","179325526.477","179325544.63999999","18.162999987602234","13.826299965381622","2"
"points250000-population1000000","gw","2","11","179325544.81990001","179325564.62419999","19.804299980401993","13.900999993085861","2"
"points250000-population1000000","gw","2","12","179325564.8294","179325584.23280001","19.403400003910065","13.729900002479553","2"
"points250000-population1000000","gw","2","13","179325584.4066","179325602.00099999","17.594399988651276","13.758499979972839","2"
"points250000-population1000000","gw","2","14","179325602.1753","179325621.0654","18.890100002288818","13.896299958229065","2"
"points250000-population1000000","gw","2","15","179325621.23539999","179325639.33680001","18.101400017738342","13.808900028467178","2"
"points250000-population1000000","gw","2","16","179325639.49689999","179325659.63530001","20.138400018215179","13.813699990510941","2"
"points250000-population1000000","gw","2","17","179325659.8143","179325681.426","21.611699998378754","15.129199951887131","2"
"points250000-population1000000","gw","2","18","179325681.60710001","179325699.97479999","18.367699980735779","14.012100011110306","2"
"points250000-population1000000","gw","2","19","179325700.14879999","179325720.56079999","20.412000000476837","13.631999999284744","2"
"points250000-population1000000","gw","2","20","179325720.73050001","179325740.79929999","20.06879997253418","13.822400003671646","2"
"points250000-population1000000","gw","2","21","179325740.96689999","179325759.77520001","18.808300018310547","13.820199996232986","2"
"points250000-population1000000","gw","2","22","179325759.9567","179325781.90149999","21.944799989461899","14.777800053358078","2"
"points250000-population1000000","gw","2","23","179325782.08700001","179325801.0618","18.974799990653992","13.800699979066849","2"
"points250000-population1000000","gw","2","24","179325801.2383","179325821.12940001","19.891100019216537","13.672600001096725","2"
"points250000-population1000000","gw","2","25","179325821.2987","179325841.58090001","20.282200008630753","14.553299993276596","2"
"points250000-population1000000","gw","2","26","179325841.77610001","179325859.59990001","17.82379999756813","14.053800016641617","2"
"points250000-population1000000","gw","2","27","179325859.7854","179325879.1859","19.400499999523163","13.786399990320206","2"
"points250000-population1000000","gw","2","28","179325879.36250001","179325899.78920001","20.426699995994568","13.937999993562698","2"
"points250000-population1000000","gw","2","29","179325899.97440001","179325918.46529999","18.490899980068207","14.080500036478043","2"
"points250000-population1000000","gw","2","30","179325918.6304","179325938.29359999","19.663199990987778","13.782899975776672","2"
"points250000-population1000000","gw","2","31","179325938.46740001","179325958.38789999","19.920499980449677","13.725199997425079","2"
"points250000-population1000000","gw","2","32","179325958.54910001","179325978.78960001","20.240500003099442","14.008199959993362","2"
"points250000-population1000000","gw","2","33","179325978.97710001","179325998.9307","19.953599989414215","13.783399999141693","2"
"points250000-population1000000","gw","2","34","179325999.11160001","179326019.55320001","20.441599994897842","13.794500023126602","2"
"points250000-population1000000","gw","2","35","179326019.72499999","179326039.507","19.782000005245209","13.770800024271011","2"
"points250000-population1000000","gw","2","36","179326039.6857","179326059.24340001","19.557700008153915","14.355100005865097","2"
"points250000-population1000000","gw","2","37","179326059.4314","179326078.4822","19.050799995660782","13.818199992179871","2"
"points250000-population1000000","gw","2","38","179326078.66769999","179326096.56709999","17.899399995803833","13.8716000020504","2"
"points250000-population1000000","gw","2","39","179326096.7511","179326116.36930001","19.6182000041008","13.727399975061417","2"
"points250000-population1000000","gw","2","40","179326116.54409999","179326137.7017","21.15760001540184","13.683200001716614","2"
"points250000-population1000000","gw","2","41","179326137.8786","179326157.0072","19.128600001335144","13.811399966478348","2"
"points250000-population1000000","gw","2","42","179326157.17210001","179326177.70829999","20.536199986934662","14.322800010442734","2"
"points250000-population1000000","gw","2","43","179326177.8777","179326198.55579999","20.678099989891052","14.205599993467331","2"
"points250000-population1000000","gw","2","44","179326198.75420001","179326218.07370001","19.319499999284744","13.805399984121323","2"
"points250000-population1000000","gw","2","45","179326218.26859999","179326239.31659999","21.048000007867813","14.009499996900558","2"
"points250000-population1000000","gw","2","46","179326239.4971","179326258.73249999","19.23539999127388","13.660699993371964","2"
"points250000-population1000000","gw","2","47","179326258.9041","179326279.48930001","20.585200011730194","14.011600017547607","2"
"points250000-population1000000","gw","2","48","179326279.72240001","179326299.00260001","19.280200004577637","13.960599988698959","2"
"points250000-population1000000","gw","2","49","179326299.17899999","179326317.12439999","17.94539999961853","13.764599978923798","2"
"points250000-population1000000","gw","2","50","179326317.28200001","179326336.5273","19.245299994945526","13.768599987030029","2"
"points250000-population1000000","gw","2","51","179326336.70770001","179326355.5977","18.889999985694885","13.899600028991699","2"
"points250000-population1000000","gw","2","52","179326355.76629999","179326375.44499999","19.678700000047684","14.103100001811981","2"
"points250000-population1000000","gw","2","53","179326375.6117","179326395.6112","19.999500006437302","13.718600004911423","2"
"points250000-population1000000","gw","2","54","179326395.86050001","179326416.1512","20.290699988603592","13.789399981498718","2"
"points250000-population1000000","gw","2","55","179326416.31200001","179326435.4824","19.170399993658066","13.74770000576973","2"
"points250000-population1000000","gw","2","56","179326435.64820001","179326455.86829999","20.220099985599518","13.897899985313416","2"
"points250000-population1000000","gw","2","57","179326456.04640001","179326475.7376","19.691199988126755","14.273400008678436","2"
"points250000-population1000000","gw","2","58","179326475.96430001","179326497.48410001","21.519800007343292","14.151699990034103","2"
"points250000-population1000000","gw","2","59","179326497.67320001","179326517.80239999","20.129199981689453","13.751800000667572","2"
"points250000-population1000000","gw","2","60","179326518.01699999","179326538.98100001","20.964000016450882","14.167399972677231","2"
"points250000-population1000000","gw","2","61","179326539.1997","179326557.4862","18.286500006914139","14.009800016880035","2"
"points250000-population1000000","gw","2","62","179326557.6595","179326578.18509999","20.525599986314774","14.798200011253357","2"
"points250000-population1000000","gw","2","63","179326578.37259999","179326596.51769999","18.145099997520447","13.831599980592728","2"
"points250000-population1000000","gw","2","64","179326596.69949999","179326616.1101","19.410600006580353","13.776500016450882","2"
"points250000-population1000000","gw","2","65","179326616.29049999","179326636.72409999","20.433600008487701","13.692499995231628","2"
"points250000-population1000000","gw","2","66","179326636.89739999","179326655.64070001","18.743300020694733","13.817299991846085","2"
"points250000-population1000000","gw","2","67","179326655.80230001","179326675.8416","20.039299994707108","14.039400011301041","2"
"points250000-population1000000","gw","2","68","179326676.08629999","179326695.98249999","19.896200001239777","13.674699991941452","2"
"points250000-population1000000","gw","2","69","179326696.16429999","179326716.0957","19.931400001049042","13.780299991369247","2"
"points250000-population1000000","gw","2","70","179326716.29390001","179326736.03659999","19.742699980735779","13.816699981689453","2"
"points250000-population1000000","gw","2","71","179326736.2306","179326755.29210001","19.061500012874603","13.831400007009506","2"
"points250000-population1000000","gw","2","72","179326755.5025","179326776.23359999","20.731099992990494","13.77319997549057","2"
"points250000-population1000000","gw","2","73","179326776.4251","179326796.1347","19.709600001573563","13.718400001525879","2"
"points250000-population1000000","gw","2","74","179326796.31670001","179326814.7694","18.452699989080429","13.810999989509583","2"
"points250000-population1000000","gw","2","75","179326814.9571","179326834.78369999","19.826599985361099","14.145399987697601","2"
"points250000-population1000000","gw","2","76","179326834.97819999","179326853.59580001","18.61760002374649","13.766400009393692","2"
"points250000-population1000000","gw","2","77","179326853.77970001","179326873.27320001","19.493499994277954","13.720199972391129","2"
"points250000-population1000000","gw","2","78","179326873.45030001","179326893.1221","19.67179998755455","14.031100004911423","2"
"points250000-population1000000","gw","2","79","179326893.30720001","179326913.4172","20.109999984502792","14.026300013065338","2"
"points250000-population1000000","gw","2","80","179326913.60530001","179326931.43869999","17.8333999812603","13.750599980354309","2"
"points250000-population1000000","gw","2","81","179326931.6187","179326951.25929999","19.640599995851517","13.857499986886978","2"
"points250000-population1000000","gw","2","82","179326951.42089999","179326971.26120001","19.840300023555756","13.942900002002716","2"
"points250000-population1000000","gw","2","83","179326971.42410001","179326990.91190001","19.487800002098083","13.978700041770935","2"
"points250000-population1000000","gw","2","84","179326991.07820001","179327010.92460001","19.846399992704391","13.851499974727631","2"
"points250000-population1000000","gw","2","85","179327011.1058","179327030.60589999","19.500099986791611","14.576700001955032","2"
"points250000-population1000000","gw","2","86","179327030.77970001","179327051.13429999","20.354599982500076","13.822699993848801","2"
"points250000-population1000000","gw","2","87","179327051.3249","179327071.73809999","20.413199990987778","14.560599982738495","2"
"points250000-population1000000","gw","2","88","179327071.93090001","179327091.7922","19.861299991607666","13.801400005817413","2"
"points250000-population1000000","gw","2","89","179327091.96540001","179327109.6338","17.66839998960495","13.802900016307831","2"
"points250000-population1000000","gw","2","90","179327109.8098","179327128.83360001","19.023800015449524","14.057899951934814","2"
"points250000-population1000000","gw","2","91","179327129.00220001","179327149.30989999","20.307699978351593","13.840900003910065","2"
"points250000-population1000000","gw","2","92","179327149.50729999","179327168.1205","18.613200008869171","13.886699974536896","2"
"points250000-population1000000","gw","2","93","179327168.3075","179327188.98249999","20.674999982118607","13.673099994659424","2"
"points250000-population1000000","gw","2","94","179327189.14309999","179327209.44119999","20.298099994659424","13.882299989461899","2"
"points250000-population1000000","gw","2","95","179327209.60690001","179327228.66749999","19.060599982738495","13.789000004529953","2"
"points250000-population1000000","gw","2","96","179327228.87040001","179327249.34599999","20.475599974393845","14.089499980211258","2"
"points250000-population1000000","gw","2","97","179327249.537","179327268.2845","18.747500002384186","13.726500004529953","2"
"points250000-population1000000","gw","2","98","179327268.46419999","179327288.6336","20.169400006532669","13.869200021028519","2"
"points250000-population1000000","gw","2","99","179327288.8123","179327308.64919999","19.836899995803833","13.663199990987778","2"
"points250000-population1000000","gw","2","100","179327308.81549999","179327328.05289999","19.237399995326996","15.51570001244545","2"
"points250000-population1000000","gw","2","101","179327328.236","179327347.1737","18.937700003385544","13.781899988651276","2"
"points250000-population1000000","gw","2","102","179327347.3443","179327365.93849999","18.594199985265732","13.719999998807907","2"
"points250000-population1000000","gw","2","103","179327366.1056","179327383.4894","17.383799999952316","13.972499996423721","2"
"points250000-population1000000","gw","2","104","179327383.65599999","179327404.27020001","20.61420002579689","13.689900010824203","2"
"points250000-population1000000","gw","2","105","179327404.4481","179327424.48500001","20.036900013685226","13.932099997997284","2"
"points250000-population1000000","gw","2","106","179327424.65369999","179327444.81459999","20.160899996757507","14.649599999189377","2"
"points250000-population1000000","gw","2","107","179327445.02340001","179327466.01620001","20.992799997329712","14.058799982070923","2"
"points250000-population1000000","gw","2","108","179327466.19389999","179327484.53619999","18.342299997806549","13.799899995326996","2"
"points250000-population1000000","gw","2","109","179327484.71129999","179327506.93560001","22.224300026893616","14.199100017547607","2"
"points250000-population1000000","gw","2","110","179327507.1462","179327528.29359999","21.147399991750717","13.86219996213913","2"
"points250000-population1000000","gw","2","111","179327528.51249999","179327547.3434","18.830900013446808","13.872600018978119","2"
"points250000-population1000000","gw","2","112","179327547.54449999","179327568.26449999","20.719999998807907","14.251400023698807","2"
"points250000-population1000000","gw","2","113","179327568.4637","179327587.31740001","18.853700011968613","13.783199995756149","2"
"points250000-population1000000","gw","2","114","179327587.48230001","179327604.42289999","16.940599977970123","13.816199988126755","2"
"points250000-population1000000","gw","2","115","179327604.5927","179327622.94510001","18.352400004863739","13.781699985265732","2"
"points250000-population1000000","gw","2","116","179327623.10069999","179327642.7631","19.662400007247925","13.949499994516373","2"
"points250000-population1000000","gw","2","117","179327642.95070001","179327662.6135","19.66279998421669","14.636499971151352","2"
"points250000-population1000000","gw","2","118","179327662.80360001","179327683.13909999","20.335499972105026","14.149399995803833","2"
"points250000-population1000000","gw","2","119","179327683.30770001","179327703.87760001","20.569900006055832","13.694000005722046","2"
"points250000-population1000000","gw","2","120","179327704.05250001","179327723.12310001","19.070600003004074","13.859499990940094","2"
"points250000-population1000000","off","2","1","179327771.8827","179327775.32879999","3.4460999965667725","0","0"
"points250000-population1000000","off","2","2","179327775.50619999","179327779.21779999","3.7116000056266785","0","0"
"points250000-population1000000","off","2","3","179327779.37220001","179327784.07789999","4.7056999802589417","0","0"
"points250000-population1000000","off","2","4","179327784.2189","179327787.7832","3.564300000667572","0","0"
"points250000-population1000000","off","2","5","179327787.9172","179327791.17750001","3.2603000104427338","0","0"
"points250000-population1000000","off","2","6","179327791.2967","179327794.78639999","3.4896999895572662","0","0"
"points250000-population1000000","off","2","7","179327794.93759999","179327800.2608","5.3232000172138214","0","0"
"points250000-population1000000","off","2","8","179327800.38870001","179327803.82440001","3.435699999332428","0","0"
"points250000-population1000000","off","2","9","179327803.94659999","179327807.30939999","3.3628000020980835","0","0"
"points250000-population1000000","off","2","10","179327807.4262","179327811.14610001","3.7199000120162964","0","0"
"points250000-population1000000","off","2","11","179327811.33719999","179327816.26280001","4.9256000220775604","0","0"
"points250000-population1000000","off","2","12","179327816.37979999","179327819.47659999","3.0967999994754791","0","0"
"points250000-population1000000","off","2","13","179327819.5889","179327822.79080001","3.2019000053405762","0","0"
"points250000-population1000000","off","2","14","179327822.8989","179327825.8707","2.9717999994754791","0","0"
"points250000-population1000000","off","2","15","179327825.9813","179327829.55309999","3.5717999935150146","0","0"
"points250000-population1000000","off","2","16","179327829.67539999","179327832.3434","2.6680000126361847","0","0"
"points250000-population1000000","off","2","17","179327832.45910001","179327835.39399999","2.9348999857902527","0","0"
"points250000-population1000000","off","2","18","179327835.509","179327838.20809999","2.699099987745285","0","0"
"points250000-population1000000","off","2","19","179327838.3585","179327841.01339999","2.6548999845981598","0","0"
"points250000-population1000000","off","2","20","179327841.12130001","179327846.789","5.6676999926567078","0","0"
"points250000-population1000000","off","2","21","179327846.9429","179327850.7987","3.8558000028133392","0","0"
"points250000-population1000000","off","2","22","179327850.93059999","179327854.22409999","3.2935000061988831","0","0"
"points250000-population1000000","off","2","23","179327854.3574","179327857.60550001","3.2481000125408173","0","0"
"points250000-population1000000","off","2","24","179327857.72","179327863.5212","5.8012000024318695","0","0"
"points250000-population1000000","off","2","25","179327863.75350001","179327867.80680001","4.0532999932765961","0","0"
"points250000-population1000000","off","2","26","179327867.96759999","179327871.78439999","3.8167999982833862","0","0"
"points250000-population1000000","off","2","27","179327871.90650001","179327875.6126","3.7060999870300293","0","0"
"points250000-population1000000","off","2","28","179327875.77360001","179327881.08719999","5.3135999739170074","0","0"
"points250000-population1000000","off","2","29","179327881.2297","179327884.72369999","3.4939999878406525","0","0"
"points250000-population1000000","off","2","30","179327884.84709999","179327888.294","3.4469000101089478","0","0"
"points250000-population1000000","off","2","31","179327888.40779999","179327892.52520001","4.1174000203609467","0","0"
"points250000-population1000000","off","2","32","179327892.64210001","179327896.27450001","3.6324000060558319","0","0"
"points250000-population1000000","off","2","33","179327896.4161","179327899.5645","3.1484000086784363","0","0"
"points250000-population1000000","off","2","34","179327899.69220001","179327902.5756","2.8833999931812286","0","0"
"points250000-population1000000","off","2","35","179327902.68990001","179327905.4619","2.7719999849796295","0","0"
"points250000-population1000000","off","2","36","179327905.57120001","179327909.87360001","4.3023999929428101","0","0"
"points250000-population1000000","off","2","37","179327909.99880001","179327912.75389999","2.7550999820232391","0","0"
"points250000-population1000000","off","2","38","179327912.87560001","179327916.61289999","3.7372999787330627","0","0"
"points250000-population1000000","off","2","39","179327916.72330001","179327920.2342","3.5108999907970428","0","0"
"points250000-population1000000","off","2","40","179327920.3459","179327924.49239999","4.1464999914169312","0","0"
"points250000-population1000000","off","2","41","179327924.62599999","179327928.42550001","3.7995000183582306","0","0"
"points250000-population1000000","off","2","42","179327928.5596","179327932.2236","3.664000004529953","0","0"
"points250000-population1000000","off","2","43","179327932.33899999","179327936.75","4.4110000133514404","0","0"
"points250000-population1000000","off","2","44","179327936.86559999","179327941.79969999","4.9341000020503998","0","0"
"points250000-population1000000","off","2","45","179327941.91890001","179327945.9375","4.0185999870300293","0","0"
"points250000-population1000000","off","2","46","179327946.08930001","179327949.41240001","3.3231000006198883","0","0"
"points250000-population1000000","off","2","47","179327949.52379999","179327953.04460001","3.5208000242710114","0","0"
"points250000-population1000000","off","2","48","179327953.15470001","179327958.3057","5.1509999930858612","0","0"
"points250000-population1000000","off","2","49","179327958.4393","179327962.12009999","3.6807999908924103","0","0"
"points250000-population1000000","off","2","50","179327962.2586","179327965.62970001","3.3711000084877014","0","0"
"points250000-population1000000","off","2","51","179327965.75940001","179327968.91580001","3.1563999950885773","0","0"
"points250000-population1000000","off","2","52","179327969.0273","179327973.34299999","4.3156999945640564","0","0"
"points250000-population1000000","off","2","53","179327973.45480001","179327976.24079999","2.785999983549118","0","0"
"points250000-population1000000","off","2","54","179327976.35299999","179327978.91530001","2.5623000264167786","0","0"
"points250000-population1000000","off","2","55","179327979.0325","179327982.61019999","3.5776999890804291","0","0"
"points250000-population1000000","off","2","56","179327982.71939999","179327987.07179999","4.352400004863739","0","0"
"points250000-population1000000","off","2","57","179327987.20429999","179327991.79679999","4.5925000011920929","0","0"
"points250000-population1000000","off","2","58","179327991.92030001","179327995.24349999","3.323199987411499","0","0"
"points250000-population1000000","off","2","59","179327995.39309999","179327998.47870001","3.0856000185012817","0","0"
"points250000-population1000000","off","2","60","179327998.59740001","179328003.65360001","5.0561999976634979","0","0"
"points250000-population1000000","off","2","61","179328003.77610001","179328006.71740001","2.9413000047206879","0","0"
"points250000-population1000000","off","2","62","179328006.82929999","179328009.93419999","3.1049000024795532","0","0"
"points250000-population1000000","off","2","63","179328010.04949999","179328013.53040001","3.4809000194072723","0","0"
"points250000-population1000000","off","2","64","179328013.6428","179328017.17179999","3.5289999842643738","0","0"
"points250000-population1000000","off","2","65","179328017.28940001","179328022.04210001","4.752700001001358","0","0"
"points250000-population1000000","off","2","66","179328022.16670001","179328025.7825","3.6157999932765961","0","0"
"points250000-population1000000","off","2","67","179328025.89899999","179328029.7834","3.8844000101089478","0","0"
"points250000-population1000000","off","2","68","179328029.914","179328033.2595","3.3454999923706055","0","0"
"points250000-population1000000","off","2","69","179328033.3831","179328037.4382","4.0550999939441681","0","0"
"points250000-population1000000","off","2","70","179328037.5609","179328040.18189999","2.6209999918937683","0","0"
"points250000-population1000000","off","2","71","179328040.29370001","179328043.21380001","2.9201000034809113","0","0"
"points250000-population1000000","off","2","72","179328043.34439999","179328046.48769999","3.1432999968528748","0","0"
"points250000-population1000000","off","2","73","179328046.609","179328050.60890001","3.9999000132083893","0","0"
"points250000-population1000000","off","2","74","179328050.7225","179328055.0487","4.326200008392334","0","0"
"points250000-population1000000","off","2","75","179328055.17050001","179328058.13749999","2.9669999778270721","0","0"
"points250000-population1000000","off","2","76","179328058.2471","179328061.83520001","3.5881000161170959","0","0"
"points250000-population1000000","off","2","77","179328061.9795","179328067.50850001","5.5290000140666962","0","0"
"points250000-population1000000","off","2","78","179328067.63839999","179328071.11700001","3.478600025177002","0","0"
"points250000-population1000000","off","2","79","179328071.23980001","179328074.87470001","3.6349000036716461","0","0"
"points250000-population1000000","off","2","80","179328075.00529999","179328079.4808","4.4755000174045563","0","0"
"points250000-population1000000","off","2","81","179328079.67109999","179328084.54269999","4.8716000020503998","0","0"
"points250000-population1000000","off","2","82","179328084.66150001","179328087.70969999","3.0481999814510345","0","0"
"points250000-population1000000","off","2","83","179328087.82409999","179328091.1516","3.3275000154972076","0","0"
"points250000-population1000000","off","2","84","179328091.27329999","179328094.43560001","3.1623000204563141","0","0"
"points250000-population1000000","off","2","85","179328094.56650001","179328100.80899999","6.242499977350235","0","0"
"points250000-population1000000","off","2","86","179328100.9727","179328104.56439999","3.5916999876499176","0","0"
"points250000-population1000000","off","2","87","179328104.70249999","179328107.71830001","3.0158000290393829","0","0"
"points250000-population1000000","off","2","88","179328107.86070001","179328111.1164","3.2556999921798706","0","0"
"points250000-population1000000","off","2","89","179328111.2638","179328114.54260001","3.2788000106811523","0","0"
"points250000-population1000000","off","2","90","179328114.6559","179328117.28960001","2.6337000131607056","0","0"
"points250000-population1000000","off","2","91","179328117.4007","179328120.3238","2.9230999946594238","0","0"
"points250000-population1000000","off","2","92","179328120.43669999","179328123.1749","2.7382000088691711","0","0"
"points250000-population1000000","off","2","93","179328123.28470001","179328125.949","2.6642999947071075","0","0"
"points250000-population1000000","off","2","94","179328126.09439999","179328131.0205","4.9261000156402588","0","0"
"points250000-population1000000","off","2","95","179328131.14539999","179328135.4296","4.2842000126838684","0","0"
"points250000-population1000000","off","2","96","179328135.54660001","179328138.9851","3.4384999871253967","0","0"
"points250000-population1000000","off","2","97","179328139.12630001","179328142.50920001","3.3828999996185303","0","0"
"points250000-population1000000","off","2","98","179328142.6622","179328148.35710001","5.6949000060558319","0","0"
"points250000-population1000000","off","2","99","179328148.51460001","179328152.02779999","3.5131999850273132","0","0"
"points250000-population1000000","off","2","100","179328152.15329999","179328155.26609999","3.1128000020980835","0","0"
"points250000-population1000000","off","2","101","179328155.41859999","179328161.13909999","5.7204999923706055","0","0"
"points250000-population1000000","off","2","102","179328161.28150001","179328165.54269999","4.2611999809741974","0","0"
"points250000-population1000000","off","2","103","179328165.67109999","179328168.59779999","2.9266999959945679","0","0"
"points250000-population1000000","off","2","104","179328168.71250001","179328172.1487","3.4361999928951263","0","0"
"points250000-population1000000","off","2","105","179328172.26010001","179328176.84029999","4.5801999866962433","0","0"
"points250000-population1000000","off","2","106","179328176.9515","179328180.0194","3.0679000020027161","0","0"
"points250000-population1000000","off","2","107","179328180.13249999","179328183.13330001","3.0008000135421753","0","0"
"points250000-population1000000","off","2","108","179328183.24450001","179328185.93849999","2.6939999759197235","0","0"
"points250000-population1000000","off","2","109","179328186.04449999","179328188.79640001","2.7519000172615051","0","0"
"points250000-population1000000","off","2","110","179328188.90470001","179328193.51089999","4.6061999797821045","0","0"
"points250000-population1000000","off","2","111","179328193.64230001","179328197.50979999","3.867499977350235","0","0"
"points250000-population1000000","off","2","112","179328197.639","179328201.23930001","3.6003000140190125","0","0"
"points250000-population1000000","off","2","113","179328201.35659999","179328205.00920001","3.6526000201702118","0","0"
"points250000-population1000000","off","2","114","179328205.18959999","179328210.03650001","4.8469000160694122","0","0"
"points250000-population1000000","off","2","115","179328210.17129999","179328214.8188","4.6475000083446503","0","0"
"points250000-population1000000","off","2","116","179328214.9443","179328217.74849999","2.8041999936103821","0","0"
"points250000-population1000000","off","2","117","179328217.86469999","179328221.43489999","3.5701999962329865","0","0"
"points250000-population1000000","off","2","118","179328221.54640001","179328226.45050001","4.9041000008583069","0","0"
"points250000-population1000000","off","2","119","179328226.57600001","179328230.59959999","4.0235999822616577","0","0"
"points250000-population1000000","off","2","120","179328230.72710001","179328234.24110001","3.5139999985694885","0","0"
"points250000-population1000000","off","3","1","179328283.03709999","179328286.92820001","3.8911000192165375","0","0"
"points250000-population1000000","off","3","2","179328287.14109999","179328293.19859999","6.0575000047683716","0","0"
"points250000-population1000000","off","3","3","179328293.34920001","179328296.3721","3.0228999853134155","0","0"
"points250000-population1000000","off","3","4","179328296.5284","179328300.0271","3.4986999928951263","0","0"
"points250000-population1000000","off","3","5","179328300.14669999","179328304.421","4.2743000090122223","0","0"
"points250000-population1000000","off","3","6","179328304.5404","179328307.9594","3.4189999997615814","0","0"
"points250000-population1000000","off","3","7","179328308.07089999","179328311.197","3.1261000037193298","0","0"
"points250000-population1000000","off","3","8","179328311.38240001","179328314.873","3.4905999898910522","0","0"
"points250000-population1000000","off","3","9","179328314.98590001","179328319.25749999","4.2715999782085419","0","0"
"points250000-population1000000","off","3","10","179328319.37349999","179328322.19139999","2.8179000020027161","0","0"
"points250000-population1000000","off","3","11","179328322.30450001","179328325.1489","2.8443999886512756","0","0"
"points250000-population1000000","off","3","12","179328325.25729999","179328328.57769999","3.3203999996185303","0","0"
"points250000-population1000000","off","3","13","179328328.7297","179328331.42269999","2.6929999887943268","0","0"
"points250000-population1000000","off","3","14","179328331.53830001","179328335.08180001","3.5435000061988831","0","0"
"points250000-population1000000","off","3","15","179328335.1938","179328337.76539999","2.5715999901294708","0","0"
"points250000-population1000000","off","3","16","179328337.87110001","179328341.06979999","3.1986999809741974","0","0"
"points250000-population1000000","off","3","17","179328341.18079999","179328344.34529999","3.1644999980926514","0","0"
"points250000-population1000000","off","3","18","179328344.48159999","179328348.5212","4.0396000146865845","0","0"
"points250000-population1000000","off","3","19","179328348.64140001","179328353.3964","4.7549999952316284","0","0"
"points250000-population1000000","off","3","20","179328353.51339999","179328357.59110001","4.0777000188827515","0","0"
"points250000-population1000000","off","3","21","179328357.6992","179328361.51930001","3.8201000094413757","0","0"
"points250000-population1000000","off","3","22","179328361.64610001","179328365.74680001","4.1006999909877777","0","0"
"points250000-population1000000","off","3","23","179328365.8673","179328370.4402","4.5728999972343445","0","0"
"points250000-population1000000","off","3","24","179328370.55469999","179328374.6401","4.0854000151157379","0","0"
"points250000-population1000000","off","3","25","179328374.77070001","179328378.37040001","3.599700003862381","0","0"
"points250000-population1000000","off","3","26","179328378.51460001","179328383.2277","4.7130999863147736","0","0"
"points250000-population1000000","off","3","27","179328383.34729999","179328387.32859999","3.9812999963760376","0","0"
"points250000-population1000000","off","3","28","179328387.45039999","179328391.48199999","4.0315999984741211","0","0"
"points250000-population1000000","off","3","29","179328391.59150001","179328394.2719","2.6803999841213226","0","0"
"points250000-population1000000","off","3","30","179328394.4068","179328397.59490001","3.1881000101566315","0","0"
"points250000-population1000000","off","3","31","179328397.72299999","179328400.4508","2.7278000116348267","0","0"
"points250000-population1000000","off","3","32","179328400.56900001","179328403.17429999","2.6052999794483185","0","0"
"points250000-population1000000","off","3","33","179328403.2897","179328406.18110001","2.891400009393692","0","0"
"points250000-population1000000","off","3","34","179328406.2938","179328409.30509999","3.0112999975681305","0","0"
"points250000-population1000000","off","3","35","179328409.41890001","179328414.06999999","4.6510999798774719","0","0"
"points250000-population1000000","off","3","36","179328414.19029999","179328417.4939","3.303600013256073","0","0"
"points250000-population1000000","off","3","37","179328417.61269999","179328421.74329999","4.1306000053882599","0","0"
"points250000-population1000000","off","3","38","179328421.8673","179328424.8522","2.9848999977111816","0","0"
"points250000-population1000000","off","3","39","179328424.97009999","179328429.84040001","4.8703000247478485","0","0"
"points250000-population1000000","off","3","40","179328429.99090001","179328433.54789999","3.5569999814033508","0","0"
"points250000-population1000000","off","3","41","179328433.68329999","179328437.78330001","4.1000000238418579","0","0"
"points250000-population1000000","off","3","42","179328437.93399999","179328441.03560001","3.1016000211238861","0","0"
"points250000-population1000000","off","3","43","179328441.14879999","179328446.51480001","5.3660000264644623","0","0"
"points250000-population1000000","off","3","44","179328446.64860001","179328450.4012","3.7525999844074249","0","0"
"points250000-population1000000","off","3","45","179328450.52379999","179328454.678","4.15420001745224","0","0"
"points250000-population1000000","off","3","46","179328454.7949","179328458.1225","3.3276000022888184","0","0"
"points250000-population1000000","off","3","47","179328458.2385","179328462.8531","4.6146000027656555","0","0"
"points250000-population1000000","off","3","48","179328462.9835","179328466.2568","3.2732999920845032","0","0"
"points250000-population1000000","off","3","49","179328466.3748","179328470.4427","4.0679000020027161","0","0"
"points250000-population1000000","off","3","50","179328470.55720001","179328473.3915","2.8342999815940857","0","0"
"points250000-population1000000","off","3","51","179328473.59099999","179328476.472","2.8810000121593475","0","0"
"points250000-population1000000","off","3","52","179328476.5799","179328479.22189999","2.6419999897480011","0","0"
"points250000-population1000000","off","3","53","179328479.3335","179328482.15149999","2.8179999887943268","0","0"
"points250000-population1000000","off","3","54","179328482.25830001","179328485.58669999","3.3283999860286713","0","0"
"points250000-population1000000","off","3","55","179328485.69729999","179328489.38620001","3.6889000236988068","0","0"
"points250000-population1000000","off","3","56","179328489.49380001","179328494.44530001","4.9514999985694885","0","0"
"points250000-population1000000","off","3","57","179328494.60600001","179328498.428","3.8219999969005585","0","0"
"points250000-population1000000","off","3","58","179328498.60890001","179328502.78470001","4.1757999956607819","0","0"
"points250000-population1000000","off","3","59","179328502.93059999","179328507.97870001","5.0481000244617462","0","0"
"points250000-population1000000","off","3","60","179328508.0993","179328511.26890001","3.1696000099182129","0","0"
"points250000-population1000000","off","3","61","179328511.39030001","179328515.21450001","3.8242000043392181","0","0"
"points250000-population1000000","off","3","62","179328515.3448","179328518.67930001","3.3345000147819519","0","0"
"points250000-population1000000","off","3","63","179328518.78839999","179328522.38690001","3.5985000133514404","0","0"
"points250000-population1000000","off","3","64","179328522.50549999","179328526.04879999","3.5433000028133392","0","0"
"points250000-population1000000","off","3","65","179328526.16679999","179328530.71329999","4.5464999973773956","0","0"
"points250000-population1000000","off","3","66","179328530.85800001","179328536.27419999","5.4161999821662903","0","0"
"points250000-population1000000","off","3","67","179328536.42460001","179328539.21450001","2.789900004863739","0","0"
"points250000-population1000000","off","3","68","179328539.3344","179328542.13690001","2.8025000095367432","0","0"
"points250000-population1000000","off","3","69","179328542.24610001","179328545.01609999","2.7699999809265137","0","0"
"points250000-population1000000","off","3","70","179328545.1322","179328547.771","2.6387999951839447","0","0"
"points250000-population1000000","off","3","71","179328547.88159999","179328550.8635","2.9819000065326691","0","0"
"points250000-population1000000","off","3","72","179328550.97459999","179328554.30160001","3.3270000219345093","0","0"
"points250000-population1000000","off","3","73","179328554.41420001","179328556.9781","2.5638999938964844","0","0"
"points250000-population1000000","off","3","74","179328557.09029999","179328560.79359999","3.7032999992370605","0","0"
"points250000-population1000000","off","3","75","179328560.9127","179328564.8919","3.979200005531311","0","0"
"points250000-population1000000","off","3","76","179328565.021","179328568.76710001","3.7461000084877014","0","0"
"points250000-population1000000","off","3","77","179328568.9077","179328573.87549999","4.9677999913692474","0","0"
"points250000-population1000000","off","3","78","179328574.007","179328577.34369999","3.3366999924182892","0","0"
"points250000-population1000000","off","3","79","179328577.47369999","179328581.71399999","4.2402999997138977","0","0"
"points250000-population1000000","off","3","80","179328581.85229999","179328586.0192","4.1669000089168549","0","0"
"points250000-population1000000","off","3","81","179328586.13620001","179328589.5476","3.4113999903202057","0","0"
"points250000-population1000000","off","3","82","179328589.65849999","179328593.2798","3.6213000118732452","0","0"
"points250000-population1000000","off","3","83","179328593.40270001","179328598.11219999","4.7094999849796295","0","0"
"points250000-population1000000","off","3","84","179328598.24239999","179328603.12850001","4.8861000239849091","0","0"
"points250000-population1000000","off","3","85","179328603.24649999","179328606.45640001","3.2099000215530396","0","0"
"points250000-population1000000","off","3","86","179328606.56909999","179328609.93419999","3.3650999963283539","0","0"
"points250000-population1000000","off","3","87","179328610.0589","179328614.39910001","4.3402000069618225","0","0"
"points250000-population1000000","off","3","88","179328614.5223","179328617.9091","3.3867999911308289","0","0"
"points250000-population1000000","off","3","89","179328618.02900001","179328620.86759999","2.8385999798774719","0","0"
"points250000-population1000000","off","3","90","179328620.9826","179328623.78580001","2.8032000064849854","0","0"
"points250000-population1000000","off","3","91","179328623.89899999","179328626.57319999","2.6741999983787537","0","0"
"points250000-population1000000","off","3","92","179328626.69350001","179328630.66339999","3.969899982213974","0","0"
"points250000-population1000000","off","3","93","179328630.78459999","179328635.69800001","4.9134000241756439","0","0"
"points250000-population1000000","off","3","94","179328635.81299999","179328639.34650001","3.5335000157356262","0","0"
"points250000-population1000000","off","3","95","179328639.4585","179328650.139","10.680500000715256","0","0"
"points250000-population1000000","off","3","96","179328650.2825","179328653.9659","3.6834000051021576","0","0"
"points250000-population1000000","off","3","97","179328654.0909","179328657.79809999","3.7071999907493591","0","0"
"points250000-population1000000","off","3","98","179328657.91190001","179328662.7843","4.8723999857902527","0","0"
"points250000-population1000000","off","3","99","179328662.95770001","179328667.98469999","5.0269999802112579","0","0"
"points250000-population1000000","off","3","100","179328668.10769999","179328671.70159999","3.5938999950885773","0","0"
"points250000-population1000000","off","3","101","179328671.83270001","179328675.47600001","3.6432999968528748","0","0"
"points250000-population1000000","off","3","102","179328675.59209999","179328678.8143","3.2222000062465668","0","0"
"points250000-population1000000","off","3","103","179328679.01370001","179328683.45809999","4.4443999826908112","0","0"
"points250000-population1000000","off","3","104","179328683.5772","179328686.60859999","3.0313999950885773","0","0"
"points250000-population1000000","off","3","105","179328686.7189","179328689.41029999","2.6913999915122986","0","0"
"points250000-population1000000","off","3","106","179328689.523","179328692.52149999","2.9984999895095825","0","0"
"points250000-population1000000","off","3","107","179328692.65619999","179328697.44350001","4.7873000204563141","0","0"
"points250000-population1000000","off","3","108","179328697.60949999","179328700.40529999","2.7958000004291534","0","0"
"points250000-population1000000","off","3","109","179328700.53330001","179328703.1807","2.6473999917507172","0","0"
"points250000-population1000000","off","3","110","179328703.30430001","179328707.26629999","3.9619999825954437","0","0"
"points250000-population1000000","off","3","111","179328707.4188","179328712.84439999","5.425599992275238","0","0"
"points250000-population1000000","off","3","112","179328712.98890001","179328716.50799999","3.5190999805927277","0","0"
"points250000-population1000000","off","3","113","179328716.6318","179328720.01390001","3.3821000158786774","0","0"
"points250000-population1000000","off","3","114","179328720.12799999","179328723.1485","3.0205000042915344","0","0"
"points250000-population1000000","off","3","115","179328723.25909999","179328727.36219999","4.1031000018119812","0","0"
"points250000-population1000000","off","3","116","179328727.49360001","179328733.5424","6.048799991607666","0","0"
"points250000-population1000000","off","3","117","179328733.67250001","179328736.82190001","3.149399995803833","0","0"
"points250000-population1000000","off","3","118","179328736.93900001","179328740.92230001","3.9833000004291534","0","0"
"points250000-population1000000","off","3","119","179328741.0415","179328745.7985","4.7569999992847443","0","0"
"points250000-population1000000","off","3","120","179328745.97569999","179328749.24180001","3.2661000192165375","0","0"
"points250000-population1000000","gw","3","1","179329000.6036","179329022.05500001","21.451400011777878","14.326900035142899","2"
"points250000-population1000000","gw","3","2","179329022.23559999","179329042.90009999","20.664499998092651","14.363800019025803","2"
"points250000-population1000000","gw","3","3","179329043.0871","179329061.4549","18.367799997329712","13.882999986410141","2"
"points250000-population1000000","gw","3","4","179329061.6514","179329080.95210001","19.300700008869171","13.72749999165535","2"
"points250000-population1000000","gw","3","5","179329081.12149999","179329098.92129999","17.799800008535385","13.98810002207756","2"
"points250000-population1000000","gw","3","6","179329099.0993","179329117.95449999","18.855199992656708","13.726900011301041","2"
"points250000-population1000000","gw","3","7","179329118.11919999","179329139.30899999","21.18979999423027","13.769000023603439","2"
"points250000-population1000000","gw","3","8","179329139.4932","179329159.3892","19.895999997854233","14.929200023412704","2"
"points250000-population1000000","gw","3","9","179329159.5627","179329180.17719999","20.614499986171722","14.256899982690811","2"
"points250000-population1000000","gw","3","10","179329180.35299999","179329200.26460001","19.911600023508072","14.436899989843369","2"
"points250000-population1000000","gw","3","11","179329200.45339999","179329218.62369999","18.170300006866455","13.751899987459183","2"
"points250000-population1000000","gw","3","12","179329218.79170001","179329238.67039999","19.878699988126755","13.683899968862534","2"
"points250000-population1000000","gw","3","13","179329238.8416","179329258.9623","20.120700001716614","13.723199993371964","2"
"points250000-population1000000","gw","3","14","179329259.15540001","179329277.2035","18.048099994659424","13.879099994897842","2"
"points250000-population1000000","gw","3","15","179329277.37349999","179329296.83880001","19.465300023555756","13.761199980974197","2"
"points250000-population1000000","gw","3","16","179329297.01879999","179329316.03200001","19.013200014829636","13.735199987888336","2"
"points250000-population1000000","gw","3","17","179329316.20339999","179329334.0009","17.797500014305115","14.060699999332428","2"
"points250000-population1000000","gw","3","18","179329334.1823","179329354.0363","19.854000002145767","14.183099985122681","2"
"points250000-population1000000","gw","3","19","179329354.2164","179329373.05899999","18.842599987983704","13.90599998831749","2"
"points250000-population1000000","gw","3","20","179329373.2279","179329392.7412","19.513300001621246","13.751400023698807","2"
"points250000-population1000000","gw","3","21","179329392.90720001","179329413.17039999","20.263199985027313","13.691500008106232","2"
"points250000-population1000000","gw","3","22","179329413.3628","179329432.8554","19.492599993944168","13.737100005149841","2"
"points250000-population1000000","gw","3","23","179329433.03169999","179329452.16549999","19.133799999952316","13.750500023365021","2"
"points250000-population1000000","gw","3","24","179329452.3416","179329472.65490001","20.313300013542175","13.746099978685379","2"
"points250000-population1000000","gw","3","25","179329472.82139999","179329493.30500001","20.48360002040863","13.718800008296967","2"
"points250000-population1000000","gw","3","26","179329493.48339999","179329513.0458","19.562400013208389","13.691500008106232","2"
"points250000-population1000000","gw","3","27","179329513.20809999","179329532.7922","19.584100008010864","13.726899981498718","2"
"points250000-population1000000","gw","3","28","179329532.97009999","179329553.2674","20.297300010919571","14.647500038146973","2"
"points250000-population1000000","gw","3","29","179329553.4571","179329573.2139","19.7567999958992","13.799199968576431","2"
"points250000-population1000000","gw","3","30","179329573.40599999","179329592.1981","18.792100012302399","13.880400031805038","2"
"points250000-population1000000","gw","3","31","179329592.43189999","179329611.02250001","18.59060001373291","13.710900008678436","2"
"points250000-population1000000","gw","3","32","179329611.19949999","179329631.7013","20.501800000667572","13.71110001206398","2"
"points250000-population1000000","gw","3","33","179329631.86759999","179329652.73640001","20.868800014257431","13.929300010204315","2"
"points250000-population1000000","gw","3","34","179329652.9289","179329672.67680001","19.747900009155273","13.721799969673157","2"
"points250000-population1000000","gw","3","35","179329672.8511","179329692.91569999","20.064599990844727","13.907299995422363","2"
"points250000-population1000000","gw","3","36","179329693.1083","179329713.2902","20.18189999461174","13.701200008392334","2"
"points250000-population1000000","gw","3","37","179329713.45789999","179329732.5262","19.068300008773804","13.738200008869171","2"
"points250000-population1000000","gw","3","38","179329732.70519999","179329753.6604","20.955200016498566","14.285600006580353","2"
"points250000-population1000000","gw","3","39","179329753.85389999","179329773.88389999","20.030000001192093","14.229699999094009","2"
"points250000-population1000000","gw","3","40","179329774.05849999","179329791.4955","17.437000006437302","13.676500022411346","2"
"points250000-population1000000","gw","3","41","179329791.65380001","179329810.06830001","18.414499998092651","13.804899990558624","2"
"points250000-population1000000","gw","3","42","179329810.2608","179329828.34779999","18.086999982595444","13.756000012159348","2"
"points250000-population1000000","gw","3","43","179329828.5451","179329848.1548","19.609699994325638","13.828700006008148","2"
"points250000-population1000000","gw","3","44","179329848.3721","179329867.4341","19.062000006437302","13.72450003027916","2"
"points250000-population1000000","gw","3","45","179329867.62029999","179329885.82190001","18.201600015163422","13.868499964475632","2"
"points250000-population1000000","gw","3","46","179329885.98460001","179329904.83000001","18.845400005578995","13.736800014972687","2"
"points250000-population1000000","gw","3","47","179329905.0077","179329922.81479999","17.807099997997284","13.76460000872612","2"
"points250000-population1000000","gw","3","48","179329922.99450001","179329942.5025","19.507999986410141","13.712900012731552","2"
"points250000-population1000000","gw","3","49","179329942.68130001","179329960.71520001","18.033899992704391","13.8682000041008","2"
"points250000-population1000000","gw","3","50","179329960.8838","179329980.28600001","19.402200013399124","14.017199993133545","2"
"points250000-population1000000","gw","3","51","179329980.46250001","179329998.94760001","18.485100001096725","13.720199972391129","2"
"points250000-population1000000","gw","3","52","179329999.11570001","179330016.46869999","17.352999985218048","13.677599996328354","2"
"points250000-population1000000","gw","3","53","179330016.6345","179330035.44350001","18.809000015258789","13.758599996566772","2"
"points250000-population1000000","gw","3","54","179330035.61840001","179330054.72130001","19.102899998426437","14.032900005578995","2"
"points250000-population1000000","gw","3","55","179330054.8919","179330073.01789999","18.125999987125397","13.792799979448318","2"
"points250000-population1000000","gw","3","56","179330073.19049999","179330091.85179999","18.661300003528595","13.969800025224686","2"
"points250000-population1000000","gw","3","57","179330092.02250001","179330110.94440001","18.921900004148483","14.5033999979496","2"
"points250000-population1000000","gw","3","58","179330111.12779999","179330129.76859999","18.640799999237061","13.929100006818771","2"
"points250000-population1000000","gw","3","59","179330129.9452","179330147.78369999","17.838499993085861","13.717000007629395","2"
"points250000-population1000000","gw","3","60","179330147.96270001","179330166.70449999","18.741799980401993","13.710799992084503","2"
"points250000-population1000000","gw","3","61","179330166.9014","179330188.01460001","21.113200008869171","13.769699990749359","2"
"points250000-population1000000","gw","3","62","179330188.21470001","179330207.3443","19.129599988460541","13.807799994945526","2"
"points250000-population1000000","gw","3","63","179330207.52689999","179330226.2308","18.703900009393692","13.776899963617325","2"
"points250000-population1000000","gw","3","64","179330226.42410001","179330245.19159999","18.767499983310699","13.684100031852722","2"
"points250000-population1000000","gw","3","65","179330245.3739","179330263.30070001","17.926800012588501","13.763400018215179","2"
"points250000-population1000000","gw","3","66","179330263.47479999","179330283.03009999","19.555299997329712","14.472099989652634","2"
"points250000-population1000000","gw","3","67","179330283.2087","179330301.25979999","18.051099985837936","13.866300016641617","2"
"points250000-population1000000","gw","3","68","179330301.43470001","179330319.9409","18.506199985742569","13.832100003957748","2"
"points250000-population1000000","gw","3","69","179330320.10609999","179330336.96799999","16.861900001764297","13.639699995517731","2"
"points250000-population1000000","gw","3","70","179330337.13429999","179330355.63330001","18.499000012874603","13.888300001621246","2"
"points250000-population1000000","gw","3","71","179330355.79750001","179330373.46059999","17.663099974393845","13.778899997472763","2"
"points250000-population1000000","gw","3","72","179330373.62439999","179330392.08399999","18.459600001573563","14.143199980258942","2"
"points250000-population1000000","gw","3","73","179330392.25889999","179330413.17160001","20.912700027227402","15.379699975252151","2"
"points250000-population1000000","gw","3","74","179330413.37819999","179330432.59650001","19.218300014734268","13.745400041341782","2"
"points250000-population1000000","gw","3","75","179330432.7746","179330451.16760001","18.39300000667572","13.692200005054474","2"
"points250000-population1000000","gw","3","76","179330451.3416","179330470.6178","19.276199996471405","13.969200015068054","2"
"points250000-population1000000","gw","3","77","179330470.7823","179330489.21939999","18.437099993228912","13.780200004577637","2"
"points250000-population1000000","gw","3","78","179330489.37709999","179330508.10929999","18.732199996709824","13.77140000462532","2"
"points250000-population1000000","gw","3","79","179330508.27000001","179330526.85879999","18.588799983263016","13.905600011348724","2"
"points250000-population1000000","gw","3","80","179330527.04179999","179330544.9224","17.88060000538826","13.722800016403198","2"
"points250000-population1000000","gw","3","81","179330545.08939999","179330563.87079999","18.781399995088577","13.835999995470047","2"
"points250000-population1000000","gw","3","82","179330564.0733","179330583.1419","19.068599998950958","13.944900006055832","2"
"points250000-population1000000","gw","3","83","179330583.3281","179330604.4896","21.161500006914139","14.146899998188019","2"
"points250000-population1000000","gw","3","84","179330604.671","179330623.83610001","19.165100008249283","13.856099963188171","2"
"points250000-population1000000","gw","3","85","179330624.0142","179330642.84209999","18.827899992465973","14.097299993038177","2"
"points250000-population1000000","gw","3","86","179330643.02500001","179330662.042","19.016999989748001","13.7257000207901","2"
"points250000-population1000000","gw","3","87","179330662.2252","179330681.2956","19.07039999961853","13.627700001001358","2"
"points250000-population1000000","gw","3","88","179330681.46869999","179330699.86390001","18.39520001411438","13.692299991846085","2"
"points250000-population1000000","gw","3","89","179330700.0368","179330720.15310001","20.116300016641617","13.917199999094009","2"
"points250000-population1000000","gw","3","90","179330720.3107","179330744.62740001","24.316700011491776","15.630400002002716","2"
"points250000-population1000000","gw","3","91","179330744.83520001","179330765.1665","20.331299990415573","14.728300005197525","2"
"points250000-population1000000","gw","3","92","179330765.36610001","179330785.1654","19.799299985170364","14.323599964380264","2"
"points250000-population1000000","gw","3","93","179330785.34509999","179330803.4777","18.132600009441376","13.867200016975403","2"
"points250000-population1000000","gw","3","94","179330803.6525","179330823.7881","20.135600000619888","14.482999980449677","2"
"points250000-population1000000","gw","3","95","179330823.96250001","179330843.9077","19.945199996232986","13.869900017976761","2"
"points250000-population1000000","gw","3","96","179330844.10730001","179330870.6489","26.541599988937378","19.681300014257431","2"
"points250000-population1000000","gw","3","97","179330870.8303","179330889.20910001","18.378800004720688","13.692200005054474","2"
"points250000-population1000000","gw","3","98","179330889.37740001","179330908.52970001","19.152300000190735","13.89300000667572","2"
"points250000-population1000000","gw","3","99","179330908.72499999","179330928.8969","20.171900004148483","14.305500000715256","2"
"points250000-population1000000","gw","3","100","179330929.072","179330948.45559999","19.383599996566772","14.095700025558472","2"
"points250000-population1000000","gw","3","101","179330948.64109999","179330968.53819999","19.897100001573563","14.059599995613098","2"
"points250000-population1000000","gw","3","102","179330968.72029999","179330986.6699","17.949600011110306","13.770800024271011","2"
"points250000-population1000000","gw","3","103","179330986.84240001","179331007.17789999","20.335499972105026","14.944000005722046","2"
"points250000-population1000000","gw","3","104","179331007.3608","179331028.07859999","20.717799991369247","14.252000004053116","2"
"points250000-population1000000","gw","3","105","179331028.2712","179331046.8459","18.574699997901917","14.146100014448166","2"
"points250000-population1000000","gw","3","106","179331047.03960001","179331069.0147","21.975099980831146","15.353100001811981","2"
"points250000-population1000000","gw","3","107","179331069.2863","179331089.98930001","20.703000009059906","15.600999981164932","2"
"points250000-population1000000","gw","3","108","179331090.169","179331110.0659","19.896899998188019","13.729299992322922","2"
"points250000-population1000000","gw","3","109","179331110.29710001","179331132.11500001","21.817900002002716","14.070200026035309","2"
"points250000-population1000000","gw","3","110","179331132.3017","179331153.8788","21.57710000872612","15.129700005054474","2"
"points250000-population1000000","gw","3","111","179331154.11700001","179331182.05599999","27.938999980688095","18.763700008392334","2"
"points250000-population1000000","gw","3","112","179331182.2649","179331205.56959999","23.30469998717308","14.59809997677803","2"
"points250000-population1000000","gw","3","113","179331205.75170001","179331228.76570001","23.013999998569489","14.540199995040894","2"
"points250000-population1000000","gw","3","114","179331229.07269999","179331251.89430001","22.821600019931793","13.922700017690659","2"
"points250000-population1000000","gw","3","115","179331252.0826","179331293.48820001","41.405600011348724","14.48309999704361","2"
"points250000-population1000000","gw","3","116","179331293.82429999","179331316.7841","22.959800004959106","14.976300001144409","2"
"points250000-population1000000","gw","3","117","179331316.96799999","179331335.76140001","18.793400019407272","13.761000007390976","2"
"points250000-population1000000","gw","3","118","179331335.93040001","179331355.53439999","19.603999972343445","13.887699991464615","2"
"points250000-population1000000","gw","3","119","179331355.70829999","179331372.76370001","17.055400013923645","13.847499996423721","2"
"points250000-population1000000","gw","3","120","179331372.93360001","179331391.17390001","18.240299999713898","13.680500030517578","2"
"points250000-population1000000","retained","3","1","179331448.8066","179331451.94049999","3.133899986743927","0","0"
"points250000-population1000000","retained","3","2","179331452.11309999","179331454.92140001","2.8083000183105469","0","0"
"points250000-population1000000","retained","3","3","179331455.0474","179331457.93650001","2.8891000151634216","0","0"
"points250000-population1000000","retained","3","4","179331458.05720001","179331463.5792","5.5219999849796295","0","0"
"points250000-population1000000","retained","3","5","179331463.73410001","179331467.285","3.5508999824523926","0","0"
"points250000-population1000000","retained","3","6","179331467.4249","179331471.25960001","3.8347000181674957","0","0"
"points250000-population1000000","retained","3","7","179331471.38609999","179331475.01199999","3.625900000333786","0","0"
"points250000-population1000000","retained","3","8","179331475.16190001","179331479.69060001","4.5286999940872192","0","0"
"points250000-population1000000","retained","3","9","179331479.8344","179331484.5512","4.7168000042438507","0","0"
"points250000-population1000000","retained","3","10","179331484.68309999","179331488.26800001","3.5849000215530396","0","0"
"points250000-population1000000","retained","3","11","179331488.3822","179331492.1347","3.7524999976158142","0","0"
"points250000-population1000000","retained","3","12","179331492.25560001","179331498.4339","6.1782999932765961","0","0"
"points250000-population1000000","retained","3","13","179331498.58579999","179331502.4456","3.8598000109195709","0","0"
"points250000-population1000000","retained","3","14","179331502.57159999","179331506.31580001","3.7442000210285187","0","0"
"points250000-population1000000","retained","3","15","179331506.4314","179331511.3768","4.9453999996185303","0","0"
"points250000-population1000000","retained","3","16","179331511.5104","179331515.35730001","3.8469000160694122","0","0"
"points250000-population1000000","retained","3","17","179331515.48660001","179331518.85800001","3.371399998664856","0","0"
"points250000-population1000000","retained","3","18","179331518.9786","179331521.83289999","2.8542999923229218","0","0"
"points250000-population1000000","retained","3","19","179331521.94479999","179331524.82249999","2.877700001001358","0","0"
"points250000-population1000000","retained","3","20","179331524.93970001","179331529.95660001","5.0169000029563904","0","0"
"points250000-population1000000","retained","3","21","179331530.1065","179331532.9501","2.8436000049114227","0","0"
"points250000-population1000000","retained","3","22","179331533.07350001","179331536.74360001","3.6701000034809113","0","0"
"points250000-population1000000","retained","3","23","179331536.8603","179331541.02559999","4.1652999818325043","0","0"
"points250000-population1000000","retained","3","24","179331541.1523","179331545.87630001","4.7240000069141388","0","0"
"points250000-population1000000","retained","3","25","179331546.01339999","179331549.7121","3.6987000107765198","0","0"
"points250000-population1000000","retained","3","26","179331549.84130001","179331553.3116","3.4702999889850616","0","0"
"points250000-population1000000","retained","3","27","179331553.4271","179331558.29570001","4.8686000108718872","0","0"
"points250000-population1000000","retained","3","28","179331558.40970001","179331564.1036","5.6938999891281128","0","0"
"points250000-population1000000","retained","3","29","179331564.29960001","179331568.77149999","4.4718999862670898","0","0"
"points250000-population1000000","retained","3","30","179331568.96439999","179331573.76460001","4.8002000153064728","0","0"
"points250000-population1000000","retained","3","31","179331573.89820001","179331578.72830001","4.8300999999046326","0","0"
"points250000-population1000000","retained","3","32","179331578.86860001","179331582.2719","3.4032999873161316","0","0"
"points250000-population1000000","retained","3","33","179331582.40290001","179331585.69260001","3.2897000014781952","0","0"
"points250000-population1000000","retained","3","34","179331585.80520001","179331590.38659999","4.5813999772071838","0","0"
"points250000-population1000000","retained","3","35","179331590.51050001","179331593.6144","3.1038999855518341","0","0"
"points250000-population1000000","retained","3","36","179331593.76350001","179331596.90580001","3.142300009727478","0","0"
"points250000-population1000000","retained","3","37","179331597.04859999","179331600.03389999","2.9853000044822693","0","0"
"points250000-population1000000","retained","3","38","179331600.16659999","179331603.34400001","3.1774000227451324","0","0"
"points250000-population1000000","retained","3","39","179331603.4668","179331607.00600001","3.5392000079154968","0","0"
"points250000-population1000000","retained","3","40","179331607.12900001","179331610.12959999","3.0005999803543091","0","0"
"points250000-population1000000","retained","3","41","179331610.25870001","179331614.01699999","3.7582999765872955","0","0"
"points250000-population1000000","retained","3","42","179331614.13999999","179331617.9772","3.8372000157833099","0","0"
"points250000-population1000000","retained","3","43","179331618.10030001","179331623.82269999","5.7223999798297882","0","0"
"points250000-population1000000","retained","3","44","179331623.94369999","179331627.42899999","3.4853000044822693","0","0"
"points250000-population1000000","retained","3","45","179331627.61199999","179331631.5002","3.8882000148296356","0","0"
"points250000-population1000000","retained","3","46","179331631.61610001","179331634.77559999","3.1594999730587006","0","0"
"points250000-population1000000","retained","3","47","179331634.89219999","179331639.3116","4.4194000065326691","0","0"
"points250000-population1000000","retained","3","48","179331639.4276","179331643.065","3.6374000012874603","0","0"
"points250000-population1000000","retained","3","49","179331643.18489999","179331646.34630001","3.1614000201225281","0","0"
"points250000-population1000000","retained","3","50","179331646.477","179331651.13370001","4.6567000150680542","0","0"
"points250000-population1000000","retained","3","51","179331651.2753","179331656.9587","5.6834000051021576","0","0"
"points250000-population1000000","retained","3","52","179331657.0763","179331660.6031","3.5268000066280365","0","0"
"points250000-population1000000","retained","3","53","179331660.73159999","179331664.435","3.7034000158309937","0","0"
"points250000-population1000000","retained","3","54","179331664.55880001","179331667.7951","3.236299991607666","0","0"
"points250000-population1000000","retained","3","55","179331667.9095","179331670.7902","2.8806999921798706","0","0"
"points250000-population1000000","retained","3","56","179331670.90599999","179331673.8468","2.9408000111579895","0","0"
"points250000-population1000000","retained","3","57","179331673.9655","179331676.60690001","2.641400009393692","0","0"
"points250000-population1000000","retained","3","58","179331676.73010001","179331679.692","2.961899995803833","0","0"
"points250000-population1000000","retained","3","59","179331679.80090001","179331682.9323","3.1313999891281128","0","0"
"points250000-population1000000","retained","3","60","179331683.04460001","179331687.80059999","4.7559999823570251","0","0"
"points250000-population1000000","retained","3","61","179331687.91389999","179331691.3477","3.4338000118732452","0","0"
"points250000-population1000000","retained","3","62","179331691.45460001","179331695.64789999","4.1932999789714813","0","0"
"points250000-population1000000","retained","3","63","179331695.80689999","179331700.1155","4.3086000084877014","0","0"
"points250000-population1000000","retained","3","64","179331700.24770001","179331703.26699999","3.0192999839782715","0","0"
"points250000-population1000000","retained","3","65","179331703.38460001","179331706.8391","3.4544999897480011","0","0"
"points250000-population1000000","retained","3","66","179331706.95719999","179331710.24290001","3.2857000231742859","0","0"
"points250000-population1000000","retained","3","67","179331710.3716","179331714.29390001","3.9223000109195709","0","0"
"points250000-population1000000","retained","3","68","179331714.4152","179331719.54179999","5.1265999972820282","0","0"
"points250000-population1000000","retained","3","69","179331719.65740001","179331723.0433","3.3858999907970428","0","0"
"points250000-population1000000","retained","3","70","179331723.1552","179331727.34990001","4.1947000026702881","0","0"
"points250000-population1000000","retained","3","71","179331727.4813","179331731.61179999","4.1304999887943268","0","0"
"points250000-population1000000","retained","3","72","179331731.74380001","179331737.82440001","6.0805999934673309","0","0"
"points250000-population1000000","retained","3","73","179331737.9465","179331740.9461","2.9995999932289124","0","0"
"points250000-population1000000","retained","3","74","179331741.06060001","179331743.91850001","2.8578999936580658","0","0"
"points250000-population1000000","retained","3","75","179331744.0503","179331747.315","3.2646999955177307","0","0"
"points250000-population1000000","retained","3","76","179331747.4404","179331750.5379","3.0974999964237213","0","0"
"points250000-population1000000","retained","3","77","179331750.6573","179331753.73809999","3.0807999968528748","0","0"
"points250000-population1000000","retained","3","78","179331753.88170001","179331756.85960001","2.9778999984264374","0","0"
"points250000-population1000000","retained","3","79","179331756.97","179331759.78709999","2.8170999884605408","0","0"
"points250000-population1000000","retained","3","80","179331759.8996","179331764.22209999","4.3224999904632568","0","0"
"points250000-population1000000","retained","3","81","179331764.36840001","179331768.26969999","3.9012999832630157","0","0"
"points250000-population1000000","retained","3","82","179331768.43189999","179331772.31169999","3.8797999918460846","0","0"
"points250000-population1000000","retained","3","83","179331772.43759999","179331776.60659999","4.1689999997615814","0","0"
"points250000-population1000000","retained","3","84","179331776.78940001","179331783.56240001","6.7730000019073486","0","0"
"points250000-population1000000","retained","3","85","179331783.71200001","179331787.35089999","3.6388999819755554","0","0"
"points250000-population1000000","retained","3","86","179331787.4799","179331791.1557","3.6757999956607819","0","0"
"points250000-population1000000","retained","3","87","179331791.26890001","179331794.83680001","3.5679000020027161","0","0"
"points250000-population1000000","retained","3","88","179331794.98480001","179331798.9585","3.9736999869346619","0","0"
"points250000-population1000000","retained","3","89","179331799.08320001","179331802.14480001","3.061599999666214","0","0"
"points250000-population1000000","retained","3","90","179331802.26710001","179331805.85679999","3.5896999835968018","0","0"
"points250000-population1000000","retained","3","91","179331806.00209999","179331811.4795","5.477400004863739","0","0"
"points250000-population1000000","retained","3","92","179331811.60960001","179331815.13060001","3.5209999978542328","0","0"
"points250000-population1000000","retained","3","93","179331815.252","179331818.3761","3.124099999666214","0","0"
"points250000-population1000000","retained","3","94","179331818.50310001","179331821.31529999","2.8121999800205231","0","0"
"points250000-population1000000","retained","3","95","179331821.43439999","179331824.39579999","2.9614000022411346","0","0"
"points250000-population1000000","retained","3","96","179331824.5539","179331827.54640001","2.9925000071525574","0","0"
"points250000-population1000000","retained","3","97","179331827.67359999","179331830.4702","2.7966000139713287","0","0"
"points250000-population1000000","retained","3","98","179331830.58739999","179331833.6575","3.0701000094413757","0","0"
"points250000-population1000000","retained","3","99","179331833.7687","179331836.74059999","2.9718999862670898","0","0"
"points250000-population1000000","retained","3","100","179331836.85319999","179331841.33750001","4.4843000173568726","0","0"
"points250000-population1000000","retained","3","101","179331841.45629999","179331846.53279999","5.0764999985694885","0","0"
"points250000-population1000000","retained","3","102","179331846.6753","179331850.1442","3.4688999950885773","0","0"
"points250000-population1000000","retained","3","103","179331850.27270001","179331854.06259999","3.7898999750614166","0","0"
"points250000-population1000000","retained","3","104","179331854.19780001","179331859.7218","5.5239999890327454","0","0"
"points250000-population1000000","retained","3","105","179331859.88060001","179331865.08469999","5.2040999829769135","0","0"
"points250000-population1000000","retained","3","106","179331865.21039999","179331868.69409999","3.4837000072002411","0","0"
"points250000-population1000000","retained","3","107","179331868.8522","179331874.1277","5.2754999995231628","0","0"
"points250000-population1000000","retained","3","108","179331874.24559999","179331878.43830001","4.1927000284194946","0","0"
"points250000-population1000000","retained","3","109","179331878.5609","179331881.80559999","3.2446999847888947","0","0"
"points250000-population1000000","retained","3","110","179331881.93810001","179331885.48570001","3.5476000010967255","0","0"
"points250000-population1000000","retained","3","111","179331885.5984","179331890.2861","4.6877000033855438","0","0"
"points250000-population1000000","retained","3","112","179331890.396","179331895.8574","5.4614000022411346","0","0"
"points250000-population1000000","retained","3","113","179331895.98719999","179331899.08700001","3.0998000204563141","0","0"
"points250000-population1000000","retained","3","114","179331899.2058","179331901.97710001","2.7713000178337097","0","0"
"points250000-population1000000","retained","3","115","179331902.0896","179331905.08230001","2.9927000105381012","0","0"
"points250000-population1000000","retained","3","116","179331905.22260001","179331908.98469999","3.7620999813079834","0","0"
"points250000-population1000000","retained","3","117","179331909.0986","179331913.03049999","3.9318999946117401","0","0"
"points250000-population1000000","retained","3","118","179331913.15790001","179331916.33739999","3.1794999837875366","0","0"
"points250000-population1000000","retained","3","119","179331916.45280001","179331921.15220001","4.699400007724762","0","0"
"points250000-population1000000","retained","3","120","179331921.3087","179331927.00299999","5.6942999958992004","0","0"
