case,repeat,frame,wall_ms,scatter_callback_ms,analyzer_callback_ms,scatter_calls,analyzer_calls,reported_fps_unverified
"legacy_native_061_script","1","1","88.677599999999998","66.637100000000004","2.3181000000000003","2","2","12.13087272644043"
"legacy_native_061_script","1","2","85.006","69.053200000000004","2.5789999999999997","2","2","11.303036689758301"
"legacy_native_061_script","1","3","88.134500000000003","68.390500000000003","2.3010999999999999","2","2","11.616991996765137"
"legacy_native_061_script","1","4","84.895600000000002","67.419600000000003","2.8466","2","2","11.472626686096191"
"legacy_native_061_script","1","5","321.80790000000002","69.505600000000001","237.1662","2","2","11.268774032592773"
"legacy_native_061_script","1","6","158.86250000000001","101.5808","3.5036000000000005","3","3","18.060712814331055"
"legacy_native_061_script","1","7","87.8322","66.732200000000006","2.3220000000000001","2","2","11.289777755737305"
"legacy_native_061_script","1","8","85.548000000000002","67.686899999999994","2.7693000000000003","2","2","11.498230934143066"
"legacy_native_061_script","1","9","92.525400000000005","71.738900000000001","2.3388999999999998","2","2","11.480594635009766"
"legacy_native_061_script","1","10","80.055300000000003","66.864200000000011","2.2759","2","2","11.47420597076416"
"legacy_native_061_script","1","11","83.622699999999995","66.746200000000002","2.4971999999999999","2","2","12.285585403442383"
"legacy_native_061_script","1","12","90.430400000000006","70.587600000000009","3.0220000000000002","2","2","12.369424819946289"
"legacy_native_061_script","1","13","87.030299999999997","70.630399999999995","2.4755000000000003","2","2","10.591279029846191"
"legacy_native_061_script","1","14","85.9041","72.644599999999997","2.7086000000000001","2","2","11.726972579956055"
"legacy_native_061_script","1","15","130.98050000000001","101.712","3.4218999999999999","3","3","20.022785186767578"
"legacy_native_061_script","1","16","121.4663","84.244299999999996","2.9043999999999999","2","2","10.017711639404297"
"legacy_native_061_script","1","17","79.9405","66.255600000000001","2.8849999999999998","2","2","9.5894565582275391"
"legacy_native_061_script","1","18","84.214100000000002","68.666699999999992","2.5236000000000001","2","2","12.68110179901123"
"legacy_native_061_script","1","19","79.144199999999998","66.419200000000004","2.4058999999999999","2","2","11.963239669799805"
"legacy_native_061_script","1","20","81.448300000000003","67.262","2.6283000000000003","2","2","12.528738021850586"
"legacy_native_061_script","1","21","79.7119","66.377099999999999","2.4167000000000001","2","2","12.25571346282959"
"legacy_native_061_script","1","22","85.9846","67.255099999999999","2.7789999999999999","2","2","12.463326454162598"
"legacy_native_061_script","1","23","83.578900000000004","66.644999999999996","2.5848","2","2","11.776163101196289"
"legacy_native_061_script","1","24","139.0701","105.44489999999999","3.8578000000000001","3","3","22.210918426513672"
"legacy_native_061_script","1","25","93.708699999999993","77.496099999999998","2.7175000000000002","2","2","11.391350746154785"
"legacy_native_061_script","1","26","83.807500000000005","67.672499999999999","2.9933999999999998","2","2","11.059243202209473"
"legacy_native_061_script","1","27","89.742699999999999","72.162499999999994","2.5104000000000002","2","2","11.492905616760254"
"legacy_native_061_script","1","28","90.252099999999999","70.264299999999992","2.9222999999999999","2","2","11.212710380554199"
"legacy_native_061_script","1","29","99.426500000000004","79.384399999999999","4.0228999999999999","2","2","10.895976066589355"
"legacy_native_061_script","1","30","99.644800000000004","74.330100000000002","3.1286","2","2","9.3321628570556641"
"legacy_native_061_script","1","31","98.806799999999996","66.74969999999999","2.3220000000000001","2","2","11.615845680236816"
"legacy_native_061_script","1","32","133.94059999999999","102.19199999999999","3.5066999999999999","3","3","21.593561172485352"
"legacy_native_061_script","1","33","82.218500000000006","67.248199999999997","2.6173000000000002","2","2","11.521215438842773"
"legacy_native_061_script","1","34","88.564099999999996","69.448700000000002","2.2795000000000001","2","2","11.672247886657715"
"legacy_native_061_script","1","35","84.494399999999999","70.020200000000003","2.7702999999999998","2","2","11.848411560058594"
"legacy_native_061_script","1","36","93.411100000000005","73.756100000000004","2.3932000000000002","2","2","11.713387489318848"
"legacy_native_061_script","1","37","90.669399999999996","69.023099999999999","2.3243","2","2","10.756516456604004"
"legacy_native_061_script","1","38","89.390100000000004","68.097800000000007","2.3311999999999999","2","2","10.509235382080078"
"legacy_native_061_script","1","39","82.091499999999996","66.536100000000005","2.2639","2","2","11.557661056518555"
"legacy_native_061_script","1","40","139.97389999999999","106.32989999999999","3.6433999999999997","3","3","18.730169296264648"
"legacy_native_061_script","1","41","83.639799999999994","68.796800000000005","2.3707000000000003","2","2","11.597685813903809"
"legacy_native_061_script","1","42","80.874899999999997","66.341200000000001","2.3800999999999997","2","2","12.316302299499512"
"legacy_native_061_script","1","43","86.799599999999998","68.2971","2.3300999999999998","2","2","11.726944923400879"
"legacy_native_061_script","1","44","82.387500000000003","66.774600000000007","2.5979000000000001","2","2","11.784045219421387"
"legacy_native_061_script","1","45","83.498500000000007","66.918800000000005","2.4122000000000003","2","2","12.26894474029541"
"legacy_native_061_script","1","46","94.656999999999996","73.996800000000007","2.2803","2","2","11.482190132141113"
"legacy_native_061_script","1","47","80.186499999999995","66.376599999999996","2.3681000000000001","2","2","11.10877799987793"
"legacy_native_061_script","1","48","88.902199999999993","75.152600000000007","2.3540999999999999","2","2","12.436171531677246"
"legacy_native_061_script","1","49","142.8613","106.7069","4.3210000000000006","3","3","19.748170852661133"
"legacy_native_061_script","1","50","83.623699999999999","66.431299999999993","2.3296000000000001","2","2","11.147302627563477"
"legacy_native_061_script","1","51","87.2667","73.060400000000001","2.3336000000000001","2","2","12.206808090209961"
"legacy_native_061_script","1","52","91.027100000000004","71.369100000000003","2.7989999999999999","2","2","11.233077049255371"
"legacy_native_061_script","1","53","91.211100000000002","72.974199999999996","3.4138000000000002","2","2","10.685941696166992"
"legacy_native_061_script","1","54","88.397000000000006","73.395199999999988","2.8412999999999999","2","2","10.658685684204102"
"legacy_native_061_script","1","55","94.432000000000002","71.870699999999999","2.4394","2","2","11.91612434387207"
"legacy_native_061_script","1","56","91.797600000000003","73.035499999999999","2.9942000000000002","2","2","10.481773376464844"
"legacy_native_061_script","1","57","143.5898","110.63800000000001","3.4743999999999997","3","3","21.281124114990234"
"legacy_native_061_script","1","58","90.663200000000003","67.592399999999998","2.524","2","2","11.215754508972168"
"legacy_native_061_script","1","59","90.025199999999998","73.793099999999995","2.7883","2","2","10.646543502807617"
"legacy_native_061_script","1","60","88.211699999999993","68.314599999999999","2.2923","2","2","11.766768455505371"
"candidate_realtime","1","1","24.8597","12.3903","2.762","2","2","33.839115142822266"
"candidate_realtime","1","2","29.193100000000001","12.9986","2.3418999999999999","2","2","36.827259063720703"
"candidate_realtime","1","3","23.853200000000001","11.4114","2.1974999999999998","2","2","36.715976715087891"
"candidate_realtime","1","4","23.983499999999999","12.150600000000001","2.3003","2","2","41.953525543212891"
"candidate_realtime","1","5","23.133099999999999","10.9983","2.1992000000000003","2","2","41.712375640869141"
"candidate_realtime","1","6","40.667700000000004","18.2712","3.3882000000000003","3","3","62.104473114013672"
"candidate_realtime","1","7","24.3245","10.738900000000001","2.3260999999999998","2","2","39.977611541748047"
"candidate_realtime","1","8","32.274299999999997","11.315000000000001","2.1315999999999997","2","2","39.144458770751953"
"candidate_realtime","1","9","31.6614","12.619900000000001","2.4615999999999998","2","2","32.173789978027344"
"candidate_realtime","1","10","28.7517","11.165500000000002","2.2065000000000001","2","2","32.332115173339844"
"candidate_realtime","1","11","32.272199999999998","11.520900000000001","2.2961","2","2","34.345142364501953"
"candidate_realtime","1","12","23.789000000000001","11.113199999999999","2.1233","2","2","30.873439788818359"
"candidate_realtime","1","13","29.128499999999999","15.4657","2.7902","2","2","36.406929016113281"
"candidate_realtime","1","14","22.483699999999999","10.931100000000001","2.3982999999999999","2","2","40.370113372802734"
"candidate_realtime","1","15","27.3066","11.811399999999999","2.2480000000000002","2","2","42.036941528320312"
"candidate_realtime","1","16","23.943999999999999","11.3239","2.3868999999999998","2","2","38.236385345458984"
"candidate_realtime","1","17","28.875900000000001","12.0771","2.1387","2","2","35.138885498046875"
"candidate_realtime","1","18","24.6797","11.547799999999999","2.2441","2","2","39.932113647460938"
"candidate_realtime","1","19","23.369","11.1122","2.3538000000000001","2","2","41.788200378417969"
"candidate_realtime","1","20","34.745699999999999","11.9983","2.3177000000000003","2","2","32.762287139892578"
"candidate_realtime","1","21","28.427600000000002","12.354800000000001","2.7766000000000002","2","2","32.945564270019531"
"candidate_realtime","1","22","26.945699999999999","11.0517","2.2174","2","2","36.474918365478516"
"candidate_realtime","1","23","28.298500000000001","12.989100000000001","2.2138999999999998","2","2","38.196952819824219"
"candidate_realtime","1","24","24.530799999999999","12.3009","2.3119000000000001","2","2","36.496082305908203"
"candidate_realtime","1","25","27.052","11.613299999999999","2.1456999999999997","2","2","38.162113189697266"
"candidate_realtime","1","26","31.278400000000001","12.6471","2.1164999999999998","2","2","34.161170959472656"
"candidate_realtime","1","27","28.939599999999999","11.476900000000001","2.1826999999999996","2","2","35.931026458740234"
"candidate_realtime","1","28","30.253499999999999","10.9831","2.1989000000000001","2","2","28.225543975830078"
"candidate_realtime","1","29","24.857800000000001","11.959099999999999","2.1890000000000001","2","2","41.057476043701172"
"candidate_realtime","1","30","27.981000000000002","10.8446","2.5698999999999996","2","2","41.805320739746094"
"candidate_realtime","1","31","26.1905","12.1373","2.6147999999999998","2","2","33.217075347900391"
"candidate_realtime","1","32","24.405899999999999","11.7432","2.2282000000000002","2","2","41.155479431152344"
"candidate_realtime","1","33","45.615200000000002","19.9254","3.4847000000000001","3","3","53.496246337890625"
"candidate_realtime","1","34","27.049399999999999","10.731199999999999","2.6466000000000003","2","2","36.24041748046875"
"candidate_realtime","1","35","26.608000000000001","11.0596","2.1854","2","2","41.602184295654297"
"candidate_realtime","1","36","36.346600000000002","11.337299999999999","2.3784000000000001","2","2","38.078556060791016"
"candidate_realtime","1","37","27.206900000000001","10.904","2.1675000000000004","2","2","27.164833068847656"
"candidate_realtime","1","38","25.1646","12.2667","2.2389000000000001","2","2","35.228759765625"
"candidate_realtime","1","39","25.8871","11.0969","2.6569000000000003","2","2","40.936294555664062"
"candidate_realtime","1","40","28.7361","11.3566","2.5507","2","2","37.621562957763672"
"candidate_realtime","1","41","23.1631","12.0114","2.1291000000000002","2","2","35.169906616210938"
"candidate_realtime","1","42","23.250299999999999","10.681899999999999","2.1297999999999999","2","2","44.905071258544922"
"candidate_realtime","1","43","25.441099999999999","11.706300000000001","2.2545999999999999","2","2","39.743259429931641"
"candidate_realtime","1","44","24.048400000000001","11.1122","2.5611999999999999","2","2","41.399295806884766"
"candidate_realtime","1","45","27.903500000000001","11.381499999999999","2.1277999999999997","2","2","41.249870300292969"
"candidate_realtime","1","46","29.033100000000001","11.9619","2.2574000000000001","2","2","33.557723999023438"
"candidate_realtime","1","47","23.955400000000001","11.630500000000001","2.2281","2","2","36.342491149902344"
"candidate_realtime","1","48","28.2151","13.007300000000001","2.4732000000000003","2","2","39.768390655517578"
"candidate_realtime","1","49","32.817599999999999","11.344200000000001","2.6364000000000001","2","2","31.493682861328125"
"candidate_realtime","1","50","24.555900000000001","10.785299999999999","2.1322000000000001","2","2","37.491237640380859"
"candidate_realtime","1","51","22.218699999999998","11.140599999999999","2.1810999999999998","2","2","39.902320861816406"
"candidate_realtime","1","52","26.6007","10.739599999999999","2.0346000000000002","2","2","46.984310150146484"
"candidate_realtime","1","53","28.938300000000002","11.672699999999999","2.2110000000000003","2","2","33.618984222412109"
"candidate_realtime","1","54","22.508700000000001","11.046099999999999","2.2129000000000003","2","2","37.511207580566406"
"candidate_realtime","1","55","25.095700000000001","11.430300000000001","2.1541000000000001","2","2","43.46881103515625"
"candidate_realtime","1","56","39.490600000000001","11.3436","2.3323999999999998","2","2","38.859851837158203"
"candidate_realtime","1","57","30.071000000000002","11.7966","2.3864999999999998","2","2","23.448198318481445"
"candidate_realtime","1","58","29.825199999999999","11.441800000000001","2.5034000000000001","2","2","34.941211700439453"
"candidate_realtime","1","59","25.414100000000001","11.1708","2.1473","2","2","35.911800384521484"
"candidate_realtime","1","60","55.173200000000001","21.607199999999999","5.4513000000000007","3","3","42.812068939208984"
"candidate_duplicate_cache_control","1","1","29.045400000000001","14.997299999999999","2.3571999999999997","2","2","32.695018768310547"
"candidate_duplicate_cache_control","1","2","28.3903","14.2834","2.4944999999999999","2","2","34.711254119873047"
"candidate_duplicate_cache_control","1","3","28.695699999999999","14.9602","2.1419999999999999","2","2","35.197635650634766"
"candidate_duplicate_cache_control","1","4","31.8687","16.743200000000002","2.4458000000000002","2","2","30.675222396850586"
"candidate_duplicate_cache_control","1","5","34.423000000000002","14.790900000000001","2.2822","2","2","36.350284576416016"
"candidate_duplicate_cache_control","1","6","29.2319","14.7659","2.3875999999999999","2","2","28.496198654174805"
"candidate_duplicate_cache_control","1","7","31.069099999999999","14.249700000000001","2.4569999999999999","2","2","33.436763763427734"
"candidate_duplicate_cache_control","1","8","31.4633","14.628499999999999","2.2258","2","2","30.318832397460938"
"candidate_duplicate_cache_control","1","9","30.0579","15.230799999999999","2.3767","2","2","34.698005676269531"
"candidate_duplicate_cache_control","1","10","29.866700000000002","14.6022","2.1581000000000001","2","2","33.921531677246094"
"candidate_duplicate_cache_control","1","11","34.563800000000001","15.152200000000001","2.5414000000000003","2","2","33.982513427734375"
"candidate_duplicate_cache_control","1","12","41.3992","24.692899999999998","3.4940999999999995","2","2","26.027500152587891"
"candidate_duplicate_cache_control","1","13","38.720700000000001","18.115400000000001","3.0640999999999998","2","2","24.019754409790039"
"candidate_duplicate_cache_control","1","14","62.133600000000001","23.638500000000001","3.5343","3","3","39.947269439697266"
"candidate_duplicate_cache_control","1","15","33.572099999999999","15.251200000000001","2.4462999999999999","2","2","24.587423324584961"
"candidate_duplicate_cache_control","1","16","32.793799999999997","15.154299999999999","2.3670999999999998","2","2","30.620462417602539"
"candidate_duplicate_cache_control","1","17","48.207099999999997","16.209699999999998","2.7627999999999999","2","2","21.441329956054688"
"candidate_duplicate_cache_control","1","18","33.268700000000003","15.66","2.8769","2","2","29.325428009033203"
"candidate_duplicate_cache_control","1","19","27.704799999999999","16.090499999999999","2.1316000000000002","2","2","31.812788009643555"
"candidate_duplicate_cache_control","1","20","31.0124","15.416899999999998","2.1989000000000001","2","2","36.575107574462891"
"candidate_duplicate_cache_control","1","21","27.074100000000001","14.625","2.3761999999999999","2","2","33.720787048339844"
"candidate_duplicate_cache_control","1","22","27.802700000000002","14.363900000000001","2.7040000000000002","2","2","34.632034301757812"
"candidate_duplicate_cache_control","1","23","31.4375","14.597799999999999","2.1524999999999999","2","2","36.22125244140625"
"candidate_duplicate_cache_control","1","24","31.723700000000001","14.940999999999999","2.4013","2","2","31.659896850585938"
"candidate_duplicate_cache_control","1","25","31.788699999999999","14.831899999999999","2.3948","2","2","33.215969085693359"
"candidate_duplicate_cache_control","1","26","29.648","15.799900000000001","2.4253999999999998","2","2","28.775983810424805"
"candidate_duplicate_cache_control","1","27","32.072800000000001","14.6957","2.2358000000000002","2","2","36.373821258544922"
"candidate_duplicate_cache_control","1","28","27.791899999999998","14.4366","2.2789999999999999","2","2","31.827875137329102"
"candidate_duplicate_cache_control","1","29","34.093899999999998","14.447199999999999","2.1812","2","2","34.017192840576172"
"candidate_duplicate_cache_control","1","30","31.6953","14.7119","2.5990000000000002","2","2","26.879335403442383"
"candidate_duplicate_cache_control","1","31","31.035499999999999","14.704499999999999","2.6593999999999998","2","2","32.301933288574219"
"candidate_duplicate_cache_control","1","32","30.493200000000002","16.305299999999999","2.2408000000000001","2","2","35.115566253662109"
"candidate_duplicate_cache_control","1","33","28.428000000000001","15.081900000000001","2.2765","2","2","31.350910186767578"
"candidate_duplicate_cache_control","1","34","29.526499999999999","16.3005","2.5209000000000001","2","2","36.751194000244141"
"candidate_duplicate_cache_control","1","35","30.579000000000001","15.3514","2.2403","2","2","33.677291870117188"
"candidate_duplicate_cache_control","1","36","28.5045","16.076799999999999","2.2728000000000002","2","2","32.740299224853516"
"candidate_duplicate_cache_control","1","37","26.9255","14.464700000000001","2.2100999999999997","2","2","37.07452392578125"
"candidate_duplicate_cache_control","1","38","58.056199999999997","23.3081","4.5276000000000005","3","3","42.252212524414062"
"candidate_duplicate_cache_control","1","39","29.357299999999999","15.7743","2.3148","2","2","32.761642456054688"
"candidate_duplicate_cache_control","1","40","31.010899999999999","14.8833","2.2050999999999998","2","2","36.210891723632812"
"candidate_duplicate_cache_control","1","41","30.700299999999999","14.565200000000001","2.2343000000000002","2","2","31.190250396728516"
"candidate_duplicate_cache_control","1","42","38.045299999999997","15.445599999999999","2.8277999999999999","2","2","26.423639297485352"
"candidate_duplicate_cache_control","1","43","28.682200000000002","15.484400000000001","2.4447000000000001","2","2","34.016960144042969"
"candidate_duplicate_cache_control","1","44","29.369700000000002","14.564500000000001","2.3322000000000003","2","2","32.847194671630859"
"candidate_duplicate_cache_control","1","45","32.749400000000001","14.4358","2.4039999999999999","2","2","37.524860382080078"
"candidate_duplicate_cache_control","1","46","32.5685","15.837","2.2616000000000001","2","2","27.571374893188477"
"candidate_duplicate_cache_control","1","47","42.641800000000003","15.241299999999999","2.4142000000000001","2","2","33.764278411865234"
"candidate_duplicate_cache_control","1","48","36.0535","16.043300000000002","2.4508999999999999","2","2","19.634059906005859"
"candidate_duplicate_cache_control","1","49","30.2712","16.7819","2.4306999999999999","2","2","35.423435211181641"
"candidate_duplicate_cache_control","1","50","27.261900000000001","14.1234","2.3609","2","2","33.481433868408203"
"candidate_duplicate_cache_control","1","51","29.023900000000001","14.803799999999999","2.1749000000000001","2","2","34.490966796875"
"candidate_duplicate_cache_control","1","52","36.691299999999998","15.6999","2.3978999999999999","2","2","34.704509735107422"
"candidate_duplicate_cache_control","1","53","27.373699999999999","14.5618","2.2505999999999999","2","2","28.105440139770508"
"candidate_duplicate_cache_control","1","54","31.914899999999999","14.923","2.3178000000000001","2","2","35.387706756591797"
"candidate_duplicate_cache_control","1","55","30.855599999999999","14.773","2.3574000000000002","2","2","31.051271438598633"
"candidate_duplicate_cache_control","1","56","31.010999999999999","14.410499999999999","2.3526999999999996","2","2","34.475269317626953"
"candidate_duplicate_cache_control","1","57","29.813300000000002","14.568","2.2467000000000001","2","2","32.385517120361328"
"candidate_duplicate_cache_control","1","58","32.421799999999998","15.428000000000001","2.4058000000000002","2","2","29.474267959594727"
"candidate_duplicate_cache_control","1","59","31.8948","15.028500000000001","2.8034999999999997","2","2","34.036758422851562"
"candidate_duplicate_cache_control","1","60","30.825500000000002","14.5991","2.2016","2","2","29.911283493041992"
"candidate_manual","1","1","40.667000000000002","10.732299999999999","2.3609999999999998","2","2","19.298202514648438"
"candidate_manual","1","2","40.612699999999997","10.1219","2.2705000000000002","2","2","24.217061996459961"
"candidate_manual","1","3","35.6447","9.4343000000000004","2.2736000000000001","2","2","26.897844314575195"
"candidate_manual","1","4","54.058300000000003","11.966100000000001","2.4911000000000003","2","2","23.125612258911133"
"candidate_manual","1","5","35.774700000000003","9.8139000000000003","2.2263000000000002","2","2","21.560646057128906"
"candidate_manual","1","6","45.988599999999998","11.1075","2.5880999999999998","2","2","26.833103179931641"
"candidate_manual","1","7","36.196399999999997","9.3684000000000012","2.2019000000000002","2","2","22.350214004516602"
"candidate_manual","1","8","38.600099999999998","9.3506999999999998","2.1188000000000002","2","2","28.41151237487793"
"candidate_manual","1","9","37.213700000000003","9.6928999999999998","2.1885000000000003","2","2","24.575399398803711"
"candidate_manual","1","10","34.959400000000002","9.2119999999999997","2.2671999999999999","2","2","28.006811141967773"
"candidate_manual","1","11","58.301099999999998","14.495100000000001","3.5470000000000002","3","3","42.471500396728516"
"candidate_manual","1","12","35.613900000000001","9.3584999999999994","2.2344999999999997","2","2","28.146417617797852"
"candidate_manual","1","13","40.801000000000002","10.4244","2.1772","2","2","27.37663459777832"
"candidate_manual","1","14","35.447600000000001","9.6304999999999996","2.2174","2","2","24.819746017456055"
"candidate_manual","1","15","38.418900000000001","10.172499999999999","2.1833999999999998","2","2","26.625698089599609"
"candidate_manual","1","16","35.907499999999999","10.244299999999999","2.2163000000000004","2","2","27.436649322509766"
"candidate_manual","1","17","41.630800000000001","9.6429000000000009","2.3435999999999999","2","2","26.166229248046875"
"candidate_manual","1","18","37.920400000000001","9.8588000000000005","2.2907000000000002","2","2","25.177818298339844"
"candidate_manual","1","19","38.975000000000001","9.6793999999999993","2.2536999999999998","2","2","26.286666870117188"
"candidate_manual","1","20","40.760399999999997","10.166399999999999","2.3104","2","2","25.412185668945312"
"candidate_manual","1","21","40.990699999999997","10.0604","2.2793000000000001","2","2","23.165092468261719"
"candidate_manual","1","22","42.998199999999997","10.1463","3.1739999999999999","2","2","23.570230484008789"
"candidate_manual","1","23","39.072899999999997","9.6144999999999996","2.2429999999999999","2","2","25.399921417236328"
"candidate_manual","1","24","52.495199999999997","9.3909000000000002","2.5510999999999999","2","2","19.932229995727539"
"candidate_manual","1","25","46.950000000000003","9.3928000000000011","2.4832999999999998","2","2","21.514907836914062"
"candidate_manual","1","26","51.051099999999998","10.262700000000001","2.2202999999999999","2","2","22.415142059326172"
"candidate_manual","1","27","47.850200000000001","9.5810999999999993","2.3371","2","2","17.923009872436523"
"candidate_manual","1","28","50.893700000000003","9.5064999999999991","2.2507999999999999","2","2","24.560972213745117"
"candidate_manual","1","29","62.379899999999999","17.224299999999999","4.0618999999999996","3","3","46.109722137451172"
"candidate_manual","1","30","36.895499999999998","9.4221000000000004","2.2199999999999998","2","2","25.6968994140625"
"candidate_manual","1","31","37.308199999999999","9.650500000000001","2.3734999999999999","2","2","27.227184295654297"
"candidate_manual","1","32","39.471699999999998","9.8861999999999988","2.173","2","2","27.239347457885742"
"candidate_manual","1","33","38.287700000000001","13.408999999999999","2.2216","2","2","23.197389602661133"
"candidate_manual","1","34","37.229599999999998","9.5409000000000006","2.1714000000000002","2","2","28.556253433227539"
"candidate_manual","1","35","39.280200000000001","9.7456999999999994","2.4583000000000004","2","2","25.062719345092773"
"candidate_manual","1","36","37.370100000000001","9.3965999999999994","2.2407000000000004","2","2","26.705192565917969"
"candidate_manual","1","37","40.609400000000001","9.6234000000000002","2.5872000000000002","2","2","24.036035537719727"
"candidate_manual","1","38","38.5989","10.2014","2.2448000000000001","2","2","27.613248825073242"
"candidate_manual","1","39","44.725299999999997","9.2383999999999986","2.3875000000000002","2","2","24.920875549316406"
"candidate_manual","1","40","39.662700000000001","9.4397000000000002","2.2000000000000002","2","2","23.679119110107422"
"candidate_manual","1","41","40.251300000000001","12.908300000000001","2.2296","2","2","25.211462020874023"
"candidate_manual","1","42","37.8583","9.3605999999999998","2.8609999999999998","2","2","23.273458480834961"
"candidate_manual","1","43","38.572800000000001","9.4163999999999994","2.2130000000000001","2","2","28.649929046630859"
"candidate_manual","1","44","41.3947","9.495000000000001","2.2275","2","2","23.058635711669922"
"candidate_manual","1","45","48.952199999999998","9.6196000000000002","2.2260999999999997","2","2","25.347257614135742"
"candidate_manual","1","46","44.694099999999999","9.8599999999999994","2.2648000000000001","2","2","21.190166473388672"
"candidate_manual","1","47","47.358800000000002","10.1136","2.5322","2","2","22.190021514892578"
"candidate_manual","1","48","70.202399999999997","14.050000000000001","3.2507000000000001","3","3","40.756107330322266"
"candidate_manual","1","49","36.765500000000003","9.5356999999999985","2.7786","2","2","26.555839538574219"
"candidate_manual","1","50","43.796900000000001","9.7911999999999999","2.5116000000000001","2","2","27.790515899658203"
"candidate_manual","1","51","61.481499999999997","9.9480000000000004","2.9318999999999997","2","2","21.959875106811523"
"candidate_manual","1","52","36.700000000000003","9.8952999999999989","2.4920999999999998","2","2","16.428346633911133"
"candidate_manual","1","53","37.928100000000001","10.381399999999999","2.2315999999999998","2","2","27.144039154052734"
"candidate_manual","1","54","38.982500000000002","9.8105000000000011","2.2279999999999998","2","2","26.035089492797852"
"candidate_manual","1","55","40.064","9.3268000000000004","2.2208999999999999","2","2","26.012876510620117"
"candidate_manual","1","56","54.070700000000002","11.285","3.0137999999999998","2","2","23.779346466064453"
"candidate_manual","1","57","43.334499999999998","9.4941999999999993","2.4775","2","2","19.191831588745117"
"candidate_manual","1","58","36.857599999999998","9.8987000000000016","2.2831999999999999","2","2","23.206647872924805"
"candidate_manual","1","59","36.637","9.2279999999999998","2.1234999999999999","2","2","27.857635498046875"
"candidate_manual","1","60","37.246000000000002","9.3905999999999992","2.2248999999999999","2","2","25.553293228149414"
"scatter_callback_off","1","1","18.524799999999999","0","2.4798","0","2","48.745059967041016"
"scatter_callback_off","1","2","11.466100000000001","0","2.9272","0","2","79.376419067382812"
"scatter_callback_off","1","3","12.0305","0","3.1158000000000001","0","2","84.628143310546875"
"scatter_callback_off","1","4","12.447900000000001","0","2.6475","0","2","83.757705688476562"
"scatter_callback_off","1","5","16.281700000000001","0","3.8792","0","2","64.740425109863281"
"scatter_callback_off","1","6","14.783899999999999","0","3.4416000000000002","0","2","72.656463623046875"
"scatter_callback_off","1","7","13.5037","0","3.0648999999999997","0","2","62.806968688964844"
"scatter_callback_off","1","8","13.8414","0","2.4401999999999999","0","2","80.539291381835938"
"scatter_callback_off","1","9","17.282","0","3.2144000000000004","0","2","76.901191711425781"
"scatter_callback_off","1","10","15.6334","0","2.5354000000000001","0","2","52.915931701660156"
"scatter_callback_off","1","11","12.916499999999999","0","2.3952999999999998","0","2","61.466594696044922"
"scatter_callback_off","1","12","12.293799999999999","0","2.4258999999999999","0","2","94.964958190917969"
"scatter_callback_off","1","13","10.758599999999999","0","2.2979000000000003","0","2","84.245285034179688"
"scatter_callback_off","1","14","10.2029","0","2.1920000000000002","0","2","87.398834228515625"
"scatter_callback_off","1","15","24.752600000000001","0","3.9510000000000005","0","2","79.917526245117188"
"scatter_callback_off","1","16","14.2516","0","2.9195000000000002","0","2","42.754043579101562"
"scatter_callback_off","1","17","11.729799999999999","0","2.3685","0","2","70.990959167480469"
"scatter_callback_off","1","18","12.0063","0","2.9302000000000001","0","2","85.523445129394531"
"scatter_callback_off","1","19","11.0412","0","2.3509000000000002","0","2","92.934211730957031"
"scatter_callback_off","1","20","12.1409","0","2.7408000000000001","0","2","83.241767883300781"
"scatter_callback_off","1","21","11.255599999999999","0","2.4367999999999999","0","2","82.010238647460938"
"scatter_callback_off","1","22","12.9862","0","2.734","0","2","90.651145935058594"
"scatter_callback_off","1","23","12.2713","0","2.4885000000000002","0","2","73.71478271484375"
"scatter_callback_off","1","24","16.743200000000002","0","2.7852000000000001","0","2","82.407623291015625"
"scatter_callback_off","1","25","12.7722","0","2.8477999999999999","0","2","58.272342681884766"
"scatter_callback_off","1","26","12.1374","0","2.5480999999999998","0","2","76.578475952148438"
"scatter_callback_off","1","27","11.67","0","2.3694999999999999","0","2","91.17681884765625"
"scatter_callback_off","1","28","15.8651","0","2.7831999999999999","0","2","70.1729736328125"
"scatter_callback_off","1","29","40.241500000000002","0","3.2229999999999999","0","2","42.658477783203125"
"scatter_callback_off","1","30","14.847099999999999","0","3.1578999999999997","0","2","31.891517639160156"
"scatter_callback_off","1","31","17.188199999999998","0","2.9872000000000001","0","2","59.608608245849609"
"scatter_callback_off","1","32","9.9664999999999999","0","2.4203000000000001","0","2","73.505088806152344"
"scatter_callback_off","1","33","10.1173","0","2.2946","0","2","96.646369934082031"
"scatter_callback_off","1","34","11.7372","0","2.4941","0","2","92.764381408691406"
"scatter_callback_off","1","35","10.295199999999999","0","2.9468999999999999","0","2","95.234466552734375"
"scatter_callback_off","1","36","10.9376","0","2.3697999999999997","0","2","85.790519714355469"
"scatter_callback_off","1","37","11.455399999999999","0","2.4773000000000001","0","2","90.652793884277344"
"scatter_callback_off","1","38","11.075900000000001","0","2.4003000000000001","0","2","98.785919189453125"
"scatter_callback_off","1","39","12.019","0","2.4011","0","2","84.909828186035156"
"scatter_callback_off","1","40","12.727499999999999","0","2.4154","0","2","74.751823425292969"
"scatter_callback_off","1","41","13.041499999999999","0","2.8525","0","2","72.475318908691406"
"scatter_callback_off","1","42","12.1919","0","2.4211999999999998","0","2","82.204391479492188"
"scatter_callback_off","1","43","10.995799999999999","0","2.4068000000000001","0","2","94.261367797851562"
"scatter_callback_off","1","44","12.543900000000001","0","2.5620000000000003","0","2","86.105201721191406"
"scatter_callback_off","1","45","11.3146","0","2.3338000000000001","0","2","79.367599487304688"
"scatter_callback_off","1","46","13.5078","0","2.6695000000000002","0","2","74.875518798828125"
"scatter_callback_off","1","47","24.7973","0","3.6425999999999998","0","3","116.71743774414062"
"scatter_callback_off","1","48","15.305099999999999","0","2.6009000000000002","0","2","77.142044067382812"
"scatter_callback_off","1","49","10.928800000000001","0","2.2389000000000001","0","2","67.998069763183594"
"scatter_callback_off","1","50","11.1061","0","2.2856000000000001","0","2","82.606399536132812"
"scatter_callback_off","1","51","13.352","0","2.5627","0","2","84.933624267578125"
"scatter_callback_off","1","52","9.5340000000000007","0","2.5526999999999997","0","2","88.031265258789062"
"scatter_callback_off","1","53","11.4434","0","2.3093000000000004","0","2","91.808815002441406"
"scatter_callback_off","1","54","14.449999999999999","0","2.4188999999999998","0","2","74.794319152832031"
"scatter_callback_off","1","55","11.972300000000001","0","2.9946000000000002","0","2","74.093284606933594"
"scatter_callback_off","1","56","11.589499999999999","0","2.5974000000000004","0","2","96.036567687988281"
"scatter_callback_off","1","57","11.720000000000001","0","2.4624999999999999","0","2","80.3077392578125"
"scatter_callback_off","1","58","12.4217","0","2.5846","0","2","79.968650817871094"
"scatter_callback_off","1","59","12.2829","0","2.4478999999999997","0","2","89.321601867675781"
"scatter_callback_off","1","60","14.2067","0","2.4336000000000002","0","2","72.961280822753906"
"scatter_callback_off","2","1","11.759600000000001","0","2.6348000000000003","0","2","78.240524291992188"
"scatter_callback_off","2","2","13.000400000000001","0","2.3959000000000001","0","2","80.984771728515625"
"scatter_callback_off","2","3","9.9295000000000009","0","2.5775999999999999","0","2","91.328369140625"
"scatter_callback_off","2","4","9.5053999999999998","0","2.2387000000000001","0","2","98.398078918457031"
"scatter_callback_off","2","5","10.6518","0","2.6564000000000001","0","2","100.64918518066406"
"scatter_callback_off","2","6","9.6041000000000007","0","2.4422999999999999","0","2","100.20742797851562"
"scatter_callback_off","2","7","11.0908","0","2.4348000000000001","0","2","94.547447204589844"
"scatter_callback_off","2","8","17.1572","0","2.4238999999999997","0","2","87.6431884765625"
"scatter_callback_off","2","9","12.0236","0","2.9432","0","2","57.413192749023438"
"scatter_callback_off","2","10","11.0075","0","2.5162","0","2","84.206268310546875"
"scatter_callback_off","2","11","10.1873","0","2.3510999999999997","0","2","102.48736572265625"
"scatter_callback_off","2","12","13.6381","0","2.3334000000000001","0","2","73.172691345214844"
"scatter_callback_off","2","13","10.8116","0","2.5433000000000003","0","2","88.238670349121094"
"scatter_callback_off","2","14","10.184699999999999","0","3.0087999999999999","0","2","103.3057861328125"
"scatter_callback_off","2","15","13.7301","0","2.2862","0","2","91.003402709960938"
"scatter_callback_off","2","16","9.3671000000000006","0","2.1959","0","2","76.695938110351562"
"scatter_callback_off","2","17","9.9199000000000002","0","2.4643999999999999","0","2","100.85525512695312"
"scatter_callback_off","2","18","8.8727","0","2.1993999999999998","0","2","109.83458709716797"
"scatter_callback_off","2","19","18.912299999999998","0","3.8947000000000003","0","2","62.243633270263672"
"scatter_callback_off","2","20","10.183299999999999","0","2.2416999999999998","0","2","79.39532470703125"
"scatter_callback_off","2","21","12.3988","0","2.6705000000000001","0","2","93.176673889160156"
"scatter_callback_off","2","22","13.918699999999999","0","2.4146999999999998","0","2","83.33819580078125"
"scatter_callback_off","2","23","9.6207999999999991","0","2.2683","0","2","74.636337280273438"
"scatter_callback_off","2","24","11.6846","0","2.3896999999999999","0","2","86.968620300292969"
"scatter_callback_off","2","25","10.1334","0","2.4283000000000001","0","2","102.61567687988281"
"scatter_callback_off","2","26","9.9766999999999992","0","2.2645999999999997","0","2","98.599884033203125"
"scatter_callback_off","2","27","11.172700000000001","0","2.6934","0","2","86.770904541015625"
"scatter_callback_off","2","28","12.084099999999999","0","3.0060000000000002","0","2","94.444755554199219"
"scatter_callback_off","2","29","17.3126","0","2.3926999999999996","0","2","77.226043701171875"
"scatter_callback_off","2","30","13.027100000000001","0","2.4119000000000002","0","2","57.02001953125"
"scatter_callback_off","2","31","13.9283","0","2.4851000000000001","0","2","74.089439392089844"
"scatter_callback_off","2","32","13.134600000000001","0","2.5753000000000004","0","2","78.42706298828125"
"scatter_callback_off","2","33","59.538899999999998","0","4.2813999999999997","0","3","25.910024642944336"
"scatter_callback_off","2","34","11.0352","0","2.5385999999999997","0","2","57.405941009521484"
"scatter_callback_off","2","35","13.9641","0","3.6375999999999999","0","2","75.128654479980469"
"scatter_callback_off","2","36","12.6038","0","3.0787","0","2","77.158111572265625"
"scatter_callback_off","2","37","12.382199999999999","0","2.8824000000000001","0","2","90.847976684570312"
"scatter_callback_off","2","38","14.2316","0","3.4241999999999999","0","2","69.417930603027344"
"scatter_callback_off","2","39","13.698399999999999","0","2.5861000000000001","0","2","68.798027038574219"
"scatter_callback_off","2","40","15.9438","0","3.3399999999999999","0","2","66.376823425292969"
"scatter_callback_off","2","41","15.4093","0","3.9058000000000002","0","2","63.843505859375"
"scatter_callback_off","2","42","17.815300000000001","0","2.7212000000000001","0","2","66.843582153320312"
"scatter_callback_off","2","43","10.5082","0","2.3656000000000001","0","2","64.357521057128906"
"scatter_callback_off","2","44","12.2843","0","2.4148999999999998","0","2","91.009201049804688"
"scatter_callback_off","2","45","12.0724","0","2.3266999999999998","0","2","76.637161254882812"
"scatter_callback_off","2","46","10.388500000000001","0","2.5901000000000001","0","2","93.682960510253906"
"scatter_callback_off","2","47","11.360200000000001","0","2.3643000000000001","0","2","99.004020690917969"
"scatter_callback_off","2","48","13.1282","0","2.3915999999999999","0","2","72.72198486328125"
"scatter_callback_off","2","49","28.081800000000001","0","2.3755000000000002","0","2","77.340118408203125"
"scatter_callback_off","2","50","10.2775","0","2.6548999999999996","0","2","38.269309997558594"
"scatter_callback_off","2","51","14.9505","0","2.2456999999999998","0","2","97.74884033203125"
"scatter_callback_off","2","52","11.2044","0","2.3171999999999997","0","2","62.484378814697266"
"scatter_callback_off","2","53","12.3775","0","2.8357999999999999","0","2","87.234153747558594"
"scatter_callback_off","2","54","11.588900000000001","0","2.7545000000000002","0","2","92.677543640136719"
"scatter_callback_off","2","55","10.0403","0","2.2803","0","2","82.913238525390625"
"scatter_callback_off","2","56","11.542899999999999","0","2.3779000000000003","0","2","90.216880798339844"
"scatter_callback_off","2","57","14.5977","0","2.367","0","2","84.9119873046875"
"scatter_callback_off","2","58","13.0936","0","2.4050000000000002","0","2","64.447105407714844"
"scatter_callback_off","2","59","9.8642000000000003","0","2.2752999999999997","0","2","93.51300048828125"
"scatter_callback_off","2","60","10.8338","0","2.335","0","2","95.179176330566406"
"candidate_manual","2","1","23.903600000000001","10.2532","2.0791000000000004","2","2","37.014007568359375"
"candidate_manual","2","2","40.645800000000001","13.434799999999999","3.3558000000000003","2","2","29.940210342407227"
"candidate_manual","2","3","22.525400000000001","9.8768999999999991","2.1080000000000001","2","2","31.010540008544922"
"candidate_manual","2","4","22.982600000000001","10.0038","2.1825000000000001","2","2","45.631053924560547"
"candidate_manual","2","5","23.0412","9.9749999999999996","2.1999","2","2","43.248477935791016"
"candidate_manual","2","6","25.470800000000001","10.566700000000001","2.1391","2","2","43.943103790283203"
"candidate_manual","2","7","24.704999999999998","10.241099999999999","2.1737000000000002","2","2","35.681407928466797"
"candidate_manual","2","8","24.890000000000001","10.635200000000001","2.3251999999999997","2","2","41.686988830566406"
"candidate_manual","2","9","29.153700000000001","11.9642","3.4592999999999998","2","2","41.293819427490234"
"candidate_manual","2","10","35.0443","10.846","2.2984","2","2","29.576698303222656"
"candidate_manual","2","11","26.638500000000001","11.940200000000001","2.7963","2","2","32.079353332519531"
"candidate_manual","2","12","26.696899999999999","9.6201000000000008","2.1936999999999998","2","2","40.152095794677734"
"candidate_manual","2","13","25.0871","12.7613","2.5348000000000002","2","2","35.702426910400391"
"candidate_manual","2","14","24.661799999999999","10.600899999999999","2.5150999999999999","2","2","39.712638854980469"
"candidate_manual","2","15","25.6419","10.842300000000002","2.1505999999999998","2","2","43.502281188964844"
"candidate_manual","2","16","24.692499999999999","10.412800000000001","2.1707000000000001","2","2","35.318218231201172"
"candidate_manual","2","17","23.73","10.025300000000001","2.2283999999999997","2","2","43.528411865234375"
"candidate_manual","2","18","23.674299999999999","9.8826999999999998","2.0887000000000002","2","2","42.174873352050781"
"candidate_manual","2","19","23.4482","10.2286","2.7096999999999998","2","2","42.291881561279297"
"candidate_manual","2","20","25.475000000000001","10.6715","2.1208999999999998","2","2","43.517993927001953"
"candidate_manual","2","21","26.042000000000002","12.063800000000001","2.4554","2","2","36.582332611083984"
"candidate_manual","2","22","51.631799999999998","16.532699999999998","3.8787999999999996","3","3","62.180545806884766"
"candidate_manual","2","23","26.485099999999999","13.204799999999999","2.2537000000000003","2","2","31.766704559326172"
"candidate_manual","2","24","22.180900000000001","10.075699999999999","2.3243","2","2","38.524215698242188"
"candidate_manual","2","25","26.116800000000001","10.508500000000002","2.1962999999999999","2","2","41.445278167724609"
"candidate_manual","2","26","25.556799999999999","10.3583","2.6231999999999998","2","2","41.755046844482422"
"candidate_manual","2","27","21.273900000000001","10.2882","2.1379000000000001","2","2","39.862552642822266"
"candidate_manual","2","28","22.682300000000001","10.720800000000001","2.2145999999999999","2","2","44.986278533935547"
"candidate_manual","2","29","23.782499999999999","10.2302","2.1953","2","2","45.261360168457031"
"candidate_manual","2","30","22.373799999999999","10.034099999999999","2.4805999999999999","2","2","42.229728698730469"
"candidate_manual","2","31","27.433800000000002","10.6837","2.1505000000000001","2","2","41.777900695800781"
"candidate_manual","2","32","30.169699999999999","10.854900000000001","2.9868000000000001","2","2","36.298957824707031"
"candidate_manual","2","33","27.4894","10.558499999999999","2.1653000000000002","2","2","31.553306579589844"
"candidate_manual","2","34","33.298699999999997","10.179","2.8047","2","2","30.049341201782227"
"candidate_manual","2","35","26.671199999999999","10.0787","2.4825999999999997","2","2","37.079334259033203"
"candidate_manual","2","36","31.636700000000001","10.313700000000001","2.3635999999999999","2","2","33.871208190917969"
"candidate_manual","2","37","25.908300000000001","9.9837999999999987","2.2643","2","2","32.260768890380859"
"candidate_manual","2","38","28.884599999999999","10.956099999999999","2.2621000000000002","2","2","41.785579681396484"
"candidate_manual","2","39","28.8017","14.479200000000001","3.1905000000000001","2","2","32.484725952148438"
"candidate_manual","2","40","23.971800000000002","10.1439","2.3067000000000002","2","2","39.447265625"
"candidate_manual","2","41","23.4726","10.520099999999999","2.2846000000000002","2","2","42.768306732177734"
"candidate_manual","2","42","29.302","10.15","2.2725999999999997","2","2","42.647197723388672"
"candidate_manual","2","43","25.603300000000001","10.352799999999998","2.3111999999999999","2","2","34.187332153320312"
"candidate_manual","2","44","22.934000000000001","10.6502","2.1993","2","2","39.459716796875"
"candidate_manual","2","45","22.4314","10.6182","2.3828999999999998","2","2","41.770046234130859"
"candidate_manual","2","46","29.287500000000001","10.138300000000001","2.8068999999999997","2","2","48.716800689697266"
"candidate_manual","2","47","38.680700000000002","12.307","2.5935999999999999","2","2","25.638002395629883"
"candidate_manual","2","48","27.118600000000001","11.381","2.5391000000000004","2","2","30.498590469360352"
"candidate_manual","2","49","23.002600000000001","10.788399999999999","2.1646999999999998","2","2","41.896751403808594"
"candidate_manual","2","50","39.475299999999997","15.703400000000002","3.5647000000000002","3","3","56.144447326660156"
"candidate_manual","2","51","27.6709","10.6806","2.3626","2","2","46.73748779296875"
"candidate_manual","2","52","25.725999999999999","11.9649","2.2031000000000001","2","2","33.044742584228516"
"candidate_manual","2","53","25.6569","11.626000000000001","2.222","2","2","40.249546051025391"
"candidate_manual","2","54","23.985099999999999","10.5122","2.1490999999999998","2","2","36.424697875976562"
"candidate_manual","2","55","26.588999999999999","11.7346","3.4149000000000003","2","2","49.753719329833984"
"candidate_manual","2","56","21.6374","10.027100000000001","2.1558999999999999","2","2","36.283153533935547"
"candidate_manual","2","57","29.733499999999999","10.888400000000001","2.2181999999999999","2","2","42.091972351074219"
"candidate_manual","2","58","30.222899999999999","11.3361","2.2469999999999999","2","2","32.919319152832031"
"candidate_manual","2","59","24.607199999999999","10.698599999999999","2.3268","2","2","35.535591125488281"
"candidate_manual","2","60","30.758400000000002","10.3324","2.1804000000000001","2","2","34.721015930175781"
"candidate_duplicate_cache_control","2","1","30.533000000000001","14.8858","2.2004000000000001","2","2","27.759811401367188"
"candidate_duplicate_cache_control","2","2","32.857700000000001","14.931699999999999","2.1539999999999999","2","2","32.670448303222656"
"candidate_duplicate_cache_control","2","3","32.445399999999999","15.6318","2.2263999999999999","2","2","31.342557907104492"
"candidate_duplicate_cache_control","2","4","36.024999999999999","15.8123","2.3508","2","2","26.105911254882812"
"candidate_duplicate_cache_control","2","5","36.014800000000001","16.540599999999998","2.2948","2","2","30.048076629638672"
"candidate_duplicate_cache_control","2","6","30.474","15.569900000000001","2.3466","2","2","28.825006484985352"
"candidate_duplicate_cache_control","2","7","26.552299999999999","15.0489","2.181","2","2","35.005302429199219"
"candidate_duplicate_cache_control","2","8","29.8888","14.964400000000001","2.3318000000000003","2","2","36.918487548828125"
"candidate_duplicate_cache_control","2","9","26.909099999999999","14.042899999999999","2.2564000000000002","2","2","34.484661102294922"
"candidate_duplicate_cache_control","2","10","29.293800000000001","15.6449","2.1911","2","2","37.671028137207031"
"candidate_duplicate_cache_control","2","11","34.508000000000003","14.891999999999999","2.8063000000000002","2","2","31.192197799682617"
"candidate_duplicate_cache_control","2","12","33.703600000000002","14.6671","2.1755","2","2","27.598007202148438"
"candidate_duplicate_cache_control","2","13","30.079999999999998","16.395","2.3315999999999999","2","2","31.913400650024414"
"candidate_duplicate_cache_control","2","14","29.5395","14.5883","2.2375999999999996","2","2","32.344768524169922"
"candidate_duplicate_cache_control","2","15","28.8323","14.3232","2.1819999999999999","2","2","35.106689453125"
"candidate_duplicate_cache_control","2","16","50.284500000000001","21.828699999999998","3.4329000000000001","3","3","51.428424835205078"
"candidate_duplicate_cache_control","2","17","31.167400000000001","15.929200000000002","2.6829000000000001","2","2","30.958505630493164"
"candidate_duplicate_cache_control","2","18","30.490600000000001","14.6555","2.4089999999999998","2","2","31.195310592651367"
"candidate_duplicate_cache_control","2","19","28.497599999999998","14.404900000000001","2.1307999999999998","2","2","34.511558532714844"
"candidate_duplicate_cache_control","2","20","31.040800000000001","17.854700000000001","2.2178","2","2","32.862091064453125"
"candidate_duplicate_cache_control","2","21","30.737500000000001","14.539400000000001","2.2583000000000002","2","2","34.671176910400391"
"candidate_duplicate_cache_control","2","22","30.781500000000001","14.380500000000001","2.2572999999999999","2","2","32.195026397705078"
"candidate_duplicate_cache_control","2","23","28.450099999999999","14.6165","2.2016999999999998","2","2","33.269233703613281"
"candidate_duplicate_cache_control","2","24","37.7562","15.1432","2.5251999999999999","2","2","34.235904693603516"
"candidate_duplicate_cache_control","2","25","32.207599999999999","15.3436","2.7434000000000003","2","2","27.60753059387207"
"candidate_duplicate_cache_control","2","26","28.304099999999998","14.3438","2.1623000000000001","2","2","29.234294891357422"
"candidate_duplicate_cache_control","2","27","29.6523","14.642799999999999","2.1572","2","2","36.727977752685547"
"candidate_duplicate_cache_control","2","28","35.004899999999999","14.959300000000001","2.2786","2","2","33.048782348632812"
"candidate_duplicate_cache_control","2","29","27.488199999999999","14.922499999999999","2.1981999999999999","2","2","28.830408096313477"
"candidate_duplicate_cache_control","2","30","36.406100000000002","16.032299999999999","3.4035000000000002","2","2","29.519685745239258"
"candidate_duplicate_cache_control","2","31","29.5564","16.555","2.3584000000000001","2","2","31.376190185546875"
"candidate_duplicate_cache_control","2","32","30.352399999999999","14.1571","2.2351999999999999","2","2","36.469863891601562"
"candidate_duplicate_cache_control","2","33","28.7319","14.400600000000001","2.1237000000000004","2","2","32.377235412597656"
"candidate_duplicate_cache_control","2","34","28.889099999999999","14.455500000000001","2.1812","2","2","36.015010833740234"
"candidate_duplicate_cache_control","2","35","31.3447","15.2286","2.2416","2","2","33.493881225585938"
"candidate_duplicate_cache_control","2","36","59.035899999999998","16.654400000000003","2.4430000000000001","2","2","23.330961227416992"
"candidate_duplicate_cache_control","2","37","35.930999999999997","16.384699999999999","2.5800999999999998","2","2","20.448057174682617"
"candidate_duplicate_cache_control","2","38","30.2377","14.5876","2.2439","2","2","28.952106475830078"
"candidate_duplicate_cache_control","2","39","49.433500000000002","21.841100000000001","3.4922000000000004","3","3","59.697929382324219"
"candidate_duplicate_cache_control","2","40","38.834800000000001","17.7806","2.3045","2","2","29.587900161743164"
"candidate_duplicate_cache_control","2","41","37.142699999999998","17.780099999999997","2.3060999999999998","2","2","23.495468139648438"
"candidate_duplicate_cache_control","2","42","52.633299999999998","18.2605","3.0105000000000004","2","2","22.926210403442383"
"candidate_duplicate_cache_control","2","43","33.886400000000002","16.1038","2.3529999999999998","2","2","23.242786407470703"
"candidate_duplicate_cache_control","2","44","32.3367","15.0349","2.1985999999999999","2","2","29.483566284179688"
"candidate_duplicate_cache_control","2","45","25.909400000000002","14.590299999999999","2.4798999999999998","2","2","35.081439971923828"
"candidate_duplicate_cache_control","2","46","30.898199999999999","14.2585","2.2109000000000001","2","2","35.906257629394531"
"candidate_duplicate_cache_control","2","47","29.614899999999999","14.9773","2.4253999999999998","2","2","31.428060531616211"
"candidate_duplicate_cache_control","2","48","28.7012","14.450099999999999","2.1296999999999997","2","2","35.835613250732422"
"candidate_duplicate_cache_control","2","49","30.169699999999999","15.274800000000001","2.2812000000000001","2","2","36.217975616455078"
"candidate_duplicate_cache_control","2","50","36.763399999999997","16.441099999999999","3.2679999999999998","2","2","29.365816116333008"
"candidate_duplicate_cache_control","2","51","31.025600000000001","16.379300000000001","3.5178000000000003","2","2","27.563470840454102"
"candidate_duplicate_cache_control","2","52","29.0901","14.563499999999999","2.4039999999999999","2","2","32.964679718017578"
"candidate_duplicate_cache_control","2","53","30.521000000000001","15.411799999999999","2.2534999999999998","2","2","33.34222412109375"
"candidate_duplicate_cache_control","2","54","32.420699999999997","14.4063","2.3792","2","2","37.26531982421875"
"candidate_duplicate_cache_control","2","55","30.895800000000001","14.5014","2.1974","2","2","27.156497955322266"
"candidate_duplicate_cache_control","2","56","32.764000000000003","17.446899999999999","2.5508999999999999","2","2","33.828125"
"candidate_duplicate_cache_control","2","57","33.646000000000001","16.973700000000001","2.5599999999999996","2","2","29.720684051513672"
"candidate_duplicate_cache_control","2","58","31.507000000000001","18.070599999999999","2.2911000000000001","2","2","29.470880508422852"
"candidate_duplicate_cache_control","2","59","30.8047","16.696200000000001","3.1616","2","2","35.018909454345703"
"candidate_duplicate_cache_control","2","60","27.290500000000002","14.851800000000001","2.3975999999999997","2","2","31.817241668701172"
"candidate_realtime","2","1","46.548200000000001","10.870699999999999","2.2572999999999999","2","2","21.71208381652832"
"candidate_realtime","2","2","40.817599999999999","10.307400000000001","2.8101000000000003","2","2","23.683605194091797"
"candidate_realtime","2","3","39.776200000000003","10.5283","2.2747000000000002","2","2","25.159765243530273"
"candidate_realtime","2","4","40.444600000000001","10.4566","2.2444999999999999","2","2","25.215274810791016"
"candidate_realtime","2","5","43.616399999999999","10.9724","2.2602000000000002","2","2","25.611671447753906"
"candidate_realtime","2","6","57.423999999999999","10.3378","2.5093000000000001","2","2","21.787773132324219"
"candidate_realtime","2","7","40.744900000000001","10.9413","2.1758999999999999","2","2","17.302116394042969"
"candidate_realtime","2","8","41.781799999999997","11.241","2.3115000000000001","2","2","24.362672805786133"
"candidate_realtime","2","9","65.767300000000006","15.7773","3.3571","3","3","39.938812255859375"
"candidate_realtime","2","10","44.8979","11.379799999999999","2.2533000000000003","2","2","22.453996658325195"
"candidate_realtime","2","11","45.868200000000002","13.786100000000001","2.5537000000000001","2","2","23.435285568237305"
"candidate_realtime","2","12","45.064399999999999","10.577199999999999","2.1907999999999999","2","2","21.221284866333008"
"candidate_realtime","2","13","38.1511","10.601099999999999","2.2519999999999998","2","2","23.803573608398438"
"candidate_realtime","2","14","44.7089","10.8255","2.2388000000000003","2","2","25.964584350585938"
"candidate_realtime","2","15","44.311300000000003","10.9909","2.3334999999999999","2","2","22.142068862915039"
"candidate_realtime","2","16","58.478999999999999","10.6342","2.4584000000000001","2","2","19.34733772277832"
"candidate_realtime","2","17","39.097000000000001","10.9398","2.1854","2","2","19.478445053100586"
"candidate_realtime","2","18","41.360700000000001","10.491199999999999","2.2917000000000001","2","2","25.652997970581055"
"candidate_realtime","2","19","37.851900000000001","10.4358","2.1982999999999997","2","2","24.470998764038086"
"candidate_realtime","2","20","39.7224","10.605499999999999","2.5242","2","2","26.316967010498047"
"candidate_realtime","2","21","46.652999999999999","10.7028","2.3369999999999997","2","2","24.008277893066406"
"candidate_realtime","2","22","41.660800000000002","10.6584","2.2056","2","2","21.891754150390625"
"candidate_realtime","2","23","41.809399999999997","12.215299999999999","2.3784000000000001","2","2","23.494804382324219"
"candidate_realtime","2","24","45.245600000000003","10.5433","2.2490000000000001","2","2","23.908859252929688"
"candidate_realtime","2","25","42.947299999999998","11.221399999999999","2.9909999999999997","2","2","22.264772415161133"
"candidate_realtime","2","26","68.811099999999996","18.043199999999999","4.1506999999999996","3","3","39.204307556152344"
"candidate_realtime","2","27","44.920999999999999","10.741400000000001","2.1928999999999998","2","2","23.754491806030273"
"candidate_realtime","2","28","43.448999999999998","10.6013","2.3310000000000004","2","2","23.577732086181641"
"candidate_realtime","2","29","37.2637","10.347100000000001","2.1667000000000001","2","2","23.730365753173828"
"candidate_realtime","2","30","40.302100000000003","10.6997","2.2124999999999999","2","2","24.970846176147461"
"candidate_realtime","2","31","39.226300000000002","10.731199999999999","2.2103000000000002","2","2","25.521793365478516"
"candidate_realtime","2","32","40.9863","10.3461","2.508","2","2","24.939895629882812"
"candidate_realtime","2","33","40.4069","10.511199999999999","2.2784","2","2","24.697944641113281"
"candidate_realtime","2","34","52.076599999999999","12.5382","2.2545999999999999","2","2","25.005500793457031"
"candidate_realtime","2","35","38.888500000000001","10.282","2.1841999999999997","2","2","19.348197937011719"
"candidate_realtime","2","36","42.345100000000002","11.3164","3.0148000000000001","2","2","24.349325180053711"
"candidate_realtime","2","37","45.823300000000003","10.712900000000001","2.3152999999999997","2","2","24.397861480712891"
"candidate_realtime","2","38","46.1008","11.145700000000001","2.2846000000000002","2","2","21.226736068725586"
"candidate_realtime","2","39","48.743099999999998","10.707599999999999","2.3047","2","2","19.47552490234375"
"candidate_realtime","2","40","43.401200000000003","10.946400000000001","2.2795000000000001","2","2","22.887170791625977"
"candidate_realtime","2","41","45.804699999999997","12.2905","2.3676000000000004","2","2","23.916006088256836"
"candidate_realtime","2","42","39.867600000000003","10.475","2.2442000000000002","2","2","21.643991470336914"
"candidate_realtime","2","43","61.640799999999999","16.699200000000001","3.3300000000000001","3","3","42.379165649414062"
"candidate_realtime","2","44","41.587200000000003","10.9969","2.5532000000000004","2","2","25.148818969726562"
"candidate_realtime","2","45","41.451000000000001","10.233599999999999","2.7907000000000002","2","2","24.887508392333984"
"candidate_realtime","2","46","41.953200000000002","11.273400000000001","2.2801","2","2","23.850183486938477"
"candidate_realtime","2","47","39.799799999999998","11.344999999999999","2.4001000000000001","2","2","23.610019683837891"
"candidate_realtime","2","48","37.779699999999998","11.122399999999999","2.2900999999999998","2","2","25.719635009765625"
"candidate_realtime","2","49","42.157400000000003","10.577500000000001","2.3329","2","2","26.861574172973633"
"candidate_realtime","2","50","48.198900000000002","10.667200000000001","2.2152000000000003","2","2","19.918771743774414"
"candidate_realtime","2","51","58.841799999999999","11.007400000000001","2.3152999999999997","2","2","21.756961822509766"
"candidate_realtime","2","52","49.276200000000003","10.9148","2.2519999999999998","2","2","17.866363525390625"
"candidate_realtime","2","53","48.924500000000002","10.4871","2.2305000000000001","2","2","20.124975204467773"
"candidate_realtime","2","54","41.891800000000003","11.660399999999999","2.2363999999999997","2","2","20.215824127197266"
"candidate_realtime","2","55","37.796300000000002","10.459399999999999","2.3155999999999999","2","2","25.814445495605469"
"candidate_realtime","2","56","48.212699999999998","10.9526","2.4085999999999999","2","2","26.139827728271484"
"candidate_realtime","2","57","39.531199999999998","10.678599999999999","2.3544999999999998","2","2","20.414703369140625"
"candidate_realtime","2","58","43.1875","10.918700000000001","2.5442999999999998","2","2","25.540891647338867"
"candidate_realtime","2","59","44.412999999999997","12.345400000000001","3.0643000000000002","2","2","21.149787902832031"
"candidate_realtime","2","60","84.843999999999994","17.874000000000002","3.5239000000000003","3","3","31.902811050415039"
"legacy_native_061_script","2","1","90.086699999999993","69.349800000000002","2.7204999999999999","2","2","10.352717399597168"
"legacy_native_061_script","2","2","93.012699999999995","73.211100000000002","2.4393000000000002","2","2","11.223483085632324"
"legacy_native_061_script","2","3","128.67439999999999","101.9658","3.7247000000000003","3","3","21.571390151977539"
"legacy_native_061_script","2","4","81.185100000000006","66.494","2.9619","2","2","12.475143432617188"
"legacy_native_061_script","2","5","84.375","66.253699999999995","2.4622000000000002","2","2","12.119317054748535"
"legacy_native_061_script","2","6","83.098699999999994","68.810599999999994","2.5163000000000002","2","2","11.801219940185547"
"legacy_native_061_script","2","7","88.384299999999996","70.534999999999997","2.3439999999999999","2","2","11.569280624389648"
"legacy_native_061_script","2","8","101.3147","69.516099999999994","2.5267999999999997","2","2","11.672520637512207"
"legacy_native_061_script","2","9","88.251800000000003","69.915400000000005","2.4207000000000001","2","2","9.2268714904785156"
"legacy_native_061_script","2","10","80.943200000000004","67.788399999999996","2.4590000000000001","2","2","12.327872276306152"
"legacy_native_061_script","2","11","130.18539999999999","99.629000000000005","3.7382999999999997","3","3","20.668544769287109"
"legacy_native_061_script","2","12","81.892799999999994","64.9101","2.4036999999999997","2","2","12.707222938537598"
"legacy_native_061_script","2","13","80.329300000000003","65.86869999999999","2.5356000000000001","2","2","11.808996200561523"
"legacy_native_061_script","2","14","85.988500000000002","70.873700000000014","2.2768999999999999","2","2","12.14340877532959"
"legacy_native_061_script","2","15","82.808700000000002","66.666200000000003","2.4161999999999999","2","2","12.116233825683594"
"legacy_native_061_script","2","16","81.987200000000001","68.0869","3.2038000000000002","2","2","11.754057884216309"
"legacy_native_061_script","2","17","87.492099999999994","71.446599999999989","2.3447","2","2","12.425477981567383"
"legacy_native_061_script","2","18","84.228999999999999","68.829000000000008","2.3077000000000001","2","2","11.294967651367188"
"legacy_native_061_script","2","19","87.241200000000006","67.640299999999996","2.7517","2","2","11.792967796325684"
"legacy_native_061_script","2","20","145.87479999999999","109.04499999999999","3.5230000000000006","3","3","19.107160568237305"
"legacy_native_061_script","2","21","82.653099999999995","66.487499999999997","2.3685999999999998","2","2","11.399181365966797"
"legacy_native_061_script","2","22","79.107100000000003","65.671899999999994","2.6488","2","2","12.633313179016113"
"legacy_native_061_script","2","23","91.630499999999998","69.537000000000006","2.5270999999999999","2","2","12.227988243103027"
"legacy_native_061_script","2","24","80.557599999999994","66.278500000000008","2.4488000000000003","2","2","11.171424865722656"
"legacy_native_061_script","2","25","83.128900000000002","68.657800000000009","2.3529","2","2","12.346044540405273"
"legacy_native_061_script","2","26","99.267399999999995","76.749799999999993","2.6301000000000001","2","2","11.475865364074707"
"legacy_native_061_script","2","27","85.969899999999996","70.328400000000002","2.5124","2","2","10.209040641784668"
"legacy_native_061_script","2","28","140.3484","108.77270000000001","4.6494999999999997","3","3","18.4124755859375"
"legacy_native_061_script","2","29","100.5581","77.803300000000007","2.8371","2","2","10.989421844482422"
"legacy_native_061_script","2","30","116.985","81.896699999999996","3.2897999999999996","2","2","8.9898386001586914"
"legacy_native_061_script","2","31","90.218800000000002","70.291899999999998","2.5569999999999999","2","2","9.6898002624511719"
"legacy_native_061_script","2","32","101.1361","77.846299999999999","3.2667999999999999","2","2","10.567919731140137"
"legacy_native_061_script","2","33","88.351399999999998","73.239599999999996","3.1947000000000001","2","2","10.147833824157715"
"legacy_native_061_script","2","34","83.593100000000007","69.200599999999994","2.3247999999999998","2","2","12.057897567749023"
"legacy_native_061_script","2","35","85.667500000000004","66.078299999999999","2.7888999999999999","2","2","12.065229415893555"
"legacy_native_061_script","2","36","127.6009","100.8319","3.7495999999999996","3","3","22.535972595214844"
"legacy_native_061_script","2","37","79.921999999999997","65.183300000000003","2.3514999999999997","2","2","12.266582489013672"
"legacy_native_061_script","2","38","99.681700000000006","67.960499999999996","2.3243","2","2","12.501125335693359"
"legacy_native_061_script","2","39","80.460599999999999","66.779899999999998","2.3906000000000001","2","2","9.7353067398071289"
"legacy_native_061_script","2","40","86.014799999999994","70.216700000000003","2.3115999999999999","2","2","12.699348449707031"
"legacy_native_061_script","2","41","94.555499999999995","73.741900000000001","2.8502999999999998","2","2","11.020583152770996"
"legacy_native_061_script","2","42","80.368899999999996","65.612399999999994","2.4878999999999998","2","2","10.935917854309082"
"legacy_native_061_script","2","43","83.692899999999995","65.522899999999993","2.5571000000000002","2","2","12.715285301208496"
"legacy_native_061_script","2","44","86.555199999999999","66.882800000000003","2.3871000000000002","2","2","11.689262390136719"
"legacy_native_061_script","2","45","134.6652","100.5754","3.9821999999999997","3","3","21.329374313354492"
"legacy_native_061_script","2","46","96.878900000000002","71.138000000000005","2.6699999999999999","2","2","10.70643138885498"
"legacy_native_061_script","2","47","92.578100000000006","66.576099999999997","2.5441000000000003","2","2","10.748781204223633"
"legacy_native_061_script","2","48","88.465199999999996","69.442000000000007","3.0156000000000001","2","2","10.619894027709961"
"legacy_native_061_script","2","49","88.398799999999994","74.138000000000005","2.7304000000000004","2","2","11.038294792175293"
"legacy_native_061_script","2","50","85.087999999999994","68.3202","2.4745999999999997","2","2","12.43193531036377"
"legacy_native_061_script","2","51","80.572599999999994","67.350799999999992","2.4243999999999999","2","2","11.795888900756836"
"legacy_native_061_script","2","52","89.194000000000003","67.43180000000001","2.4589999999999996","2","2","11.764926910400391"
"legacy_native_061_script","2","53","138.7509","106.74289999999999","4.468","3","3","19.009853363037109"
"legacy_native_061_script","2","54","84.424899999999994","66.6023","2.4675000000000002","2","2","12.097984313964844"
"legacy_native_061_script","2","55","82.873900000000006","66.763200000000012","2.4165999999999999","2","2","11.444357872009277"
"legacy_native_061_script","2","56","85.435299999999998","64.701899999999995","2.4375999999999998","2","2","12.340376853942871"
"legacy_native_061_script","2","57","81.010099999999994","68.879400000000004","2.3213999999999997","2","2","11.855195999145508"
"legacy_native_061_script","2","58","82.972200000000001","69.213799999999992","2.4100999999999999","2","2","12.192163467407227"
"legacy_native_061_script","2","59","79.545199999999994","65.0518","2.5831","2","2","12.196981430053711"
"legacy_native_061_script","2","60","88.488200000000006","66.701099999999997","3.2873000000000001","2","2","11.904378890991211"
"legacy_native_061_script","3","1","152.7689","107.4101","4.4342999999999995","3","3","19.721843719482422"
"legacy_native_061_script","3","2","90.350300000000004","74.087000000000003","2.4257999999999997","2","2","10.51420783996582"
"legacy_native_061_script","3","3","83.790899999999993","67.692099999999996","2.3647","2","2","10.632133483886719"
"legacy_native_061_script","3","4","100.6151","68.879899999999992","2.7376","2","2","11.377871513366699"
"legacy_native_061_script","3","5","84.794799999999995","71.057299999999998","2.6431","2","2","10.288393974304199"
"legacy_native_061_script","3","6","84.662499999999994","65.800200000000004","2.3969","2","2","12.540191650390625"
"legacy_native_061_script","3","7","88.768600000000006","66.942800000000005","2.7662","2","2","11.437276840209961"
"legacy_native_061_script","3","8","79.077699999999993","65.122399999999999","2.3659999999999997","2","2","11.608037948608398"
"legacy_native_061_script","3","9","132.65989999999999","101.10029999999999","3.5488999999999997","3","3","19.774961471557617"
"legacy_native_061_script","3","10","86.061400000000006","67.323700000000002","2.3041","2","2","12.190587997436523"
"legacy_native_061_script","3","11","83.1464","66.673200000000008","2.3616000000000001","2","2","11.728320121765137"
"legacy_native_061_script","3","12","84.025400000000005","68.710900000000009","3.2656999999999998","2","2","11.703749656677246"
"legacy_native_061_script","3","13","87.309600000000003","67.531999999999996","2.3848000000000003","2","2","11.912888526916504"
"legacy_native_061_script","3","14","88.945400000000006","68.4786","3.3933999999999997","2","2","11.216232299804688"
"legacy_native_061_script","3","15","101.3413","68.600300000000004","2.4051999999999998","2","2","10.697017669677734"
"legacy_native_061_script","3","16","88.073599999999999","68.973299999999995","2.5884999999999998","2","2","10.62642765045166"
"legacy_native_061_script","3","17","82.886799999999994","67.3673","2.3523000000000001","2","2","11.430230140686035"
"legacy_native_061_script","3","18","128.5121","101.72319999999999","3.6991000000000005","3","3","22.177177429199219"
"legacy_native_061_script","3","19","88.677800000000005","66.772099999999995","2.3088000000000002","2","2","11.662079811096191"
"legacy_native_061_script","3","20","81.008099999999999","66.217600000000004","2.3157000000000001","2","2","11.653300285339355"
"legacy_native_061_script","3","21","84.982600000000005","69.019300000000001","3.5900999999999996","2","2","12.474769592285156"
"legacy_native_061_script","3","22","92.707400000000007","68.323000000000008","2.6896","2","2","11.437290191650391"
"legacy_native_061_script","3","23","89.608500000000006","74.021600000000007","2.3845999999999998","2","2","10.965332984924316"
"legacy_native_061_script","3","24","84.296700000000001","66.495599999999996","2.4565999999999999","2","2","11.180580139160156"
"legacy_native_061_script","3","25","95.8994","69.027199999999993","2.8127","2","2","11.447423934936523"
"legacy_native_061_script","3","26","144.52209999999999","102.5825","3.9649999999999999","3","3","17.920953750610352"
"legacy_native_061_script","3","27","83.713200000000001","66.269599999999997","3.3287","2","2","12.410751342773438"
"legacy_native_061_script","3","28","89.030500000000004","68.297300000000007","2.3414000000000001","2","2","11.937376976013184"
"legacy_native_061_script","3","29","87.904300000000006","67.838999999999999","3.0597000000000003","2","2","11.364786148071289"
"legacy_native_061_script","3","30","87.601399999999998","71.737700000000004","3.2885","2","2","10.502392768859863"
"legacy_native_061_script","3","31","95.260999999999996","67.604799999999997","2.3513999999999999","2","2","11.64302921295166"
"legacy_native_061_script","3","32","92.102199999999996","70.505499999999998","2.5491000000000001","2","2","10.526493072509766"
"legacy_native_061_script","3","33","98.204700000000003","66.595100000000002","2.6246999999999998","2","2","10.748285293579102"
"legacy_native_061_script","3","34","148.29409999999999","110.0059","3.6303999999999998","3","3","16.869352340698242"
"legacy_native_061_script","3","35","86.058199999999999","70.580700000000007","2.6287000000000003","2","2","12.171802520751953"
"legacy_native_061_script","3","36","91.033500000000004","69.771500000000003","2.4184999999999999","2","2","11.455921173095703"
"legacy_native_061_script","3","37","88.149299999999997","70.307600000000008","2.4908999999999999","2","2","11.198635101318359"
"legacy_native_061_script","3","38","83.170100000000005","64.711100000000002","2.2928000000000002","2","2","11.559477806091309"
"legacy_native_061_script","3","39","84.892099999999999","69.708799999999997","2.6297999999999999","2","2","11.430922508239746"
"legacy_native_061_script","3","40","85.209999999999994","67.393100000000004","2.4501999999999997","2","2","12.18690299987793"
"legacy_native_061_script","3","41","100.4752","84.400200000000012","3.3658999999999999","2","2","9.7441673278808594"
"legacy_native_061_script","3","42","134.33879999999999","102.9538","3.6032000000000002","3","3","19.497585296630859"
"legacy_native_061_script","3","43","84.449100000000001","66.734800000000007","2.5350999999999999","2","2","12.53239631652832"
"legacy_native_061_script","3","44","85.477500000000006","70.754099999999994","2.4497999999999998","2","2","11.147129058837891"
"legacy_native_061_script","3","45","81.020099999999999","67.058699999999988","2.4388000000000001","2","2","12.43494987487793"
"legacy_native_061_script","3","46","86.129300000000001","69.78309999999999","2.3819999999999997","2","2","11.825628280639648"
"legacy_native_061_script","3","47","88.593299999999999","69.960800000000006","2.7837999999999998","2","2","11.200390815734863"
"legacy_native_061_script","3","48","89.364999999999995","70.887100000000004","3.1387","2","2","11.521958351135254"
"legacy_native_061_script","3","49","86.318299999999994","68.814599999999999","2.4512","2","2","11.496724128723145"
"legacy_native_061_script","3","50","89.432000000000002","66.036799999999999","2.5209999999999999","2","2","11.733963012695312"
"legacy_native_061_script","3","51","134.22640000000001","103.0282","3.6013999999999999","3","3","22.351062774658203"
"legacy_native_061_script","3","52","87.050200000000004","67.33189999999999","2.8838999999999997","2","2","10.605005264282227"
"legacy_native_061_script","3","53","87.689300000000003","66.460099999999997","2.4598","2","2","12.221293449401855"
"legacy_native_061_script","3","54","88.354200000000006","69.264700000000005","2.3178999999999998","2","2","10.795907020568848"
"legacy_native_061_script","3","55","85.698599999999999","70.872600000000006","2.7378","2","2","11.153805732727051"
"legacy_native_061_script","3","56","88.602000000000004","69.650099999999995","2.4384999999999999","2","2","12.313966751098633"
"legacy_native_061_script","3","57","86.439899999999994","68.888400000000004","3.6148999999999996","2","2","11.364553451538086"
"legacy_native_061_script","3","58","100.1217","67.479900000000001","2.4528999999999996","2","2","10.688716888427734"
"legacy_native_061_script","3","59","131.5461","103.14160000000001","4.0268999999999995","3","3","20.783151626586914"
"legacy_native_061_script","3","60","86.738200000000006","68.199600000000004","3.1543999999999999","2","2","12.202845573425293"
"candidate_realtime","3","1","26.0549","12.443100000000001","2.2271000000000001","2","2","37.635723114013672"
"candidate_realtime","3","2","23.246300000000002","10.957599999999999","2.2164000000000001","2","2","40.857017517089844"
"candidate_realtime","3","3","29.301200000000001","11.2493","2.2328000000000001","2","2","41.80322265625"
"candidate_realtime","3","4","26.355399999999999","11.113","2.1376999999999997","2","2","32.483669281005859"
"candidate_realtime","3","5","24.810099999999998","11.646699999999999","2.5699000000000001","2","2","40.005599975585938"
"candidate_realtime","3","6","30.6449","15.359200000000001","2.4965999999999999","2","2","33.341556549072266"
"candidate_realtime","3","7","22.849399999999999","10.7979","2.2706999999999997","2","2","40.549362182617188"
"candidate_realtime","3","8","27.2486","11.604800000000001","2.2107999999999999","2","2","41.857994079589844"
"candidate_realtime","3","9","27.873999999999999","14.138300000000001","3.0701000000000001","2","2","32.740299224853516"
"candidate_realtime","3","10","27.1264","11.257099999999999","2.3359999999999999","2","2","40.127120971679688"
"candidate_realtime","3","11","40.877899999999997","16.930399999999999","3.2726000000000002","3","3","66.104339599609375"
"candidate_realtime","3","12","35.290300000000002","12.6251","2.8752","2","2","38.292903900146484"
"candidate_realtime","3","13","35.695300000000003","12.9724","2.2872000000000003","2","2","23.839038848876953"
"candidate_realtime","3","14","26.971399999999999","12.697299999999998","3.0300000000000002","2","2","33.537689208984375"
"candidate_realtime","3","15","26.2408","11.4902","2.1942000000000004","2","2","38.189804077148438"
"candidate_realtime","3","16","25.922799999999999","11.989699999999999","2.4430000000000001","2","2","34.521923065185547"
"candidate_realtime","3","17","29.442399999999999","11.316400000000002","2.282","2","2","40.894611358642578"
"candidate_realtime","3","18","24.654800000000002","11.928900000000001","2.2358000000000002","2","2","35.564155578613281"
"candidate_realtime","3","19","25.9923","12.091799999999999","2.5162","2","2","38.235069274902344"
"candidate_realtime","3","20","26.303599999999999","11.5829","2.2605","2","2","40.612434387207031"
"candidate_realtime","3","21","29.0137","11.6995","2.226","2","2","38.186885833740234"
"candidate_realtime","3","22","23.859300000000001","11.4337","2.8662999999999998","2","2","34.395111083984375"
"candidate_realtime","3","23","26.035499999999999","11.0608","2.1549","2","2","41.174629211425781"
"candidate_realtime","3","24","30.619","13.085699999999999","2.5413000000000001","2","2","34.426609039306641"
"candidate_realtime","3","25","36.533499999999997","13.8635","2.5082","2","2","29.1483154296875"
"candidate_realtime","3","26","25.9025","11.340900000000001","2.3346","2","2","31.551813125610352"
"candidate_realtime","3","27","25.8065","11.1678","2.1357999999999997","2","2","41.848533630371094"
"candidate_realtime","3","28","24.747800000000002","11.504","3.0379","2","2","38.696094512939453"
"candidate_realtime","3","29","26.937999999999999","10.885000000000002","2.0933999999999999","2","2","41.427421569824219"
"candidate_realtime","3","30","26.004300000000001","12.74","2.3378000000000001","2","2","34.011524200439453"
"candidate_realtime","3","31","30.8401","12.507000000000001","2.5441000000000003","2","2","39.138790130615234"
"candidate_realtime","3","32","23.378399999999999","11.490400000000001","2.2961","2","2","33.531955718994141"
"candidate_realtime","3","33","28.002500000000001","11.3308","2.2587999999999999","2","2","38.669162750244141"
"candidate_realtime","3","34","24.781700000000001","11.124499999999999","2.2003000000000004","2","2","41.233543395996094"
"candidate_realtime","3","35","24.927800000000001","11.444800000000001","2.1883999999999997","2","2","38.140716552734375"
"candidate_realtime","3","36","26.178000000000001","13.578099999999999","2.4183000000000003","2","2","39.045722961425781"
"candidate_realtime","3","37","31.003699999999998","14.2326","2.3616000000000001","2","2","35.246139526367188"
"candidate_realtime","3","38","43.290399999999998","18.371299999999998","3.5085999999999999","3","3","61.501373291015625"
"candidate_realtime","3","39","34.994500000000002","16.672699999999999","2.9702000000000002","2","2","28.947999954223633"
"candidate_realtime","3","40","40.362099999999998","15.5372","2.6910999999999996","2","2","29.766689300537109"
"candidate_realtime","3","41","31.256599999999999","11.383600000000001","2.3008999999999999","2","2","24.740655899047852"
"candidate_realtime","3","42","34.705599999999997","11.552299999999999","2.2913000000000001","2","2","33.016593933105469"
"candidate_realtime","3","43","32.891100000000002","14.776299999999999","3.1442999999999999","2","2","27.835304260253906"
"candidate_realtime","3","44","23.854600000000001","11.183400000000001","2.6258999999999997","2","2","35.848716735839844"
"candidate_realtime","3","45","26.306999999999999","14.3004","2.4009999999999998","2","2","40.888256072998047"
"candidate_realtime","3","46","25.5899","12.128499999999999","2.2928999999999999","2","2","37.02044677734375"
"candidate_realtime","3","47","31.8797","11.9206","2.2949999999999999","2","2","37.025108337402344"
"candidate_realtime","3","48","34.898899999999998","12.578099999999999","2.7979000000000003","2","2","27.367942810058594"
"candidate_realtime","3","49","28.700199999999999","11.822199999999999","3.0517000000000003","2","2","35.201725006103516"
"candidate_realtime","3","50","26.927499999999998","11.2623","2.2316000000000003","2","2","34.238483428955078"
"candidate_realtime","3","51","34.754300000000001","12.305400000000001","2.3704000000000001","2","2","36.214694976806641"
"candidate_realtime","3","52","23.1692","11.3886","2.2274000000000003","2","2","31.075298309326172"
"candidate_realtime","3","53","25.532299999999999","11.350999999999999","2.3604000000000003","2","2","40.314289093017578"
"candidate_realtime","3","54","23.781300000000002","10.764099999999999","2.1639999999999997","2","2","41.909919738769531"
"candidate_realtime","3","55","27.514399999999998","11.786300000000001","2.1972","2","2","41.289386749267578"
"candidate_realtime","3","56","21.646000000000001","10.880800000000001","2.1892","2","2","37.277687072753906"
"candidate_realtime","3","57","22.870899999999999","10.9589","2.1710000000000003","2","2","44.385856628417969"
"candidate_realtime","3","58","23.2227","11.521899999999999","2.3098999999999998","2","2","43.739173889160156"
"candidate_realtime","3","59","35.108199999999997","11.111499999999999","2.2831999999999999","2","2","42.651378631591797"
"candidate_realtime","3","60","28.685099999999998","11.385400000000001","2.3147000000000002","2","2","28.626718521118164"
"candidate_duplicate_cache_control","3","1","31.4879","15.328799999999999","2.3665000000000003","2","2","31.952251434326172"
"candidate_duplicate_cache_control","3","2","32.367400000000004","16.084","3.5334000000000003","2","2","31.042596817016602"
"candidate_duplicate_cache_control","3","3","43.258600000000001","15.601100000000001","2.5526999999999997","2","2","28.561145782470703"
"candidate_duplicate_cache_control","3","4","37.290799999999997","16.4224","2.2744","2","2","23.972938537597656"
"candidate_duplicate_cache_control","3","5","26.597300000000001","14.312100000000001","2.3763000000000001","2","2","27.795690536499023"
"candidate_duplicate_cache_control","3","6","30.590499999999999","18.188099999999999","2.2645999999999997","2","2","33.768039703369141"
"candidate_duplicate_cache_control","3","7","28.133700000000001","14.812000000000001","2.2107999999999999","2","2","35.930252075195312"
"candidate_duplicate_cache_control","3","8","36.569800000000001","17.293099999999999","2.3140999999999998","2","2","36.834720611572266"
"candidate_duplicate_cache_control","3","9","35.457599999999999","19.805","3.1128","2","2","24.844226837158203"
"candidate_duplicate_cache_control","3","10","29.3901","16.6371","2.3738999999999999","2","2","29.815324783325195"
"candidate_duplicate_cache_control","3","11","29.5901","16.922599999999999","2.4276999999999997","2","2","34.480617523193359"
"candidate_duplicate_cache_control","3","12","30.620000000000001","14.487200000000001","2.6928000000000001","2","2","33.553329467773438"
"candidate_duplicate_cache_control","3","13","28.7834","16.584399999999999","2.2538999999999998","2","2","34.477527618408203"
"candidate_duplicate_cache_control","3","14","31.937100000000001","14.492100000000001","2.1894","2","2","32.93731689453125"
"candidate_duplicate_cache_control","3","15","29.2103","14.8904","2.2728999999999999","2","2","31.873626708984375"
"candidate_duplicate_cache_control","3","16","49.7348","22.370799999999999","4.1499999999999995","3","3","47.612472534179688"
"candidate_duplicate_cache_control","3","17","29.5596","14.2828","2.1874000000000002","2","2","32.377967834472656"
"candidate_duplicate_cache_control","3","18","30.678100000000001","14.979900000000001","2.3649","2","2","34.788658142089844"
"candidate_duplicate_cache_control","3","19","30.293199999999999","14.462399999999999","2.1482999999999999","2","2","34.759757995605469"
"candidate_duplicate_cache_control","3","20","36.256500000000003","14.941800000000001","2.4571000000000001","2","2","31.31468391418457"
"candidate_duplicate_cache_control","3","21","33.952300000000001","15.789900000000001","2.3336999999999999","2","2","24.879396438598633"
"candidate_duplicate_cache_control","3","22","31.078600000000002","16.75","2.5625","2","2","31.357301712036133"
"candidate_duplicate_cache_control","3","23","33.369799999999998","17.264700000000001","2.2810999999999999","2","2","31.717233657836914"
"candidate_duplicate_cache_control","3","24","29.121600000000001","15.746599999999999","2.2809999999999997","2","2","33.055992126464844"
"candidate_duplicate_cache_control","3","25","32.9621","19.6067","2.5663999999999998","2","2","33.929130554199219"
"candidate_duplicate_cache_control","3","26","29.142199999999999","16.2639","2.3151999999999999","2","2","30.14027214050293"
"candidate_duplicate_cache_control","3","27","28.441500000000001","15.667400000000001","2.3241000000000001","2","2","33.656776428222656"
"candidate_duplicate_cache_control","3","28","29.754799999999999","14.9739","2.2637999999999998","2","2","36.573635101318359"
"candidate_duplicate_cache_control","3","29","29.000599999999999","15.228899999999999","2.7061000000000002","2","2","32.920619964599609"
"candidate_duplicate_cache_control","3","30","28.011399999999998","15.351800000000001","2.3524000000000003","2","2","33.637077331542969"
"candidate_duplicate_cache_control","3","31","27.2986","14.545199999999999","2.2557","2","2","37.019214630126953"
"candidate_duplicate_cache_control","3","32","27.511199999999999","16.069299999999998","2.2161","2","2","37.463146209716797"
"candidate_duplicate_cache_control","3","33","28.255500000000001","14.394","2.1955","2","2","36.555454254150391"
"candidate_duplicate_cache_control","3","34","33.859400000000001","15.1915","2.8066","2","2","31.230091094970703"
"candidate_duplicate_cache_control","3","35","29.737100000000002","15.7959","2.2972000000000001","2","2","31.456829071044922"
"candidate_duplicate_cache_control","3","36","28.222300000000001","14.757300000000001","2.3636999999999997","2","2","35.1307373046875"
"candidate_duplicate_cache_control","3","37","32.849400000000003","15.1784","2.6163999999999996","2","2","32.015266418457031"
"candidate_duplicate_cache_control","3","38","27.630299999999998","14.3497","2.4611999999999998","2","2","32.660419464111328"
"candidate_duplicate_cache_control","3","39","32.691000000000003","14.8909","3.0150999999999999","2","2","35.777664184570312"
"candidate_duplicate_cache_control","3","40","26.477499999999999","14.234400000000001","2.2927999999999997","2","2","30.911136627197266"
"candidate_duplicate_cache_control","3","41","64.129499999999993","23.578499999999998","3.4532000000000003","3","3","43.399200439453125"
"candidate_duplicate_cache_control","3","42","33.698999999999998","14.6549","2.2595999999999998","2","2","32.238513946533203"
"candidate_duplicate_cache_control","3","43","33.616199999999999","16.081399999999999","2.6638999999999999","2","2","30.004980087280273"
"candidate_duplicate_cache_control","3","44","306.28250000000003","14.4594","272.33879999999999","2","2","3.3062551021575928"
"candidate_duplicate_cache_control","3","45","28.41","14.5403","2.2923999999999998","2","2","27.963111877441406"
"candidate_duplicate_cache_control","3","46","29.581299999999999","14.3948","2.2004999999999999","2","2","33.696353912353516"
"candidate_duplicate_cache_control","3","47","35.059199999999997","15.216200000000001","2.1972","2","2","33.754364013671875"
"candidate_duplicate_cache_control","3","48","31.8687","16.110900000000001","2.3820000000000001","2","2","25.719768524169922"
"candidate_duplicate_cache_control","3","49","27.956199999999999","14.6005","2.089","2","2","37.684940338134766"
"candidate_duplicate_cache_control","3","50","32.297600000000003","15.183299999999999","2.2881","2","2","34.813003540039062"
"candidate_duplicate_cache_control","3","51","39.018999999999998","15.0809","2.3326000000000002","2","2","26.115388870239258"
"candidate_duplicate_cache_control","3","52","38.121400000000001","15.299099999999999","2.3421000000000003","2","2","28.107099533081055"
"candidate_duplicate_cache_control","3","53","40.1235","15.839700000000001","2.4633000000000003","2","2","23.612695693969727"
"candidate_duplicate_cache_control","3","54","35.692999999999998","15.947700000000001","2.5964999999999998","2","2","26.5927734375"
"candidate_duplicate_cache_control","3","55","55.222900000000003","27.3386","3.5423999999999998","3","3","39.000949859619141"
"candidate_duplicate_cache_control","3","56","30.651","15.7828","2.3860999999999999","2","2","32.871379852294922"
"candidate_duplicate_cache_control","3","57","26.814499999999999","14.783000000000001","2.4104000000000001","2","2","33.203067779541016"
"candidate_duplicate_cache_control","3","58","30.0152","14.124700000000001","2.2224000000000004","2","2","36.235034942626953"
"candidate_duplicate_cache_control","3","59","26.8706","14.584900000000001","2.1292","2","2","34.996482849121094"
"candidate_duplicate_cache_control","3","60","33.354399999999998","16.459200000000003","2.2919999999999998","2","2","35.000156402587891"
"candidate_manual","3","1","41.1783","9.8401999999999994","2.3090999999999999","2","2","26.411914825439453"
"candidate_manual","3","2","37.3322","11.176","2.3745000000000003","2","2","25.274225234985352"
"candidate_manual","3","3","38.037300000000002","9.5102000000000011","2.2354000000000003","2","2","26.284801483154297"
"candidate_manual","3","4","41.075600000000001","10.385300000000001","2.6391999999999998","2","2","25.067054748535156"
"candidate_manual","3","5","43.668900000000001","9.3747000000000007","2.2400000000000002","2","2","21.699459075927734"
"candidate_manual","3","6","43.5792","9.7047999999999988","2.3548999999999998","2","2","28.043725967407227"
"candidate_manual","3","7","36.147399999999998","9.6515000000000004","2.2441","2","2","22.49354362487793"
"candidate_manual","3","8","34.109099999999998","9.2333999999999996","2.1566000000000001","2","2","28.535636901855469"
"candidate_manual","3","9","42.288499999999999","12.2197","2.3429000000000002","2","2","28.758275985717773"
"candidate_manual","3","10","37.6023","9.3626000000000005","2.3052999999999999","2","2","23.038501739501953"
"candidate_manual","3","11","61.715600000000002","13.913","4.2435999999999998","3","3","43.268501281738281"
"candidate_manual","3","12","45.319299999999998","9.4709000000000003","2.2503000000000002","2","2","22.650569915771484"
"candidate_manual","3","13","39.672899999999998","9.3872","2.1802000000000001","2","2","27.051958084106445"
"candidate_manual","3","14","53.421100000000003","11.666699999999999","3.0171999999999999","2","2","22.960426330566406"
"candidate_manual","3","15","39.041400000000003","9.5483000000000011","2.2031999999999998","2","2","19.884866714477539"
"candidate_manual","3","16","39.345500000000001","9.6128","2.2800000000000002","2","2","25.256095886230469"
"candidate_manual","3","17","42.047400000000003","10.227399999999999","2.2641999999999998","2","2","22.254169464111328"
"candidate_manual","3","18","36.066400000000002","9.2852999999999994","2.1512000000000002","2","2","28.551523208618164"
"candidate_manual","3","19","40.474800000000002","9.7917000000000005","2.2027999999999999","2","2","27.301965713500977"
"candidate_manual","3","20","37.456299999999999","9.923","2.2918000000000003","2","2","23.637811660766602"
"candidate_manual","3","21","39.097000000000001","10.0061","2.4938000000000002","2","2","25.063346862792969"
"candidate_manual","3","22","37.375399999999999","9.4639999999999986","2.3087","2","2","27.760736465454102"
"candidate_manual","3","23","40.719099999999997","9.2379999999999995","2.1509","2","2","25.900897979736328"
"candidate_manual","3","24","33.878399999999999","9.5349000000000004","2.1527000000000003","2","2","26.09296989440918"
"candidate_manual","3","25","44.117199999999997","10.137699999999999","2.5141","2","2","28.316659927368164"
"candidate_manual","3","26","36.046500000000002","9.3362999999999996","2.262","2","2","22.498199462890625"
"candidate_manual","3","27","35.673499999999997","9.2102000000000004","2.2288000000000001","2","2","28.471452713012695"
"candidate_manual","3","28","38.849699999999999","9.7799000000000014","2.6071","2","2","26.565858840942383"
"candidate_manual","3","29","37.376800000000003","9.3095999999999997","2.2789000000000001","2","2","26.670080184936523"
"candidate_manual","3","30","62.104399999999998","15.671300000000002","3.5419999999999998","3","3","44.860549926757812"
"candidate_manual","3","31","42.606699999999996","9.6222999999999992","2.2184999999999997","2","2","24.355907440185547"
"candidate_manual","3","32","34.762599999999999","9.8658999999999999","2.1842999999999999","2","2","26.260366439819336"
"candidate_manual","3","33","38.293599999999998","9.4352999999999998","2.2292999999999998","2","2","26.960063934326172"
"candidate_manual","3","34","34.799900000000001","9.6237999999999992","2.1954000000000002","2","2","27.899917602539062"
"candidate_manual","3","35","36.043799999999997","9.3109999999999999","2.2431999999999999","2","2","28.645416259765625"
"candidate_manual","3","36","42.841099999999997","11.619899999999999","3.0095999999999998","2","2","25.459285736083984"
"candidate_manual","3","37","38.004800000000003","9.1677999999999997","2.1271","2","2","24.030027389526367"
"candidate_manual","3","38","39.927","9.2775999999999996","2.2964000000000002","2","2","25.900964736938477"
"candidate_manual","3","39","36.202300000000001","9.5654000000000003","2.2782","2","2","26.067667007446289"
"candidate_manual","3","40","42.404000000000003","12.578299999999999","3.1059999999999999","2","2","24.189998626708984"
"candidate_manual","3","41","50.155999999999999","13.022400000000001","3.3163999999999998","2","2","23.823249816894531"
"candidate_manual","3","42","43.622700000000002","10.0045","2.3311999999999999","2","2","19.274953842163086"
"candidate_manual","3","43","37.122799999999998","9.230599999999999","2.1433999999999997","2","2","26.682035446166992"
"candidate_manual","3","44","41.4681","10.2288","2.452","2","2","25.973014831542969"
"candidate_manual","3","45","34.555999999999997","9.2268000000000008","2.1871","2","2","25.546634674072266"
"candidate_manual","3","46","36.694699999999997","9.3808000000000007","2.2921","2","2","28.441329956054688"
"candidate_manual","3","47","38.670299999999997","9.5672999999999995","2.2518000000000002","2","2","27.481361389160156"
"candidate_manual","3","48","41.786200000000001","9.593399999999999","2.3969","2","2","24.702581405639648"
"candidate_manual","3","49","62.675400000000003","14.6798","3.3571","3","3","39.416477203369141"
"candidate_manual","3","50","43.123699999999999","10.418700000000001","2.4424000000000001","2","2","26.706405639648438"
"candidate_manual","3","51","40.213200000000001","9.6993000000000009","2.6523000000000003","2","2","22.783349990844727"
"candidate_manual","3","52","37.382199999999997","9.479099999999999","2.6162999999999998","2","2","25.039060592651367"
"candidate_manual","3","53","38.957500000000003","10.568000000000001","2.5057999999999998","2","2","25.82664680480957"
"candidate_manual","3","54","40.743000000000002","9.7491999999999983","2.4613","2","2","26.119754791259766"
"candidate_manual","3","55","38.0916","10.650500000000001","2.4500999999999999","2","2","24.229032516479492"
"candidate_manual","3","56","45.808500000000002","9.4690000000000012","2.2706999999999997","2","2","28.007282257080078"
"candidate_manual","3","57","39.0152","9.4375","2.3947000000000003","2","2","21.711093902587891"
"candidate_manual","3","58","39.853000000000002","9.5601000000000003","2.2742","2","2","24.934608459472656"
"candidate_manual","3","59","40.486400000000003","10.2417","2.3094999999999999","2","2","23.392524719238281"
"candidate_manual","3","60","36.659599999999998","10.5267","2.2389999999999999","2","2","26.273681640625"
"scatter_callback_off","3","1","12.273999999999999","0","2.7530999999999999","0","2","44.140365600585938"
"scatter_callback_off","3","2","12.7685","0","3.4664999999999999","0","2","78.835128784179688"
"scatter_callback_off","3","3","11.575100000000001","0","2.4854000000000003","0","2","79.327301025390625"
"scatter_callback_off","3","4","12.519500000000001","0","3.0047999999999999","0","2","82.481025695800781"
"scatter_callback_off","3","5","10.821199999999999","0","2.4685999999999999","0","2","87.90435791015625"
"scatter_callback_off","3","6","9.3712","0","2.4187000000000003","0","2","95.366157531738281"
"scatter_callback_off","3","7","14.4992","0","2.5623","0","2","77.607818603515625"
"scatter_callback_off","3","8","11.628399999999999","0","2.8371000000000004","0","2","81.07275390625"
"scatter_callback_off","3","9","16.5197","0","2.3698000000000001","0","2","88.759498596191406"
"scatter_callback_off","3","10","12.943300000000001","0","2.5578000000000003","0","2","57.05841064453125"
"scatter_callback_off","3","11","12.468400000000001","0","2.6593999999999998","0","2","88.869926452636719"
"scatter_callback_off","3","12","18.037099999999999","0","2.5575000000000001","0","2","66.406356811523438"
"scatter_callback_off","3","13","10.888400000000001","0","2.4009","0","2","63.839023590087891"
"scatter_callback_off","3","14","9.6640999999999995","0","2.1776999999999997","0","2","99.499519348144531"
"scatter_callback_off","3","15","10.738899999999999","0","2.2352999999999996","0","2","97.971023559570312"
"scatter_callback_off","3","16","9.9655000000000005","0","2.4888000000000003","0","2","97.683914184570312"
"scatter_callback_off","3","17","10.660399999999999","0","2.3115999999999999","0","2","93.33233642578125"
"scatter_callback_off","3","18","12.710100000000001","0","2.8650000000000002","0","2","82.823966979980469"
"scatter_callback_off","3","19","12.2988","0","2.5544000000000002","0","2","80.205322265625"
"scatter_callback_off","3","20","9.8808000000000007","0","2.4637000000000002","0","2","90.363624572753906"
"scatter_callback_off","3","21","12.489800000000001","0","2.2927","0","2","90.013862609863281"
"scatter_callback_off","3","22","10.5352","0","2.4321999999999999","0","2","82.900863647460938"
"scatter_callback_off","3","23","11.231299999999999","0","2.3037000000000001","0","2","112.6075439453125"
"scatter_callback_off","3","24","9.5478000000000005","0","2.2348999999999997","0","2","84.760848999023438"
"scatter_callback_off","3","25","13.710900000000001","0","2.5476999999999999","0","2","82.267959594726562"
"scatter_callback_off","3","26","12.1173","0","2.6442000000000001","0","2","75.949172973632812"
"scatter_callback_off","3","27","13.9329","0","2.4116","0","2","85.739761352539062"
"scatter_callback_off","3","28","11.845800000000001","0","2.4177999999999997","0","2","75.842033386230469"
"scatter_callback_off","3","29","20.615300000000001","0","3.4946000000000002","0","2","80.991989135742188"
"scatter_callback_off","3","30","17.2011","0","2.4751000000000003","0","2","47.662624359130859"
"scatter_callback_off","3","31","19.559899999999999","0","2.5243000000000002","0","2","46.3966064453125"
"scatter_callback_off","3","32","10.646699999999999","0","3.0610999999999997","0","2","66.943817138671875"
"scatter_callback_off","3","33","11.3164","0","2.6543000000000001","0","2","97.840660095214844"
"scatter_callback_off","3","34","10.3201","0","2.2858999999999998","0","2","91.575088500976562"
"scatter_callback_off","3","35","14.3559","0","2.3654000000000002","0","2","80.774795532226562"
"scatter_callback_off","3","36","10.885400000000001","0","2.8058000000000001","0","2","75.817314147949219"
"scatter_callback_off","3","37","10.8208","0","2.3887999999999998","0","2","97.933601379394531"
"scatter_callback_off","3","38","10.451700000000001","0","2.3464","0","2","94.458137512207031"
"scatter_callback_off","3","39","9.9451000000000001","0","2.3490000000000002","0","2","92.545463562011719"
"scatter_callback_off","3","40","12.3789","0","2.6162999999999998","0","2","109.500244140625"
"scatter_callback_off","3","41","12.8088","0","2.4538000000000002","0","2","73.337974548339844"
"scatter_callback_off","3","42","9.9498999999999995","0","2.2633000000000001","0","2","78.583610534667969"
"scatter_callback_off","3","43","11.386799999999999","0","2.7549999999999999","0","2","97.535285949707031"
"scatter_callback_off","3","44","13.4846","0","2.6310000000000002","0","2","94.981193542480469"
"scatter_callback_off","3","45","16.007200000000001","0","2.5242","0","2","70.1070556640625"
"scatter_callback_off","3","46","13.4283","0","2.7029000000000001","0","2","64.084075927734375"
"scatter_callback_off","3","47","30.082799999999999","0","2.5770999999999997","0","2","73.636077880859375"
"scatter_callback_off","3","48","25.730699999999999","0","3.9209999999999994","0","3","68.488456726074219"
"scatter_callback_off","3","49","13.085900000000001","0","2.6154000000000002","0","2","84.520133972167969"
"scatter_callback_off","3","50","13.2362","0","2.3184","0","2","70.264190673828125"
"scatter_callback_off","3","51","10.634","0","2.4154","0","2","95.327972412109375"
"scatter_callback_off","3","52","10.971299999999999","0","2.3346","0","2","92.87896728515625"
"scatter_callback_off","3","53","13.0931","0","2.3749000000000002","0","2","84.703407287597656"
"scatter_callback_off","3","54","10.615399999999999","0","2.6667999999999998","0","2","76.904739379882812"
"scatter_callback_off","3","55","10.380000000000001","0","3.0049999999999999","0","2","103.29084777832031"
"scatter_callback_off","3","56","10.2293","0","2.2766000000000002","0","2","95.214515686035156"
"scatter_callback_off","3","57","11.8911","0","3.0834000000000001","0","2","88.530044555664062"
"scatter_callback_off","3","58","10.8696","0","2.3699000000000003","0","2","94.409095764160156"
"scatter_callback_off","3","59","10.785","0","2.3182999999999998","0","2","87.36065673828125"
"scatter_callback_off","3","60","14.158099999999999","0","3.1156999999999999","0","2","81.333877563476562"
