case,repeat,frame,wall_ms,scatter_callback_ms,analyzer_callback_ms,scatter_calls,analyzer_calls,reported_fps_unverified
"pyramid_2000","1","1","106.667","74.192900000000009","2.5193000000000003","2","2","10.028621673583984"
"pyramid_2000","1","2","89.320899999999995","69.900299999999987","2.2778999999999998","2","2","9.9057369232177734"
"pyramid_2000","1","3","138.71530000000001","107.82399999999998","4.2427000000000001","3","3","18.709354400634766"
"pyramid_2000","1","4","87.290199999999999","71.552899999999994","2.3387000000000002","2","2","11.666528701782227"
"pyramid_2000","1","5","85.745400000000004","71.483199999999997","2.5630000000000002","2","2","11.046782493591309"
"pyramid_2000","1","6","85.778499999999994","71.67179999999999","2.3544","2","2","11.890450477600098"
"pyramid_2000","1","7","87.104799999999997","69.78540000000001","2.3344","2","2","11.894721984863281"
"pyramid_2000","1","8","86.841999999999999","71.247399999999999","2.3400999999999996","2","2","11.180492401123047"
"pyramid_2000","1","9","86.912099999999995","72.900900000000007","2.6223000000000001","2","2","11.461186408996582"
"pyramid_2000","1","10","94.433000000000007","72.055900000000008","2.8504","2","2","11.552186012268066"
"pyramid_2000","1","11","157.3826","106.7184","3.6234000000000002","3","3","14.500024795532227"
"pyramid_2000","1","12","92.464799999999997","74.105900000000005","2.4683999999999999","2","2","11.105841636657715"
"pyramid_2000","1","13","82.293999999999997","68.661900000000003","2.3445999999999998","2","2","11.139045715332031"
"pyramid_2000","1","14","84.662899999999993","70.336199999999991","2.8037999999999998","2","2","11.777911186218262"
"pyramid_2000","1","15","92.241399999999999","74.755899999999997","2.4008000000000003","2","2","11.395569801330566"
"pyramid_2000","1","16","84.687100000000001","70.463099999999997","2.4473000000000003","2","2","11.445157051086426"
"pyramid_2000","1","17","86.3643","71.000100000000003","2.2736999999999998","2","2","11.86639404296875"
"pyramid_2000","1","18","90.564700000000002","73.164099999999991","2.3904000000000001","2","2","11.059365272521973"
"pyramid_2000","1","19","134.15899999999999","107.80079999999998","4.0156999999999998","3","3","20.59422492980957"
"pyramid_2000","1","20","86.469300000000004","71.357100000000003","2.4721000000000002","2","2","11.415525436401367"
"pyramid_2000","1","21","104.80840000000001","75.621200000000002","2.2979000000000003","2","2","11.244495391845703"
"pyramid_2000","1","22","88.6511","73.208399999999997","3.1482000000000001","2","2","9.4901514053344727"
"pyramid_2000","1","23","90.358400000000003","76.175799999999995","2.4514","2","2","11.085675239562988"
"pyramid_2000","1","24","89.564099999999996","72.824099999999987","2.3294000000000001","2","2","11.791409492492676"
"pyramid_2000","1","25","84.631699999999995","69.759999999999991","2.3708","2","2","11.256102561950684"
"pyramid_2000","1","26","89.391000000000005","71.324799999999996","2.2458","2","2","11.058252334594727"
"pyramid_2000","1","27","134.846","106.4379","3.8836000000000004","3","3","21.129230499267578"
"pyramid_2000","1","28","106.1224","89.632900000000006","3.7210000000000001","2","2","10.431868553161621"
"pyramid_2000","1","29","87.716899999999995","72.401399999999995","2.6201999999999996","2","2","10.178231239318848"
"pyramid_2000","1","30","91.819299999999998","72.116799999999998","2.5804999999999998","2","2","11.252138137817383"
"pyramid_2000","1","31","92.419200000000004","75.57050000000001","3.3393999999999995","2","2","10.901547431945801"
"pyramid_2000","1","32","98.087900000000005","72.882000000000005","2.4279000000000002","2","2","10.513820648193359"
"pyramid_2000","1","33","90.930499999999995","69.936700000000002","2.3673000000000002","2","2","10.760544776916504"
"pyramid_2000","1","34","83.139399999999995","68.790099999999995","2.4760999999999997","2","2","10.958711624145508"
"pyramid_2000","1","35","131.67939999999999","104.881","3.4285999999999999","3","3","21.515926361083984"
"pyramid_2000","1","36","86.777900000000002","69.604199999999992","2.5308999999999999","2","2","11.714485168457031"
"pyramid_2000","1","37","86.756799999999998","70.5655","2.2476000000000003","2","2","11.466483116149902"
"pyramid_2000","1","38","88.045299999999997","71.928699999999992","2.9976000000000003","2","2","11.801359176635742"
"pyramid_2000","1","39","90.727199999999996","69.843199999999996","2.5297999999999998","2","2","11.129412651062012"
"pyramid_2000","1","40","87.162499999999994","71.158800000000014","2.2881999999999998","2","2","11.188974380493164"
"pyramid_2000","2","1","85.516199999999998","70.014499999999998","2.3539000000000003","2","2","11.991572380065918"
"pyramid_2000","2","2","85.374099999999999","70.496000000000009","2.3247999999999998","2","2","11.584599494934082"
"pyramid_2000","2","3","85.942300000000003","73.540899999999993","2.3509000000000002","2","2","11.919533729553223"
"pyramid_2000","2","4","83.011799999999994","67.062799999999996","2.3125","2","2","11.89591121673584"
"pyramid_2000","2","5","136.08670000000001","109.20999999999999","4.4905999999999997","3","3","20.453119277954102"
"pyramid_2000","2","6","88.884500000000003","75.055000000000007","2.6568000000000001","2","2","12.078957557678223"
"pyramid_2000","2","7","90.334699999999998","70.223700000000008","2.3653","2","2","10.607412338256836"
"pyramid_2000","2","8","85.540899999999993","71.254600000000011","2.3418999999999999","2","2","11.520498275756836"
"pyramid_2000","2","9","84.395700000000005","70.3245","2.3982000000000001","2","2","11.531591415405273"
"pyramid_2000","2","10","84.795900000000003","69.475999999999999","2.3551000000000002","2","2","12.275029182434082"
"pyramid_2000","2","11","85.208799999999997","70.805499999999995","2.3826000000000001","2","2","11.451081275939941"
"pyramid_2000","2","12","82.004900000000006","68.438000000000002","2.2864","2","2","12.022279739379883"
"pyramid_2000","2","13","89.684100000000001","72.954499999999996","2.7801","2","2","12.148970603942871"
"pyramid_2000","2","14","135.3201","105.72290000000001","3.8347999999999995","3","3","20.842277526855469"
"pyramid_2000","2","15","93.847499999999997","73.851599999999991","2.4666999999999999","2","2","10.99864387512207"
"pyramid_2000","2","16","106.2672","85.357799999999997","2.4127999999999998","2","2","9.4579553604125977"
"pyramid_2000","2","17","96.316400000000002","79.714300000000009","2.4699999999999998","2","2","10.523457527160645"
"pyramid_2000","2","18","92.048000000000002","73.309300000000007","2.3700999999999999","2","2","10.354270935058594"
"pyramid_2000","2","19","85.967100000000002","69.673300000000012","2.3462000000000001","2","2","11.534038543701172"
"pyramid_2000","2","20","82.799499999999995","68.436199999999999","2.3195999999999999","2","2","11.911100387573242"
"pyramid_2000","2","21","96.771600000000007","72.930800000000005","2.3306","2","2","11.677809715270996"
"pyramid_2000","2","22","135.4288","106.71209999999999","4.0796999999999999","3","3","21.601770401000977"
"pyramid_2000","2","23","83.866799999999998","70.054900000000004","2.2885","2","2","10.979045867919922"
"pyramid_2000","2","24","85.652100000000004","71.80449999999999","2.3284000000000002","2","2","11.959547996520996"
"pyramid_2000","2","25","84.548599999999993","69.4392","2.2646000000000002","2","2","11.622784614562988"
"pyramid_2000","2","26","85.559100000000001","70.2393","2.335","2","2","11.907610893249512"
"pyramid_2000","2","27","90.914900000000003","73.0732","2.2845","2","2","10.98326587677002"
"pyramid_2000","2","28","100.4791","74.441699999999997","2.4984000000000002","2","2","10.532801628112793"
"pyramid_2000","2","29","90.510199999999998","75.669799999999995","2.9453","2","2","10.672848701477051"
"pyramid_2000","2","30","131.06370000000001","105.3571","3.4365000000000001","3","3","21.94758415222168"
"pyramid_2000","2","31","88.845399999999998","72.509099999999989","2.4531999999999998","2","2","11.605088233947754"
"pyramid_2000","2","32","84.987200000000001","70.342800000000011","2.3047","2","2","11.243686676025391"
"pyramid_2000","2","33","84.689700000000002","71.206800000000001","2.3740000000000001","2","2","11.979692459106445"
"pyramid_2000","2","34","87.030699999999996","70.082499999999996","2.2526000000000002","2","2","11.873522758483887"
"pyramid_2000","2","35","85.803100000000001","70.398799999999994","2.3186","2","2","11.086855888366699"
"pyramid_2000","2","36","83.368099999999998","69.712500000000006","2.3466999999999998","2","2","12.108882904052734"
"pyramid_2000","2","37","91.341499999999996","74.286200000000008","3.1866000000000003","2","2","11.926741600036621"
"pyramid_2000","2","38","88.616799999999998","71.755200000000002","3.2352999999999996","2","2","10.875889778137207"
"pyramid_2000","2","39","137.37559999999999","106.50409999999999","3.3822999999999999","3","3","20.571052551269531"
"pyramid_2000","2","40","91.713300000000004","73.278099999999995","2.3035999999999999","2","2","11.366090774536133"
"pyramid_2000","3","1","137.19329999999999","108.6258","3.5238999999999994","3","3","21.046516418457031"
"pyramid_2000","3","2","86.021299999999997","71.855700000000013","2.4207000000000001","2","2","11.266018867492676"
"pyramid_2000","3","3","116.72920000000001","90.185200000000009","2.5829","2","2","11.029529571533203"
"pyramid_2000","3","4","93.184100000000001","76.612300000000005","3.2353000000000001","2","2","8.7828617095947266"
"pyramid_2000","3","5","91.652799999999999","71.986199999999997","2.3249","2","2","10.434393882751465"
"pyramid_2000","3","6","95.113200000000006","72.917200000000008","2.3668","2","2","10.913229942321777"
"pyramid_2000","3","7","92.017200000000003","70.541699999999992","2.4409000000000001","2","2","10.864262580871582"
"pyramid_2000","3","8","91.376900000000006","72.780599999999993","2.6115000000000004","2","2","10.932629585266113"
"pyramid_2000","3","9","134.679","106.9939","3.4361999999999999","3","3","21.56208610534668"
"pyramid_2000","3","10","88.653300000000002","73.61099999999999","2.5916999999999999","2","2","10.918365478515625"
"pyramid_2000","3","11","82.027900000000002","69.843500000000006","2.3698000000000001","2","2","11.743070602416992"
"pyramid_2000","3","12","104.68219999999999","83.711299999999994","2.4548000000000001","2","2","10.346665382385254"
"pyramid_2000","3","13","92.780299999999997","77.568299999999994","2.3593999999999999","2","2","10.306781768798828"
"pyramid_2000","3","14","90.623999999999995","75.600799999999992","2.4036","2","2","11.090630531311035"
"pyramid_2000","3","15","91.590199999999996","76.157000000000011","2.3828","2","2","10.964719772338867"
"pyramid_2000","3","16","83.555800000000005","70.08420000000001","2.3068","2","2","11.515921592712402"
"pyramid_2000","3","17","136.46260000000001","110.2824","4.2288000000000006","3","3","19.354301452636719"
"pyramid_2000","3","18","86.107200000000006","69.097499999999997","2.4794999999999998","2","2","12.176041603088379"
"pyramid_2000","3","19","85.125600000000006","72.390699999999995","2.3614000000000002","2","2","11.308648109436035"
"pyramid_2000","3","20","83.689800000000005","71.029700000000005","2.3090999999999999","2","2","11.726959228515625"
"pyramid_2000","3","21","83.569599999999994","68.719700000000003","2.3334000000000001","2","2","12.196460723876953"
"pyramid_2000","3","22","86.312399999999997","72.097499999999997","2.3437000000000001","2","2","11.866816520690918"
"pyramid_2000","3","23","90.352500000000006","73.945400000000006","2.5133999999999999","2","2","11.390792846679688"
"pyramid_2000","3","24","108.03789999999999","77.850999999999999","2.4523000000000001","2","2","10.563554763793945"
"pyramid_2000","3","25","140.71729999999999","108.67","3.6173000000000002","3","3","18.559968948364258"
"pyramid_2000","3","26","86.444900000000004","71.966999999999999","2.8456000000000001","2","2","11.42713451385498"
"pyramid_2000","3","27","86.4726","69.536100000000005","2.3725000000000001","2","2","12.006228446960449"
"pyramid_2000","3","28","84.557400000000001","71.327300000000008","2.3760000000000003","2","2","11.48631763458252"
"pyramid_2000","3","29","85.665499999999994","70.732399999999998","2.2931999999999997","2","2","11.720169067382812"
"pyramid_2000","3","30","85.224000000000004","69.411599999999993","2.3123","2","2","11.850405693054199"
"pyramid_2000","3","31","85.893299999999996","72.448599999999999","2.2944","2","2","11.378997802734375"
"pyramid_2000","3","32","82.735699999999994","68.196600000000004","2.2732999999999999","2","2","12.1954345703125"
"pyramid_2000","3","33","96.003200000000007","69.368099999999998","2.8622000000000001","2","2","11.88276481628418"
"pyramid_2000","3","34","142.76650000000001","115.59719999999999","3.5811999999999999","3","3","20.745468139648438"
"pyramid_2000","3","35","94.623099999999994","74.962600000000009","2.2946","2","2","10.505879402160645"
"pyramid_2000","3","36","92.459000000000003","76.192700000000002","3.2614999999999998","2","2","11.179704666137695"
"pyramid_2000","3","37","97.730699999999999","80.420999999999992","3.3302","2","2","9.7796831130981445"
"pyramid_2000","3","38","90.811999999999998","72.027899999999988","2.4479000000000002","2","2","11.212760925292969"
"pyramid_2000","3","39","82.611900000000006","69.749400000000009","2.3774999999999999","2","2","11.389301300048828"
"pyramid_2000","3","40","86.856099999999998","70.4572","2.2941000000000003","2","2","11.907511711120605"
"pyramid_1000","1","1","55.835299999999997","41.815799999999996","2.2556000000000003","2","2","16.652622222900391"
"pyramid_1000","1","2","55.706899999999997","41.053200000000004","2.5036","2","2","18.614452362060547"
"pyramid_1000","1","3","59.594499999999996","43.055300000000003","2.25","2","2","17.427219390869141"
"pyramid_1000","1","4","74.494399999999999","51.703099999999999","3.5714000000000001","2","2","14.506860733032227"
"pyramid_1000","1","5","60.789099999999998","43.753500000000003","2.3472","2","2","14.89582633972168"
"pyramid_1000","1","6","57.780999999999999","43.218499999999999","2.5742000000000003","2","2","17.033597946166992"
"pyramid_1000","1","7","57.337600000000002","41.7196","2.266","2","2","17.600427627563477"
"pyramid_1000","1","8","88.769099999999995","63.185599999999994","3.4702999999999999","3","3","33.364360809326172"
"pyramid_1000","1","9","56.4544","42.082799999999999","2.9046000000000003","2","2","17.111656188964844"
"pyramid_1000","1","10","58.129800000000003","44.666899999999998","2.3788","2","2","17.507186889648438"
"pyramid_1000","1","11","76.685500000000005","56.4285","3.8802000000000003","2","2","15.096846580505371"
"pyramid_1000","1","12","93.899000000000001","69.655599999999993","3.4077000000000002","2","2","11.731636047363281"
"pyramid_1000","1","13","85.637799999999999","65.498999999999995","4.4024000000000001","2","2","11.50377368927002"
"pyramid_1000","1","14","63.638500000000001","46.217100000000002","2.6985000000000001","2","2","12.628766059875488"
"pyramid_1000","1","15","60.163499999999999","43.969700000000003","2.4714999999999998","2","2","16.265426635742188"
"pyramid_1000","1","16","63.300899999999999","43.740099999999998","2.5316000000000001","2","2","16.938787460327148"
"pyramid_1000","1","17","71.120199999999997","50.756399999999999","2.5112999999999999","2","2","14.518845558166504"
"pyramid_1000","1","18","65.931899999999999","51.8733","2.4681999999999999","2","2","14.766446113586426"
"pyramid_1000","1","19","114.0947","72.155699999999996","3.8372999999999999","3","3","21.331649780273438"
"pyramid_1000","1","20","76.184100000000001","49.427799999999998","2.6409000000000002","2","2","14.854448318481445"
"pyramid_1000","1","21","66.312700000000007","50.2408","2.4775999999999998","2","2","12.962821006774902"
"pyramid_1000","1","22","56.995899999999999","42.072800000000001","2.4512","2","2","16.494001388549805"
"pyramid_1000","1","23","63.111800000000002","44.142399999999995","2.7953999999999999","2","2","16.740800857543945"
"pyramid_1000","1","24","81.338700000000003","52.769500000000001","2.7358000000000002","2","2","14.844217300415039"
"pyramid_1000","1","25","65.427099999999996","44.592199999999998","3.0685000000000002","2","2","12.516098976135254"
"pyramid_1000","1","26","64.696299999999994","42.897999999999996","2.4457","2","2","15.428908348083496"
"pyramid_1000","1","27","61.8459","42.239899999999999","2.2811000000000003","2","2","15.851452827453613"
"pyramid_1000","1","28","62.1877","44.677199999999999","2.2425999999999999","2","2","16.794866561889648"
"pyramid_1000","1","29","57.0702","44.263800000000003","2.4825999999999997","2","2","15.899590492248535"
"pyramid_1000","1","30","87.551000000000002","64.221299999999999","3.5663","3","3","31.900775909423828"
"pyramid_1000","1","31","55.0807","41.418999999999997","2.2765","2","2","18.025131225585938"
"pyramid_1000","1","32","60.632899999999999","45.452500000000001","2.4298000000000002","2","2","17.71507453918457"
"pyramid_1000","1","33","65.692400000000006","51.150800000000004","2.4923000000000002","2","2","15.366364479064941"
"pyramid_1000","1","34","61.271500000000003","45.277299999999997","2.3815","2","2","15.259138107299805"
"pyramid_1000","1","35","55.048299999999998","42.627700000000004","2.4224000000000001","2","2","17.992990493774414"
"pyramid_1000","1","36","57.917200000000001","43.212000000000003","2.2488000000000001","2","2","17.55950927734375"
"pyramid_1000","1","37","56.504399999999997","42.3277","2.3207","2","2","17.791473388671875"
"pyramid_1000","1","38","53.077399999999997","40.135599999999997","2.2452999999999999","2","2","17.603557586669922"
"pyramid_1000","1","39","52.827800000000003","40.075200000000002","2.8271999999999999","2","2","19.376277923583984"
"pyramid_1000","1","40","63.270600000000002","45.860900000000001","3.1713","2","2","16.369640350341797"
"pyramid_1000","2","1","58.450000000000003","43.137","2.3460999999999999","2","2","15.836917877197266"
"pyramid_1000","2","2","59.090699999999998","44.649100000000004","2.8788999999999998","2","2","16.571491241455078"
"pyramid_1000","2","3","66.526700000000005","52.175399999999996","2.5167999999999999","2","2","15.654130935668945"
"pyramid_1000","2","4","68.786600000000007","48.066299999999998","2.4312","2","2","15.326233863830566"
"pyramid_1000","2","5","67.058000000000007","44.012999999999998","2.3754","2","2","15.820656776428223"
"pyramid_1000","2","6","57.806800000000003","44.4848","2.4487000000000001","2","2","14.305333137512207"
"pyramid_1000","2","7","57.673699999999997","43.078199999999995","2.2472000000000003","2","2","17.35511589050293"
"pyramid_1000","2","8","60.073700000000002","43.078299999999999","2.3266","2","2","18.09283447265625"
"pyramid_1000","2","9","89.353300000000004","66.960499999999996","3.5537999999999998","3","3","33.045505523681641"
"pyramid_1000","2","10","57.563400000000001","43.201899999999995","2.5650000000000004","2","2","16.443365097045898"
"pyramid_1000","2","11","58.978299999999997","44.967500000000001","2.3384999999999998","2","2","17.018669128417969"
"pyramid_1000","2","12","62.145699999999998","42.523899999999998","2.3562000000000003","2","2","17.158044815063477"
"pyramid_1000","2","13","58.080800000000004","43.220599999999997","2.4851999999999999","2","2","16.400783538818359"
"pyramid_1000","2","14","57.703099999999999","43.290700000000001","2.4119000000000002","2","2","16.847467422485352"
"pyramid_1000","2","15","54.419199999999996","40.876800000000003","2.2736999999999998","2","2","17.971614837646484"
"pyramid_1000","2","16","55.429699999999997","41.216000000000001","2.2814999999999999","2","2","18.535268783569336"
"pyramid_1000","2","17","60.9726","45.729100000000003","2.3129999999999997","2","2","17.892961502075195"
"pyramid_1000","2","18","58.099400000000003","44.327199999999998","2.3529999999999998","2","2","15.680863380432129"
"pyramid_1000","2","19","64.907700000000006","45.162100000000002","3.3864999999999998","2","2","16.230735778808594"
"pyramid_1000","2","20","60.078200000000002","44.311700000000002","3.3129","2","2","15.827467918395996"
"pyramid_1000","2","21","62.898099999999999","43.549999999999997","2.5021","2","2","16.930442810058594"
"pyramid_1000","2","22","89.754000000000005","64.14439999999999","3.5420000000000007","3","3","30.681341171264648"
"pyramid_1000","2","23","54.540700000000001","40.611599999999996","2.2491000000000003","2","2","18.084850311279297"
"pyramid_1000","2","24","54.3979","40.888999999999996","2.4573999999999998","2","2","18.140457153320312"
"pyramid_1000","2","25","59.617800000000003","42.099000000000004","2.2690999999999999","2","2","17.983541488647461"
"pyramid_1000","2","26","57.8048","41.742599999999996","2.3637000000000001","2","2","17.208860397338867"
"pyramid_1000","2","27","53.383299999999998","40.391400000000004","2.4295","2","2","17.439163208007812"
"pyramid_1000","2","28","58.851999999999997","44.240200000000002","2.5670999999999999","2","2","18.442291259765625"
"pyramid_1000","2","29","68.998000000000005","50.332099999999997","2.7363999999999997","2","2","14.727692604064941"
"pyramid_1000","2","30","64.239599999999996","43.7639","2.9060000000000001","2","2","16.260347366333008"
"pyramid_1000","2","31","57.396000000000001","42.481200000000001","2.3666","2","2","15.573995590209961"
"pyramid_1000","2","32","55.186199999999999","41.692599999999999","2.2806999999999999","2","2","17.904590606689453"
"pyramid_1000","2","33","58.268999999999998","43.549900000000001","2.6574999999999998","2","2","17.717899322509766"
"pyramid_1000","2","34","56.7121","42.549199999999999","2.5224000000000002","2","2","17.570306777954102"
"pyramid_1000","2","35","96.112799999999993","68.484700000000004","3.6449000000000003","3","3","26.979412078857422"
"pyramid_1000","2","36","59.392099999999999","43.019599999999997","2.3570000000000002","2","2","16.188302993774414"
"pyramid_1000","2","37","58.320300000000003","42.508099999999999","2.3167999999999997","2","2","17.91398811340332"
"pyramid_1000","2","38","56.415500000000002","43.236800000000002","2.3997000000000002","2","2","16.634645462036133"
"pyramid_1000","2","39","59.154400000000003","42.057000000000002","2.2961999999999998","2","2","18.132925033569336"
"pyramid_1000","2","40","54.982500000000002","42.469700000000003","2.2738999999999998","2","2","17.214252471923828"
"pyramid_1000","3","1","65.677700000000002","48.3277","2.3729","2","2","15.189949989318848"
"pyramid_1000","3","2","60.253799999999998","42.273899999999998","2.2667999999999999","2","2","15.974364280700684"
"pyramid_1000","3","3","59.371000000000002","46.747100000000003","2.4073000000000002","2","2","16.789764404296875"
"pyramid_1000","3","4","56.245699999999999","43.0764","2.5137999999999998","2","2","17.645303726196289"
"pyramid_1000","3","5","57.2851","41.476199999999999","2.3199999999999998","2","2","18.232570648193359"
"pyramid_1000","3","6","54.321800000000003","41.869399999999999","3.1311999999999998","2","2","17.637336730957031"
"pyramid_1000","3","7","54.036200000000001","40.589199999999998","2.2441","2","2","18.3001708984375"
"pyramid_1000","3","8","53.317599999999999","41.383099999999999","2.3538000000000001","2","2","18.651601791381836"
"pyramid_1000","3","9","55.489899999999999","41.779200000000003","2.2602000000000002","2","2","18.434946060180664"
"pyramid_1000","3","10","56.928699999999999","42.668199999999999","2.2849000000000004","2","2","17.823183059692383"
"pyramid_1000","3","11","54.433199999999999","41.117500000000007","2.2524999999999999","2","2","17.651159286499023"
"pyramid_1000","3","12","54.210500000000003","41.689","2.3428","2","2","18.295818328857422"
"pyramid_1000","3","13","90.110399999999998","64.557000000000002","4.0926","3","3","29.24566650390625"
"pyramid_1000","3","14","60.188299999999998","42.334000000000003","2.3624000000000001","2","2","18.174118041992188"
"pyramid_1000","3","15","55.888399999999997","41.161799999999999","2.2541000000000002","2","2","16.854709625244141"
"pyramid_1000","3","16","60.747500000000002","43.370800000000003","2.4005999999999998","2","2","17.29786491394043"
"pyramid_1000","3","17","60.017699999999998","43.0443","2.3159000000000001","2","2","15.435051918029785"
"pyramid_1000","3","18","62.9529","48.8626","2.8063000000000002","2","2","16.789989471435547"
"pyramid_1000","3","19","63.8613","45.657699999999998","2.5871","2","2","16.134757995605469"
"pyramid_1000","3","20","55.888500000000001","40.875900000000001","2.548","2","2","16.474058151245117"
"pyramid_1000","3","21","58.584000000000003","41.434399999999997","2.5844","2","2","17.371395111083984"
"pyramid_1000","3","22","53.501800000000003","41.076099999999997","2.3601999999999999","2","2","17.954353332519531"
"pyramid_1000","3","23","57.749600000000001","43.691000000000003","2.3179999999999996","2","2","18.685092926025391"
"pyramid_1000","3","24","67.134200000000007","41.865700000000004","2.5470999999999999","2","2","16.950416564941406"
"pyramid_1000","3","25","87.941699999999997","63.199100000000001","3.4473000000000003","3","3","30.256729125976562"
"pyramid_1000","3","26","57.656599999999997","45.100899999999996","2.3235000000000001","2","2","18.233469009399414"
"pyramid_1000","3","27","55.417400000000001","41.712199999999996","2.4459","2","2","17.114583969116211"
"pyramid_1000","3","28","60.651899999999998","44.087599999999995","2.3079000000000001","2","2","17.839939117431641"
"pyramid_1000","3","29","60.335799999999999","44.265799999999999","2.5353000000000003","2","2","15.873544692993164"
"pyramid_1000","3","30","65.926299999999998","49.075699999999998","3.9183000000000003","2","2","17.059722900390625"
"pyramid_1000","3","31","67.607900000000001","49.785800000000002","4.0842999999999998","2","2","13.190680503845215"
"pyramid_1000","3","32","68.608500000000006","51.158799999999999","2.4701","2","2","17.122203826904297"
"pyramid_1000","3","33","69.680300000000003","49.235399999999998","3.3548","2","2","13.592534065246582"
"pyramid_1000","3","34","77.496300000000005","43.1494","2.6707999999999998","2","2","14.23054027557373"
"pyramid_1000","3","35","58.218699999999998","42.845500000000001","2.2543000000000002","2","2","14.086193084716797"
"pyramid_1000","3","36","60.753700000000002","45.9298","2.2864","2","2","17.805633544921875"
"pyramid_1000","3","37","85.361500000000007","63.089099999999995","3.4001999999999999","3","3","33.350009918212891"
"pyramid_1000","3","38","56.0075","41.307099999999998","2.2796000000000003","2","2","18.388336181640625"
"pyramid_1000","3","39","54.908499999999997","42.378100000000003","2.5019","2","2","17.860300064086914"
"pyramid_1000","3","40","63.535699999999999","43.417199999999994","2.2841","2","2","17.152364730834961"
"pyramid_500","1","1","42.882599999999996","27.4862","2.2271999999999998","2","2","23.138935089111328"
"pyramid_500","1","2","41.993499999999997","28.1907","2.2002000000000002","2","2","23.795700073242188"
"pyramid_500","1","3","40.044800000000002","27.722799999999999","2.2187999999999999","2","2","24.204635620117188"
"pyramid_500","1","4","42.481200000000001","28.723300000000002","2.3241000000000001","2","2","23.317905426025391"
"pyramid_500","1","5","40.906700000000001","27.518999999999998","2.2294999999999998","2","2","24.340435028076172"
"pyramid_500","1","6","40.532699999999998","27.349699999999999","2.2640000000000002","2","2","24.880821228027344"
"pyramid_500","1","7","44.148600000000002","28.494700000000002","2.3933999999999997","2","2","23.786417007446289"
"pyramid_500","1","8","42.673900000000003","28.171399999999998","2.1905000000000001","2","2","22.811468124389648"
"pyramid_500","1","9","43.491599999999998","29.569099999999999","2.4954000000000001","2","2","24.413288116455078"
"pyramid_500","1","10","44.7256","29.014499999999998","2.6241000000000003","2","2","21.228132247924805"
"pyramid_500","1","11","43.675400000000003","27.197699999999998","2.1898999999999997","2","2","22.484188079833984"
"pyramid_500","1","12","70.226399999999998","43.255499999999998","3.5356999999999998","3","3","42.856651306152344"
"pyramid_500","1","13","42.081899999999997","28.7315","2.4871999999999996","2","2","21.178184509277344"
"pyramid_500","1","14","41.3337","28.6953","2.2599","2","2","23.956514358520508"
"pyramid_500","1","15","44.411499999999997","28.403799999999997","2.351","2","2","23.465585708618164"
"pyramid_500","1","16","60.765000000000001","29.6433","2.3734999999999999","2","2","18.825407028198242"
"pyramid_500","1","17","46.8506","28.150399999999998","2.2694999999999999","2","2","18.563621520996094"
"pyramid_500","1","18","52.1342","30.141500000000001","2.3368000000000002","2","2","20.040401458740234"
"pyramid_500","1","19","52.130400000000002","30.080399999999997","2.4230999999999998","2","2","18.599702835083008"
"pyramid_500","1","20","43.220999999999997","29.9329","2.3285999999999998","2","2","21.068733215332031"
"pyramid_500","1","21","41.967199999999998","29.210999999999999","2.2983000000000002","2","2","23.434514999389648"
"pyramid_500","1","22","42.056899999999999","28.366999999999997","2.5215999999999998","2","2","24.90678596496582"
"pyramid_500","1","23","38.915999999999997","27.573300000000003","2.1953","2","2","24.510284423828125"
"pyramid_500","1","24","43.210299999999997","27.726199999999999","2.3608000000000002","2","2","24.792118072509766"
"pyramid_500","1","25","41.095300000000002","28.875599999999999","2.2446999999999999","2","2","24.091567993164062"
"pyramid_500","1","26","312.79820000000001","282.9144","3.5412000000000003","3","3","38.195346832275391"
"pyramid_500","1","27","41.316200000000002","28.823999999999998","2.2915000000000001","2","2","21.38072395324707"
"pyramid_500","1","28","39.784700000000001","27.661899999999999","2.1743000000000001","2","2","24.181924819946289"
"pyramid_500","1","29","43.531999999999996","30.221899999999998","2.5594000000000001","2","2","24.869682312011719"
"pyramid_500","1","30","41.1006","28.969000000000001","2.4013999999999998","2","2","23.511930465698242"
"pyramid_500","1","31","55.529499999999999","38.678600000000003","3.0247000000000002","2","2","20.656589508056641"
"pyramid_500","1","32","52.888399999999997","36.539500000000004","2.5951","2","2","17.911355972290039"
"pyramid_500","1","33","44.988900000000001","29.7315","2.3759000000000001","2","2","19.919881820678711"
"pyramid_500","1","34","42.799900000000001","29.944499999999998","2.4228000000000001","2","2","24.084836959838867"
"pyramid_500","1","35","45.0931","29.386400000000002","2.1977000000000002","2","2","23.017236709594727"
"pyramid_500","1","36","44.4786","28.3018","2.3026999999999997","2","2","23.048219680786133"
"pyramid_500","1","37","46.8979","28.214300000000001","2.4022999999999999","2","2","20.307331085205078"
"pyramid_500","1","38","44.7727","27.934899999999999","2.2573999999999996","2","2","23.744678497314453"
"pyramid_500","1","39","39.338900000000002","27.097900000000003","2.1743999999999999","2","2","22.266359329223633"
"pyramid_500","1","40","44.0867","30.064900000000002","2.5122","2","2","23.906345367431641"
"pyramid_500","2","1","43.488999999999997","28.064399999999999","2.2812999999999999","2","2","23.223085403442383"
"pyramid_500","2","2","40.274700000000003","27.801000000000002","2.1897000000000002","2","2","23.612861633300781"
"pyramid_500","2","3","41.258299999999998","27.728000000000002","2.4122000000000003","2","2","25.692873001098633"
"pyramid_500","2","4","47.080500000000001","29.102600000000002","2.8353000000000002","2","2","22.71209716796875"
"pyramid_500","2","5","40.178899999999999","27.889800000000001","2.2759999999999998","2","2","22.024394989013672"
"pyramid_500","2","6","44.457000000000001","31.3124","2.3161","2","2","23.229343414306641"
"pyramid_500","2","7","44.210999999999999","28.656100000000002","2.4718","2","2","22.662118911743164"
"pyramid_500","2","8","58.037700000000001","33.946100000000001","2.5688","2","2","21.081212997436523"
"pyramid_500","2","9","46.418799999999997","30.257200000000001","2.5146999999999999","2","2","18.145462036132812"
"pyramid_500","2","10","42.8673","28.823999999999998","2.2755000000000001","2","2","23.127643585205078"
"pyramid_500","2","11","42.672800000000002","27.888199999999998","2.2988","2","2","22.680212020874023"
"pyramid_500","2","12","46.023800000000001","32.829500000000003","2.3582000000000001","2","2","21.214487075805664"
"pyramid_500","2","13","68.263800000000003","43.570700000000002","3.4676999999999998","3","3","40.499111175537109"
"pyramid_500","2","14","42.042299999999997","28.918599999999998","2.2927","2","2","22.737970352172852"
"pyramid_500","2","15","50.363900000000001","30.6797","2.3532000000000002","2","2","22.448654174804688"
"pyramid_500","2","16","41.964799999999997","28.321899999999999","2.3388999999999998","2","2","20.98023796081543"
"pyramid_500","2","17","40.432400000000001","27.5916","2.3291000000000004","2","2","25.185174942016602"
"pyramid_500","2","18","41.494","27.792899999999999","2.2919999999999998","2","2","23.992437362670898"
"pyramid_500","2","19","39.506","27.427199999999999","2.2491000000000003","2","2","24.134651184082031"
"pyramid_500","2","20","42.014000000000003","27.738900000000001","2.5362999999999998","2","2","25.467649459838867"
"pyramid_500","2","21","43.310099999999998","27.550599999999999","2.2241","2","2","23.190933227539062"
"pyramid_500","2","22","43.426099999999998","29.6464","2.3887","2","2","23.532623291015625"
"pyramid_500","2","23","46.033299999999997","32.608800000000002","2.4123000000000001","2","2","20.560943603515625"
"pyramid_500","2","24","43.264400000000002","27.8977","2.3269000000000002","2","2","23.913948059082031"
"pyramid_500","2","25","44.3142","29.713000000000001","2.4741","2","2","23.205032348632812"
"pyramid_500","2","26","39.722999999999999","27.252800000000001","2.1938","2","2","23.387107849121094"
"pyramid_500","2","27","43.463799999999999","28.124400000000001","2.3325","2","2","24.335458755493164"
"pyramid_500","2","28","40.069800000000001","27.5063","2.3502000000000001","2","2","23.110700607299805"
"pyramid_500","2","29","42.157299999999999","29.0367","2.2606000000000002","2","2","25.009378433227539"
"pyramid_500","2","30","76.470299999999995","42.790500000000002","4.1218000000000004","3","3","35.483768463134766"
"pyramid_500","2","31","45.462000000000003","30.740200000000002","2.2509000000000001","2","2","21.764064788818359"
"pyramid_500","2","32","44.825299999999999","28.070900000000002","2.3994","2","2","22.786672592163086"
"pyramid_500","2","33","38.579300000000003","26.480599999999999","2.1328","2","2","22.927417755126953"
"pyramid_500","2","34","45.125999999999998","29.2119","2.4275000000000002","2","2","23.822002410888672"
"pyramid_500","2","35","40.887799999999999","27.736600000000003","2.2206999999999999","2","2","22.901533126831055"
"pyramid_500","2","36","38.5045","27.348500000000001","2.1870000000000003","2","2","25.953195571899414"
"pyramid_500","2","37","45.217300000000002","27.5184","2.9702000000000002","2","2","23.517681121826172"
"pyramid_500","2","38","49.419600000000003","27.426099999999998","2.3407999999999998","2","2","21.529869079589844"
"pyramid_500","2","39","47.645600000000002","28.758900000000001","2.3107000000000002","2","2","20.392847061157227"
"pyramid_500","2","40","47.9377","27.991500000000002","2.6040999999999999","2","2","20.621278762817383"
"pyramid_500","3","1","66.973699999999994","42.199199999999998","4.1273999999999997","3","3","43.996269226074219"
"pyramid_500","3","2","40.085799999999999","27.7211","2.2755000000000001","2","2","24.283927917480469"
"pyramid_500","3","3","41.993299999999998","29.112400000000001","2.2656999999999998","2","2","24.387269973754883"
"pyramid_500","3","4","40.838500000000003","27.1343","2.0960000000000001","2","2","24.996376037597656"
"pyramid_500","3","5","43.163499999999999","27.786799999999999","2.7492999999999999","2","2","23.388694763183594"
"pyramid_500","3","6","46.757800000000003","32.718299999999999","2.4457","2","2","21.193984985351562"
"pyramid_500","3","7","45.286099999999998","29.622399999999999","2.4712000000000001","2","2","21.610780715942383"
"pyramid_500","3","8","44.383600000000001","31.103200000000001","2.298","2","2","22.538665771484375"
"pyramid_500","3","9","43.911499999999997","29.451099999999997","3.3791000000000002","2","2","23.633007049560547"
"pyramid_500","3","10","52.812199999999997","33.445999999999998","2.6466000000000003","2","2","19.324045181274414"
"pyramid_500","3","11","42.266399999999997","28.047899999999998","2.5174000000000003","2","2","22.607196807861328"
"pyramid_500","3","12","40.9116","28.680999999999997","2.3026999999999997","2","2","24.095457077026367"
"pyramid_500","3","13","44.246299999999998","29.377899999999997","2.4731000000000001","2","2","23.298618316650391"
"pyramid_500","3","14","41.059699999999999","27.097200000000001","2.1550000000000002","2","2","23.99658203125"
"pyramid_500","3","15","41.876199999999997","28.156199999999998","2.2313000000000001","2","2","23.405664443969727"
"pyramid_500","3","16","47.378100000000003","29.313299999999998","2.3428","2","2","24.001247406005859"
"pyramid_500","3","17","46.2438","28.321400000000001","2.3241999999999998","2","2","19.50739860534668"
"pyramid_500","3","18","73.040899999999993","46.168599999999998","4.5289999999999999","3","3","39.352573394775391"
"pyramid_500","3","19","43.762599999999999","30.035899999999998","2.6005000000000003","2","2","21.028371810913086"
"pyramid_500","3","20","39.077500000000001","26.712299999999999","2.1383999999999999","2","2","24.613264083862305"
"pyramid_500","3","21","47.567","27.507899999999999","2.4542000000000002","2","2","24.508182525634766"
"pyramid_500","3","22","41.689900000000002","28.718499999999999","2.3007","2","2","20.602031707763672"
"pyramid_500","3","23","42.5809","27.840299999999999","2.1391","2","2","24.322200775146484"
"pyramid_500","3","24","51.495100000000001","28.821100000000001","2.6120999999999999","2","2","23.583681106567383"
"pyramid_500","3","25","40.019799999999996","27.264699999999998","2.1771000000000003","2","2","19.700241088867188"
"pyramid_500","3","26","39.914999999999999","26.919","2.2367999999999997","2","2","25.077741622924805"
"pyramid_500","3","27","43.772100000000002","29.028199999999998","2.3401000000000001","2","2","23.814342498779297"
"pyramid_500","3","28","47.554600000000001","33.026600000000002","2.4088000000000003","2","2","21.252630233764648"
"pyramid_500","3","29","46.947000000000003","31.235900000000001","2.4136000000000002","2","2","20.917306900024414"
"pyramid_500","3","30","41.511200000000002","27.6921","2.3151999999999999","2","2","23.761716842651367"
"pyramid_500","3","31","39.893300000000004","26.744900000000001","2.2797999999999998","2","2","24.526275634765625"
"pyramid_500","3","32","40.146900000000002","27.311500000000002","2.5244","2","2","25.437332153320312"
"pyramid_500","3","33","66.269599999999997","44.133200000000002","3.1930000000000001","2","2","19.031452178955078"
"pyramid_500","3","34","94.105199999999996","61.779699999999998","4.3835999999999995","3","3","25.965663909912109"
"pyramid_500","3","35","52.5764","34.507099999999994","3.5499000000000001","2","2","18.516735076904297"
"pyramid_500","3","36","42.126600000000003","27.444299999999998","2.2796000000000003","2","2","23.271183013916016"
"pyramid_500","3","37","42.622300000000003","28.940899999999999","2.7242999999999999","2","2","22.399326324462891"
"pyramid_500","3","38","44.5627","27.8172","2.2145000000000001","2","2","24.655319213867188"
"pyramid_500","3","39","39.452100000000002","27.730800000000002","2.1861999999999999","2","2","22.918066024780273"
"pyramid_500","3","40","41.323700000000002","28.518599999999999","2.2694000000000001","2","2","24.870487213134766"
"pyramid_250","1","1","37.765500000000003","20.893799999999999","2.2469000000000001","2","2","26.507200241088867"
"pyramid_250","1","2","35.802599999999998","20.868600000000001","2.2198000000000002","2","2","27.895559310913086"
"pyramid_250","1","3","36.816899999999997","22.2897","2.4146000000000001","2","2","27.323673248291016"
"pyramid_250","1","4","40.952399999999997","25.6053","2.4823","2","2","24.494255065917969"
"pyramid_250","1","5","37.377200000000002","21.145099999999999","2.3224","2","2","26.136821746826172"
"pyramid_250","1","6","35.926099999999998","22.0626","3.1116000000000001","2","2","27.670248031616211"
"pyramid_250","1","7","36.263100000000001","22.701999999999998","2.6638999999999999","2","2","26.529561996459961"
"pyramid_250","1","8","33.956899999999997","20.777000000000001","2.2868000000000004","2","2","29.519771575927734"
"pyramid_250","1","9","37.746899999999997","21.971400000000003","2.2654999999999998","2","2","29.253793716430664"
"pyramid_250","1","10","41.918100000000003","25.355499999999999","2.3075999999999999","2","2","24.522005081176758"
"pyramid_250","1","11","45.452300000000001","20.658999999999999","2.2949000000000002","2","2","23.005270004272461"
"pyramid_250","1","12","36.937100000000001","21.1617","2.3680000000000003","2","2","23.716690063476562"
"pyramid_250","1","13","33.225999999999999","21.0886","2.2391000000000001","2","2","28.476560592651367"
"pyramid_250","1","14","32.998800000000003","20.436599999999999","2.2130999999999998","2","2","30.418342590332031"
"pyramid_250","1","15","62.377299999999998","31.291000000000004","3.6400999999999999","3","3","44.359275817871094"
"pyramid_250","1","16","33.744399999999999","20.571899999999999","2.1600000000000001","2","2","25.433383941650391"
"pyramid_250","1","17","31.935199999999998","20.7395","2.1036000000000001","2","2","31.258108139038086"
"pyramid_250","1","18","36.795699999999997","20.725900000000003","2.5911","2","2","31.276584625244141"
"pyramid_250","1","19","52.054200000000002","23.789200000000001","3.3228","2","2","20.851448059082031"
"pyramid_250","1","20","46.101799999999997","23.703299999999999","2.3201999999999998","2","2","19.989006042480469"
"pyramid_250","1","21","48.158099999999997","22.294499999999999","2.3169","2","2","22.29033088684082"
"pyramid_250","1","22","44.4756","23.896599999999999","2.367","2","2","20.390312194824219"
"pyramid_250","1","23","32.332700000000003","20.3659","2.1623999999999999","2","2","27.044496536254883"
"pyramid_250","1","24","32.2547","20.947200000000002","2.3235000000000001","2","2","32.438568115234375"
"pyramid_250","1","25","32.6571","20.830199999999998","2.2317999999999998","2","2","29.801906585693359"
"pyramid_250","1","26","33.733499999999999","21.444200000000002","2.4194","2","2","29.987705230712891"
"pyramid_250","1","27","31.733499999999999","20.379100000000001","2.1307999999999998","2","2","30.769229888916016"
"pyramid_250","1","28","34.358800000000002","20.039300000000001","2.2289000000000003","2","2","31.701549530029297"
"pyramid_250","1","29","33.674399999999999","20.6553","2.2029000000000001","2","2","29.089555740356445"
"pyramid_250","1","30","33.196800000000003","20.1341","2.4482999999999997","2","2","29.07111930847168"
"pyramid_250","1","31","33.401699999999998","20.923299999999998","2.4954999999999998","2","2","30.252426147460938"
"pyramid_250","1","32","33.653799999999997","21.9116","2.2214999999999998","2","2","29.934383392333984"
"pyramid_250","1","33","32.506","21.1876","2.2561","2","2","29.489044189453125"
"pyramid_250","1","34","32.732500000000002","21.100000000000001","2.2298999999999998","2","2","30.703855514526367"
"pyramid_250","1","35","56.4206","33.285200000000003","3.9944999999999999","3","3","49.587432861328125"
"pyramid_250","1","36","41.195","25.146599999999999","2.1734999999999998","2","2","28.987859725952148"
"pyramid_250","1","37","43.860900000000001","24.253799999999998","3.0972","2","2","21.046516418457031"
"pyramid_250","1","38","34.659399999999998","21.4785","2.1898999999999997","2","2","25.798196792602539"
"pyramid_250","1","39","33.804900000000004","20.610500000000002","2.1486999999999998","2","2","29.450050354003906"
"pyramid_250","1","40","33.840499999999999","21.6938","2.1179999999999999","2","2","29.224128723144531"
"pyramid_250","2","1","34.294899999999998","20.061599999999999","2.4007999999999998","2","2","27.647451400756836"
"pyramid_250","2","2","32.710900000000002","20.172899999999998","2.3447","2","2","29.795246124267578"
"pyramid_250","2","3","35.255400000000002","20.7699","3.2124000000000001","2","2","30.434267044067383"
"pyramid_250","2","4","48.003999999999998","23.701599999999999","2.2624","2","2","25.39501953125"
"pyramid_250","2","5","33.931199999999997","20.118400000000001","2.1643999999999997","2","2","23.05634880065918"
"pyramid_250","2","6","31.581199999999999","20.663600000000002","2.2645999999999997","2","2","29.815679550170898"
"pyramid_250","2","7","33.240699999999997","20.428100000000001","2.2206000000000001","2","2","30.949691772460938"
"pyramid_250","2","8","31.043700000000001","19.988599999999998","2.1387","2","2","30.209836959838867"
"pyramid_250","2","9","33.075699999999998","20.915300000000002","2.1006999999999998","2","2","32.896144866943359"
"pyramid_250","2","10","57.879600000000003","32.386899999999997","3.3248999999999995","3","3","51.694011688232422"
"pyramid_250","2","11","32.439900000000002","21.117800000000003","2.2051999999999996","2","2","27.586206436157227"
"pyramid_250","2","12","37.995199999999997","20.841899999999999","2.1814","2","2","30.860769271850586"
"pyramid_250","2","13","34.860599999999998","21.362299999999998","2.4438000000000004","2","2","25.578195571899414"
"pyramid_250","2","14","32.5642","20.0062","2.1570999999999998","2","2","29.841926574707031"
"pyramid_250","2","15","35.604999999999997","22.549900000000001","2.1894999999999998","2","2","30.238979339599609"
"pyramid_250","2","16","37.140900000000002","21.723500000000001","2.6184000000000003","2","2","26.743688583374023"
"pyramid_250","2","17","46.750500000000002","29.498899999999999","3.0233999999999996","2","2","25.825445175170898"
"pyramid_250","2","18","44.6873","25.257200000000001","2.7736000000000001","2","2","21.136777877807617"
"pyramid_250","2","19","43.186100000000003","22.622500000000002","2.6410999999999998","2","2","21.866765975952148"
"pyramid_250","2","20","40.097499999999997","24.7361","3.5632000000000001","2","2","24.041524887084961"
"pyramid_250","2","21","33.6753","21.047699999999999","2.1974","2","2","26.96217155456543"
"pyramid_250","2","22","33.832900000000002","21.5184","2.1829000000000001","2","2","29.977907180786133"
"pyramid_250","2","23","33.843000000000004","21.018599999999999","2.1443000000000003","2","2","29.212005615234375"
"pyramid_250","2","24","41.384300000000003","24.276299999999999","2.6028000000000002","2","2","26.31842041015625"
"pyramid_250","2","25","32.420200000000001","20.804400000000001","2.3026999999999997","2","2","27.117908477783203"
"pyramid_250","2","26","36.046199999999999","21.292200000000001","2.3388","2","2","31.231943130493164"
"pyramid_250","2","27","37.668100000000003","21.536799999999999","2.1307","2","2","26.8416748046875"
"pyramid_250","2","28","34.684399999999997","21.171100000000003","2.1537999999999999","2","2","26.694215774536133"
"pyramid_250","2","29","33.0625","20.454599999999999","2.1397000000000004","2","2","29.244382858276367"
"pyramid_250","2","30","35.856699999999996","22.758800000000001","2.234","2","2","28.675233840942383"
"pyramid_250","2","31","55.143599999999999","31.176699999999997","3.2332999999999998","3","3","48.996791839599609"
"pyramid_250","2","32","34.8294","21.017499999999998","3.2967","2","2","28.194429397583008"
"pyramid_250","2","33","37.250500000000002","20.656100000000002","2.2515999999999998","2","2","29.783445358276367"
"pyramid_250","2","34","34.402900000000002","20.3277","2.1278999999999999","2","2","27.39448356628418"
"pyramid_250","2","35","31.694900000000001","19.485300000000002","2.2911999999999999","2","2","29.255592346191406"
"pyramid_250","2","36","34.2819","21.6295","2.5294999999999996","2","2","31.137224197387695"
"pyramid_250","2","37","32.759900000000002","20.547699999999999","2.3823999999999996","2","2","28.660192489624023"
"pyramid_250","2","38","33.269300000000001","20.871700000000001","2.1656","2","2","31.33332633972168"
"pyramid_250","2","39","33.681800000000003","21.659800000000001","2.1924999999999999","2","2","28.982902526855469"
"pyramid_250","2","40","33.956299999999999","21.9556","2.1797000000000004","2","2","30.003810882568359"
"pyramid_250","3","1","41.050699999999999","20.7745","2.2742","2","2","23.480352401733398"
"pyramid_250","3","2","43.785200000000003","21.823500000000003","2.3047","2","2","24.794883728027344"
"pyramid_250","3","3","38.597900000000003","21.3537","2.3015999999999996","2","2","23.686971664428711"
"pyramid_250","3","4","42.212000000000003","23.2483","2.3063000000000002","2","2","24.048751831054688"
"pyramid_250","3","5","35.642000000000003","20.6203","2.2107999999999999","2","2","25.171733856201172"
"pyramid_250","3","6","52.094299999999997","30.185099999999998","3.3130999999999999","3","3","50.130088806152344"
"pyramid_250","3","7","33.804200000000002","20.509500000000003","2.972","2","2","30.103525161743164"
"pyramid_250","3","8","31.829499999999999","20.471699999999998","2.2774000000000001","2","2","30.423154830932617"
"pyramid_250","3","9","36.745800000000003","21.675999999999998","2.3247999999999998","2","2","30.106063842773438"
"pyramid_250","3","10","34.409199999999998","21.625599999999999","2.3357000000000001","2","2","26.999517440795898"
"pyramid_250","3","11","34.733899999999998","21.118000000000002","2.6073","2","2","29.01915168762207"
"pyramid_250","3","12","37.835999999999999","22.824100000000001","4.2063000000000006","2","2","27.263185501098633"
"pyramid_250","3","13","39.652999999999999","23.645600000000002","2.5079000000000002","2","2","25.364616394042969"
"pyramid_250","3","14","34.201999999999998","20.813099999999999","2.6983999999999999","2","2","27.981029510498047"
"pyramid_250","3","15","34.926200000000001","21.719799999999999","2.3928000000000003","2","2","28.025020599365234"
"pyramid_250","3","16","37.572499999999998","22.476199999999999","2.234","2","2","29.459333419799805"
"pyramid_250","3","17","32.822200000000002","20.064599999999999","2.3855","2","2","27.010820388793945"
"pyramid_250","3","18","33.236600000000003","21.4849","2.3899999999999997","2","2","31.339513778686523"
"pyramid_250","3","19","32.941200000000002","20.587699999999998","2.2658","2","2","29.514369964599609"
"pyramid_250","3","20","32.7453","21.316299999999998","2.2465000000000002","2","2","29.977546691894531"
"pyramid_250","3","21","33.2697","21.295200000000001","2.1851000000000003","2","2","30.980949401855469"
"pyramid_250","3","22","34.526000000000003","21.894400000000001","2.2934000000000001","2","2","28.988363265991211"
"pyramid_250","3","23","34.614600000000003","20.473399999999998","2.2107000000000001","2","2","30.098180770874023"
"pyramid_250","3","24","36.052799999999998","20.814599999999999","2.2315","2","2","28.997106552124023"
"pyramid_250","3","25","39.233699999999999","23.873899999999999","2.2408999999999999","2","2","24.664684295654297"
"pyramid_250","3","26","56.323300000000003","22.935099999999998","2.3746999999999998","2","2","20.717315673828125"
"pyramid_250","3","27","54.641800000000003","32.4953","3.3139000000000003","3","3","51.41705322265625"
"pyramid_250","3","28","35.995899999999999","20.653399999999998","2.2323000000000004","2","2","28.330137252807617"
"pyramid_250","3","29","34.9619","21.189","2.2778999999999998","2","2","28.305679321289062"
"pyramid_250","3","30","39.162700000000001","21.7118","2.3121","2","2","27.968507766723633"
"pyramid_250","3","31","37.802100000000003","22.026499999999999","2.2732999999999999","2","2","23.563676834106445"
"pyramid_250","3","32","43.721299999999999","20.913499999999999","2.3654999999999999","2","2","29.925247192382812"
"pyramid_250","3","33","34.928100000000001","22.005499999999998","3.0659999999999998","2","2","23.00452995300293"
"pyramid_250","3","34","34.571300000000001","20.816700000000001","2.2511999999999999","2","2","27.431756973266602"
"pyramid_250","3","35","32.631999999999998","21.2881","2.1524000000000001","2","2","30.690757751464844"
"pyramid_250","3","36","31.610199999999999","19.939","2.1238000000000001","2","2","30.569635391235352"
"pyramid_250","3","37","38.335799999999999","21.706099999999999","2.7290000000000001","2","2","29.367885589599609"
"pyramid_250","3","38","35.550899999999999","21.598600000000001","2.5758000000000001","2","2","25.645957946777344"
"pyramid_250","3","39","33.319499999999998","21.1264","2.3007999999999997","2","2","30.797279357910156"
"pyramid_250","3","40","33.554499999999997","21.516300000000001","2.1478999999999999","2","2","29.182510375976562"
"pyramid_100","1","1","28.923300000000001","15.7372","2.2862999999999998","2","2","34.303081512451172"
"pyramid_100","1","2","30.2593","15.482800000000001","2.1055999999999999","2","2","34.575275421142578"
"pyramid_100","1","3","29.033200000000001","14.910499999999999","2.1235999999999997","2","2","34.525974273681641"
"pyramid_100","1","4","27.247499999999999","15.684100000000001","2.2095000000000002","2","2","34.231571197509766"
"pyramid_100","1","5","28.6065","16.028600000000001","2.2111999999999998","2","2","34.635753631591797"
"pyramid_100","1","6","28.4635","15.0899","2.089","2","2","36.724201202392578"
"pyramid_100","1","7","28.956199999999999","16.229599999999998","2.1062000000000003","2","2","34.276390075683594"
"pyramid_100","1","8","25.9998","14.7951","2.0739999999999998","2","2","35.576045989990234"
"pyramid_100","1","9","28.660499999999999","16.228200000000001","2.1433999999999997","2","2","37.555019378662109"
"pyramid_100","1","10","27.589500000000001","14.887599999999999","2.6523000000000003","2","2","34.651355743408203"
"pyramid_100","1","11","26.813300000000002","14.775600000000001","2.1394000000000002","2","2","37.712795257568359"
"pyramid_100","1","12","31.366399999999999","17.232999999999997","2.1833","2","2","34.864101409912109"
"pyramid_100","1","13","30.902799999999999","16.2028","2.1572","2","2","33.707828521728516"
"pyramid_100","1","14","36.802599999999998","20.458399999999997","2.9981","2","2","30.633125305175781"
"pyramid_100","1","15","31.604199999999999","15.934000000000001","2.3014999999999999","2","2","26.082759857177734"
"pyramid_100","1","16","30.212399999999999","15.584700000000002","2.3281999999999998","2","2","32.1885986328125"
"pyramid_100","1","17","28.8828","15.457599999999999","2.1219999999999999","2","2","35.104965209960938"
"pyramid_100","1","18","27.611799999999999","14.7819","2.1596000000000002","2","2","35.299140930175781"
"pyramid_100","1","19","27.2958","15.2806","2.0868000000000002","2","2","35.707908630371094"
"pyramid_100","1","20","45.903599999999997","24.729900000000001","4.4108999999999998","3","3","59.320072174072266"
"pyramid_100","1","21","36.526699999999998","19.547000000000001","2.3485","2","2","28.946743011474609"
"pyramid_100","1","22","26.639600000000002","15.013300000000001","2.141","2","2","32.708812713623047"
"pyramid_100","1","23","25.8184","14.7692","2.0190000000000001","2","2","38.012550354003906"
"pyramid_100","1","24","28.3979","15.448700000000001","2.0883000000000003","2","2","38.122688293457031"
"pyramid_100","1","25","27.157299999999999","14.556100000000001","2.1135999999999999","2","2","35.888473510742188"
"pyramid_100","1","26","28.918399999999998","15.520699999999998","2.1364999999999998","2","2","36.098735809326172"
"pyramid_100","1","27","31.803699999999999","15.961600000000001","2.2728999999999999","2","2","31.512836456298828"
"pyramid_100","1","28","34.099899999999998","18.191499999999998","2.5220000000000002","2","2","29.754642486572266"
"pyramid_100","1","29","28.569500000000001","16.896100000000001","2.1715999999999998","2","2","32.213172912597656"
"pyramid_100","1","30","31.447399999999998","17.400400000000001","2.2572000000000001","2","2","34.092922210693359"
"pyramid_100","1","31","28.249300000000002","15.571999999999999","2.7392000000000003","2","2","33.281524658203125"
"pyramid_100","1","32","29.3551","15.1218","2.4519000000000002","2","2","35.319587707519531"
"pyramid_100","1","33","26.310300000000002","14.819800000000001","2.073","2","2","35.442768096923828"
"pyramid_100","1","34","33.434800000000003","15.1904","2.0886","2","2","32.863388061523438"
"pyramid_100","1","35","35.914200000000001","15.7926","2.2702","2","2","28.094701766967773"
"pyramid_100","1","36","32.287799999999997","15.0627","2.1509","2","2","29.790454864501953"
"pyramid_100","1","37","38.733899999999998","18.8232","3.7275999999999998","2","2","28.512691497802734"
"pyramid_100","1","38","44.610100000000003","21.002699999999997","2.5060000000000002","2","2","23.014324188232422"
"pyramid_100","1","39","29.625699999999998","16.443899999999999","2.5764","2","2","28.184177398681641"
"pyramid_100","1","40","27.971599999999999","16.2483","2.2951999999999999","2","2","33.999034881591797"
"pyramid_100","2","1","34.134799999999998","18.3123","2.3341000000000003","2","2","25.129352569580078"
"pyramid_100","2","2","30.5486","17.669800000000002","2.9828000000000001","2","2","31.711200714111328"
"pyramid_100","2","3","27.383099999999999","14.909400000000002","2.1360000000000001","2","2","36.263942718505859"
"pyramid_100","2","4","25.479299999999999","14.8909","2.1126","2","2","35.960746765136719"
"pyramid_100","2","5","27.226700000000001","15.5884","2.1295999999999999","2","2","39.82952880859375"
"pyramid_100","2","6","28.2713","15.9863","2.0594000000000001","2","2","34.935474395751953"
"pyramid_100","2","7","27.483799999999999","15.727599999999999","2.2668999999999997","2","2","37.035526275634766"
"pyramid_100","2","8","29.032499999999999","15.735300000000001","2.7925","2","2","34.414169311523438"
"pyramid_100","2","9","34.834299999999999","16.591899999999999","2.4789000000000003","2","2","33.047691345214844"
"pyramid_100","2","10","29.6282","15.358799999999999","2.1999","2","2","30.03300666809082"
"pyramid_100","2","11","35.106099999999998","16.1922","2.2255000000000003","2","2","28.22801399230957"
"pyramid_100","2","12","26.431799999999999","14.9429","2.093","2","2","35.35980224609375"
"pyramid_100","2","13","26.781500000000001","14.867900000000001","2.0498000000000003","2","2","38.062179565429688"
"pyramid_100","2","14","25.0017","14.703900000000001","2.0630000000000002","2","2","36.844760894775391"
"pyramid_100","2","15","26.4452","14.938700000000001","2.0920000000000001","2","2","40.180007934570312"
"pyramid_100","2","16","30.518999999999998","17.3826","2.3513999999999999","2","2","37.800895690917969"
"pyramid_100","2","17","29.906400000000001","15.207999999999998","2.7866","2","2","31.722869873046875"
"pyramid_100","2","18","33.254199999999997","16.210699999999999","2.1737000000000002","2","2","32.770767211914062"
"pyramid_100","2","19","27.400600000000001","14.550599999999999","2.3054000000000001","2","2","31.848554611206055"
"pyramid_100","2","20","26.6113","15.2196","2.1630000000000003","2","2","34.757221221923828"
"pyramid_100","2","21","30.949000000000002","17.015799999999999","2.4514","2","2","37.051582336425781"
"pyramid_100","2","22","37.061199999999999","15.547699999999999","2.1233","2","2","32.821857452392578"
"pyramid_100","2","23","46.888500000000001","23.539400000000001","3.7219999999999995","3","3","55.133781433105469"
"pyramid_100","2","24","32.903399999999998","15.545200000000001","2.9009","2","2","30.481672286987305"
"pyramid_100","2","25","27.123999999999999","14.954499999999999","1.9634999999999998","2","2","34.091876983642578"
"pyramid_100","2","26","31.5425","16.062999999999999","2.1131000000000002","2","2","36.391029357910156"
"pyramid_100","2","27","30.177499999999998","16.355499999999999","2.1299999999999999","2","2","30.961860656738281"
"pyramid_100","2","28","26.947199999999999","14.9514","2.1250999999999998","2","2","34.749248504638672"
"pyramid_100","2","29","27.090299999999999","15.1058","2.0393999999999997","2","2","37.589744567871094"
"pyramid_100","2","30","28.3673","15.4725","2.5332999999999997","2","2","34.742366790771484"
"pyramid_100","2","31","30.514500000000002","15.513400000000001","2.3284000000000002","2","2","37.414928436279297"
"pyramid_100","2","32","29.2117","15.786200000000001","2.5987","2","2","32.146072387695312"
"pyramid_100","2","33","36.374200000000002","18.935200000000002","3.0750000000000002","2","2","27.591306686401367"
"pyramid_100","2","34","32.848199999999999","16.075099999999999","2.4824000000000002","2","2","32.846332550048828"
"pyramid_100","2","35","29.009599999999999","15.4169","2.4986999999999999","2","2","31.173721313476562"
"pyramid_100","2","36","28.660699999999999","16.4438","2.3094000000000001","2","2","33.191604614257812"
"pyramid_100","2","37","28.489699999999999","15.540799999999999","2.3462999999999998","2","2","34.939502716064453"
"pyramid_100","2","38","32.844700000000003","18.963699999999999","2.899","2","2","37.017433166503906"
"pyramid_100","2","39","28.455400000000001","15.1333","2.1783000000000001","2","2","30.03300666809082"
"pyramid_100","2","40","27.7074","16.003699999999998","2.1329000000000002","2","2","36.342361450195312"
"pyramid_100","3","1","295.577","260.76819999999998","4.4527999999999999","3","3","44.770172119140625"
"pyramid_100","3","2","32.175600000000003","17.1127","2.9599000000000002","2","2","26.775266647338867"
"pyramid_100","3","3","29.982500000000002","17.366799999999998","2.4252000000000002","2","2","30.081249237060547"
"pyramid_100","3","4","27.6797","15.093500000000001","2.6137999999999999","2","2","35.694782257080078"
"pyramid_100","3","5","26.5107","15.978999999999999","2.1954000000000002","2","2","36.616622924804688"
"pyramid_100","3","6","27.2105","15.369299999999999","2.2069000000000001","2","2","37.224952697753906"
"pyramid_100","3","7","29.7973","16.1953","2.1711","2","2","36.281177520751953"
"pyramid_100","3","8","27.5412","15.224299999999999","2.1215999999999999","2","2","33.392105102539062"
"pyramid_100","3","9","27.614999999999998","14.7392","2.1187","2","2","36.734859466552734"
"pyramid_100","3","10","25.491099999999999","14.81","2.0760000000000001","2","2","35.937095642089844"
"pyramid_100","3","11","39.6877","21.744300000000003","2.9329000000000001","2","2","37.115528106689453"
"pyramid_100","3","12","36.375300000000003","16.9986","2.8939000000000004","2","2","23.664270401000977"
"pyramid_100","3","13","32.699100000000001","16.276499999999999","2.2592999999999996","2","2","27.797544479370117"
"pyramid_100","3","14","30.383500000000002","17.227900000000002","2.2702","2","2","31.712909698486328"
"pyramid_100","3","15","27.5289","15.130500000000001","2.1276999999999999","2","2","35.927024841308594"
"pyramid_100","3","16","27.196999999999999","14.934100000000001","2.0689000000000002","2","2","35.497875213623047"
"pyramid_100","3","17","27.7271","14.5527","2.1313","2","2","37.759361267089844"
"pyramid_100","3","18","34.516800000000003","16.519100000000002","2.2103000000000002","2","2","30.018671035766602"
"pyramid_100","3","19","35.388800000000003","14.8416","2.3166000000000002","2","2","30.061897277832031"
"pyramid_100","3","20","35.740299999999998","16.933","2.6013999999999999","2","2","27.028196334838867"
"pyramid_100","3","21","35.325200000000002","17.839700000000001","2.395","2","2","28.167823791503906"
"pyramid_100","3","22","32.3125","17.764600000000002","2.1814999999999998","2","2","30.028045654296875"
"pyramid_100","3","23","28.290299999999998","16.872799999999998","2.1626000000000003","2","2","32.375556945800781"
"pyramid_100","3","24","28.511099999999999","16.834899999999998","2.1551999999999998","2","2","36.899688720703125"
"pyramid_100","3","25","41.6404","22.221899999999998","3.2382999999999997","3","3","66.327949523925781"
"pyramid_100","3","26","27.584700000000002","14.8568","2.2187000000000001","2","2","38.580989837646484"
"pyramid_100","3","27","32.1432","15.1243","2.0648999999999997","2","2","35.170772552490234"
"pyramid_100","3","28","26.4832","15.0219","2.0594000000000001","2","2","31.276193618774414"
"pyramid_100","3","29","27.1313","15.404299999999999","2.1924000000000001","2","2","37.287971496582031"
"pyramid_100","3","30","27.857399999999998","15.5206","2.7236000000000002","2","2","36.352134704589844"
"pyramid_100","3","31","27.753","15.5961","2.2553999999999998","2","2","35.759368896484375"
"pyramid_100","3","32","26.090800000000002","14.911100000000001","2.0947","2","2","36.525543212890625"
"pyramid_100","3","33","26.829499999999999","15.087299999999999","2.2298999999999998","2","2","39.098850250244141"
"pyramid_100","3","34","27.735499999999998","14.897200000000002","2.3994999999999997","2","2","36.660655975341797"
"pyramid_100","3","35","27.0642","14.8172","2.1545999999999998","2","2","36.554916381835938"
"pyramid_100","3","36","26.851700000000001","16.159700000000001","2.0734000000000004","2","2","37.337394714355469"
"pyramid_100","3","37","28.764900000000001","15.604600000000001","2.1356000000000002","2","2","37.430614471435547"
"pyramid_100","3","38","30.429300000000001","15.972099999999999","2.6325000000000003","2","2","31.962770462036133"
"pyramid_100","3","39","28.5944","15.741199999999999","2.8585000000000003","2","2","33.552768707275391"
"pyramid_100","3","40","30.395800000000001","16.9481","2.6478999999999999","2","2","34.057277679443359"
"box_2000","1","1","89.451099999999997","73.254899999999992","2.3359999999999999","2","2","10.808544158935547"
"box_2000","1","2","90.690799999999996","76.046700000000001","2.4060999999999999","2","2","11.138276100158691"
"box_2000","1","3","149.90600000000001","112.9759","3.5381999999999998","3","3","16.883193969726562"
"box_2000","1","4","92.157399999999996","77.996900000000011","2.7425999999999999","2","2","10.745755195617676"
"box_2000","1","5","91.826800000000006","77.446400000000011","2.4957000000000003","2","2","11.109259605407715"
"box_2000","1","6","97.152900000000002","81.117500000000007","2.4638","2","2","11.035627365112305"
"box_2000","1","7","96.701400000000007","76.391899999999993","2.5238999999999998","2","2","9.996241569519043"
"box_2000","1","8","88.1327","74.851799999999997","2.4554999999999998","2","2","10.647699356079102"
"box_2000","1","9","94.301299999999998","77.863699999999994","2.3938000000000001","2","2","11.450320243835449"
"box_2000","1","10","87.152799999999999","73.285399999999996","2.3383000000000003","2","2","10.520545959472656"
"box_2000","1","11","136.54660000000001","110.52500000000001","3.6611000000000002","3","3","20.871074676513672"
"box_2000","1","12","89.644300000000001","73.4131","2.5029000000000003","2","2","11.304684638977051"
"box_2000","1","13","91.6661","75.721499999999992","3.2732000000000001","2","2","10.650001525878906"
"box_2000","1","14","90.3232","76.840300000000013","2.2995999999999999","2","2","11.573886871337891"
"box_2000","1","15","94.432400000000001","76.278199999999998","2.4512","2","2","10.873903274536133"
"box_2000","1","16","87.880099999999999","73.587899999999991","2.3887999999999998","2","2","10.58311939239502"
"box_2000","1","17","133.02369999999999","105.3222","2.468","2","2","9.2050180435180664"
"box_2000","1","18","94.809899999999999","75.72229999999999","2.2850999999999999","2","2","8.7679843902587891"
"box_2000","1","19","139.99539999999999","117.1636","3.5548000000000002","3","3","20.239719390869141"
"box_2000","1","20","87.132199999999997","73.338400000000007","2.3752","2","2","11.335310935974121"
"box_2000","1","21","95.674800000000005","76.504099999999994","2.4752999999999998","2","2","11.258472442626953"
"box_2000","1","22","87.896900000000002","73.460299999999989","2.2875999999999999","2","2","10.598508834838867"
"box_2000","1","23","89.322100000000006","74.775499999999994","2.3685","2","2","11.22751522064209"
"box_2000","1","24","101.5416","73.82759999999999","2.8418999999999999","2","2","10.999345779418945"
"box_2000","1","25","92.101600000000005","76.618400000000008","2.3496000000000001","2","2","9.9042167663574219"
"box_2000","1","26","86.7102","73.6023","2.3444000000000003","2","2","11.014902114868164"
"box_2000","1","27","164.41540000000001","123.11750000000001","3.5104000000000002","3","3","16.013629913330078"
"box_2000","1","28","88.071200000000005","74.9499","2.3090000000000002","2","2","10.76893424987793"
"box_2000","1","29","90.765600000000006","76.9238","2.5286","2","2","11.57720947265625"
"box_2000","1","30","98.302400000000006","81.158800000000014","2.3540000000000001","2","2","10.547187805175781"
"box_2000","1","31","88.239599999999996","73.01400000000001","2.6177000000000001","2","2","10.527501106262207"
"box_2000","1","32","90.025099999999995","74.958399999999997","2.4358000000000004","2","2","11.025273323059082"
"box_2000","1","33","95.875900000000001","75.272999999999996","2.3586","2","2","10.870391845703125"
"box_2000","1","34","92.1524","76.710099999999997","2.3595999999999999","2","2","10.759618759155273"
"box_2000","1","35","135.6156","114.1918","3.5018000000000002","3","3","20.252262115478516"
"box_2000","1","36","102.858","82.625499999999988","2.5266999999999999","2","2","11.414078712463379"
"box_2000","1","37","99.402799999999999","76.566499999999991","2.4062000000000001","2","2","9.0060148239135742"
"box_2000","1","38","101.71639999999999","82.052799999999991","2.9117999999999999","2","2","10.357584953308105"
"box_2000","1","39","99.269199999999998","76.7988","2.8877999999999999","2","2","9.7643566131591797"
"box_2000","1","40","97.600499999999997","78.441900000000004","2.3823999999999996","2","2","10.135336875915527"
"box_2000","2","1","103.952","86.522500000000008","2.4637000000000002","2","2","9.6335582733154297"
"box_2000","2","2","106.8429","88.853100000000012","2.4746000000000001","2","2","10.062680244445801"
"box_2000","2","3","106.3188","90.017200000000003","3.0002","2","2","8.5767488479614258"
"box_2000","2","4","153.30590000000001","125.6199","3.9199999999999999","3","3","19.217279434204102"
"box_2000","2","5","95.047899999999998","77.143000000000001","2.4016000000000002","2","2","9.6388235092163086"
"box_2000","2","6","94.832400000000007","79.425700000000006","2.5575999999999999","2","2","10.61790943145752"
"box_2000","2","7","101.4713","79.108100000000007","2.5034999999999998","2","2","10.808637619018555"
"box_2000","2","8","101.1758","82.765299999999996","2.4725999999999999","2","2","9.4925289154052734"
"box_2000","2","9","101.3948","82.064899999999994","2.6851000000000003","2","2","9.8582677841186523"
"box_2000","2","10","114.35169999999999","87.82650000000001","2.9829999999999997","2","2","9.5618934631347656"
"box_2000","2","11","142.06729999999999","114.69750000000001","4.1677999999999997","3","3","20.178539276123047"
"box_2000","2","12","91.502499999999998","77.636099999999999","2.5697999999999999","2","2","11.036395072937012"
"box_2000","2","13","98.4131","80.3095","2.4634","2","2","10.293964385986328"
"box_2000","2","14","101.8552","78.035200000000003","2.5084","2","2","10.776895523071289"
"box_2000","2","15","89.969899999999996","75.909599999999998","2.2991000000000001","2","2","9.490178108215332"
"box_2000","2","16","90.008200000000002","72.470699999999994","2.3917999999999999","2","2","11.656900405883789"
"box_2000","2","17","93.648499999999999","76.839300000000009","2.5722","2","2","10.423540115356445"
"box_2000","2","18","94.440100000000001","77.523899999999998","2.2444000000000002","2","2","11.12989616394043"
"box_2000","2","19","162.50200000000001","120.4812","3.4872999999999994","3","3","17.790807723999023"
"box_2000","2","20","90.095299999999995","76.703299999999999","2.3975999999999997","2","2","9.0333261489868164"
"box_2000","2","21","92.406400000000005","76.679200000000009","2.8658999999999999","2","2","11.070850372314453"
"box_2000","2","22","92.955799999999996","76.169700000000006","2.4122000000000003","2","2","10.9332275390625"
"box_2000","2","23","89.649000000000001","75.250600000000006","2.2799","2","2","11.106348037719727"
"box_2000","2","24","88.523399999999995","74.940400000000011","2.3437999999999999","2","2","11.197154998779297"
"box_2000","2","25","90.788700000000006","74.09559999999999","3.3204000000000002","2","2","11.216470718383789"
"box_2000","2","26","87.693600000000004","73.398599999999988","2.3439999999999999","2","2","11.136837005615234"
"box_2000","2","27","141.54400000000001","116.0419","3.7033","3","3","19.114830017089844"
"box_2000","2","28","88.882499999999993","72.305000000000007","2.3521000000000001","2","2","11.363468170166016"
"box_2000","2","29","99.479100000000003","80.998599999999996","2.492","2","2","10.360729217529297"
"box_2000","2","30","93.121099999999998","77.051600000000008","2.3993000000000002","2","2","10.318075180053711"
"box_2000","2","31","92.249200000000002","74.931600000000003","2.4948000000000001","2","2","11.135274887084961"
"box_2000","2","32","92.277100000000004","77.8553","2.4805000000000001","2","2","10.321131706237793"
"box_2000","2","33","91.171599999999998","76.903899999999993","2.3489","2","2","11.265904426574707"
"box_2000","2","34","111.25239999999999","93.796400000000006","2.6719999999999997","2","2","10.104949951171875"
"box_2000","2","35","151.55690000000001","121.72329999999999","4.0772000000000004","3","3","18.706098556518555"
"box_2000","2","36","94.333500000000001","77.172499999999999","2.6745999999999999","2","2","11.226570129394531"
"box_2000","2","37","87.5548","73.729099999999988","2.4009999999999998","2","2","10.604172706604004"
"box_2000","2","38","88.487399999999994","74.317599999999999","2.8596000000000004","2","2","11.455947875976562"
"box_2000","2","39","102.95359999999999","84.335099999999997","2.3665000000000003","2","2","10.507943153381348"
"box_2000","2","40","90.113399999999999","74.614499999999992","2.3195999999999999","2","2","10.153748512268066"
"box_2000","3","1","99.981099999999998","78.66579999999999","2.3631000000000002","2","2","9.9069833755493164"
"box_2000","3","2","89.856700000000004","74.247","2.3859000000000004","2","2","10.831912994384766"
"box_2000","3","3","102.2054","87.346399999999988","2.3161","2","2","9.9705371856689453"
"box_2000","3","4","88.361199999999997","74.095200000000006","2.3454000000000002","2","2","10.718596458435059"
"box_2000","3","5","140.6498","113.17419999999998","3.8403","3","3","20.756490707397461"
"box_2000","3","6","90.589299999999994","75.269000000000005","2.7911000000000001","2","2","10.280546188354492"
"box_2000","3","7","87.821399999999997","74.088400000000007","2.5879000000000003","2","2","11.457588195800781"
"box_2000","3","8","88.846999999999994","74.788399999999996","2.391","2","2","11.408414840698242"
"box_2000","3","9","89.958600000000004","76.058599999999998","2.9611999999999998","2","2","11.163119316101074"
"box_2000","3","10","93.553799999999995","78.130899999999997","2.6668000000000003","2","2","10.806861877441406"
"box_2000","3","11","97.787199999999999","76.44489999999999","2.4514","2","2","10.881404876708984"
"box_2000","3","12","88.814700000000002","75.187899999999999","2.3684000000000003","2","2","10.153016090393066"
"box_2000","3","13","149.97130000000001","124.6949","3.5926999999999998","3","3","18.515329360961914"
"box_2000","3","14","93.638000000000005","73.820099999999996","2.4083999999999999","2","2","10.238369941711426"
"box_2000","3","15","90.246200000000002","74.603300000000004","2.3250999999999999","2","2","11.075399398803711"
"box_2000","3","16","91.558199999999999","78.682500000000005","2.3918999999999997","2","2","10.795125961303711"
"box_2000","3","17","93.048699999999997","74.40979999999999","2.4821","2","2","11.232357978820801"
"box_2000","3","18","94.987700000000004","77.421099999999996","2.4455999999999998","2","2","10.121529579162598"
"box_2000","3","19","93.597300000000004","80.028700000000001","2.3946000000000001","2","2","10.963698387145996"
"box_2000","3","20","101.6097","83.010999999999996","2.5049999999999999","2","2","10.100673675537109"
"box_2000","3","21","143.3389","114.9836","3.5302000000000002","3","3","19.215543746948242"
"box_2000","3","22","89.438900000000004","74.363500000000002","2.3479999999999999","2","2","11.262871742248535"
"box_2000","3","23","102.13160000000001","81.501800000000003","2.3645999999999998","2","2","10.323582649230957"
"box_2000","3","24","105.1031","77.267599999999987","2.5419999999999998","2","2","9.9845142364501953"
"box_2000","3","25","88.288600000000002","73.978399999999993","2.3149999999999999","2","2","9.9361400604248047"
"box_2000","3","26","96.506699999999995","78.345399999999998","2.4843999999999999","2","2","10.768331527709961"
"box_2000","3","27","89.254300000000001","75.082800000000006","2.3993000000000002","2","2","10.797514915466309"
"box_2000","3","28","91.064599999999999","76.176600000000008","2.8242000000000003","2","2","11.322322845458984"
"box_2000","3","29","141.62209999999999","112.93539999999999","3.5006000000000004","3","3","20.203123092651367"
"box_2000","3","30","89.194400000000002","76.51230000000001","2.4451000000000001","2","2","10.964130401611328"
"box_2000","3","31","95.773099999999999","80.673699999999997","2.4156","2","2","10.510881423950195"
"box_2000","3","32","91.426100000000005","72.829999999999998","2.9691999999999998","2","2","11.187258720397949"
"box_2000","3","33","106.0351","89.243400000000008","2.9887000000000001","2","2","9.8647642135620117"
"box_2000","3","34","92.041700000000006","74.871700000000004","2.3448000000000002","2","2","10.024791717529297"
"box_2000","3","35","93.496499999999997","76.310699999999997","2.2827000000000002","2","2","11.000252723693848"
"box_2000","3","36","92.422899999999998","77.4529","2.3407","2","2","10.52341365814209"
"box_2000","3","37","137.4468","112.37819999999999","4.2263000000000002","3","3","20.633447647094727"
"box_2000","3","38","92.1357","76.337899999999991","2.5337000000000001","2","2","11.250264167785645"
"box_2000","3","39","92.2761","75.513100000000009","2.2831999999999999","2","2","11.027607917785645"
"box_2000","3","40","87.25","73.60499999999999","2.327","2","2","10.820075035095215"
"pointcloud_500k","1","1","59.8371","43.479500000000002","2.4159999999999999","2","2","16.579294204711914"
"pointcloud_500k","1","2","55.323300000000003","40.505200000000002","2.4472","2","2","17.308883666992188"
"pointcloud_500k","1","3","54.963200000000001","39.9878","2.9077000000000002","2","2","17.600923538208008"
"pointcloud_500k","1","4","58.0137","38.469099999999997","2.6893000000000002","2","2","18.474624633789062"
"pointcloud_500k","1","5","51.8992","38.503900000000002","2.8649","2","2","17.871152877807617"
"pointcloud_500k","1","6","55.577100000000002","40.570099999999996","2.3369999999999997","2","2","19.125761032104492"
"pointcloud_500k","1","7","53.376600000000003","38.902500000000003","2.3683999999999998","2","2","18.227188110351562"
"pointcloud_500k","1","8","82.828599999999994","58.793599999999998","3.6997999999999998","3","3","34.189788818359375"
"pointcloud_500k","1","9","57.313699999999997","37.840699999999998","2.3041","2","2","18.213542938232422"
"pointcloud_500k","1","10","55.068100000000001","40.201899999999995","2.5110000000000001","2","2","17.674432754516602"
"pointcloud_500k","1","11","52.759500000000003","39.473799999999997","2.3341000000000003","2","2","18.741647720336914"
"pointcloud_500k","1","12","53.259500000000003","39.723600000000005","2.5933000000000002","2","2","18.318910598754883"
"pointcloud_500k","1","13","56.389699999999998","40.2502","2.6158000000000001","2","2","18.392461776733398"
"pointcloud_500k","1","14","62.759099999999997","38.658299999999997","2.3261000000000003","2","2","17.198501586914062"
"pointcloud_500k","1","15","66.884600000000006","41.9572","2.5652999999999997","2","2","15.172181129455566"
"pointcloud_500k","1","16","65.780000000000001","39.184899999999999","2.4279000000000002","2","2","14.434284210205078"
"pointcloud_500k","1","17","58.727600000000002","38.170200000000001","2.6521999999999997","2","2","16.371515274047852"
"pointcloud_500k","1","18","51.346400000000003","39.0929","2.4047000000000001","2","2","18.581489562988281"
"pointcloud_500k","1","19","59.552999999999997","42.795999999999999","3.4181999999999997","2","2","17.512460708618164"
"pointcloud_500k","1","20","55.543399999999998","38.733800000000002","2.4356","2","2","18.144144058227539"
"pointcloud_500k","1","21","87.269800000000004","59.206400000000002","3.5826000000000002","3","3","34.158840179443359"
"pointcloud_500k","1","22","58.925600000000003","44.295000000000002","2.6795999999999998","2","2","18.421260833740234"
"pointcloud_500k","1","23","53.260899999999999","37.691900000000004","2.3260000000000001","2","2","17.686311721801758"
"pointcloud_500k","1","24","50.806100000000001","38.190899999999999","2.593","2","2","18.756940841674805"
"pointcloud_500k","1","25","51.518099999999997","38.3339","2.2879","2","2","19.910562515258789"
"pointcloud_500k","1","26","55.996499999999997","42.3431","2.2911000000000001","2","2","17.710023880004883"
"pointcloud_500k","1","27","51.890099999999997","38.474800000000002","2.3696000000000002","2","2","19.186346054077148"
"pointcloud_500k","1","28","55.020299999999999","38.888999999999996","2.4865000000000004","2","2","19.315086364746094"
"pointcloud_500k","1","29","56.321800000000003","43.286200000000001","2.5148000000000001","2","2","17.287220001220703"
"pointcloud_500k","1","30","55.398600000000002","40.971599999999995","2.3524000000000003","2","2","18.511695861816406"
"pointcloud_500k","1","31","53.938899999999997","39.306200000000004","2.7275999999999998","2","2","18.196573257446289"
"pointcloud_500k","1","32","61.505099999999999","43.634","2.9111000000000002","2","2","17.504276275634766"
"pointcloud_500k","1","33","70.212699999999998","44.727599999999995","3.2050000000000001","2","2","13.905092239379883"
"pointcloud_500k","1","34","82.019999999999996","57.321000000000005","3.4893999999999998","3","3","34.495841979980469"
"pointcloud_500k","1","35","51.177","37.633000000000003","2.6067999999999998","2","2","19.052337646484375"
"pointcloud_500k","1","36","52.6355","38.712199999999996","2.6307","2","2","19.46441650390625"
"pointcloud_500k","1","37","55.850900000000003","39.208399999999997","2.3311999999999999","2","2","17.856569290161133"
"pointcloud_500k","1","38","54.773800000000001","38.846000000000004","2.4249999999999998","2","2","18.994434356689453"
"pointcloud_500k","1","39","65.159300000000002","40.079999999999998","2.5887000000000002","2","2","17.601264953613281"
"pointcloud_500k","1","40","53.568100000000001","39.244900000000001","2.5105","2","2","15.62143611907959"
"pointcloud_500k","2","1","53.176499999999997","38.5807","2.6299000000000001","2","2","17.792486190795898"
"pointcloud_500k","2","2","90.676000000000002","62.015299999999996","5.0007999999999999","3","3","34.554607391357422"
"pointcloud_500k","2","3","87.225200000000001","48.1995","2.7206999999999999","2","2","13.828447341918945"
"pointcloud_500k","2","4","53.454900000000002","39.554500000000004","2.4206000000000003","2","2","13.266311645507812"
"pointcloud_500k","2","5","54.178100000000001","39.224800000000002","2.4767999999999999","2","2","18.331638336181641"
"pointcloud_500k","2","6","51.481200000000001","38.707800000000006","2.3102","2","2","19.043338775634766"
"pointcloud_500k","2","7","53.494700000000002","37.606499999999997","2.3110999999999997","2","2","19.689962387084961"
"pointcloud_500k","2","8","54.1982","38.176900000000003","2.5773000000000001","2","2","18.04633903503418"
"pointcloud_500k","2","9","53.625700000000002","39.058","2.3478000000000003","2","2","18.531833648681641"
"pointcloud_500k","2","10","52.591700000000003","39.636399999999995","2.4632000000000001","2","2","18.985057830810547"
"pointcloud_500k","2","11","54.814799999999998","40.703299999999999","2.3292000000000002","2","2","18.816516876220703"
"pointcloud_500k","2","12","55.040799999999997","38.247600000000006","2.5638999999999998","2","2","18.40400505065918"
"pointcloud_500k","2","13","53.335500000000003","39.706899999999997","2.3422999999999998","2","2","17.712846755981445"
"pointcloud_500k","2","14","52.1663","38.129599999999996","2.3661000000000003","2","2","18.894269943237305"
"pointcloud_500k","2","15","81.768500000000003","57.959999999999994","3.8578000000000001","3","3","33.668899536132812"
"pointcloud_500k","2","16","65.646900000000002","39.934700000000007","2.6539000000000001","2","2","18.619060516357422"
"pointcloud_500k","2","17","54.614800000000002","37.987300000000005","2.2710999999999997","2","2","15.722084045410156"
"pointcloud_500k","2","18","52.818800000000003","39.146799999999999","2.4200999999999997","2","2","18.015615463256836"
"pointcloud_500k","2","19","53.5518","38.600300000000004","2.3231000000000002","2","2","18.849075317382812"
"pointcloud_500k","2","20","58.577800000000003","44.049999999999997","2.6335999999999999","2","2","17.213630676269531"
"pointcloud_500k","2","21","64.884699999999995","44.610500000000002","2.5381999999999998","2","2","15.847332954406738"
"pointcloud_500k","2","22","55.809600000000003","37.659999999999997","2.2801","2","2","18.170717239379883"
"pointcloud_500k","2","23","51.842100000000002","38.396900000000002","2.2979000000000003","2","2","18.176595687866211"
"pointcloud_500k","2","24","52.948999999999998","39.465599999999995","2.3694999999999999","2","2","18.334527969360352"
"pointcloud_500k","2","25","53.400799999999997","39.436599999999999","2.6341000000000001","2","2","19.359134674072266"
"pointcloud_500k","2","26","51.370600000000003","38.245599999999996","2.3809","2","2","18.863368988037109"
"pointcloud_500k","2","27","54.031599999999997","37.946600000000004","2.3224999999999998","2","2","19.317773818969727"
"pointcloud_500k","2","28","89.355099999999993","58.638900000000007","3.4878","3","3","29.651065826416016"
"pointcloud_500k","2","29","59.752499999999998","40.253699999999995","2.5499000000000001","2","2","16.98167610168457"
"pointcloud_500k","2","30","61.945399999999999","41.362200000000001","2.5275999999999996","2","2","16.604896545410156"
"pointcloud_500k","2","31","64.129900000000006","41.703699999999998","2.452","2","2","15.289140701293945"
"pointcloud_500k","2","32","53.392800000000001","37.859700000000004","2.3231000000000002","2","2","16.738082885742188"
"pointcloud_500k","2","33","52.407600000000002","39.072900000000004","2.6989000000000001","2","2","19.621309280395508"
"pointcloud_500k","2","34","55.678800000000003","39.807500000000005","2.3692000000000002","2","2","18.485517501831055"
"pointcloud_500k","2","35","52.937600000000003","40.496399999999994","2.3986999999999998","2","2","18.206777572631836"
"pointcloud_500k","2","36","55.828800000000001","38.915800000000004","2.3734999999999999","2","2","19.825063705444336"
"pointcloud_500k","2","37","60.679099999999998","42.8964","3.9941","2","2","15.839652061462402"
"pointcloud_500k","2","38","65.502700000000004","41.312399999999997","3.4501999999999997","2","2","16.418231964111328"
"pointcloud_500k","2","39","52.908799999999999","38.153000000000006","2.4272","2","2","16.840970993041992"
"pointcloud_500k","2","40","52.027799999999999","38.455100000000002","2.3651999999999997","2","2","19.429698944091797"
"pointcloud_500k","3","1","57.9206","39.228200000000001","2.4595000000000002","2","2","17.10401725769043"
"pointcloud_500k","3","2","54.826300000000003","37.781800000000004","2.5061999999999998","2","2","17.106620788574219"
"pointcloud_500k","3","3","53.830800000000004","39.216499999999996","2.4426000000000001","2","2","19.251205444335938"
"pointcloud_500k","3","4","55.768700000000003","38.912800000000004","2.2755999999999998","2","2","18.279396057128906"
"pointcloud_500k","3","5","55.317500000000003","38.672399999999996","2.9116999999999997","2","2","18.130657196044922"
"pointcloud_500k","3","6","52.606999999999999","39.112200000000001","2.3525999999999998","2","2","18.07501220703125"
"pointcloud_500k","3","7","52.577199999999998","38.396500000000003","2.8255999999999997","2","2","19.408769607543945"
"pointcloud_500k","3","8","56.5261","40.6494","2.8578999999999999","2","2","18.776239395141602"
"pointcloud_500k","3","9","104.92449999999999","59.325000000000003","3.7372999999999998","3","3","27.532964706420898"
"pointcloud_500k","3","10","55.092799999999997","40.049199999999999","2.8979999999999997","2","2","14.845517158508301"
"pointcloud_500k","3","11","63.150399999999998","45.131799999999998","3.7071000000000001","2","2","15.391032218933105"
"pointcloud_500k","3","12","54.5304","39.5916","2.2919","2","2","18.410882949829102"
"pointcloud_500k","3","13","55.456000000000003","41.929199999999994","2.5063","2","2","17.764575958251953"
"pointcloud_500k","3","14","55.1982","38.790999999999997","2.2831000000000001","2","2","19.251686096191406"
"pointcloud_500k","3","15","53.433999999999997","40.324399999999997","2.5436000000000001","2","2","17.493495941162109"
"pointcloud_500k","3","16","52.070799999999998","38.1387","2.2992999999999997","2","2","19.339330673217773"
"pointcloud_500k","3","17","50.957700000000003","38.423099999999998","2.387","2","2","19.016504287719727"
"pointcloud_500k","3","18","53.729799999999997","39.197499999999998","2.3974000000000002","2","2","19.659690856933594"
"pointcloud_500k","3","19","54.4801","37.405600000000007","2.3203","2","2","18.589330673217773"
"pointcloud_500k","3","20","52.045900000000003","38.3782","3.2389000000000001","2","2","18.442766189575195"
"pointcloud_500k","3","21","60.838200000000001","38.742699999999999","2.3847","2","2","16.665861129760742"
"pointcloud_500k","3","22","87.135099999999994","59.921900000000001","3.9231999999999996","3","3","31.511743545532227"
"pointcloud_500k","3","23","57.433500000000002","39.890599999999999","2.4605999999999999","2","2","17.36192512512207"
"pointcloud_500k","3","24","57.551000000000002","38.003900000000002","2.2656000000000001","2","2","18.8409423828125"
"pointcloud_500k","3","25","61.205599999999997","42.378299999999996","3.3285","2","2","15.360747337341309"
"pointcloud_500k","3","26","59.020200000000003","40.696600000000004","2.5061","2","2","16.225627899169922"
"pointcloud_500k","3","27","52.125100000000003","38.017600000000002","2.4852999999999996","2","2","19.20716667175293"
"pointcloud_500k","3","28","54.616900000000001","38.366599999999998","2.3935","2","2","19.008516311645508"
"pointcloud_500k","3","29","53.506100000000004","38.503799999999998","2.3409","2","2","18.289024353027344"
"pointcloud_500k","3","30","55.872799999999998","41.025400000000005","2.9336000000000002","2","2","18.290262222290039"
"pointcloud_500k","3","31","53.518799999999999","38.087400000000002","2.3300999999999998","2","2","18.020193099975586"
"pointcloud_500k","3","32","51.028399999999998","37.398200000000003","2.2608999999999999","2","2","19.265113830566406"
"pointcloud_500k","3","33","56.581000000000003","38.5548","2.3235000000000001","2","2","19.387510299682617"
"pointcloud_500k","3","34","52.100000000000001","38.837599999999995","2.7016","2","2","17.469385147094727"
"pointcloud_500k","3","35","51.996899999999997","39.302500000000002","2.29","2","2","19.466312408447266"
"pointcloud_500k","3","36","82.366699999999994","57.109399999999994","3.5306000000000002","3","3","33.008419036865234"
"pointcloud_500k","3","37","54.6477","39.224199999999996","2.3559999999999999","2","2","19.073741912841797"
"pointcloud_500k","3","38","51.548000000000002","37.875100000000003","2.3624000000000001","2","2","18.698509216308594"
"pointcloud_500k","3","39","50.890999999999998","37.6937","2.4916999999999998","2","2","19.5587158203125"
"pointcloud_500k","3","40","52.556600000000003","37.869100000000003","2.7690000000000001","2","2","19.123823165893555"
"pointcloud_50k","1","1","28.542200000000001","13.835699999999999","2.6501999999999999","2","2","29.942361831665039"
"pointcloud_50k","1","2","35.517400000000002","14.0822","2.8441000000000001","2","2","35.712501525878906"
"pointcloud_50k","1","3","31.618500000000001","13.994299999999999","2.3219000000000003","2","2","26.779712677001953"
"pointcloud_50k","1","4","35.177900000000001","14.920199999999999","2.5964999999999998","2","2","30.495986938476562"
"pointcloud_50k","1","5","34.194000000000003","15.1572","2.5865999999999998","2","2","27.657697677612305"
"pointcloud_50k","1","6","34.259700000000002","13.6188","2.0990000000000002","2","2","30.387840270996094"
"pointcloud_50k","1","7","28.035","13.8942","2.2199","2","2","30.671365737915039"
"pointcloud_50k","1","8","26.776499999999999","15.3712","2.1163999999999996","2","2","39.863666534423828"
"pointcloud_50k","1","9","24.397099999999998","13.388500000000001","2.3807999999999998","2","2","37.955707550048828"
"pointcloud_50k","1","10","28.729299999999999","13.130199999999999","2.1663999999999999","2","2","40.760261535644531"
"pointcloud_50k","1","11","26.006699999999999","14.3756","2.1051000000000002","2","2","33.918540954589844"
"pointcloud_50k","1","12","26.989599999999999","14.723599999999999","2.5792000000000002","2","2","38.804512023925781"
"pointcloud_50k","1","13","29.309999999999999","13.4877","2.6257999999999999","2","2","34.990970611572266"
"pointcloud_50k","1","14","26.805099999999999","13.4617","2.0352999999999999","2","2","36.913719177246094"
"pointcloud_50k","1","15","23.425799999999999","13.1822","2.1003999999999996","2","2","37.356784820556641"
"pointcloud_50k","1","16","24.704699999999999","13.4917","2.2500999999999998","2","2","42.211902618408203"
"pointcloud_50k","1","17","24.694299999999998","13.7798","2.1558999999999999","2","2","41.452495574951172"
"pointcloud_50k","1","18","24.919899999999998","14.0045","2.2234999999999996","2","2","39.765224456787109"
"pointcloud_50k","1","19","25.000299999999999","12.965800000000002","2.0693000000000001","2","2","40.708324432373047"
"pointcloud_50k","1","20","73.086699999999993","27.532599999999999","4.2229000000000001","3","3","44.840034484863281"
"pointcloud_50k","1","21","29.197099999999999","15.9177","2.6319999999999997","2","2","22.815214157104492"
"pointcloud_50k","1","22","25.057500000000001","13.214600000000001","2.0312000000000001","2","2","37.454727172851562"
"pointcloud_50k","1","23","25.168399999999998","13.9215","2.1204999999999998","2","2","39.574024200439453"
"pointcloud_50k","1","24","28.3444","14.271699999999999","2.1547999999999998","2","2","39.551956176757812"
"pointcloud_50k","1","25","28.602799999999998","13.4861","2.1991999999999998","2","2","35.653549194335938"
"pointcloud_50k","1","26","29.719100000000001","13.2121","2.0625999999999998","2","2","30.709323883056641"
"pointcloud_50k","1","27","28.2377","14.4145","2.2084000000000001","2","2","35.058689117431641"
"pointcloud_50k","1","28","27.092500000000001","13.4002","2.0579999999999998","2","2","39.984325408935547"
"pointcloud_50k","1","29","26.245799999999999","13.8704","2.3563000000000001","2","2","35.819442749023438"
"pointcloud_50k","1","30","28.354700000000001","14.499099999999999","2.214","2","2","38.480777740478516"
"pointcloud_50k","1","31","26.584099999999999","13.9117","2.1048","2","2","34.741039276123047"
"pointcloud_50k","1","32","25.3614","13.957599999999999","2.2050999999999998","2","2","38.260669708251953"
"pointcloud_50k","1","33","26.4404","13.2316","2.3767","2","2","39.233997344970703"
"pointcloud_50k","1","34","35.450800000000001","13.858599999999999","2.2202999999999999","2","2","38.450298309326172"
"pointcloud_50k","1","35","25.1694","13.407299999999999","2.0590000000000002","2","2","27.350950241088867"
"pointcloud_50k","1","36","27.084199999999999","13.363899999999999","2.1478999999999999","2","2","41.718292236328125"
"pointcloud_50k","1","37","29.158100000000001","14.3375","2.0966","2","2","35.783935546875"
"pointcloud_50k","1","38","26.930800000000001","14.7064","2.3792","2","2","35.219329833984375"
"pointcloud_50k","1","39","27.577100000000002","14.9315","2.4249999999999998","2","2","34.781520843505859"
"pointcloud_50k","1","40","26.941400000000002","13.346699999999998","2.1162999999999998","2","2","36.935943603515625"
"pointcloud_50k","2","1","26.3565","13.8598","2.1909999999999998","2","2","34.606986999511719"
"pointcloud_50k","2","2","29.466200000000001","14.442399999999999","2.6617999999999999","2","2","36.647220611572266"
"pointcloud_50k","2","3","26.5564","13.720800000000001","2.3478000000000003","2","2","34.936450958251953"
"pointcloud_50k","2","4","26.531300000000002","14.106","2.1427","2","2","36.880771636962891"
"pointcloud_50k","2","5","25.876899999999999","13.7851","2.0478000000000001","2","2","37.921016693115234"
"pointcloud_50k","2","6","26.7362","13.292200000000001","2.0544000000000002","2","2","40.35235595703125"
"pointcloud_50k","2","7","23.945599999999999","13.566500000000001","2.0085999999999999","2","2","38.036117553710938"
"pointcloud_50k","2","8","31.527899999999999","18.329000000000001","2.6295000000000002","2","2","33.637527465820312"
"pointcloud_50k","2","9","43.369700000000002","15.972199999999999","2.6445999999999996","2","2","32.097988128662109"
"pointcloud_50k","2","10","30.9772","15.7524","2.8635999999999999","2","2","24.067272186279297"
"pointcloud_50k","2","11","27.840399999999999","13.918699999999999","2.7342","2","2","33.108417510986328"
"pointcloud_50k","2","12","26.5853","13.3735","2.0869","2","2","38.106269836425781"
"pointcloud_50k","2","13","23.5212","13.2455","2.1305000000000001","2","2","38.571319580078125"
"pointcloud_50k","2","14","24.753","13.019","2.2008000000000001","2","2","42.514114379882812"
"pointcloud_50k","2","15","26.940899999999999","13.415199999999999","2.1031","2","2","39.188022613525391"
"pointcloud_50k","2","16","26.582699999999999","13.853899999999999","2.2050000000000001","2","2","36.397388458251953"
"pointcloud_50k","2","17","32.560899999999997","18.0349","2.4990999999999999","2","2","34.896461486816406"
"pointcloud_50k","2","18","31.154299999999999","15.089700000000001","2.5276999999999998","2","2","32.006965637207031"
"pointcloud_50k","2","19","27.5639","15.1615","2.4256000000000002","2","2","31.235553741455078"
"pointcloud_50k","2","20","26.443999999999999","13.468999999999999","2.2608000000000001","2","2","39.273750305175781"
"pointcloud_50k","2","21","24.203099999999999","13.6518","2.056","2","2","38.389926910400391"
"pointcloud_50k","2","22","26.757000000000001","14.1142","2.1246","2","2","41.824378967285156"
"pointcloud_50k","2","23","25.975200000000001","13.3248","2.2894999999999999","2","2","36.328762054443359"
"pointcloud_50k","2","24","23.815799999999999","13.2278","2.0562","2","2","38.512939453125"
"pointcloud_50k","2","25","27.7287","15.3712","2.3982999999999999","2","2","40.180328369140625"
"pointcloud_50k","2","26","44.146799999999999","20.770199999999999","4.1097999999999999","3","3","50.590900421142578"
"pointcloud_50k","2","27","30.901499999999999","14.0852","2.2216","2","2","41.166831970214844"
"pointcloud_50k","2","28","24.904399999999999","14.520299999999999","2.0655000000000001","2","2","33.203506469726562"
"pointcloud_50k","2","29","24.967500000000001","13.1593","2.1009000000000002","2","2","40.318679809570312"
"pointcloud_50k","2","30","25.388100000000001","13.365600000000001","2.1061000000000001","2","2","39.660190582275391"
"pointcloud_50k","2","31","23.561699999999998","13.2112","2.0486","2","2","39.167915344238281"
"pointcloud_50k","2","32","23.907","13.1004","2.0672999999999999","2","2","43.491687774658203"
"pointcloud_50k","2","33","30.6782","14.599","2.2488000000000001","2","2","39.689311981201172"
"pointcloud_50k","2","34","34.900799999999997","14.705500000000001","2.6345000000000001","2","2","27.743791580200195"
"pointcloud_50k","2","35","32.021299999999997","13.430399999999999","2.0948000000000002","2","2","30.212301254272461"
"pointcloud_50k","2","36","34.905999999999999","13.7867","2.3005","2","2","31.701648712158203"
"pointcloud_50k","2","37","32.914000000000001","14.0449","2.2456","2","2","27.761737823486328"
"pointcloud_50k","2","38","28.8337","15.382100000000001","2.1494","2","2","31.242092132568359"
"pointcloud_50k","2","39","23.3172","13.0139","2.1230000000000002","2","2","41.138042449951172"
"pointcloud_50k","2","40","24.6492","14.063499999999999","2.0925000000000002","2","2","40.036033630371094"
"pointcloud_50k","3","1","26.786100000000001","13.576000000000001","2.0844","2","2","33.828811645507812"
"pointcloud_50k","3","2","24.919","14.256699999999999","2.0834000000000001","2","2","40.113441467285156"
"pointcloud_50k","3","3","24.067599999999999","13.093499999999999","2.0469999999999997","2","2","40.258296966552734"
"pointcloud_50k","3","4","33.149500000000003","13.678899999999999","2.3026999999999997","2","2","39.671520233154297"
"pointcloud_50k","3","5","23.9269","13.7806","1.9790000000000001","2","2","31.581308364868164"
"pointcloud_50k","3","6","39.3489","20.3996","3.1948000000000003","3","3","61.650760650634766"
"pointcloud_50k","3","7","25.805700000000002","13.7036","2.1999","2","2","42.623928070068359"
"pointcloud_50k","3","8","28.346499999999999","14.4841","2.1923000000000004","2","2","36.729057312011719"
"pointcloud_50k","3","9","25.239000000000001","13.9939","2.1779000000000002","2","2","35.683570861816406"
"pointcloud_50k","3","10","26.1418","13.991399999999999","2.1334","2","2","39.023170471191406"
"pointcloud_50k","3","11","22.808900000000001","12.985099999999999","2.1334999999999997","2","2","41.29620361328125"
"pointcloud_50k","3","12","24.988399999999999","13.8232","2.2397999999999998","2","2","41.827354431152344"
"pointcloud_50k","3","13","25.598400000000002","13.581099999999999","2.0486","2","2","39.199546813964844"
"pointcloud_50k","3","14","25.383400000000002","12.967199999999998","2.6661999999999999","2","2","41.309680938720703"
"pointcloud_50k","3","15","25.921500000000002","13.2545","2.2664","2","2","39.090442657470703"
"pointcloud_50k","3","16","32.4861","16.476900000000001","2.5880000000000001","2","2","33.158477783203125"
"pointcloud_50k","3","17","48.3536","17.720800000000001","2.4020000000000001","2","2","23.1663818359375"
"pointcloud_50k","3","18","28.314399999999999","14.450199999999999","2.194","2","2","28.113025665283203"
"pointcloud_50k","3","19","26.501799999999999","14.386800000000001","2.2631999999999999","2","2","35.657741546630859"
"pointcloud_50k","3","20","26.470300000000002","13.791399999999999","2.4279000000000002","2","2","38.483295440673828"
"pointcloud_50k","3","21","28.213000000000001","13.411300000000001","2.1999","2","2","35.748630523681641"
"pointcloud_50k","3","22","26.839200000000002","13.51","2.194","2","2","37.262542724609375"
"pointcloud_50k","3","23","28.000599999999999","15.0258","2.1850000000000001","2","2","35.636268615722656"
"pointcloud_50k","3","24","24.627099999999999","13.054200000000002","2.1688999999999998","2","2","38.608249664306641"
"pointcloud_50k","3","25","29.471599999999999","14.899699999999999","2.2617000000000003","2","2","37.121040344238281"
"pointcloud_50k","3","26","45.374600000000001","17.963099999999997","3.2629000000000001","2","2","33.860198974609375"
"pointcloud_50k","3","27","39.095399999999998","18.420099999999998","2.8885000000000001","2","2","19.06028938293457"
"pointcloud_50k","3","28","29.697900000000001","14.4361","2.3784000000000001","2","2","32.009834289550781"
"pointcloud_50k","3","29","26.499099999999999","13.7881","2.2141999999999999","2","2","34.051479339599609"
"pointcloud_50k","3","30","28.905200000000001","14.8727","2.3479000000000001","2","2","35.511867523193359"
"pointcloud_50k","3","31","56.917200000000001","28.5929","4.0589000000000004","3","3","46.807056427001953"
"pointcloud_50k","3","32","31.174199999999999","15.663999999999998","3.3558000000000003","2","2","31.996212005615234"
"pointcloud_50k","3","33","31.396899999999999","14.585100000000001","2.7290999999999999","2","2","31.145662307739258"
"pointcloud_50k","3","34","28.579000000000001","14.1004","2.4752000000000001","2","2","32.018444061279297"
"pointcloud_50k","3","35","26.5396","13.540900000000001","2.0809000000000002","2","2","36.352928161621094"
"pointcloud_50k","3","36","26.247199999999999","13.4247","2.1387999999999998","2","2","37.771339416503906"
"pointcloud_50k","3","37","25.421800000000001","13.329000000000001","2.0837000000000003","2","2","38.963417053222656"
"pointcloud_50k","3","38","26.400600000000001","13.6637","2.1535000000000002","2","2","39.459716796875"
"pointcloud_50k","3","39","24.526199999999999","13.388100000000001","1.9941","2","2","37.391006469726562"
"pointcloud_50k","3","40","27.747299999999999","15.051399999999999","2.536","2","2","39.794975280761719"
"pointcloud_10k","1","1","23.974799999999998","10.9862","2.2758000000000003","2","2","36.630306243896484"
"pointcloud_10k","1","2","24.997599999999998","11.1526","2.2004999999999999","2","2","44.172538757324219"
"pointcloud_10k","1","3","26.670300000000001","13.807700000000001","2.2991999999999999","2","2","35.684463500976562"
"pointcloud_10k","1","4","25.4573","10.8132","2.1171000000000002","2","2","41.151077270507812"
"pointcloud_10k","1","5","39.790399999999998","16.873799999999999","3.4281000000000001","2","2","27.856006622314453"
"pointcloud_10k","1","6","42.869799999999998","13.4056","2.7239","2","2","25.831249237060547"
"pointcloud_10k","1","7","26.1614","11.131499999999999","2.2365000000000004","2","2","29.499483108520508"
"pointcloud_10k","1","8","25.259899999999998","11.115500000000001","2.3368000000000002","2","2","38.315643310546875"
"pointcloud_10k","1","9","22.478300000000001","11.066199999999998","2.1999","2","2","40.805831909179688"
"pointcloud_10k","1","10","25.435199999999998","11.250500000000001","2.3520000000000003","2","2","43.05853271484375"
"pointcloud_10k","1","11","22.984400000000001","11.0001","2.1296999999999997","2","2","39.812877655029297"
"pointcloud_10k","1","12","22.4693","10.6249","2.0099","2","2","44.728721618652344"
"pointcloud_10k","1","13","21.807099999999998","11.2974","2.2286000000000001","2","2","44.694736480712891"
"pointcloud_10k","1","14","26.470199999999998","10.866299999999999","2.0114999999999998","2","2","44.924839019775391"
"pointcloud_10k","1","15","24.260999999999999","12.203800000000001","2.1739999999999999","2","2","35.729854583740234"
"pointcloud_10k","1","16","21.9877","10.575800000000001","1.9899","2","2","44.676166534423828"
"pointcloud_10k","1","17","21.932700000000001","10.704699999999999","2.5726","2","2","45.252555847167969"
"pointcloud_10k","1","18","23.5671","10.8902","2.0445000000000002","2","2","43.192066192626953"
"pointcloud_10k","1","19","25.858000000000001","13.4453","2.3344","2","2","40.450130462646484"
"pointcloud_10k","1","20","23.971499999999999","11.4999","2.0740999999999996","2","2","40.260078430175781"
"pointcloud_10k","1","21","26.696100000000001","11.3782","2.0236000000000001","2","2","36.484634399414062"
"pointcloud_10k","1","22","22.923200000000001","10.576799999999999","2.1734","2","2","45.128391265869141"
"pointcloud_10k","1","23","21.829899999999999","11.657","2.1071999999999997","2","2","41.866580963134766"
"pointcloud_10k","1","24","42.585500000000003","16","3.0614999999999997","3","3","64.365386962890625"
"pointcloud_10k","1","25","28.674099999999999","11.8363","2.1116000000000001","2","2","31.409896850585938"
"pointcloud_10k","1","26","28.537199999999999","13.6305","2.2035999999999998","2","2","34.963813781738281"
"pointcloud_10k","1","27","28.627700000000001","14.934200000000001","3.0759999999999996","2","2","35.339061737060547"
"pointcloud_10k","1","28","23.373899999999999","11.390699999999999","2.1367000000000003","2","2","39.246315002441406"
"pointcloud_10k","1","29","22.442699999999999","11.4176","2.0815000000000001","2","2","44.215309143066406"
"pointcloud_10k","1","30","28.406300000000002","11.9054","2.4343000000000004","2","2","40.856349945068359"
"pointcloud_10k","1","31","33.0916","13.785799999999998","2.3487999999999998","2","2","31.711702346801758"
"pointcloud_10k","1","32","38.831299999999999","18.3293","3.4996","2","2","29.4263916015625"
"pointcloud_10k","1","33","35.246099999999998","11.313300000000002","2.4340000000000002","2","2","25.707469940185547"
"pointcloud_10k","1","34","43.423000000000002","19.134799999999998","2.7131999999999996","2","2","24.537769317626953"
"pointcloud_10k","1","35","28.568100000000001","12.432700000000001","2.1433999999999997","2","2","27.073490142822266"
"pointcloud_10k","1","36","23.219000000000001","11.6401","2.3344","2","2","42.101184844970703"
"pointcloud_10k","1","37","23.261099999999999","11.053000000000001","2.1196999999999999","2","2","40.992847442626953"
"pointcloud_10k","1","38","23.577300000000001","12.129100000000001","2.1112000000000002","2","2","43.501144409179688"
"pointcloud_10k","1","39","22.2883","10.699100000000001","2.0926","2","2","44.490913391113281"
"pointcloud_10k","1","40","22.651199999999999","11.2988","2.1240000000000001","2","2","43.794151306152344"
"pointcloud_10k","2","1","23.0412","10.884699999999999","2.1133000000000002","2","2","36.337207794189453"
"pointcloud_10k","2","2","22.026499999999999","10.6632","2.0972999999999997","2","2","44.922218322753906"
"pointcloud_10k","2","3","20.857500000000002","10.8385","1.9925999999999999","2","2","45.755283355712891"
"pointcloud_10k","2","4","22.607099999999999","11.515799999999999","2.1095000000000002","2","2","46.713474273681641"
"pointcloud_10k","2","5","37.086100000000002","16.664999999999999","3.4218999999999999","3","3","67.17901611328125"
"pointcloud_10k","2","6","31.356300000000001","11.5099","2.0815999999999999","2","2","47.512031555175781"
"pointcloud_10k","2","7","20.193200000000001","10.4909","2.0256999999999996","2","2","32.199275970458984"
"pointcloud_10k","2","8","28.044","12.1068","2.5319000000000003","2","2","44.706123352050781"
"pointcloud_10k","2","9","28.586500000000001","11.144300000000001","2.2284999999999999","2","2","32.297657012939453"
"pointcloud_10k","2","10","20.570799999999998","10.893599999999999","2.0430000000000001","2","2","43.210544586181641"
"pointcloud_10k","2","11","22.0685","10.4542","2.0228999999999999","2","2","47.301227569580078"
"pointcloud_10k","2","12","23.296600000000002","11.645099999999999","2.0579999999999998","2","2","43.330558776855469"
"pointcloud_10k","2","13","24.453399999999998","10.686399999999999","2.0619000000000001","2","2","42.773063659667969"
"pointcloud_10k","2","14","23.400400000000001","11.2081","2.1295999999999999","2","2","42.536537170410156"
"pointcloud_10k","2","15","22.3597","10.656400000000001","2.0007000000000001","2","2","41.791866302490234"
"pointcloud_10k","2","16","21.690799999999999","10.775300000000001","2.2015000000000002","2","2","45.747745513916016"
"pointcloud_10k","2","17","22.085999999999999","11.3939","2.1105","2","2","46.187244415283203"
"pointcloud_10k","2","18","26.047499999999999","10.8857","2.1707000000000001","2","2","45.026588439941406"
"pointcloud_10k","2","19","37.4572","13.042000000000002","2.3853999999999997","2","2","34.586158752441406"
"pointcloud_10k","2","20","22.834299999999999","11.494900000000001","2.1364000000000001","2","2","27.689479827880859"
"pointcloud_10k","2","21","22.430900000000001","11.1021","1.9741","2","2","48.183948516845703"
"pointcloud_10k","2","22","24.3826","11.1341","2.7622999999999998","2","2","40.459457397460938"
"pointcloud_10k","2","23","22.614100000000001","10.918800000000001","1.9973000000000001","2","2","43.150131225585938"
"pointcloud_10k","2","24","22.406700000000001","10.813400000000001","2.3815999999999997","2","2","43.856380462646484"
"pointcloud_10k","2","25","23.779599999999999","11.4115","2.0621","2","2","45.067577362060547"
"pointcloud_10k","2","26","21.866900000000001","10.522300000000001","2.1509999999999998","2","2","42.247390747070312"
"pointcloud_10k","2","27","24.655999999999999","11.5474","2.0701999999999998","2","2","44.372264862060547"
"pointcloud_10k","2","28","22.997399999999999","11.079699999999999","2.3651999999999997","2","2","42.306015014648438"
"pointcloud_10k","2","29","28.565200000000001","12.8194","2.2002999999999999","2","2","40.515026092529297"
"pointcloud_10k","2","30","23.486899999999999","11.2403","2.1791","2","2","35.232357025146484"
"pointcloud_10k","2","31","25.247900000000001","11.296600000000002","2.1366000000000001","2","2","40.66131591796875"
"pointcloud_10k","2","32","22.314","11.665800000000001","2.0579999999999998","2","2","41.724384307861328"
"pointcloud_10k","2","33","21.810600000000001","10.5924","1.9915","2","2","46.72198486328125"
"pointcloud_10k","2","34","23.032299999999999","11.1936","2.0474999999999999","2","2","44.586524963378906"
"pointcloud_10k","2","35","29.0167","13.688500000000001","2.1361999999999997","2","2","41.591976165771484"
"pointcloud_10k","2","36","45.916200000000003","17.2258","3.2252000000000001","3","3","52.164295196533203"
"pointcloud_10k","2","37","29.970700000000001","15.0054","2.8094999999999999","2","2","32.212032318115234"
"pointcloud_10k","2","38","24.029900000000001","12.2027","2.2674000000000003","2","2","37.42864990234375"
"pointcloud_10k","2","39","27.4636","11.9976","2.1960999999999999","2","2","44.441680908203125"
"pointcloud_10k","2","40","21.8536","10.505700000000001","2.0167999999999999","2","2","38.115131378173828"
"pointcloud_10k","3","1","23.6267","11.4031","2.1905999999999999","2","2","41.441844940185547"
"pointcloud_10k","3","2","27.3446","11.822800000000001","2.8944000000000001","2","2","37.063941955566406"
"pointcloud_10k","3","3","20.130700000000001","10.620699999999999","2.0457999999999998","2","2","42.380962371826172"
"pointcloud_10k","3","4","26.200700000000001","11.006399999999999","1.9597","2","2","51.253139495849609"
"pointcloud_10k","3","5","21.7408","10.662299999999998","2.0308999999999999","2","2","36.599468231201172"
"pointcloud_10k","3","6","22.680700000000002","10.693","2.1941999999999999","2","2","46.120357513427734"
"pointcloud_10k","3","7","24.6355","11.2218","2.0811999999999999","2","2","42.390663146972656"
"pointcloud_10k","3","8","20.934000000000001","10.4649","2.0160999999999998","2","2","42.371444702148438"
"pointcloud_10k","3","9","22.9848","11.609400000000001","2.0784000000000002","2","2","46.307014465332031"
"pointcloud_10k","3","10","23.613399999999999","10.8277","2.2216","2","2","45.093593597412109"
"pointcloud_10k","3","11","23.001300000000001","10.8796","2.1147","2","2","42.207984924316406"
"pointcloud_10k","3","12","23.921399999999998","11.914999999999999","2.0333000000000001","2","2","41.774410247802734"
"pointcloud_10k","3","13","26.0319","12.531600000000001","2.4998","2","2","40.628440856933594"
"pointcloud_10k","3","14","23.684699999999999","11.080200000000001","2.0865999999999998","2","2","39.529598236083984"
"pointcloud_10k","3","15","24.550999999999998","10.599599999999999","2.0820999999999996","2","2","43.477695465087891"
"pointcloud_10k","3","16","22.725999999999999","11.267099999999999","2.3281000000000001","2","2","39.331676483154297"
"pointcloud_10k","3","17","30.580200000000001","10.885","2.0524","2","2","44.072666168212891"
"pointcloud_10k","3","18","22.803000000000001","11.394400000000001","2.0859000000000001","2","2","33.234516143798828"
"pointcloud_10k","3","19","23.717500000000001","11.007200000000001","2.2829000000000002","2","2","43.745487213134766"
"pointcloud_10k","3","20","24.478100000000001","13.7776","2.1511","2","2","40.909500122070312"
"pointcloud_10k","3","21","39.689500000000002","17.014500000000002","3.1923000000000004","3","3","67.872993469238281"
"pointcloud_10k","3","22","24.7302","11.757999999999999","2.3031999999999999","2","2","40.890094757080078"
"pointcloud_10k","3","23","29.311900000000001","12.8874","2.4074999999999998","2","2","40.994358062744141"
"pointcloud_10k","3","24","37.093200000000003","13.8515","2.3588","2","2","27.51629638671875"
"pointcloud_10k","3","25","29.9712","11.116099999999999","2.1492","2","2","29.609188079833984"
"pointcloud_10k","3","26","30.904","11.923","2.1738","2","2","33.263038635253906"
"pointcloud_10k","3","27","33.817700000000002","17.165599999999998","2.5347999999999997","2","2","34.367805480957031"
"pointcloud_10k","3","28","32.193100000000001","12.016400000000001","2.2088000000000001","2","2","27.528038024902344"
"pointcloud_10k","3","29","32.667299999999997","11.326699999999999","2.5301","2","2","30.18913459777832"
"pointcloud_10k","3","30","25.293399999999998","11.8125","2.1791999999999998","2","2","34.157089233398438"
"pointcloud_10k","3","31","23.049299999999999","11.6568","2.1364999999999998","2","2","43.027965545654297"
"pointcloud_10k","3","32","22.299199999999999","10.901599999999998","2.0426000000000002","2","2","45.65313720703125"
"pointcloud_10k","3","33","23.389399999999998","10.654199999999999","2.1400999999999999","2","2","44.954326629638672"
"pointcloud_10k","3","34","22.574400000000001","10.7364","2.1549999999999998","2","2","41.429996490478516"
"pointcloud_10k","3","35","24.664899999999999","12.202300000000001","2.4905999999999997","2","2","43.210357666015625"
"pointcloud_10k","3","36","23.489100000000001","11.4359","2.0438000000000001","2","2","40.414817810058594"
"pointcloud_10k","3","37","21.183199999999999","10.9794","2.0283000000000002","2","2","44.292865753173828"
"pointcloud_10k","3","38","23.055399999999999","11.6577","2.0690999999999997","2","2","44.940792083740234"
"pointcloud_10k","3","39","22.879000000000001","11.596399999999999","2.4778000000000002","2","2","42.264354705810547"
"pointcloud_10k","3","40","25.428699999999999","12.5298","2.6067999999999998","2","2","46.832263946533203"
"centers_all","1","1","37.319699999999997","16.256799999999998","2.8578999999999999","2","2","27.941078186035156"
"centers_all","1","2","38.922800000000002","18.890999999999998","4.1996000000000002","2","2","27.639427185058594"
"centers_all","1","3","32.277799999999999","16.305399999999999","2.3411","2","2","29.347888946533203"
"centers_all","1","4","31.445399999999999","17.547599999999999","2.5851000000000002","2","2","30.412052154541016"
"centers_all","1","5","30.6982","16.342599999999997","2.2633999999999999","2","2","31.409896850585938"
"centers_all","1","6","27.892700000000001","15.190300000000001","2.2313999999999998","2","2","34.951835632324219"
"centers_all","1","7","37.295699999999997","17.902200000000001","3.1052999999999997","2","2","29.2178955078125"
"centers_all","1","8","43.585900000000002","15.770900000000001","2.2387999999999999","2","2","26.77454948425293"
"centers_all","1","9","48.885100000000001","18.604199999999999","2.3443000000000001","2","2","24.493595123291016"
"centers_all","1","10","31.4922","14.4034","2.1966000000000001","2","2","21.629758834838867"
"centers_all","1","11","24.394200000000001","14.323599999999999","1.9849000000000001","2","2","33.713054656982422"
"centers_all","1","12","26.84","14.715","2.2170999999999998","2","2","41.003604888916016"
"centers_all","1","13","27.868300000000001","15.3255","2.1808000000000001","2","2","37.280605316162109"
"centers_all","1","14","29.761600000000001","15.707000000000001","2.2212000000000001","2","2","33.503307342529297"
"centers_all","1","15","26.485099999999999","14.343399999999999","2.0476999999999999","2","2","34.925834655761719"
"centers_all","1","16","27.7941","14.8673","2.3288000000000002","2","2","37.767631530761719"
"centers_all","1","17","27.668099999999999","14.9299","2.7191000000000001","2","2","35.096710205078125"
"centers_all","1","18","45.540100000000002","21.839700000000001","3.3611999999999997","3","3","57.601364135742188"
"centers_all","1","19","30.316400000000002","14.548","2.1173999999999999","2","2","38.983314514160156"
"centers_all","1","20","25.267199999999999","14.210699999999999","2.1093999999999999","2","2","33.230098724365234"
"centers_all","1","21","31.550999999999998","14.797699999999999","2.1191","2","2","32.788604736328125"
"centers_all","1","22","26.107199999999999","14.4176","2.1408","2","2","38.102207183837891"
"centers_all","1","23","27.1752","14.369900000000001","2.1970999999999998","2","2","38.388599395751953"
"centers_all","1","24","27.7987","15.0486","2.0762","2","2","34.291202545166016"
"centers_all","1","25","27.032800000000002","15.7828","2.4464000000000001","2","2","37.333770751953125"
"centers_all","1","26","28.015599999999999","14.929600000000001","2.7187999999999999","2","2","36.297508239746094"
"centers_all","1","27","30.7652","15.310200000000002","2.097","2","2","36.989772796630859"
"centers_all","1","28","32.964399999999998","15.395199999999999","2.3986000000000001","2","2","30.049972534179688"
"centers_all","1","29","27.453600000000002","15.328799999999999","2.1185","2","2","31.731224060058594"
"centers_all","1","30","27.919599999999999","14.792899999999999","2.1448","2","2","37.145858764648438"
"centers_all","1","31","29.338000000000001","16.598799999999997","2.2161999999999997","2","2","34.048580169677734"
"centers_all","1","32","26.735800000000001","14.928899999999999","2.0710000000000002","2","2","35.531551361083984"
"centers_all","1","33","27.498999999999999","15.0082","2.1503000000000001","2","2","37.318584442138672"
"centers_all","1","34","29.0655","14.263500000000001","2.0971000000000002","2","2","35.911540985107422"
"centers_all","1","35","29.145800000000001","16.273600000000002","2.2599","2","2","32.617488861083984"
"centers_all","1","36","27.9057","15.0146","2.2609000000000004","2","2","37.106990814208984"
"centers_all","1","37","29.0046","15.3247","2.1928999999999998","2","2","35.164463043212891"
"centers_all","1","38","27.697399999999998","14.465","2.6107","2","2","35.558338165283203"
"centers_all","1","39","28.818300000000001","15.803700000000001","2.2103999999999999","2","2","32.725082397460938"
"centers_all","1","40","34.7286","15.294699999999999","2.7915999999999999","2","2","31.190055847167969"
"centers_all","2","1","30.033300000000001","14.5281","2.1656","2","2","34.354343414306641"
"centers_all","2","2","27.805","16.139199999999999","2.2172999999999998","2","2","33.42681884765625"
"centers_all","2","3","27.776800000000001","15.036","2.1162000000000001","2","2","38.190242767333984"
"centers_all","2","4","27.265699999999999","14.342500000000001","2.1917","2","2","36.562267303466797"
"centers_all","2","5","30.758600000000001","14.788","2.1092","2","2","33.68511962890625"
"centers_all","2","6","30.123899999999999","14.737500000000001","2.4356999999999998","2","2","34.180671691894531"
"centers_all","2","7","28.691700000000001","15.091799999999999","2.1516999999999999","2","2","31.386236190795898"
"centers_all","2","8","28.809699999999999","15.210599999999999","2.0992000000000002","2","2","37.898887634277344"
"centers_all","2","9","25.645900000000001","14.557500000000001","2.1745000000000001","2","2","34.543270111083984"
"centers_all","2","10","31.037700000000001","14.3352","2.1944999999999997","2","2","38.617046356201172"
"centers_all","2","11","35.463999999999999","15.561999999999999","2.2523999999999997","2","2","26.48206901550293"
"centers_all","2","12","34.681399999999996","16.261299999999999","2.7595999999999998","2","2","31.498542785644531"
"centers_all","2","13","41.308799999999998","18.802700000000002","2.3556999999999997","2","2","26.372350692749023"
"centers_all","2","14","38.655200000000001","16.7791","2.5398000000000001","2","2","24.287172317504883"
"centers_all","2","15","36.510300000000001","17.444099999999999","3.2014","2","2","24.28581428527832"
"centers_all","2","16","30.617999999999999","14.7578","2.1930000000000001","2","2","34.379383087158203"
"centers_all","2","17","29.188500000000001","15.718","2.3498999999999999","2","2","31.342164993286133"
"centers_all","2","18","26.882999999999999","15.238200000000001","2.1299999999999999","2","2","35.886798858642578"
"centers_all","2","19","25.565300000000001","14.601800000000001","2.1407999999999996","2","2","38.808727264404297"
"centers_all","2","20","28.2409","14.556100000000001","2.1010999999999997","2","2","39.437152862548828"
"centers_all","2","21","29.6996","15.530799999999999","2.4405999999999999","2","2","33.588382720947266"
"centers_all","2","22","42.664999999999999","21.847100000000001","3.2789999999999999","3","3","59.037105560302734"
"centers_all","2","23","25.612500000000001","14.365","2.1694","2","2","40.025295257568359"
"centers_all","2","24","26.455400000000001","14.5205","2.1772999999999998","2","2","39.583580017089844"
"centers_all","2","25","30.667200000000001","14.8078","2.2407000000000004","2","2","36.659442901611328"
"centers_all","2","26","31.963000000000001","18.325099999999999","2.7902","2","2","28.137151718139648"
"centers_all","2","27","33.400599999999997","16.270400000000002","2.2968000000000002","2","2","32.600368499755859"
"centers_all","2","28","32.624400000000001","16.041699999999999","2.4314","2","2","30.445108413696289"
"centers_all","2","29","36.138599999999997","20.2133","2.3696999999999999","2","2","28.381515502929688"
"centers_all","2","30","35.659799999999997","20.655799999999999","2.5390000000000001","2","2","26.087387084960938"
"centers_all","2","31","27.900600000000001","15.161200000000001","2.1821000000000002","2","2","34.788902282714844"
"centers_all","2","32","28.9328","14.510199999999999","2.3494999999999999","2","2","36.573902130126953"
"centers_all","2","33","36.508899999999997","15.291800000000002","2.4683999999999999","2","2","29.470010757446289"
"centers_all","2","34","31.148199999999999","17.508600000000001","2.5068000000000001","2","2","30.646644592285156"
"centers_all","2","35","30.569800000000001","17.389600000000002","2.4851999999999999","2","2","30.749267578125"
"centers_all","2","36","28.453399999999998","14.908300000000001","2.8311000000000002","2","2","35.014251708984375"
"centers_all","2","37","28.364100000000001","14.565799999999999","2.1905000000000001","2","2","36.072174072265625"
"centers_all","2","38","27.382899999999999","14.5017","2.0960000000000001","2","2","35.628520965576172"
"centers_all","2","39","26.553999999999998","14.681799999999999","2.1886999999999999","2","2","36.46002197265625"
"centers_all","2","40","25.395099999999999","14.3154","2.0728","2","2","37.010581970214844"
"centers_all","3","1","44.359200000000001","21.501300000000001","3.3703999999999996","3","3","59.953117370605469"
"centers_all","3","2","28.9483","15.214600000000001","2.1360000000000001","2","2","35.119266510009766"
"centers_all","3","3","27.172999999999998","15.0701","2.2335000000000003","2","2","35.919925689697266"
"centers_all","3","4","28.239000000000001","13.8565","2.0857000000000001","2","2","37.824344635009766"
"centers_all","3","5","26.878900000000002","14.317599999999999","2.0249999999999999","2","2","35.873538970947266"
"centers_all","3","6","27.257200000000001","14.986000000000001","2.2427000000000001","2","2","35.689048767089844"
"centers_all","3","7","29.562999999999999","16.113799999999998","2.544","2","2","35.733684539794922"
"centers_all","3","8","28.0305","14.996500000000001","2.4891000000000001","2","2","33.379730224609375"
"centers_all","3","9","29.348800000000001","16.228400000000001","2.5068000000000001","2","2","35.575794219970703"
"centers_all","3","10","27.175799999999999","14.5938","2.1398999999999999","2","2","35.546455383300781"
"centers_all","3","11","26.506","15.407399999999999","2.1415999999999999","2","2","36.208530426025391"
"centers_all","3","12","26.828600000000002","14.459299999999999","2.1156000000000001","2","2","38.320049285888672"
"centers_all","3","13","37.361800000000002","15.301200000000001","2.4318","2","2","30.476375579833984"
"centers_all","3","14","44.468299999999999","16.715","2.2670000000000003","2","2","27.535768508911133"
"centers_all","3","15","27.651599999999998","14.809100000000001","2.2856000000000001","2","2","25.121715545654297"
"centers_all","3","16","28.609200000000001","14.7859","2.2515999999999998","2","2","34.228641510009766"
"centers_all","3","17","27.142099999999999","14.2927","2.0997000000000003","2","2","38.314323425292969"
"centers_all","3","18","25.4437","14.7758","2.1654","2","2","35.923797607421875"
"centers_all","3","19","27.419899999999998","15.6815","2.1005000000000003","2","2","39.776615142822266"
"centers_all","3","20","25.7882","13.9214","2.2195","2","2","36.657966613769531"
"centers_all","3","21","28.945","14.6404","2.0446","2","2","34.360954284667969"
"centers_all","3","22","31.7468","16.293900000000001","2.2141000000000002","2","2","35.607337951660156"
"centers_all","3","23","28.4574","14.749700000000001","2.1874000000000002","2","2","32.854316711425781"
"centers_all","3","24","27.4741","15.796800000000001","2.5474000000000001","2","2","35.014373779296875"
"centers_all","3","25","29.244399999999999","15.3485","2.9363000000000001","2","2","37.861721038818359"
"centers_all","3","26","26.828700000000001","14.351800000000001","2.7054","2","2","33.008857727050781"
"centers_all","3","27","42.229399999999998","21.274899999999999","3.1435000000000004","3","3","60.30926513671875"
"centers_all","3","28","26.878","14.858699999999999","2.0338000000000003","2","2","39.236766815185547"
"centers_all","3","29","28.6892","16.507199999999997","2.4866999999999999","2","2","34.653877258300781"
"centers_all","3","30","29.754899999999999","14.561400000000001","2.3555999999999999","2","2","35.751567840576172"
"centers_all","3","31","27.754100000000001","16.232700000000001","2.3879000000000001","2","2","33.544326782226562"
"centers_all","3","32","25.2882","14.1937","2.0522999999999998","2","2","37.487300872802734"
"centers_all","3","33","28.9498","16.346700000000002","2.3552999999999997","2","2","36.028896331787109"
"centers_all","3","34","26.078600000000002","14.552900000000001","2.0285000000000002","2","2","38.062324523925781"
"centers_all","3","35","25.8901","13.998200000000001","2.0327999999999999","2","2","37.461742401123047"
"centers_all","3","36","26.654699999999998","14.3993","2.0720999999999998","2","2","38.484333038330078"
"centers_all","3","37","33.566800000000001","18.1904","2.6421000000000001","2","2","32.39422607421875"
"centers_all","3","38","34.057000000000002","17.823499999999999","2.3498999999999999","2","2","28.285022735595703"
"centers_all","3","39","33.513300000000001","14.799299999999999","2.3928000000000003","2","2","33.677745819091797"
"centers_all","3","40","31.374300000000002","15.114100000000001","2.4175","2","2","28.480777740478516"
