case,repeat,frame,wall_ms,scatter_callback_ms,analyzer_callback_ms,scatter_calls,analyzer_calls,reported_fps_unverified
"candidate_061","1","1","51.639000000000003","21.0212","3.7746","2","2","15.956801414489746"
"candidate_061","1","2","38.870399999999997","13.0062","2.4759000000000002","2","2","30.099449157714844"
"candidate_061","1","3","31.603999999999999","11.8729","2.3193000000000001","2","2","23.985416412353516"
"candidate_061","1","4","30.3674","13.0738","2.9328000000000003","2","2","31.171390533447266"
"candidate_061","1","5","31.194500000000001","11.9566","2.5960000000000001","2","2","36.385467529296875"
"candidate_061","1","6","32.511499999999998","13.090399999999999","3.9107000000000003","2","2","28.947666168212891"
"candidate_061","1","7","45.930300000000003","14.476100000000001","2.6118999999999999","2","2","29.877679824829102"
"candidate_061","1","8","32.932200000000002","14.1349","4.1273999999999997","2","2","22.824640274047852"
"candidate_061","1","9","30.974900000000002","12.9124","2.5354999999999999","2","2","29.791784286499023"
"candidate_061","1","10","32.006700000000002","14.6313","2.7731000000000003","2","2","31.139745712280273"
"candidate_061","1","11","35.221600000000002","15.5397","2.8257000000000003","2","2","30.941455841064453"
"candidate_061","1","12","47.091299999999997","14.789099999999999","2.5427","2","2","26.437332153320312"
"candidate_061","1","13","64.027699999999996","24.366800000000001","4.5516000000000005","3","3","50.755237579345703"
"candidate_061","1","14","65.446200000000005","17.8888","3.0371999999999999","2","2","21.993925094604492"
"candidate_061","1","15","73.104100000000003","12.6518","2.8041999999999998","2","2","10.884495735168457"
"candidate_061","1","16","41.873600000000003","15.766500000000001","2.9520999999999997","2","2","20.092182159423828"
"candidate_061","1","17","32.926299999999998","14.4556","2.6532999999999998","2","2","24.609750747680664"
"candidate_061","1","18","27.399100000000001","12.1153","2.8071000000000002","2","2","34.374774932861328"
"candidate_061","1","19","39.195799999999998","16.557300000000001","3.9683000000000002","2","2","29.072809219360352"
"candidate_061","1","20","41.103299999999997","16.767399999999999","2.4755000000000003","2","2","29.009387969970703"
"candidate_061","1","21","44.033499999999997","12.6951","3.1635999999999997","2","2","22.407306671142578"
"candidate_061","1","22","37.226999999999997","16.9938","3.3145000000000002","2","2","21.469316482543945"
"candidate_061","1","23","29.680299999999999","14.992100000000001","2.2990000000000004","2","2","31.96082878112793"
"candidate_061","1","24","31.093599999999999","14.109500000000001","3.0924","2","2","35.336063385009766"
"candidate_061","1","25","30.221499999999999","13.025","3.3551000000000002","2","2","30.770462036132812"
"candidate_061","1","26","49.396299999999997","19.366700000000002","5.1373999999999995","2","2","25.936502456665039"
"candidate_061","1","27","56.180300000000003","19.890700000000002","3.6280999999999999","2","2","22.162677764892578"
"candidate_061","1","28","31.2866","13.985800000000001","3.2499000000000002","2","2","19.339628219604492"
"candidate_061","1","29","32.167999999999999","12.6751","3.0084","2","2","32.978157043457031"
"candidate_061","1","30","31.707999999999998","13.5588","2.7938999999999998","2","2","29.203559875488281"
"candidate_061","1","31","48.6751","19.008900000000001","4.0244","3","3","56.560127258300781"
"candidate_061","1","32","32.459600000000002","13.003299999999999","3.4702999999999999","2","2","32.274723052978516"
"candidate_061","1","33","48.853900000000003","18.125900000000001","4.1357999999999997","2","2","27.072244644165039"
"candidate_061","1","34","44.815800000000003","13.4636","2.3170999999999999","2","2","20.418581008911133"
"candidate_061","1","35","28.166899999999998","14.424600000000002","2.5446999999999997","2","2","26.264091491699219"
"candidate_061","1","36","29.909300000000002","12.281499999999999","2.5861999999999998","2","2","32.359527587890625"
"candidate_061","1","37","31.045000000000002","12.0779","2.8540000000000001","2","2","33.545341491699219"
"candidate_061","1","38","31.403099999999998","11.9998","3.2378","2","2","30.787609100341797"
"candidate_061","1","39","36.908700000000003","14.6008","3.3270999999999997","2","2","31.08360481262207"
"candidate_061","1","40","76.993300000000005","15.218299999999999","3.0301999999999998","2","2","20.614263534545898"
"candidate_061","1","41","29.920999999999999","13.5533","2.4935","2","2","16.892662048339844"
"candidate_061","1","42","48.1571","17.1572","2.8367","2","2","29.374614715576172"
"candidate_061","1","43","25.448599999999999","11.9818","2.6471","2","2","22.537700653076172"
"candidate_061","1","44","34.811300000000003","13.3674","3.6352000000000002","2","2","31.816635131835938"
"candidate_061","1","45","29.413","12.100999999999999","2.7701000000000002","2","2","31.503604888916016"
"candidate_061","1","46","33.665399999999998","12.6007","3.4272999999999998","2","2","33.495452880859375"
"candidate_061","1","47","52.406999999999996","18.987400000000001","3.7178999999999998","2","2","25.187013626098633"
"candidate_061","1","48","38.803699999999999","13.801","3.1661000000000001","2","2","21.495576858520508"
"candidate_061","1","49","30.678000000000001","13.709099999999999","3.5771000000000002","2","2","25.341604232788086"
"candidate_061","1","50","37.705500000000001","15.8749","3.3071999999999999","2","2","30.085683822631836"
"candidate_061","1","51","55.143099999999997","27.2044","4.8369","3","3","63.334430694580078"
"candidate_061","1","52","39.200400000000002","14.653599999999999","2.7725999999999997","2","2","20.742067337036133"
"candidate_061","1","53","42.233499999999999","13.3438","2.7751999999999999","2","2","30.23541259765625"
"candidate_061","1","54","27.778300000000002","13.966000000000001","2.5428000000000002","2","2","24.170703887939453"
"candidate_061","1","55","33.306199999999997","14.057700000000001","3.3727","2","2","33.120697021484375"
"candidate_061","1","56","31.171099999999999","15.367599999999999","2.8387000000000002","2","2","30.95448112487793"
"candidate_061","1","57","30.1145","15.2166","3.5137","2","2","32.316337585449219"
"candidate_061","1","58","27.192","11.328800000000001","2.4495","2","2","35.563899993896484"
"candidate_061","1","59","33.013300000000001","12.356100000000001","2.6968000000000001","2","2","34.940967559814453"
"candidate_061","1","60","28.2072","11.481999999999999","2.5385999999999997","2","2","30.105428695678711"
"script_without_triangles","1","1","49.776299999999999","10.9879","4.1280000000000001","2","2","25.289821624755859"
"script_without_triangles","1","2","73.746099999999998","16.320799999999998","5.4874000000000001","3","3","24.323562622070312"
"script_without_triangles","1","3","34.2639","9.916599999999999","3.3513000000000002","2","2","36.897235870361328"
"script_without_triangles","1","4","27.765699999999999","7.9233000000000002","3.1671","2","2","28.481914520263672"
"script_without_triangles","1","5","27.9834","7.8399999999999999","2.5574000000000003","2","2","32.209022521972656"
"script_without_triangles","1","6","37.226700000000001","11.440199999999999","3.004","2","2","36.997848510742188"
"script_without_triangles","1","7","29.0747","8.1118000000000006","3.3689","2","2","27.896415710449219"
"script_without_triangles","1","8","28.2409","7.6236999999999995","3.0352000000000001","2","2","31.604364395141602"
"script_without_triangles","1","9","31.486699999999999","7.5176999999999996","2.5315000000000003","2","2","41.528755187988281"
"script_without_triangles","1","10","56.158799999999999","8.1288","2.5838000000000001","2","2","25.113134384155273"
"script_without_triangles","1","11","41.0809","11.1846","5.0840999999999994","2","2","19.219310760498047"
"script_without_triangles","1","12","27.6143","8.0138999999999996","2.5914999999999999","2","2","25.260881423950195"
"script_without_triangles","1","13","36.409599999999998","9.1293000000000006","2.8367","2","2","28.889877319335938"
"script_without_triangles","1","14","49.232700000000001","8.0876000000000001","3.5801999999999996","2","2","31.343442916870117"
"script_without_triangles","1","15","35.4786","8.0131999999999994","2.5222000000000002","2","2","21.06904411315918"
"script_without_triangles","1","16","34.441200000000002","8.3871000000000002","2.4813999999999998","2","2","24.676004409790039"
"script_without_triangles","1","17","29.819099999999999","10.990500000000001","3.5131000000000001","2","2","33.373714447021484"
"script_without_triangles","1","18","32.330500000000001","8.670399999999999","3.2459999999999996","2","2","39.430778503417969"
"script_without_triangles","1","19","22.421800000000001","7.7405999999999997","2.3601999999999999","2","2","32.155063629150391"
"script_without_triangles","1","20","27.982700000000001","10.648900000000001","3.1111","2","2","35.126789093017578"
"script_without_triangles","1","21","31.750499999999999","8.1044999999999998","3.3590999999999998","2","2","34.865924835205078"
"script_without_triangles","1","22","30.8002","8.3855000000000004","3.1305000000000001","2","2","32.540008544921875"
"script_without_triangles","1","23","28.385999999999999","7.3654000000000002","2.7418","2","2","30.194149017333984"
"script_without_triangles","1","24","44.484099999999998","13.1469","4.5186999999999999","3","3","72.901176452636719"
"script_without_triangles","1","25","24.395499999999998","8.1352000000000011","2.6934","2","2","44.459461212158203"
"script_without_triangles","1","26","62.1785","8.8552999999999997","2.4984000000000002","2","2","25.8072509765625"
"script_without_triangles","1","27","25.435600000000001","9.0071999999999992","2.9774000000000003","2","2","19.999160766601562"
"script_without_triangles","1","28","29.5703","7.8416999999999994","2.5897999999999999","2","2","41.701938629150391"
"script_without_triangles","1","29","20.643000000000001","8.2667000000000002","2.6486999999999998","2","2","37.082771301269531"
"script_without_triangles","1","30","71.836100000000002","8.170300000000001","3.3708","2","2","40.628936767578125"
"script_without_triangles","1","31","32.2913","7.5944000000000003","2.4004000000000003","2","2","14.551549911499023"
"script_without_triangles","1","32","31.490300000000001","8.5339999999999989","3.4207000000000001","2","2","28.078136444091797"
"script_without_triangles","1","33","33.008099999999999","9.0003999999999991","2.9595000000000002","2","2","27.474641799926758"
"script_without_triangles","1","34","36.364199999999997","8.2512000000000008","2.5140000000000002","2","2","33.607006072998047"
"script_without_triangles","1","35","26.710000000000001","9.8939000000000004","2.5998000000000001","2","2","31.17479133605957"
"script_without_triangles","1","36","28.9499","7.5059000000000005","2.6234000000000002","2","2","32.708812713623047"
"script_without_triangles","1","37","34.5291","7.508","2.3099999999999996","2","2","37.418708801269531"
"script_without_triangles","1","38","49.284199999999998","11.197800000000001","4.6353","2","2","23.089088439941406"
"script_without_triangles","1","39","50.201900000000002","12.335900000000001","4.5052000000000003","2","2","17.027189254760742"
"script_without_triangles","1","40","29.9742","7.7999999999999998","2.4158999999999997","2","2","26.691864013671875"
"script_without_triangles","1","41","42.604100000000003","9.0877000000000017","2.9646999999999997","2","2","42.096221923828125"
"script_without_triangles","1","42","28.068200000000001","9.9639999999999986","3.8693999999999997","2","2","20.50184440612793"
"script_without_triangles","1","43","21.2057","7.9741999999999997","2.5348000000000002","2","2","50.34942626953125"
"script_without_triangles","1","44","28.2257","7.7229000000000001","2.6225999999999998","2","2","44.115440368652344"
"script_without_triangles","1","45","58.151800000000001","11.415199999999999","3.4971999999999999","3","3","52.117805480957031"
"script_without_triangles","1","46","34.028100000000002","9.2766999999999999","2.3723999999999998","2","2","30.56300163269043"
"script_without_triangles","1","47","28.330400000000001","7.8986999999999998","2.9697","2","2","25.127838134765625"
"script_without_triangles","1","48","23.6143","7.7797000000000001","2.2637","2","2","44.936347961425781"
"script_without_triangles","1","49","29.997","7.5365000000000002","2.2652999999999999","2","2","33.726585388183594"
"script_without_triangles","1","50","29.283000000000001","9.6653000000000002","2.4773000000000001","2","2","39.295974731445312"
"script_without_triangles","1","51","22.785699999999999","7.882200000000001","2.3505000000000003","2","2","32.882297515869141"
"script_without_triangles","1","52","39.670400000000001","7.2010000000000005","2.3883000000000001","2","2","45.729545593261719"
"script_without_triangles","1","53","27.927499999999998","8.5955000000000013","2.4861","2","2","22.24110221862793"
"script_without_triangles","1","54","60.436399999999999","10.5748","3.6425999999999998","2","2","32.695339202880859"
"script_without_triangles","1","55","39.759700000000002","10.221299999999999","3.0766999999999998","2","2","16.068361282348633"
"script_without_triangles","1","56","22.7212","7.4743000000000004","2.7144000000000004","2","2","32.203422546386719"
"script_without_triangles","1","57","29.513100000000001","7.9299999999999997","2.4205000000000001","2","2","34.267345428466797"
"script_without_triangles","1","58","25.938800000000001","8.0649999999999995","2.4870999999999999","2","2","43.687007904052734"
"script_without_triangles","1","59","32.504100000000001","10.362500000000001","3.2613000000000003","2","2","31.715625762939453"
"script_without_triangles","1","60","55.732799999999997","10.0975","3.6560999999999999","2","2","27.216363906860352"
"fast_simulated_held","1","1","43.767800000000001","10.0002","3.5438999999999998","3","3","52.368633270263672"
"fast_simulated_held","1","2","18.814399999999999","6.7542","2.3148","2","2","46.591373443603516"
"fast_simulated_held","1","3","35.5916","7.1501999999999999","3.4460999999999999","2","2","39.808917999267578"
"fast_simulated_held","1","4","31.8566","7.1097999999999999","2.4779","2","2","33.332332611083984"
"fast_simulated_held","1","5","41.6708","6.9876000000000005","2.3666","2","2","27.057083129882812"
"fast_simulated_held","1","6","33.092500000000001","11.4727","3.3388","2","2","23.066400527954102"
"fast_simulated_held","1","7","54.733499999999999","10.253399999999999","3.5731999999999999","3","3","36.471458435058594"
"fast_simulated_held","1","8","29.313300000000002","8.1071000000000009","2.9656000000000002","2","2","34.322391510009766"
"fast_simulated_held","1","9","25.8889","7.9581","3.0261","2","2","34.399131774902344"
"fast_simulated_held","1","10","27.264700000000001","6.5876999999999999","2.1886999999999999","2","2","47.438106536865234"
"fast_simulated_held","1","11","23.770700000000001","9.7110000000000003","3.2389000000000001","2","2","34.599323272705078"
"fast_simulated_held","1","12","94.466499999999996","12.6416","5.3155999999999999","3","3","17.978530883789062"
"fast_simulated_held","1","13","31.4771","8.4870000000000001","2.4984999999999999","2","2","33.397010803222656"
"fast_simulated_held","1","14","37.661499999999997","9.407","3.1974","2","2","23.274974822998047"
"fast_simulated_held","1","15","18.572600000000001","7.0438999999999998","2.5167000000000002","2","2","45.041393280029297"
"fast_simulated_held","1","16","36.196599999999997","7.4035000000000002","2.7481","2","2","41.885692596435547"
"fast_simulated_held","1","17","116.82640000000001","17.616","6.2176","4","4","37.092124938964844"
"fast_simulated_held","1","18","53.995100000000001","11.2532","3.4729000000000001","2","2","15.358954429626465"
"fast_simulated_held","1","19","22.8947","6.7873999999999999","2.52","2","2","30.256820678710938"
"fast_simulated_held","1","20","30.476299999999998","7.5790000000000006","2.4638999999999998","2","2","39.845718383789062"
"fast_simulated_held","1","21","29.065799999999999","10.386699999999999","4.1528","2","2","34.710411071777344"
"fast_simulated_held","1","22","47.982500000000002","13.485099999999999","4.3788999999999998","3","3","63.155635833740234"
"fast_simulated_held","1","23","24.595300000000002","7.6451000000000002","2.7995999999999999","2","2","38.903240203857422"
"fast_simulated_held","1","24","26.1557","6.5259999999999998","2.2251000000000003","2","2","45.528011322021484"
"fast_simulated_held","1","25","44.427300000000002","10.757899999999999","3.9655000000000005","2","2","24.079153060913086"
"fast_simulated_held","1","26","26.3369","7.5555000000000003","2.3393000000000002","2","2","31.639963150024414"
"fast_simulated_held","1","27","27.653600000000001","7.6732999999999993","3.3967999999999998","2","2","32.376918792724609"
"fast_simulated_held","1","28","32.3309","9.8123000000000005","4.1141000000000005","3","3","75.571510314941406"
"fast_simulated_held","1","29","32.349400000000003","8.5040999999999993","2.8083","2","2","45.304012298583984"
"fast_simulated_held","1","30","28.809200000000001","7.4264000000000001","2.5586000000000002","2","2","31.693410873413086"
"fast_simulated_held","1","31","20.677900000000001","8.2390000000000008","2.4512","2","2","37.648616790771484"
"fast_simulated_held","1","32","40.8718","7.2136999999999993","2.6974","2","2","43.006313323974609"
"fast_simulated_held","1","33","38.685200000000002","9.9637999999999991","3.7827999999999999","2","2","23.74586296081543"
"fast_simulated_held","1","34","59.466900000000003","16.128499999999999","6.3281000000000001","3","3","46.91729736328125"
"fast_simulated_held","1","35","29.1569","8.9869000000000003","2.7603999999999997","2","2","32.772701263427734"
"fast_simulated_held","1","36","27.7577","6.4165000000000001","2.8486000000000002","2","2","33.353343963623047"
"fast_simulated_held","1","37","380.57389999999998","16.419500000000003","300.06580000000002","4","4","59.562808990478516"
"fast_simulated_held","1","38","23.322099999999999","9.0131000000000014","3.4117000000000002","2","2","26.495820999145508"
"fast_simulated_held","1","39","23.457899999999999","6.8350999999999997","2.3426","2","2","42.137374877929688"
"fast_simulated_held","1","40","23.6449","7.3687000000000005","2.8532000000000002","2","2","39.675296783447266"
"fast_simulated_held","1","41","80.697500000000005","8.0793999999999997","3.2681999999999998","2","2","45.550201416015625"
"fast_simulated_held","1","42","46.158200000000001","13.1028","5.1067","3","3","60.506683349609375"
"fast_simulated_held","1","43","31.869800000000001","9.1272000000000002","3.9668000000000001","2","2","36.936077117919922"
"fast_simulated_held","1","44","40.089500000000001","8.1672999999999991","3.1457999999999999","2","2","32.775600433349609"
"fast_simulated_held","1","45","35.9193","7.6943000000000001","2.4049","2","2","25.314598083496094"
"fast_simulated_held","1","46","46.118699999999997","12.347999999999999","4.4916999999999998","3","3","41.635440826416016"
"fast_simulated_held","1","47","27.919599999999999","7.9728999999999992","2.5362999999999998","2","2","40.935455322265625"
"fast_simulated_held","1","48","25.0807","7.0722000000000005","2.4599000000000002","2","2","34.095481872558594"
"fast_simulated_held","1","49","23.955300000000001","7.7259000000000002","2.4752999999999998","2","2","43.862342834472656"
"fast_simulated_held","1","50","29.002800000000001","7.6120999999999999","2.8628","2","2","47.350727081298828"
"fast_simulated_held","1","51","23.343","7.0615000000000006","2.3960999999999997","2","2","34.031780242919922"
"fast_simulated_held","1","52","24.784700000000001","7.9390999999999998","2.8079999999999998","2","2","36.700885772705078"
"fast_simulated_held","1","53","47.514299999999999","12.2362","4.2305999999999999","3","3","39.44415283203125"
"fast_simulated_held","1","54","25.7211","7.3008000000000006","2.1814","2","2","36.828479766845703"
"fast_simulated_held","1","55","23.970199999999998","8.9240999999999993","2.5061999999999998","2","2","43.279365539550781"
"fast_simulated_held","1","56","29.350100000000001","8.0500000000000007","2.6669999999999998","2","2","40.983268737792969"
"fast_simulated_held","1","57","47.378700000000002","8.7882999999999996","2.3090999999999999","2","2","27.468151092529297"
"fast_simulated_held","1","58","43.8765","11.708300000000001","4.3555999999999999","3","3","62.969120025634766"
"fast_simulated_held","1","59","48.375900000000001","11.335699999999999","4.4101999999999997","3","3","63.726737976074219"
"fast_simulated_held","1","60","32.877099999999999","10.2059","2.9285000000000001","2","2","24.271608352661133"
"retained_with_plumbing","1","1","39.195799999999998","9.1805000000000003","2.6597","2","2","20.895322799682617"
"retained_with_plumbing","1","2","31.0169","8.2370999999999999","2.6633","2","2","39.354892730712891"
"retained_with_plumbing","1","3","30.233000000000001","10.091799999999999","3.6734","2","2","27.490274429321289"
"retained_with_plumbing","1","4","30.776800000000001","8.5628999999999991","2.6401000000000003","2","2","37.166847229003906"
"retained_with_plumbing","1","5","26.903700000000001","7.2300000000000004","2.3754","2","2","38.710624694824219"
"retained_with_plumbing","1","6","24.372499999999999","8.9787999999999997","2.4020999999999999","2","2","33.929935455322266"
"retained_with_plumbing","1","7","29.445799999999998","9.4416999999999991","3.9083999999999999","2","2","39.513042449951172"
"retained_with_plumbing","1","8","24.096699999999998","7.1792999999999996","2.5573999999999999","2","2","35.555809020996094"
"retained_with_plumbing","1","9","30.923300000000001","8.3186","2.4316","2","2","36.417930603027344"
"retained_with_plumbing","1","10","28.831700000000001","8.7059999999999995","3.2038000000000002","2","2","34.328281402587891"
"retained_with_plumbing","1","11","26.665299999999998","9.7316000000000003","2.8956999999999997","2","2","39.039928436279297"
"retained_with_plumbing","1","12","45.554099999999998","13.5502","4.2965","3","3","55.325645446777344"
"retained_with_plumbing","1","13","23.547899999999998","7.5058000000000007","2.6734999999999998","2","2","38.51605224609375"
"retained_with_plumbing","1","14","25.502199999999998","8.7294999999999998","2.4708000000000001","2","2","45.613155364990234"
"retained_with_plumbing","1","15","31.021000000000001","8.6854999999999993","3.0731999999999999","2","2","32.339015960693359"
"retained_with_plumbing","1","16","36.5304","8.4405000000000001","3.0553999999999997","2","2","32.392337799072266"
"retained_with_plumbing","1","17","107.9457","8.6044","2.9292999999999996","2","2","20.226291656494141"
"retained_with_plumbing","1","18","22.478899999999999","8.8825000000000003","2.4459999999999997","2","2","11.240982055664062"
"retained_with_plumbing","1","19","30.755600000000001","10.9627","4.0503","2","2","33.781387329101562"
"retained_with_plumbing","1","20","29.324200000000001","7.8676999999999992","2.3803999999999998","2","2","36.546768188476562"
"retained_with_plumbing","1","21","31.837800000000001","7.9847999999999999","2.7681","2","2","40.789024353027344"
"retained_with_plumbing","1","22","35.716500000000003","7.7302999999999997","2.637","2","2","25.314340591430664"
"retained_with_plumbing","1","23","27.3155","9.7090999999999994","3.4520999999999997","2","2","30.085594177246094"
"retained_with_plumbing","1","24","30.7394","8.6058999999999983","2.4205000000000001","2","2","38.626293182373047"
"retained_with_plumbing","1","25","31.5017","8.2860000000000014","3.7948","2","2","36.499412536621094"
"retained_with_plumbing","1","26","51.880299999999998","12.937100000000001","4.5551000000000004","2","2","23.786643981933594"
"retained_with_plumbing","1","27","44.908299999999997","13.497499999999999","4.3220000000000001","2","2","20.574989318847656"
"retained_with_plumbing","1","28","44.515000000000001","12.762599999999999","4.1489000000000003","2","2","20.221138000488281"
"retained_with_plumbing","1","29","72.120000000000005","17.3627","3.7267000000000001","2","2","21.25285530090332"
"retained_with_plumbing","1","30","79.160300000000007","15.225399999999999","5.9450000000000003","3","3","27.421977996826172"
"retained_with_plumbing","1","31","35.134999999999998","7.9718","2.4688999999999997","2","2","38.768253326416016"
"retained_with_plumbing","1","32","33.7408","7.2415000000000003","2.6360000000000001","2","2","26.500246047973633"
"retained_with_plumbing","1","33","30.460100000000001","9.1339000000000006","3.4210000000000003","2","2","27.237714767456055"
"retained_with_plumbing","1","34","26.5794","7.3830999999999998","2.3663999999999996","2","2","40.408447265625"
"retained_with_plumbing","1","35","36.148699999999998","10.3903","3.1219000000000001","2","2","31.046161651611328"
"retained_with_plumbing","1","36","23.730899999999998","7.8295000000000003","3.3818999999999999","2","2","33.165515899658203"
"retained_with_plumbing","1","37","39.907200000000003","9.1178999999999988","2.6905999999999999","2","2","38.194034576416016"
"retained_with_plumbing","1","38","32.384500000000003","10.6807","4.7769000000000004","2","2","24.45878791809082"
"retained_with_plumbing","1","39","27.967700000000001","9.6603999999999992","3.3022999999999998","2","2","33.925216674804688"
"retained_with_plumbing","1","40","32.700299999999999","11.142199999999999","2.9401000000000002","2","2","30.825380325317383"
"retained_with_plumbing","1","41","26.327999999999999","7.6041999999999996","2.6135000000000002","2","2","35.110015869140625"
"retained_with_plumbing","1","42","22.386600000000001","7.3313000000000006","2.3095999999999997","2","2","42.518093109130859"
"retained_with_plumbing","1","43","32.066099999999999","8.9256999999999991","2.9801000000000002","2","2","38.821685791015625"
"retained_with_plumbing","1","44","72.872399999999999","8.3429000000000002","2.8777999999999997","2","2","27.47071647644043"
"retained_with_plumbing","1","45","32.229599999999998","7.7446000000000002","2.2923","2","2","15.044562339782715"
"retained_with_plumbing","1","46","23.885200000000001","8.5115000000000016","3.3502999999999998","2","2","29.182510375976562"
"retained_with_plumbing","1","47","26.859300000000001","8.263300000000001","2.7370999999999999","2","2","40.653713226318359"
"retained_with_plumbing","1","48","24.592300000000002","8.1073000000000004","2.8313999999999999","2","2","43.352352142333984"
"retained_with_plumbing","1","49","32.414000000000001","8.9702000000000002","2.7194000000000003","2","2","31.824127197265625"
"retained_with_plumbing","1","50","27.7943","8.9535","2.7084999999999999","2","2","31.996622085571289"
"retained_with_plumbing","1","51","30.7697","9.3414999999999999","3.024","2","2","44.021251678466797"
"retained_with_plumbing","1","52","21.6173","7.5249000000000006","2.4390000000000001","2","2","33.574623107910156"
"retained_with_plumbing","1","53","66.226699999999994","12.400400000000001","5.2488000000000001","3","3","35.037437438964844"
"retained_with_plumbing","1","54","19.232299999999999","7.6870000000000003","2.363","2","2","34.321681976318359"
"retained_with_plumbing","1","55","29.402699999999999","7.8681999999999999","2.2306999999999997","2","2","43.762527465820312"
"retained_with_plumbing","1","56","30.424099999999999","8.2502999999999993","2.4569999999999999","2","2","30.549928665161133"
"retained_with_plumbing","1","57","28.0625","9.2860000000000014","4.4001999999999999","2","2","39.115062713623047"
"retained_with_plumbing","1","58","39.471499999999999","13.555099999999999","3.6670999999999996","2","2","23.85638427734375"
"retained_with_plumbing","1","59","34.6494","9.0101000000000013","3.1002000000000001","2","2","38.444828033447266"
"retained_with_plumbing","1","60","37.280999999999999","9.3429000000000002","3.1506999999999996","2","2","27.414459228515625"
"retained_fast_simulated_held","1","1","21.821899999999999","2.5613000000000001","2.2334000000000001","2","2","48.420520782470703"
"retained_fast_simulated_held","1","2","27.7058","2.7217000000000002","2.3157000000000001","2","2","64.534446716308594"
"retained_fast_simulated_held","1","3","22.594999999999999","2.9627999999999997","2.3418000000000001","2","2","35.506446838378906"
"retained_fast_simulated_held","1","4","30.2364","2.9714","2.3439000000000001","2","2","39.917770385742188"
"retained_fast_simulated_held","1","5","36.710099999999997","4.9083000000000006","4.6059000000000001","3","3","62.98895263671875"
"retained_fast_simulated_held","1","6","22.436699999999998","3.2382999999999997","3.2039999999999997","2","2","44.784008026123047"
"retained_fast_simulated_held","1","7","73.190299999999993","3.7610999999999999","3.6595999999999997","2","2","38.047840118408203"
"retained_fast_simulated_held","1","8","19.8858","2.8076999999999996","2.4093999999999998","2","2","15.056567192077637"
"retained_fast_simulated_held","1","9","42.433100000000003","4.6474000000000002","3.8398000000000003","3","3","37.345066070556641"
"retained_fast_simulated_held","1","10","22.382400000000001","2.5272000000000001","2.3887","2","2","64.314056396484375"
"retained_fast_simulated_held","1","11","42.433900000000001","3.9197000000000002","3.3837000000000002","3","3","112.22714996337891"
"retained_fast_simulated_held","1","12","28.5276","3.9001999999999999","3.4702000000000002","2","2","25.525506973266602"
"retained_fast_simulated_held","1","13","31.864699999999999","3.1570999999999998","2.5492999999999997","2","2","30.229562759399414"
"retained_fast_simulated_held","1","14","28.815300000000001","3.1840999999999999","3.0766","2","2","53.694736480712891"
"retained_fast_simulated_held","1","15","22.143799999999999","2.984","2.7598000000000003","2","2","31.394512176513672"
"retained_fast_simulated_held","1","16","30.883299999999998","3.6833999999999998","3.2736000000000001","2","2","41.795711517333984"
"retained_fast_simulated_held","1","17","19.6248","2.7432999999999996","2.2557999999999998","2","2","34.581493377685547"
"retained_fast_simulated_held","1","18","31.258600000000001","3.7345000000000006","4.0975000000000001","3","3","89.752105712890625"
"retained_fast_simulated_held","1","19","22.148700000000002","2.6102999999999996","2.4396","2","2","42.641559600830078"
"retained_fast_simulated_held","1","20","13.8535","2.2894999999999999","2.2766999999999999","2","2","61.534297943115234"
"retained_fast_simulated_held","1","21","39.281500000000001","3.0194000000000001","2.7596999999999996","2","2","49.708213806152344"
"retained_fast_simulated_held","1","22","66.048599999999993","2.7302","2.8271999999999999","2","2","15.323908805847168"
"retained_fast_simulated_held","1","23","50.971699999999998","4.5586000000000002","4.0468999999999999","3","3","37.923320770263672"
"retained_fast_simulated_held","1","24","35.9925","3.4630000000000001","2.4693999999999998","2","2","37.113189697265625"
"retained_fast_simulated_held","1","25","15.8668","2.2605","2.7254","2","2","40.989151000976562"
"retained_fast_simulated_held","1","26","20.941600000000001","2.9165999999999999","2.6487999999999996","2","2","48.300777435302734"
"retained_fast_simulated_held","1","27","28.360199999999999","3.4103000000000003","3.8592000000000004","2","2","36.032138824462891"
"retained_fast_simulated_held","1","28","13.536099999999999","2.2008000000000001","2.1113","2","2","61.114234924316406"
"retained_fast_simulated_held","1","29","23.262499999999999","3.0899999999999999","2.4069000000000003","2","2","62.772274017333984"
"retained_fast_simulated_held","1","30","23.595300000000002","3.0395000000000003","2.8832","2","2","35.984165191650391"
"retained_fast_simulated_held","1","31","19.342199999999998","2.8637000000000001","2.4341999999999997","2","2","51.236858367919922"
"retained_fast_simulated_held","1","32","27.4678","4.1497000000000002","3.4862000000000002","3","3","95.201828002929688"
"retained_fast_simulated_held","1","33","16.503799999999998","3.6113","2.7313000000000001","2","2","72.212593078613281"
"retained_fast_simulated_held","1","34","15.1264","2.6668000000000003","2.2293000000000003","2","2","58.135478973388672"
"retained_fast_simulated_held","1","35","16.573799999999999","2.6238999999999999","3.1180000000000003","2","2","70.824539184570312"
"retained_fast_simulated_held","1","36","18.803999999999998","2.7072000000000003","2.1976","2","2","54.490272521972656"
"retained_fast_simulated_held","1","37","35.846400000000003","4.3475000000000001","4.1009000000000002","3","3","46.920379638671875"
"retained_fast_simulated_held","1","38","18.5564","2.8346999999999998","3.0960000000000001","2","2","54.309749603271484"
"retained_fast_simulated_held","1","39","21.9512","3.5061","3.5629999999999997","2","2","49.821140289306641"
"retained_fast_simulated_held","1","40","25.2454","2.7423000000000002","2.1791999999999998","2","2","53.664478302001953"
"retained_fast_simulated_held","1","41","31.1708","3.8367","3.5567000000000002","3","3","70.964263916015625"
"retained_fast_simulated_held","1","42","70.747900000000001","3.5539000000000001","4.5385","2","2","49.170253753662109"
"retained_fast_simulated_held","1","43","41.417900000000003","3.8083999999999998","4.125","2","2","12.692046165466309"
"retained_fast_simulated_held","1","44","31.026700000000002","3.2542999999999997","3.1915","2","2","28.140081405639648"
"retained_fast_simulated_held","1","45","21.913399999999999","4.5232999999999999","3.7263000000000002","2","2","39.236305236816406"
"retained_fast_simulated_held","1","46","37.129600000000003","3.8917000000000002","3.3799999999999999","3","3","62.051677703857422"
"retained_fast_simulated_held","1","47","22.8598","3.9766000000000004","3.8071000000000002","2","2","46.173809051513672"
"retained_fast_simulated_held","1","48","29.065899999999999","3.6977000000000002","2.4910999999999999","2","2","56.356124877929688"
"retained_fast_simulated_held","1","49","31.436800000000002","3.6934","3.3345000000000002","2","2","28.195541381835938"
"retained_fast_simulated_held","1","50","21.060199999999998","2.5044","2.4348000000000001","2","2","37.580703735351562"
"retained_fast_simulated_held","1","51","25.188600000000001","3.3544999999999998","2.8902000000000001","2","2","43.862918853759766"
"retained_fast_simulated_held","1","52","18.282900000000001","3.3707000000000003","2.8925000000000001","2","2","46.559703826904297"
"retained_fast_simulated_held","1","53","37.141199999999998","2.8567","2.8271999999999999","2","2","52.238143920898438"
"retained_fast_simulated_held","1","54","34.234000000000002","4.0969000000000007","3.4647999999999999","3","3","127.43561553955078"
"retained_fast_simulated_held","1","55","18.915099999999999","2.3380999999999998","2.1634000000000002","2","2","34.980323791503906"
"retained_fast_simulated_held","1","56","25.0686","2.8714","2.5468000000000002","2","2","49.100959777832031"
"retained_fast_simulated_held","1","57","25.2837","2.8483000000000001","3.6204000000000001","2","2","41.940853118896484"
"retained_fast_simulated_held","1","58","46.4407","3.7956000000000003","4.1641000000000004","2","2","25.370149612426758"
"retained_fast_simulated_held","1","59","23.952100000000002","3.7927","2.5476000000000001","2","2","31.477622985839844"
"retained_fast_simulated_held","1","60","17.712399999999999","2.6804999999999999","2.1840999999999999","2","2","42.639739990234375"
"scatter_callback_off","1","1","23.4878","0","2.7965999999999998","0","2","36.778633117675781"
"scatter_callback_off","1","2","22.6966","0","2.8936999999999999","0","2","55.814785003662109"
"scatter_callback_off","1","3","12.510400000000001","0","2.5481999999999996","0","2","45.864616394042969"
"scatter_callback_off","1","4","15.0814","0","3.4740000000000002","0","2","92.672393798828125"
"scatter_callback_off","1","5","14.8835","0","3.2916999999999996","0","2","61.950958251953125"
"scatter_callback_off","1","6","15.4693","0","2.7263000000000002","0","2","68.273834228515625"
"scatter_callback_off","1","7","13.8851","0","3.165","0","2","68.899467468261719"
"scatter_callback_off","1","8","14.215299999999999","0","2.6760000000000002","0","2","62.744312286376953"
"scatter_callback_off","1","9","16.249700000000001","0","3.3741000000000003","0","2","66.917831420898438"
"scatter_callback_off","1","10","13.6831","0","2.8075000000000001","0","2","67.287506103515625"
"scatter_callback_off","1","11","18.827500000000001","0","3.8556999999999997","0","2","58.781692504882812"
"scatter_callback_off","1","12","12.9566","0","2.5798000000000001","0","2","69.1409912109375"
"scatter_callback_off","1","13","81.921199999999999","0","2.9192","0","2","57.963958740234375"
"scatter_callback_off","1","14","21.1356","0","3.5616000000000003","0","2","12.546122550964355"
"scatter_callback_off","1","15","16.1356","0","2.7969999999999997","0","2","43.288543701171875"
"scatter_callback_off","1","16","20.234400000000001","0","3.1894999999999998","0","2","56.343425750732422"
"scatter_callback_off","1","17","15.337","0","2.9268999999999998","0","2","62.391593933105469"
"scatter_callback_off","1","18","15.7776","0","3.0167000000000002","0","2","61.914905548095703"
"scatter_callback_off","1","19","14.5017","0","3.3452999999999999","0","2","69.376991271972656"
"scatter_callback_off","1","20","19.489000000000001","0","4.4162999999999997","0","2","55.358722686767578"
"scatter_callback_off","1","21","19.740200000000002","0","3.1835","0","2","56.323749542236328"
"scatter_callback_off","1","22","11.418799999999999","0","2.8155000000000001","0","2","56.433406829833984"
"scatter_callback_off","1","23","17.751899999999999","0","3.3184","0","2","57.383209228515625"
"scatter_callback_off","1","24","37.2624","0","3.0938999999999997","0","2","59.058723449707031"
"scatter_callback_off","1","25","20.054200000000002","0","2.8494999999999999","0","2","31.374517440795898"
"scatter_callback_off","1","26","16.920100000000001","0","3.0345","0","2","46.305515289306641"
"scatter_callback_off","1","27","16.4421","0","3.1165000000000003","0","2","62.811702728271484"
"scatter_callback_off","1","28","12.762600000000001","0","2.4466000000000001","0","2","63.176780700683594"
"scatter_callback_off","1","29","16.104299999999999","0","2.9472","0","2","65.54669189453125"
"scatter_callback_off","1","30","13.332700000000001","0","2.6229","0","2","69.576347351074219"
"scatter_callback_off","1","31","21.5261","0","3.3420999999999998","0","2","60.854640960693359"
"scatter_callback_off","1","32","30.274100000000001","0","5.1003000000000007","0","3","110.42646789550781"
"scatter_callback_off","1","33","21.5943","0","3.4619999999999997","0","2","43.332439422607422"
"scatter_callback_off","1","34","13.6854","0","2.9253999999999998","0","2","81.31866455078125"
"scatter_callback_off","1","35","58.620100000000001","0","4.9483999999999995","0","2","29.224214553833008"
"scatter_callback_off","1","36","23.2606","0","3.4798","0","2","23.298074722290039"
"scatter_callback_off","1","37","35.372999999999998","0","3.1498999999999997","0","2","40.336894989013672"
"scatter_callback_off","1","38","27.006","0","3.4102000000000001","0","2","26.319114685058594"
"scatter_callback_off","1","39","27.0656","0","4.1719999999999997","0","2","39.691516876220703"
"scatter_callback_off","1","40","14.717499999999999","0","2.8642000000000003","0","2","46.035003662109375"
"scatter_callback_off","1","41","18.696100000000001","0","3.0171000000000001","0","2","74.864311218261719"
"scatter_callback_off","1","42","11.520200000000001","0","2.5541","0","2","51.307575225830078"
"scatter_callback_off","1","43","16.1755","0","3.0762999999999998","0","2","72.934669494628906"
"scatter_callback_off","1","44","21.571899999999999","0","3.1337000000000002","0","2","46.327182769775391"
"scatter_callback_off","1","45","12.8209","0","2.8477000000000001","0","2","70.207466125488281"
"scatter_callback_off","1","46","14.4689","0","2.8144","0","2","69.328895568847656"
"scatter_callback_off","1","47","20.573499999999999","0","3.6640999999999999","0","2","65.610771179199219"
"scatter_callback_off","1","48","12.000500000000001","0","2.6531000000000002","0","2","54.794822692871094"
"scatter_callback_off","1","49","19.266999999999999","0","3.6555","0","2","64.709419250488281"
"scatter_callback_off","1","50","13.215400000000001","0","2.5749000000000004","0","2","58.373027801513672"
"scatter_callback_off","1","51","24.7941","0","3.3797000000000001","0","2","65.757888793945312"
"scatter_callback_off","1","52","18.627600000000001","0","3.4356","0","2","36.246856689453125"
"scatter_callback_off","1","53","18.905999999999999","0","3.0606","0","2","55.71527099609375"
"scatter_callback_off","1","54","11.6823","0","2.5346000000000002","0","2","74.550643920898438"
"scatter_callback_off","1","55","16.488600000000002","0","2.4550000000000001","0","2","63.144466400146484"
"scatter_callback_off","1","56","11.5352","0","3.2704","0","2","84.8673095703125"
"scatter_callback_off","1","57","14.139099999999999","0","2.9207999999999998","0","2","95.761589050292969"
"scatter_callback_off","1","58","15.9894","0","2.9676","0","2","58.790676116943359"
"scatter_callback_off","1","59","16.718399999999999","0","3.3655999999999997","0","2","66.457107543945312"
"scatter_callback_off","1","60","18.0136","0","2.6004","0","2","61.544521331787109"
"legacy_traversal_simulated_held","1","1","62.7136","15.792200000000001","2.9592000000000001","2","2","32.181346893310547"
"legacy_traversal_simulated_held","1","2","40.477800000000002","16.979599999999998","3.3999000000000001","2","2","13.381274223327637"
"legacy_traversal_simulated_held","1","3","29.2364","12.9954","2.7316000000000003","2","2","32.242568969726562"
"legacy_traversal_simulated_held","1","4","27.648900000000001","11.634399999999999","3.1187","2","2","39.042217254638672"
"legacy_traversal_simulated_held","1","5","66.866200000000006","18.069899999999997","5.9909999999999997","3","3","55.157501220703125"
"legacy_traversal_simulated_held","1","6","29.149000000000001","10.314699999999998","4.0214999999999996","2","2","21.407041549682617"
"legacy_traversal_simulated_held","1","7","36.247599999999998","12.932","2.3849","2","2","35.011306762695312"
"legacy_traversal_simulated_held","1","8","30.415199999999999","13.706700000000001","2.9648000000000003","2","2","26.273130416870117"
"legacy_traversal_simulated_held","1","9","26.421399999999998","11.325700000000001","2.4935","2","2","38.288505554199219"
"legacy_traversal_simulated_held","1","10","46.406100000000002","19.6569","4.2549000000000001","3","3","66.921859741210938"
"legacy_traversal_simulated_held","1","11","31.024100000000001","12.4773","4.0555000000000003","2","2","31.724479675292969"
"legacy_traversal_simulated_held","1","12","32.102200000000003","11.4267","2.7435999999999998","2","2","33.207366943359375"
"legacy_traversal_simulated_held","1","13","49.299500000000002","18.681999999999999","4.0879000000000003","3","3","56.646633148193359"
"legacy_traversal_simulated_held","1","14","26.8127","10.926299999999999","2.6961000000000004","2","2","33.482215881347656"
"legacy_traversal_simulated_held","1","15","32.164900000000003","14.1341","2.8672","2","2","34.434074401855469"
"legacy_traversal_simulated_held","1","16","66.821600000000004","18.4665","4.1275000000000004","3","3","46.943065643310547"
"legacy_traversal_simulated_held","1","17","29.622299999999999","12.828099999999999","2.4542000000000002","2","2","32.556533813476562"
"legacy_traversal_simulated_held","1","18","31.991800000000001","12.025300000000001","3.4984000000000002","2","2","32.885215759277344"
"legacy_traversal_simulated_held","1","19","48.0291","13.334900000000001","2.8670999999999998","2","2","29.274518966674805"
"legacy_traversal_simulated_held","1","20","26.3308","11.9786","3.3546","2","2","23.169332504272461"
"legacy_traversal_simulated_held","1","21","45.903399999999998","15.851199999999999","3.8500000000000005","3","3","66.396652221679688"
"legacy_traversal_simulated_held","1","22","29.394100000000002","12.183199999999999","2.8236999999999997","2","2","39.622161865234375"
"legacy_traversal_simulated_held","1","23","35.312899999999999","11.5991","2.7655000000000003","2","2","34.835315704345703"
"legacy_traversal_simulated_held","1","24","32.779800000000002","14.980399999999999","3.9724999999999997","2","2","25.317096710205078"
"legacy_traversal_simulated_held","1","25","28.021699999999999","13.241399999999999","3.1659999999999999","2","2","34.132720947265625"
"legacy_traversal_simulated_held","1","26","32.1235","11.6663","3.254","2","2","33.453544616699219"
"legacy_traversal_simulated_held","1","27","56.905099999999997","17.656100000000002","4.5026000000000002","3","3","58.57098388671875"
"legacy_traversal_simulated_held","1","28","47.0137","15.8917","4.7624999999999993","2","2","18.211883544921875"
"legacy_traversal_simulated_held","1","29","34.594099999999997","11.8361","2.8289","2","2","32.831989288330078"
"legacy_traversal_simulated_held","1","30","31.430700000000002","11.8964","3.3448000000000002","2","2","26.531110763549805"
"legacy_traversal_simulated_held","1","31","35.993699999999997","12.729199999999999","3.9337","2","2","33.725448608398438"
"legacy_traversal_simulated_held","1","32","46.733199999999997","18.8201","4.0455999999999994","3","3","71.809158325195312"
"legacy_traversal_simulated_held","1","33","57.838000000000001","17.643599999999999","3.8044000000000002","3","3","59.245567321777344"
"legacy_traversal_simulated_held","1","34","26.959499999999998","11.638400000000001","2.9159000000000002","2","2","23.894805908203125"
"legacy_traversal_simulated_held","1","35","37.820999999999998","13.6557","2.6696","2","2","32.081100463867188"
"legacy_traversal_simulated_held","1","36","34.317","11.669699999999999","2.823","2","2","27.719797134399414"
"legacy_traversal_simulated_held","1","37","55.334400000000002","18.692299999999999","3.6247000000000003","3","3","56.584770202636719"
"legacy_traversal_simulated_held","1","38","26.970800000000001","10.880199999999999","2.7367999999999997","2","2","34.924858093261719"
"legacy_traversal_simulated_held","1","39","38.093699999999998","13.1546","2.7942","2","2","29.21875"
"legacy_traversal_simulated_held","1","40","27.616900000000001","12.692299999999999","2.4171","2","2","30.192325592041016"
"legacy_traversal_simulated_held","1","41","40.914499999999997","11.882000000000001","2.7529000000000003","2","2","36.425361633300781"
"legacy_traversal_simulated_held","1","42","63.887900000000002","18.5898","4.8628","3","3","42.317653656005859"
"legacy_traversal_simulated_held","1","43","34.8489","10.817499999999999","2.3262","2","2","27.875263214111328"
"legacy_traversal_simulated_held","1","44","41.407699999999998","12.279900000000001","2.6938","2","2","28.891546249389648"
"legacy_traversal_simulated_held","1","45","33.082999999999998","12.911100000000001","2.4386000000000001","2","2","26.39769172668457"
"legacy_traversal_simulated_held","1","46","34.293700000000001","11.9712","3.4709000000000003","2","2","28.077190399169922"
"legacy_traversal_simulated_held","1","47","61.886600000000001","19.0107","4.7626999999999997","3","3","65.163139343261719"
"legacy_traversal_simulated_held","1","48","32.143000000000001","12.851600000000001","3.2519999999999998","2","2","20.850751876831055"
"legacy_traversal_simulated_held","1","49","45.583399999999997","13.512","3.0606999999999998","2","2","28.951604843139648"
"legacy_traversal_simulated_held","1","50","31.555599999999998","12.051500000000001","2.3184","2","2","23.092554092407227"
"legacy_traversal_simulated_held","1","51","43.346800000000002","13.057500000000001","3.0375999999999999","2","2","30.945381164550781"
"legacy_traversal_simulated_held","1","52","105.52030000000001","27.531400000000001","6.6670999999999996","4","4","39.102977752685547"
"legacy_traversal_simulated_held","1","53","44.807699999999997","15.0128","3.2414000000000001","2","2","22.608730316162109"
"legacy_traversal_simulated_held","1","54","34.595100000000002","10.943200000000001","2.8100000000000001","2","2","22.642568588256836"
"legacy_traversal_simulated_held","1","55","52.019500000000001","19.018899999999999","4.3537999999999997","3","3","48.870601654052734"
"legacy_traversal_simulated_held","1","56","27.757899999999999","14.479099999999999","2.4137000000000004","2","2","30.524471282958984"
"legacy_traversal_simulated_held","1","57","26.065899999999999","10.298300000000001","2.4049","2","2","37.998973846435547"
"legacy_traversal_simulated_held","1","58","31.633700000000001","10.232900000000001","2.2919999999999998","2","2","33.400356292724609"
"legacy_traversal_simulated_held","1","59","47.281599999999997","12.2682","4.6780999999999997","2","2","26.211494445800781"
"legacy_traversal_simulated_held","1","60","36.2774","13.954799999999999","2.4115000000000002","2","2","22.705907821655273"
"legacy_traversal_simulated_held","2","1","58.548299999999998","16.981099999999998","3.8401000000000001","3","3","51.422340393066406"
"legacy_traversal_simulated_held","2","2","35.908000000000001","13.9542","3.1684000000000001","2","2","25.748443603515625"
"legacy_traversal_simulated_held","2","3","40.775199999999998","12.135999999999999","2.3811","2","2","29.598321914672852"
"legacy_traversal_simulated_held","2","4","32.234699999999997","13.5815","3.6673999999999998","2","2","23.319536209106445"
"legacy_traversal_simulated_held","2","5","31.4345","13.6378","2.7836999999999996","2","2","28.85936164855957"
"legacy_traversal_simulated_held","2","6","68.542900000000003","21.026800000000001","5.7479999999999993","3","3","37.829353332519531"
"legacy_traversal_simulated_held","2","7","43.684199999999997","12.848099999999999","2.4535","2","2","22.335289001464844"
"legacy_traversal_simulated_held","2","8","26.503699999999998","11.293199999999999","2.3649","2","2","24.387210845947266"
"legacy_traversal_simulated_held","2","9","30.880700000000001","11.554400000000001","3.4491000000000001","2","2","31.435667037963867"
"legacy_traversal_simulated_held","2","10","31.572800000000001","12.5143","2.8516000000000004","2","2","32.334728240966797"
"legacy_traversal_simulated_held","2","11","41.091900000000003","16.158100000000001","4.3905000000000003","3","3","76.461952209472656"
"legacy_traversal_simulated_held","2","12","31.436399999999999","11.329799999999999","2.6817000000000002","2","2","34.786602020263672"
"legacy_traversal_simulated_held","2","13","34.919499999999999","12.004799999999999","2.8891","2","2","29.098781585693359"
"legacy_traversal_simulated_held","2","14","31.957100000000001","14.8195","3.6620999999999997","2","2","30.43269157409668"
"legacy_traversal_simulated_held","2","15","28.5258","11.2508","3.6768000000000001","2","2","34.410614013671875"
"legacy_traversal_simulated_held","2","16","37.157299999999999","13.6167","3.6395","2","2","30.803825378417969"
"legacy_traversal_simulated_held","2","17","42.698099999999997","17.116500000000002","3.9322999999999997","3","3","63.659397125244141"
"legacy_traversal_simulated_held","2","18","30.0258","11.2737","2.5974000000000004","2","2","34.026569366455078"
"legacy_traversal_simulated_held","2","19","34.5976","12.427099999999999","2.7858000000000001","2","2","39.260951995849609"
"legacy_traversal_simulated_held","2","20","60.969499999999996","17.758400000000002","4.3353000000000002","3","3","54.763011932373047"
"legacy_traversal_simulated_held","2","21","63.105699999999999","19.187100000000001","5.0304000000000002","3","3","43.160190582275391"
"legacy_traversal_simulated_held","2","22","35.028300000000002","11.6401","2.4055999999999997","2","2","32.749946594238281"
"legacy_traversal_simulated_held","2","23","29.7559","15.0687","3.0006000000000004","2","2","32.113861083984375"
"legacy_traversal_simulated_held","2","24","36.317999999999998","14.7028","3.5454999999999997","2","2","31.960012435913086"
"legacy_traversal_simulated_held","2","25","38.339799999999997","11.817299999999999","2.863","2","2","24.726402282714844"
"legacy_traversal_simulated_held","2","26","28.067900000000002","12.158200000000001","2.4684999999999997","2","2","29.103609085083008"
"legacy_traversal_simulated_held","2","27","45.107599999999998","16.895199999999999","4.4966999999999997","3","3","62.571956634521484"
"legacy_traversal_simulated_held","2","28","38.331299999999999","13.063700000000001","3.5266999999999999","2","2","30.629653930664062"
"legacy_traversal_simulated_held","2","29","35.217199999999998","13.374600000000001","2.7344999999999997","2","2","27.034698486328125"
"legacy_traversal_simulated_held","2","30","26.903500000000001","12.8964","2.6436000000000002","2","2","32.621955871582031"
"legacy_traversal_simulated_held","2","31","33.533999999999999","11.340199999999999","3.1779999999999999","2","2","35.480495452880859"
"legacy_traversal_simulated_held","2","32","29.2864","13.4419","2.7628000000000004","2","2","29.248231887817383"
"legacy_traversal_simulated_held","2","33","69.476500000000001","20.627700000000001","4.9917999999999996","3","3","32.356700897216797"
"legacy_traversal_simulated_held","2","34","37.968000000000004","10.785599999999999","3.1983000000000001","2","2","28.915189743041992"
"legacy_traversal_simulated_held","2","35","26.192799999999998","11.0106","2.4649000000000001","2","2","28.145942687988281"
"legacy_traversal_simulated_held","2","36","41.244300000000003","13.2834","3.4669999999999996","2","2","29.352800369262695"
"legacy_traversal_simulated_held","2","37","32.127099999999999","12.9313","2.3418999999999999","2","2","28.164888381958008"
"legacy_traversal_simulated_held","2","38","48.001399999999997","22.464400000000001","3.9394","3","3","61.914520263671875"
"legacy_traversal_simulated_held","2","39","78.113900000000001","26.265500000000003","5.6610000000000005","3","3","37.941017150878906"
"legacy_traversal_simulated_held","2","40","40.539400000000001","12.106199999999999","2.4888000000000003","2","2","20.887859344482422"
"legacy_traversal_simulated_held","2","41","36.980400000000003","10.8916","3.4644000000000004","2","2","25.072898864746094"
"legacy_traversal_simulated_held","2","42","60.694299999999998","19.134999999999998","4.0084","3","3","42.459598541259766"
"legacy_traversal_simulated_held","2","43","37.941200000000002","11.488700000000001","2.2831000000000001","2","2","30.155178070068359"
"legacy_traversal_simulated_held","2","44","29.1799","11.544599999999999","2.8008999999999999","2","2","25.993267059326172"
"legacy_traversal_simulated_held","2","45","125.8519","17.973400000000002","4.0556999999999999","3","3","12.581939697265625"
"legacy_traversal_simulated_held","2","46","59.295699999999997","10.147300000000001","2.4901999999999997","2","2","20.551139831542969"
"legacy_traversal_simulated_held","2","47","32.850299999999997","11.6206","2.5715000000000003","2","2","19.045660018920898"
"legacy_traversal_simulated_held","2","48","26.770700000000001","10.907","2.6231999999999998","2","2","36.004379272460938"
"legacy_traversal_simulated_held","2","49","28.957100000000001","10.494199999999999","2.3471000000000002","2","2","34.746593475341797"
"legacy_traversal_simulated_held","2","50","40.958599999999997","20.099299999999999","4.1142000000000003","3","3","66.559730529785156"
"legacy_traversal_simulated_held","2","51","34.697200000000002","13.319900000000001","3.3974000000000002","2","2","29.291069030761719"
"legacy_traversal_simulated_held","2","52","30.750299999999999","12.398199999999999","2.7649999999999997","2","2","32.240798950195312"
"legacy_traversal_simulated_held","2","53","28.674099999999999","12.3123","3.742","2","2","31.956539154052734"
"legacy_traversal_simulated_held","2","54","35.005000000000003","10.3184","2.7271999999999998","2","2","35.357929229736328"
"legacy_traversal_simulated_held","2","55","30.4756","12.8408","4.2256999999999998","2","2","30.433710098266602"
"legacy_traversal_simulated_held","2","56","90.304900000000004","28.840400000000002","6.8284000000000002","4","4","47.216583251953125"
"legacy_traversal_simulated_held","2","57","35.305","11.501300000000001","2.3773999999999997","2","2","30.401605606079102"
"legacy_traversal_simulated_held","2","58","30.700299999999999","13.253299999999999","2.6438999999999999","2","2","25.808250427246094"
"legacy_traversal_simulated_held","2","59","32.419800000000002","13.931799999999999","3.3452999999999999","2","2","36.358081817626953"
"legacy_traversal_simulated_held","2","60","28.691700000000001","11.1648","2.8277999999999999","2","2","30.095733642578125"
"scatter_callback_off","2","1","14.6487","0","2.4969000000000001","0","2","37.501922607421875"
"scatter_callback_off","2","2","24.062799999999999","0","2.8801999999999999","0","2","69.72479248046875"
"scatter_callback_off","2","3","26.1815","0","4.3102999999999998","0","3","84.681175231933594"
"scatter_callback_off","2","4","15.899100000000001","0","3.2304000000000004","0","2","59.881317138671875"
"scatter_callback_off","2","5","29.917000000000002","0","3.3980999999999999","0","2","57.243278503417969"
"scatter_callback_off","2","6","18.4298","0","3.0201000000000002","0","2","32.614082336425781"
"scatter_callback_off","2","7","20.859100000000002","0","3.3539000000000003","0","2","51.194889068603516"
"scatter_callback_off","2","8","16.396599999999999","0","4.8861999999999997","0","2","65.200096130371094"
"scatter_callback_off","2","9","36.130099999999999","0","3.6689000000000003","0","2","44.980815887451172"
"scatter_callback_off","2","10","23.454000000000001","0","3.2555000000000001","0","2","32.725833892822266"
"scatter_callback_off","2","11","51.044600000000003","0","4.9489000000000001","0","2","25.313507080078125"
"scatter_callback_off","2","12","14.9621","0","3.0503","0","2","29.258159637451172"
"scatter_callback_off","2","13","27.216899999999999","0","2.9789000000000003","0","2","64.184028625488281"
"scatter_callback_off","2","14","21.640799999999999","0","2.6013000000000002","0","2","36.223091125488281"
"scatter_callback_off","2","15","13.0021","0","3.0794999999999999","0","2","51.171310424804688"
"scatter_callback_off","2","16","27.7882","0","3.2749000000000001","0","2","48.209732055664062"
"scatter_callback_off","2","17","12.879899999999999","0","2.7883","0","2","45.010173797607422"
"scatter_callback_off","2","18","16.380400000000002","0","2.6524000000000001","0","2","61.637081146240234"
"scatter_callback_off","2","19","27.488600000000002","0","3.4121000000000001","0","2","58.903915405273438"
"scatter_callback_off","2","20","11.5474","0","2.4854000000000003","0","2","43.390159606933594"
"scatter_callback_off","2","21","21.02","0","2.7957000000000001","0","2","94.858657836914062"
"scatter_callback_off","2","22","16.231999999999999","0","3.0906000000000002","0","2","39.33306884765625"
"scatter_callback_off","2","23","23.8261","0","2.98","0","2","60.345661163330078"
"scatter_callback_off","2","24","20.711600000000001","0","2.7815000000000003","0","2","50.737213134765625"
"scatter_callback_off","2","25","23.394100000000002","0","3.0638000000000001","0","2","40.589027404785156"
"scatter_callback_off","2","26","21.081299999999999","0","2.6098999999999997","0","2","44.689743041992188"
"scatter_callback_off","2","27","18.1617","0","2.9569000000000001","0","2","45.000652313232422"
"scatter_callback_off","2","28","37.359200000000001","0","3.3402000000000003","0","2","51.055313110351562"
"scatter_callback_off","2","29","11.284700000000001","0","2.4159999999999999","0","2","31.429344177246094"
"scatter_callback_off","2","30","19.742599999999999","0","2.5220000000000002","0","2","70.474647521972656"
"scatter_callback_off","2","31","15.255699999999999","0","2.7211999999999996","0","2","56.377414703369141"
"scatter_callback_off","2","32","20.956700000000001","0","2.9660000000000002","0","2","59.097812652587891"
"scatter_callback_off","2","33","22.5487","0","3.8603000000000005","0","2","41.722469329833984"
"scatter_callback_off","2","34","19.5093","0","3.7290999999999999","0","2","52.830108642578125"
"scatter_callback_off","2","35","21.608899999999998","0","2.8464","0","2","53.829135894775391"
"scatter_callback_off","2","36","89.288600000000002","0","4.3702000000000005","0","3","19.867168426513672"
"scatter_callback_off","2","37","21.237400000000001","0","2.9622999999999999","0","2","51.145401000976562"
"scatter_callback_off","2","38","29.942","0","2.8784000000000001","0","2","54.140384674072266"
"scatter_callback_off","2","39","16.651599999999998","0","3.0668000000000002","0","2","32.078323364257812"
"scatter_callback_off","2","40","19.6053","0","3.6499999999999999","0","2","67.454994201660156"
"scatter_callback_off","2","41","15.3751","0","3.5943999999999998","0","2","56.570365905761719"
"scatter_callback_off","2","42","20.0242","0","3.6715999999999998","0","2","61.220867156982422"
"scatter_callback_off","2","43","20.288","0","2.6177999999999999","0","2","51.158485412597656"
"scatter_callback_off","2","44","14.0076","0","2.5887000000000002","0","2","46.364341735839844"
"scatter_callback_off","2","45","17.098700000000001","0","2.7077","0","2","64.8289794921875"
"scatter_callback_off","2","46","19.868099999999998","0","3.4999000000000002","0","2","52.693981170654297"
"scatter_callback_off","2","47","14.498100000000001","0","2.5049999999999999","0","2","67.540641784667969"
"scatter_callback_off","2","48","18.5977","0","3.9367999999999999","0","2","63.515857696533203"
"scatter_callback_off","2","49","15.046099999999999","0","2.9610000000000003","0","2","59.074420928955078"
"scatter_callback_off","2","50","11.072100000000001","0","2.6207000000000003","0","2","69.441551208496094"
"scatter_callback_off","2","51","20.764800000000001","0","3.2273000000000001","0","2","55.653568267822266"
"scatter_callback_off","2","52","13.358700000000001","0","2.8234000000000004","0","2","71.808647155761719"
"scatter_callback_off","2","53","22.001200000000001","0","2.8602999999999996","0","2","65.704315185546875"
"scatter_callback_off","2","54","26.770499999999998","0","3.2145999999999999","0","2","49.843738555908203"
"scatter_callback_off","2","55","24.1465","0","2.6006","0","2","34.411327362060547"
"scatter_callback_off","2","56","17.411999999999999","0","3.1696","0","2","37.409187316894531"
"scatter_callback_off","2","57","51.9101","0","5.2241","0","2","30.071027755737305"
"scatter_callback_off","2","58","29.571300000000001","0","2.5971000000000002","0","2","28.723499298095703"
"scatter_callback_off","2","59","12.7805","0","2.5545999999999998","0","2","36.188091278076172"
"scatter_callback_off","2","60","18.491","0","3.0893999999999999","0","2","63.310771942138672"
"retained_fast_simulated_held","2","1","39.367600000000003","5.7799999999999994","5.0809999999999995","3","3","82.231430053710938"
"retained_fast_simulated_held","2","2","21.0154","3.1848999999999998","3.2557","2","2","38.388599395751953"
"retained_fast_simulated_held","2","3","23.2258","2.8755999999999999","2.2286999999999999","2","2","53.588558197021484"
"retained_fast_simulated_held","2","4","42.969499999999996","3.0697999999999999","2.4144999999999999","2","2","25.227870941162109"
"retained_fast_simulated_held","2","5","22.3765","2.7401999999999997","2.5823","2","2","32.059501647949219"
"retained_fast_simulated_held","2","6","20.371500000000001","3.2763999999999998","2.6917","2","2","49.07830810546875"
"retained_fast_simulated_held","2","7","15.8697","2.2715000000000001","2.1986999999999997","2","2","61.758129119873047"
"retained_fast_simulated_held","2","8","33.691499999999998","4.4218999999999999","3.9749999999999996","3","3","58.843257904052734"
"retained_fast_simulated_held","2","9","22.517399999999999","2.996","3.4151000000000002","2","2","60.933998107910156"
"retained_fast_simulated_held","2","10","19.927900000000001","2.6199000000000003","2.7218","2","2","38.660938262939453"
"retained_fast_simulated_held","2","11","15.559799999999999","2.4224999999999999","2.2725","2","2","57.475227355957031"
"retained_fast_simulated_held","2","12","26.511099999999999","2.8122999999999996","2.3780000000000001","2","2","55.815406799316406"
"retained_fast_simulated_held","2","13","20.740600000000001","2.5954000000000002","3.0305","2","2","34.913276672363281"
"retained_fast_simulated_held","2","14","25.724","2.8300999999999998","2.7153999999999998","2","2","59.889564514160156"
"retained_fast_simulated_held","2","15","18.034600000000001","2.5670000000000002","2.6604000000000001","2","2","38.003017425537109"
"retained_fast_simulated_held","2","16","16.741800000000001","2.8426","2.3531000000000004","2","2","56.448062896728516"
"retained_fast_simulated_held","2","17","72.899100000000004","4.8041","4.5327000000000002","3","3","29.876699447631836"
"retained_fast_simulated_held","2","18","21.1982","2.7262","3.0019999999999998","2","2","24.984884262084961"
"retained_fast_simulated_held","2","19","15.405900000000001","2.5445000000000002","2.2492999999999999","2","2","54.303558349609375"
"retained_fast_simulated_held","2","20","27.3429","2.9222000000000001","2.2675999999999998","2","2","50.542575836181641"
"retained_fast_simulated_held","2","21","22.843299999999999","2.6995","2.8860000000000001","2","2","36.943172454833984"
"retained_fast_simulated_held","2","22","47.600299999999997","3.2138","3.6322000000000001","2","2","34.923881530761719"
"retained_fast_simulated_held","2","23","38.483499999999999","4.3857999999999997","4.0617000000000001","3","3","65.584518432617188"
"retained_fast_simulated_held","2","24","16.711400000000001","3.1448","2.3614999999999999","2","2","50.718940734863281"
"retained_fast_simulated_held","2","25","21.964700000000001","3.4024000000000001","3.5977999999999999","2","2","51.642223358154297"
"retained_fast_simulated_held","2","26","61.984000000000002","4.1771000000000003","3.5479000000000003","3","3","57.2442626953125"
"retained_fast_simulated_held","2","27","19.042000000000002","2.6967999999999996","2.5881999999999996","2","2","23.166435241699219"
"retained_fast_simulated_held","2","28","19.3217","3.0864000000000003","2.3418000000000001","2","2","51.096271514892578"
"retained_fast_simulated_held","2","29","17.449200000000001","2.6977000000000002","2.6204999999999998","2","2","50.201560974121094"
"retained_fast_simulated_held","2","30","16.629200000000001","3.3201000000000001","2.657","2","2","64.2227783203125"
"retained_fast_simulated_held","2","31","36.9452","4.1744000000000003","3.6934","3","3","109.9722900390625"
"retained_fast_simulated_held","2","32","19.708200000000001","2.6947000000000001","2.3056000000000001","2","2","36.480239868164062"
"retained_fast_simulated_held","2","33","26.255299999999998","2.8898000000000001","2.4362000000000004","2","2","60.123973846435547"
"retained_fast_simulated_held","2","34","18.689699999999998","3.7056","2.7032999999999996","2","2","33.040813446044922"
"retained_fast_simulated_held","2","35","22.470700000000001","2.6848000000000001","2.1943999999999999","2","2","62.246734619140625"
"retained_fast_simulated_held","2","36","19.043399999999998","2.6732","2.5594000000000001","2","2","40.537033081054688"
"retained_fast_simulated_held","2","37","29.312200000000001","2.7645","2.4447999999999999","2","2","49.683021545410156"
"retained_fast_simulated_held","2","38","23.625699999999998","2.7942999999999998","2.4157999999999999","2","2","34.201831817626953"
"retained_fast_simulated_held","2","39","44.720100000000002","4.0670000000000002","3.6087999999999996","3","3","65.578071594238281"
"retained_fast_simulated_held","2","40","22.025400000000001","2.512","2.1203000000000003","2","2","37.347991943359375"
"retained_fast_simulated_held","2","41","64.114699999999999","2.6520999999999999","2.8017000000000003","2","2","34.104900360107422"
"retained_fast_simulated_held","2","42","19.4573","3.1566000000000001","2.9438","2","2","16.649490356445312"
"retained_fast_simulated_held","2","43","18.7027","2.7355999999999998","2.5781000000000001","2","2","48.104213714599609"
"retained_fast_simulated_held","2","44","25.489999999999998","2.5654000000000003","2.5492999999999997","2","2","62.222332000732422"
"retained_fast_simulated_held","2","45","16.109200000000001","2.6968999999999999","2.3422999999999998","2","2","38.584861755371094"
"retained_fast_simulated_held","2","46","30.8203","4.1504000000000003","4.0602999999999998","3","3","74.988380432128906"
"retained_fast_simulated_held","2","47","19.288499999999999","2.8092999999999999","2.4826999999999999","2","2","54.897998809814453"
"retained_fast_simulated_held","2","48","17.602399999999999","3.1013999999999999","2.4943999999999997","2","2","56.335487365722656"
"retained_fast_simulated_held","2","49","33.018300000000004","2.6572","2.8117999999999999","2","2","47.492626190185547"
"retained_fast_simulated_held","2","50","28.037099999999999","3.1572","2.8212000000000002","2","2","26.769317626953125"
"retained_fast_simulated_held","2","51","33.081099999999999","2.7937000000000003","2.9415","2","2","32.598667144775391"
"retained_fast_simulated_held","2","52","19.483000000000001","2.7822","2.6326999999999998","2","2","41.917999267578125"
"retained_fast_simulated_held","2","53","27.0763","2.7963","3.8456000000000001","2","2","39.644153594970703"
"retained_fast_simulated_held","2","54","61.2333","6.2530999999999999","7.0385","4","4","44.492099761962891"
"retained_fast_simulated_held","2","55","25.9312","3.1727999999999996","2.9643999999999999","2","2","41.02294921875"
"retained_fast_simulated_held","2","56","20.5642","3.3319999999999999","2.8143000000000002","2","2","36.210105895996094"
"retained_fast_simulated_held","2","57","30.9191","4.5420999999999996","4.5689000000000002","2","2","57.223625183105469"
"retained_fast_simulated_held","2","58","40.176200000000001","5.2397999999999998","5.7725999999999997","2","2","20.560859680175781"
"retained_fast_simulated_held","2","59","40.053800000000003","4.8315000000000001","4.0023999999999997","3","3","48.836708068847656"
"retained_fast_simulated_held","2","60","22.6236","2.5140000000000002","2.4980000000000002","2","2","57.354907989501953"
"retained_with_plumbing","2","1","39.299999999999997","8.7370000000000001","3.3331","2","2","24.015369415283203"
"retained_with_plumbing","2","2","40.715800000000002","8.6269999999999989","2.6145","2","2","23.691854476928711"
"retained_with_plumbing","2","3","93.012299999999996","8.1587999999999994","2.2447999999999997","2","2","28.239494323730469"
"retained_with_plumbing","2","4","28.2608","7.3131000000000004","2.7025999999999999","2","2","11.702558517456055"
"retained_with_plumbing","2","5","45.863199999999999","12.233000000000001","5.5862999999999996","3","3","64.996688842773438"
"retained_with_plumbing","2","6","33.495800000000003","9.0606000000000009","3.2927999999999997","2","2","41.761501312255859"
"retained_with_plumbing","2","7","24.367100000000001","8.2019000000000002","2.3134999999999999","2","2","31.497749328613281"
"retained_with_plumbing","2","8","30.8264","8.8692999999999991","2.4047999999999998","2","2","38.568939208984375"
"retained_with_plumbing","2","9","55.360399999999998","10.518699999999999","3.5564","2","2","27.358058929443359"
"retained_with_plumbing","2","10","43.158999999999999","7.2614999999999998","2.2405999999999997","2","2","21.253082275390625"
"retained_with_plumbing","2","11","31.473199999999999","7.9015000000000004","2.6649000000000003","2","2","19.257989883422852"
"retained_with_plumbing","2","12","22.043600000000001","7.0595999999999997","2.1763000000000003","2","2","42.015041351318359"
"retained_with_plumbing","2","13","26.693000000000001","10.3948","3.4607999999999999","2","2","40.211673736572266"
"retained_with_plumbing","2","14","27.552800000000001","7.9632000000000005","3.3902999999999999","2","2","35.324703216552734"
"retained_with_plumbing","2","15","26.214400000000001","7.2232000000000003","2.1928999999999998","2","2","38.765701293945312"
"retained_with_plumbing","2","16","50.533700000000003","11.176600000000001","4.2835000000000001","2","2","23.28630256652832"
"retained_with_plumbing","2","17","28.083100000000002","8.3681000000000001","3.8706999999999998","2","2","32.539794921875"
"retained_with_plumbing","2","18","43.126300000000001","8.5868000000000002","3.3639000000000001","2","2","25.242580413818359"
"retained_with_plumbing","2","19","43.673299999999998","10.555900000000001","2.7793999999999999","2","2","23.353300094604492"
"retained_with_plumbing","2","20","27.679400000000001","7.6357999999999997","2.3810000000000002","2","2","25.862648010253906"
"retained_with_plumbing","2","21","29.9617","9.2415000000000003","2.6781999999999999","2","2","32.922351837158203"
"retained_with_plumbing","2","22","27.384699999999999","7.1065000000000005","2.2843","2","2","43.757930755615234"
"retained_with_plumbing","2","23","31.837700000000002","7.9404000000000003","2.4585999999999997","2","2","34.607463836669922"
"retained_with_plumbing","2","24","32.4619","8.9551999999999996","2.4807999999999999","2","2","32.312160491943359"
"retained_with_plumbing","2","25","24.84","7.2072000000000003","2.6598999999999999","2","2","31.008329391479492"
"retained_with_plumbing","2","26","24.097100000000001","7.8103999999999996","2.4976000000000003","2","2","43.350284576416016"
"retained_with_plumbing","2","27","32.687100000000001","8.8919999999999995","2.5994999999999999","2","2","36.777549743652344"
"retained_with_plumbing","2","28","61.822000000000003","12.843900000000001","5.1604999999999999","3","3","30.833364486694336"
"retained_with_plumbing","2","29","27.864599999999999","9.6534000000000013","3.5164","2","2","32.072559356689453"
"retained_with_plumbing","2","30","32.960999999999999","7.2850000000000001","2.5239000000000003","2","2","42.456172943115234"
"retained_with_plumbing","2","31","29.139199999999999","9.4741999999999997","3.3094999999999999","2","2","27.980873107910156"
"retained_with_plumbing","2","32","45.5242","8.2015999999999991","3.6463000000000001","2","2","31.469598770141602"
"retained_with_plumbing","2","33","48.903700000000001","8.9320000000000004","3.4659","2","2","20.461488723754883"
"retained_with_plumbing","2","34","36.281100000000002","7.4697999999999993","2.2355","2","2","23.496736526489258"
"retained_with_plumbing","2","35","20.781199999999998","7.7908000000000008","2.6831","2","2","29.726251602172852"
"retained_with_plumbing","2","36","38.3371","8.0221999999999998","2.6882999999999999","2","2","46.116950988769531"
"retained_with_plumbing","2","37","28.424099999999999","8.476700000000001","2.4617","2","2","23.522382736206055"
"retained_with_plumbing","2","38","17.561499999999999","7.0384000000000002","2.2132000000000001","2","2","46.819110870361328"
"retained_with_plumbing","2","39","24.7346","8.1385000000000005","2.4298999999999999","2","2","45.61065673828125"
"retained_with_plumbing","2","40","19.9878","7.141","2.2696000000000001","2","2","47.588909149169922"
"retained_with_plumbing","2","41","26.797699999999999","7.6411999999999995","3.0968","2","2","37.347991943359375"
"retained_with_plumbing","2","42","43.689700000000002","10.5335","3.6158000000000001","2","2","37.711658477783203"
"retained_with_plumbing","2","43","28.227799999999998","10.7774","4.1752000000000002","2","2","24.135583877563477"
"retained_with_plumbing","2","44","29.573","8.660499999999999","3.3468","2","2","33.987361907958984"
"retained_with_plumbing","2","45","29.037099999999999","8.9497999999999998","3.0587999999999997","2","2","31.609659194946289"
"retained_with_plumbing","2","46","54.822099999999999","8.1966000000000001","2.5242","2","2","27.3316650390625"
"retained_with_plumbing","2","47","30.510899999999999","7.6382000000000003","2.7919999999999998","2","2","20.886724472045898"
"retained_with_plumbing","2","48","28.252700000000001","7.7888000000000002","2.2675000000000001","2","2","39.514289855957031"
"retained_with_plumbing","2","49","24.459199999999999","7.6338999999999997","4.4692999999999996","2","2","36.011508941650391"
"retained_with_plumbing","2","50","36.081000000000003","8.5887999999999991","3.7131999999999996","2","2","36.003730773925781"
"retained_with_plumbing","2","51","56.177799999999998","12.463399999999998","5.2126999999999999","3","3","45.153453826904297"
"retained_with_plumbing","2","52","20.142499999999998","7.5944000000000003","2.4369000000000001","2","2","46.0203857421875"
"retained_with_plumbing","2","53","23.491099999999999","8.8670000000000009","2.3495999999999997","2","2","47.768951416015625"
"retained_with_plumbing","2","54","25.9407","7.843399999999999","2.9866000000000001","2","2","36.398181915283203"
"retained_with_plumbing","2","55","26.692","8.1980000000000004","2.9371","2","2","38.669013977050781"
"retained_with_plumbing","2","56","28.2745","7.0392999999999999","2.1958000000000002","2","2","47.758686065673828"
"retained_with_plumbing","2","57","26.525099999999998","8.4067000000000007","2.1748000000000003","2","2","33.826408386230469"
"retained_with_plumbing","2","58","25.6083","9.8632999999999988","3.2343999999999999","2","2","36.400035858154297"
"retained_with_plumbing","2","59","48.697899999999997","12.313500000000001","3.4659","2","2","30.352973937988281"
"retained_with_plumbing","2","60","33.342799999999997","9.2222000000000008","3.3410000000000002","2","2","23.118179321289062"
"fast_simulated_held","2","1","28.8538","6.8270999999999997","2.4689000000000001","2","2","40.497798919677734"
"fast_simulated_held","2","2","23.4176","7.8387000000000002","2.6181999999999999","2","2","35.983261108398438"
"fast_simulated_held","2","3","112.1734","20.377600000000001","5.9338999999999995","4","4","23.616151809692383"
"fast_simulated_held","2","4","51.747999999999998","9.8903999999999996","3.4140000000000001","2","2","20.484289169311523"
"fast_simulated_held","2","5","23.353300000000001","6.6440999999999999","2.2493999999999996","2","2","23.531791687011719"
"fast_simulated_held","2","6","38.973500000000001","10.1256","5.1638000000000002","3","3","66.548652648925781"
"fast_simulated_held","2","7","43.6785","6.8566000000000003","2.5251000000000001","2","2","44.990123748779297"
"fast_simulated_held","2","8","60.321800000000003","6.8538999999999994","2.4222999999999999","2","2","16.651790618896484"
"fast_simulated_held","2","9","46.659599999999998","6.7953000000000001","2.3731999999999998","2","2","19.681009292602539"
"fast_simulated_held","2","10","25.665099999999999","7.2957000000000001","2.2908999999999997","2","2","23.034999847412109"
"fast_simulated_held","2","11","38.061100000000003","9.9239999999999995","3.7914999999999996","3","3","78.880531311035156"
"fast_simulated_held","2","12","22.331","7.6444999999999999","3.0545","2","2","40.890766143798828"
"fast_simulated_held","2","13","21.501100000000001","7.0541","2.4074999999999998","2","2","44.205539703369141"
"fast_simulated_held","2","14","25.135999999999999","6.9991000000000003","2.7292999999999998","2","2","46.639614105224609"
"fast_simulated_held","2","15","24.1187","6.46","2.2046000000000001","2","2","40.202621459960938"
"fast_simulated_held","2","16","23.494800000000001","7.9235000000000007","3.4904000000000002","2","2","41.220115661621094"
"fast_simulated_held","2","17","56.267800000000001","9.2636000000000003","4.0594000000000001","2","2","33.917736053466797"
"fast_simulated_held","2","18","84.787499999999994","12.505000000000001","5.3090000000000002","3","3","34.880153656005859"
"fast_simulated_held","2","19","33.7256","9.9171999999999993","4.5961999999999996","2","2","20.822530746459961"
"fast_simulated_held","2","20","23.809699999999999","8.1143999999999998","2.6903999999999999","2","2","36.375804901123047"
"fast_simulated_held","2","21","36.385199999999998","8.5778999999999996","3.0703","2","2","34.621364593505859"
"fast_simulated_held","2","22","30.555","11.470800000000001","3.5060000000000002","2","2","27.334577560424805"
"fast_simulated_held","2","23","63.024299999999997","16.332799999999999","4.952","4","4","66.089485168457031"
"fast_simulated_held","2","24","36.0685","7.2568999999999999","2.5444","2","2","37.893573760986328"
"fast_simulated_held","2","25","27.8188","9.8487000000000009","3.2167000000000003","2","2","25.512222290039062"
"fast_simulated_held","2","26","31.5242","7.5737000000000005","2.4953000000000003","2","2","34.031314849853516"
"fast_simulated_held","2","27","24.997800000000002","7.1962000000000002","2.6303000000000001","2","2","33.532741546630859"
"fast_simulated_held","2","28","52.686799999999998","12.0656","5.5552999999999999","3","3","99.560935974121094"
"fast_simulated_held","2","29","35.401800000000001","7.0499999999999998","4.0747999999999998","2","2","30.372426986694336"
"fast_simulated_held","2","30","60.206400000000002","14.638199999999999","4.6920999999999999","2","2","16.745761871337891"
"fast_simulated_held","2","31","25.363299999999999","9.1431000000000004","2.899","2","2","25.250930786132812"
"fast_simulated_held","2","32","19.9084","7.0338000000000003","2.2258","2","2","46.627220153808594"
"fast_simulated_held","2","33","28.838000000000001","9.4633000000000003","4.4671000000000003","2","2","39.925102233886719"
"fast_simulated_held","2","34","38.878700000000002","11.5633","4.282","3","3","77.324569702148438"
"fast_simulated_held","2","35","27.1846","10.085100000000001","3.1858","2","2","39.432022094726562"
"fast_simulated_held","2","36","43.377400000000002","7.9868000000000006","3.7934000000000001","2","2","39.853340148925781"
"fast_simulated_held","2","37","33.088500000000003","9.3477999999999994","3.0906000000000002","2","2","19.261587142944336"
"fast_simulated_held","2","38","31.8353","7.1128999999999998","2.9984000000000002","2","2","41.988933563232422"
"fast_simulated_held","2","39","21.302900000000001","7.5113000000000003","3.1082000000000001","2","2","30.16136360168457"
"fast_simulated_held","2","40","51.429499999999997","12.214600000000001","5.4530000000000003","3","3","41.342132568359375"
"fast_simulated_held","2","41","29.754799999999999","6.9028","2.3716999999999997","2","2","41.739711761474609"
"fast_simulated_held","2","42","20.885000000000002","8.1092999999999993","2.2970000000000002","2","2","34.0347900390625"
"fast_simulated_held","2","43","25.873200000000001","7.9485999999999999","3.1366000000000001","2","2","37.873481750488281"
"fast_simulated_held","2","44","25.973400000000002","8.0836000000000006","2.6063999999999998","2","2","41.119941711425781"
"fast_simulated_held","2","45","104.4233","15.6999","6.1833","4","4","31.612655639648438"
"fast_simulated_held","2","46","23.213000000000001","7.1581999999999999","2.3296000000000001","2","2","18.374921798706055"
"fast_simulated_held","2","47","23.043099999999999","10.0525","2.5800000000000001","2","2","49.730461120605469"
"fast_simulated_held","2","48","27.2746","6.6606000000000005","2.5126999999999997","2","2","44.915962219238281"
"fast_simulated_held","2","49","24.5276","7.5393000000000008","2.5825","2","2","33.448284149169922"
"fast_simulated_held","2","50","27.386600000000001","8.5427","2.8582999999999998","2","2","42.183948516845703"
"fast_simulated_held","2","51","48.945999999999998","10.6343","3.5164","3","3","58.376773834228516"
"fast_simulated_held","2","52","28.6221","8.1156000000000006","2.4188000000000001","2","2","29.312103271484375"
"fast_simulated_held","2","53","28.4742","7.056","2.4066999999999998","2","2","34.568466186523438"
"fast_simulated_held","2","54","24.951599999999999","7.8178000000000001","3.6896999999999998","2","2","34.572288513183594"
"fast_simulated_held","2","55","26.2029","10.4651","2.6606000000000001","2","2","46.78253173828125"
"fast_simulated_held","2","56","26.0413","7.2637","3.5038999999999998","2","2","34.577548980712891"
"fast_simulated_held","2","57","31.056899999999999","6.8109999999999999","2.6074999999999999","2","2","47.585964202880859"
"fast_simulated_held","2","58","20.7713","8.3036999999999992","2.5753000000000004","2","2","32.086967468261719"
"fast_simulated_held","2","59","35.592500000000001","10.2042","4.0234000000000005","3","3","73.4403076171875"
"fast_simulated_held","2","60","65.675200000000004","9.9920000000000009","4.5339","2","2","28.166555404663086"
"script_without_triangles","2","1","40.212800000000001","8.2731999999999992","2.8586","2","2","24.564291000366211"
"script_without_triangles","2","2","19.264199999999999","7.3597999999999999","2.4231999999999996","2","2","31.035179138183594"
"script_without_triangles","2","3","21.0063","7.4138999999999999","2.3497000000000003","2","2","51.102275848388672"
"script_without_triangles","2","4","31.579799999999999","12.129100000000001","4.6380999999999997","2","2","34.765316009521484"
"script_without_triangles","2","5","26.851800000000001","9.0169999999999995","3.1081000000000003","2","2","34.402091979980469"
"script_without_triangles","2","6","28.278700000000001","7.3597999999999999","2.4260000000000002","2","2","38.245891571044922"
"script_without_triangles","2","7","23.412700000000001","7.7599999999999998","2.4936999999999996","2","2","41.154804229736328"
"script_without_triangles","2","8","28.396100000000001","8.8559000000000001","2.6267","2","2","38.753829956054688"
"script_without_triangles","2","9","63.718899999999998","9.9859000000000009","3.7153","2","2","21.831964492797852"
"script_without_triangles","2","10","35.924900000000001","8.3922999999999988","2.5275999999999996","2","2","18.624748229980469"
"script_without_triangles","2","11","54.706000000000003","7.6652000000000005","2.8571","2","2","24.508481979370117"
"script_without_triangles","2","12","31.2379","7.5811000000000011","2.7254","2","2","21.996343612670898"
"script_without_triangles","2","13","28.1571","7.1048999999999998","2.4279999999999999","2","2","34.066211700439453"
"script_without_triangles","2","14","19.078499999999998","7.5297000000000001","2.3097000000000003","2","2","40.112636566162109"
"script_without_triangles","2","15","28.8003","7.916500000000001","2.6452","2","2","49.593826293945312"
"script_without_triangles","2","16","62.587699999999998","13.099699999999999","3.4729000000000001","3","3","48.496841430664062"
"script_without_triangles","2","17","34.764000000000003","9.0067000000000004","2.7824","2","2","19.872261047363281"
"script_without_triangles","2","18","23.734400000000001","8.9082000000000008","2.9163999999999999","2","2","34.052986145019531"
"script_without_triangles","2","19","32.510300000000001","7.5468999999999999","2.3902000000000001","2","2","45.657512664794922"
"script_without_triangles","2","20","21.4801","9.6878999999999991","2.7271000000000001","2","2","32.141731262207031"
"script_without_triangles","2","21","38.795699999999997","8.4351000000000003","3.3574999999999999","2","2","40.231735229492188"
"script_without_triangles","2","22","23.2075","9.1807999999999996","3.2545000000000002","2","2","27.377609252929688"
"script_without_triangles","2","23","28.608699999999999","8.9176000000000002","2.6160000000000001","2","2","40.749465942382812"
"script_without_triangles","2","24","29.476500000000001","9.5113000000000003","3.2704","2","2","30.903207778930664"
"script_without_triangles","2","25","63.5687","8.1204999999999998","2.2919999999999998","2","2","27.442220687866211"
"script_without_triangles","2","26","31.419899999999998","7.6124999999999998","2.2976000000000001","2","2","20.135147094726562"
"script_without_triangles","2","27","18.9298","7.6259999999999994","2.2240000000000002","2","2","31.740087509155273"
"script_without_triangles","2","28","29.410399999999999","8.1607000000000003","3.0060000000000002","2","2","39.991519927978516"
"script_without_triangles","2","29","28.008800000000001","8.3688000000000002","2.2608999999999999","2","2","41.9649658203125"
"script_without_triangles","2","30","38.212499999999999","9.2454999999999998","3.8083","2","2","25.256223678588867"
"script_without_triangles","2","31","32.049399999999999","10.4787","3.6571000000000002","2","2","31.299297332763672"
"script_without_triangles","2","32","29.7424","8.0637000000000008","2.2142999999999997","2","2","32.829616546630859"
"script_without_triangles","2","33","24.258600000000001","8.0124999999999993","2.9268999999999998","2","2","33.168266296386719"
"script_without_triangles","2","34","22.7027","8.1105","2.5547","2","2","46.952987670898438"
"script_without_triangles","2","35","30.363099999999999","8.9194999999999993","2.6096000000000004","2","2","43.413330078125"
"script_without_triangles","2","36","30.110299999999999","8.9352999999999998","3.1356999999999999","2","2","29.959943771362305"
"script_without_triangles","2","37","22.5138","7.2744","2.2491000000000003","2","2","33.652019500732422"
"script_without_triangles","2","38","30.891300000000001","8.2739000000000011","2.4167000000000001","2","2","42.919376373291016"
"script_without_triangles","2","39","79.631399999999999","8.8727","3.0749","2","2","32.738155364990234"
"script_without_triangles","2","40","47.725900000000003","11.095700000000001","3.8475999999999999","3","3","57.186973571777344"
"script_without_triangles","2","41","49.072400000000002","8.2240000000000002","2.8090999999999999","2","2","30.748794555664062"
"script_without_triangles","2","42","32.375900000000001","7.8885000000000005","2.7753999999999999","2","2","19.55894660949707"
"script_without_triangles","2","43","24.708600000000001","8.7063000000000006","3.3980000000000001","2","2","29.819414138793945"
"script_without_triangles","2","44","30.521799999999999","9.2202000000000002","3.3628999999999998","2","2","37.485054016113281"
"script_without_triangles","2","45","29.110700000000001","9.4823000000000004","2.9192","2","2","32.982398986816406"
"script_without_triangles","2","46","29.520199999999999","10.196300000000001","2.5470999999999999","2","2","39.387599945068359"
"script_without_triangles","2","47","27.109999999999999","8.7343000000000011","3.8871000000000002","2","2","32.285663604736328"
"script_without_triangles","2","48","29.565999999999999","9.5686999999999998","2.4558999999999997","2","2","33.964736938476562"
"script_without_triangles","2","49","27.470099999999999","9.1812000000000005","2.5209999999999999","2","2","33.325111389160156"
"script_without_triangles","2","50","37.023699999999998","8.4431999999999992","3.0182000000000002","2","2","34.106761932373047"
"script_without_triangles","2","51","27.518000000000001","9.3056999999999999","3.6995","2","2","29.463499069213867"
"script_without_triangles","2","52","36.118600000000001","8.8003999999999998","3.0411000000000001","2","2","43.25390625"
"script_without_triangles","2","53","26.7727","7.9009999999999998","2.8060999999999998","2","2","26.283489227294922"
"script_without_triangles","2","54","26.109000000000002","8.3759000000000015","3.4709000000000003","2","2","34.469566345214844"
"script_without_triangles","2","55","67.991799999999998","8.9039000000000001","3.0470000000000002","2","2","22.607196807861328"
"script_without_triangles","2","56","23.072600000000001","7.2497000000000007","2.2066999999999997","2","2","22.533382415771484"
"script_without_triangles","2","57","47.473799999999997","9.1340000000000003","3.2754000000000003","2","2","36.276176452636719"
"script_without_triangles","2","58","25.135899999999999","8.2573000000000008","2.6572","2","2","22.660476684570312"
"script_without_triangles","2","59","28.304600000000001","8.1525999999999996","2.3391000000000002","2","2","33.044197082519531"
"script_without_triangles","2","60","30.626799999999999","7.7393000000000001","3.4108000000000001","2","2","44.811901092529297"
"candidate_061","2","1","32.926000000000002","13.6877","3.3077000000000001","2","2","22.931730270385742"
"candidate_061","2","2","37.860399999999998","15.8363","2.7806999999999999","2","2","32.063819885253906"
"candidate_061","2","3","40.379399999999997","14.144","3.1938","2","2","23.783248901367188"
"candidate_061","2","4","34.360500000000002","13.7912","2.4733999999999998","2","2","26.671289443969727"
"candidate_061","2","5","53.283000000000001","16.9131","3.4463999999999997","2","2","28.607637405395508"
"candidate_061","2","6","35.945999999999998","14.1143","2.3341000000000003","2","2","18.060092926025391"
"candidate_061","2","7","58.387599999999999","22.945800000000002","4.2674000000000003","2","2","27.332710266113281"
"candidate_061","2","8","80.813699999999997","16.8706","3.8273999999999999","2","2","12.470584869384766"
"candidate_061","2","9","37.128100000000003","17.279199999999999","2.9379999999999997","2","2","16.780494689941406"
"candidate_061","2","10","73.7624","22.578199999999999","3.8657000000000004","3","3","24.329597473144531"
"candidate_061","2","11","46.614400000000003","13.785499999999999","3.4620000000000002","2","2","34.434074401855469"
"candidate_061","2","12","62.468699999999998","15.946299999999999","4.0754999999999999","2","2","18.670162200927734"
"candidate_061","2","13","67.451999999999998","16.737299999999998","3.5534999999999997","2","2","13.25644588470459"
"candidate_061","2","14","63.231499999999997","15.406700000000001","2.3420000000000001","2","2","15.453896522521973"
"candidate_061","2","15","70.654700000000005","17.380500000000001","3.5560999999999998","2","2","17.148099899291992"
"candidate_061","2","16","40.397799999999997","18.7607","3.6888999999999998","2","2","16.337520599365234"
"candidate_061","2","17","33.619799999999998","12.7788","3.7738","2","2","22.951360702514648"
"candidate_061","2","18","44.6755","13.636199999999999","2.6116000000000001","2","2","30.76856803894043"
"candidate_061","2","19","46.675699999999999","12.0587","2.5112000000000001","2","2","25.210699081420898"
"candidate_061","2","20","32.843600000000002","13.1563","3.1274999999999999","2","2","19.390630722045898"
"candidate_061","2","21","31.594799999999999","14.434000000000001","2.6547000000000001","2","2","31.5677490234375"
"candidate_061","2","22","48.706600000000002","13.3345","2.7222","2","2","32.613872528076172"
"candidate_061","2","23","48.587200000000003","17.240600000000001","5.4188999999999998","2","2","18.943735122680664"
"candidate_061","2","24","46.275199999999998","14.444900000000001","3.4937","2","2","22.268392562866211"
"candidate_061","2","25","38.1111","13.574","3.6607000000000003","2","2","18.951417922973633"
"candidate_061","2","26","57.000500000000002","22.067900000000002","4.3822999999999999","3","3","38.661388397216797"
"candidate_061","2","27","79.603999999999999","15.907599999999999","3.9009","2","2","28.735054016113281"
"candidate_061","2","28","48.132100000000001","19.740499999999997","4.6899999999999995","2","2","12.484565734863281"
"candidate_061","2","29","29.953600000000002","15.074","2.7389000000000001","2","2","21.83372688293457"
"candidate_061","2","30","31.147300000000001","12.8744","2.7391000000000001","2","2","35.408760070800781"
"candidate_061","2","31","32.353400000000001","13.654199999999999","2.8278999999999996","2","2","29.433406829833984"
"candidate_061","2","32","46.331800000000001","13.1129","2.7454000000000001","2","2","32.91552734375"
"candidate_061","2","33","29.018799999999999","15.2873","2.6295000000000002","2","2","21.902254104614258"
"candidate_061","2","34","57.639600000000002","17.975700000000003","3.5130999999999997","2","2","30.973081588745117"
"candidate_061","2","35","47.050699999999999","16.508500000000002","3.3126000000000002","2","2","16.273895263671875"
"candidate_061","2","36","41.061700000000002","18.053600000000003","3.7707999999999999","2","2","21.487262725830078"
"candidate_061","2","37","33.176600000000001","12.814599999999999","3.0863","2","2","25.574008941650391"
"candidate_061","2","38","60.036499999999997","17.397300000000001","3.9337999999999997","2","2","25.058950424194336"
"candidate_061","2","39","38.920200000000001","14.6661","2.5449000000000002","2","2","17.208179473876953"
"candidate_061","2","40","39.324800000000003","12.3331","3.2928999999999999","2","2","34.448665618896484"
"candidate_061","2","41","48.792099999999998","14.1805","2.8555999999999999","2","2","21.379489898681641"
"candidate_061","2","42","36.502899999999997","17.5992","2.7335000000000003","2","2","19.785133361816406"
"candidate_061","2","43","61.179900000000004","18.1935","4.1680999999999999","3","3","39.440574645996094"
"candidate_061","2","44","39.2102","12.9132","3.7393999999999998","2","2","27.283565521240234"
"candidate_061","2","45","28.375800000000002","15.178100000000001","2.6151","2","2","28.000066757202148"
"candidate_061","2","46","49.149500000000003","15.3186","2.8163999999999998","2","2","32.867923736572266"
"candidate_061","2","47","44.040799999999997","17.149900000000002","4.5633999999999997","2","2","17.598941802978516"
"candidate_061","2","48","47.237299999999998","18.395399999999999","4.4480000000000004","2","2","24.755416870117188"
"candidate_061","2","49","44.145299999999999","18.472899999999999","4.5071000000000003","2","2","21.214712142944336"
"candidate_061","2","50","40.612000000000002","16.561599999999999","3.7946999999999997","2","2","20.912540435791016"
"candidate_061","2","51","43.141599999999997","13.238900000000001","2.5960999999999999","2","2","23.720008850097656"
"candidate_061","2","52","51.533799999999999","13.800699999999999","2.4451000000000001","2","2","25.364358901977539"
"candidate_061","2","53","40.510899999999999","19.9514","4.2225000000000001","2","2","20.479549407958984"
"candidate_061","2","54","41.080500000000001","12.840199999999999","3.8378999999999999","2","2","20.620767593383789"
"candidate_061","2","55","28.986699999999999","13.819400000000002","3.1418999999999997","2","2","35.829196929931641"
"candidate_061","2","56","32.305300000000003","15.3688","4.1108000000000002","2","2","32.117885589599609"
"candidate_061","2","57","27.444199999999999","11.739699999999999","2.9203999999999999","2","2","33.716579437255859"
"candidate_061","2","58","38.273400000000002","15.270099999999999","4.5543999999999993","2","2","29.21687126159668"
"candidate_061","2","59","57.3429","17.7807","2.782","2","2","25.554794311523438"
"candidate_061","2","60","50.148000000000003","20.905100000000001","4.4440999999999997","2","2","17.228902816772461"
"candidate_061","3","1","95.823400000000007","17.309699999999999","3.2377000000000002","2","2","10.877593040466309"
"candidate_061","3","2","53.488","14.324100000000001","3.7418","2","2","16.810508728027344"
"candidate_061","3","3","36.086799999999997","16.286799999999999","3.0867","2","2","23.799041748046875"
"candidate_061","3","4","31.148499999999999","16.216999999999999","3.7860000000000005","2","2","27.587120056152344"
"candidate_061","3","5","29.339600000000001","15.3042","2.9796","2","2","33.728748321533203"
"candidate_061","3","6","30.8505","13.8102","3.7322999999999995","2","2","34.584842681884766"
"candidate_061","3","7","31.2774","14.503599999999999","3.5831999999999997","2","2","31.11213493347168"
"candidate_061","3","8","36.101399999999998","17.311799999999998","3.6513999999999998","2","2","29.644123077392578"
"candidate_061","3","9","51.940199999999997","20.258299999999998","4.5358999999999998","2","2","26.21238899230957"
"candidate_061","3","10","70.802599999999998","19.2363","5.3827999999999996","3","3","39.920001983642578"
"candidate_061","3","11","66.240899999999996","26.7072","6.8216000000000001","2","2","15.157095909118652"
"candidate_061","3","12","44.9711","20.788599999999999","4.2887000000000004","2","2","17.932041168212891"
"candidate_061","3","13","41.862000000000002","14.462399999999999","4.3174999999999999","2","2","25.731481552124023"
"candidate_061","3","14","31.2563","13.559200000000001","3.7385999999999999","2","2","26.270853042602539"
"candidate_061","3","15","33.731000000000002","15.2097","3.6261000000000001","2","2","30.423433303833008"
"candidate_061","3","16","46.043300000000002","13.8729","4.1912000000000003","2","2","31.113876342773438"
"candidate_061","3","17","34.515500000000003","16.237500000000001","4.6837","2","2","21.579069137573242"
"candidate_061","3","18","42.022799999999997","17.2456","4.5320999999999998","2","2","26.446840286254883"
"candidate_061","3","19","32.4559","15.744599999999998","2.6645000000000003","2","2","26.27589225769043"
"candidate_061","3","20","43.122900000000001","16.270299999999999","3.9224999999999999","2","2","29.834537506103516"
"candidate_061","3","21","37.537799999999997","16.240900000000003","3.48","2","2","21.086370468139648"
"candidate_061","3","22","44.711399999999998","18.454899999999999","4.4283999999999999","2","2","30.661020278930664"
"candidate_061","3","23","67.193799999999996","19.7408","3.5078999999999998","2","2","16.663667678833008"
"candidate_061","3","24","56.736699999999999","16.3155","4.1194000000000006","2","2","14.706790924072266"
"candidate_061","3","25","32.953400000000002","16.6509","2.5091999999999999","2","2","24.757377624511719"
"candidate_061","3","26","32.4878","15.642899999999999","3.6170999999999998","2","2","32.69940185546875"
"candidate_061","3","27","65.262799999999999","23.323999999999998","5.6665000000000001","3","3","30.860197067260742"
"candidate_061","3","28","38.092199999999998","18.209199999999999","3.8159999999999998","2","2","25.049661636352539"
"candidate_061","3","29","37.562600000000003","14.105399999999999","3.9569999999999999","2","2","31.381704330444336"
"candidate_061","3","30","56.802799999999998","18.3782","4.8972999999999995","2","2","25.28521728515625"
"candidate_061","3","31","35.578600000000002","16.796800000000001","3.2986000000000004","2","2","17.41444206237793"
"candidate_061","3","32","47.400599999999997","20.067799999999998","4.0977999999999994","2","2","23.853254318237305"
"candidate_061","3","33","48.871099999999998","22.6205","5.0921000000000003","2","2","20.076814651489258"
"candidate_061","3","34","75.9739","20.5702","4.4628999999999994","2","2","17.954803466796875"
"candidate_061","3","35","48.015599999999999","18.043399999999998","3.0918999999999999","2","2","17.130680084228516"
"candidate_061","3","36","46.2941","21.2194","4.2004999999999999","2","2","18.157026290893555"
"candidate_061","3","37","48.498600000000003","21.794499999999999","4.5811000000000002","2","2","19.467714309692383"
"candidate_061","3","38","70.474400000000003","20.012999999999998","4.3719000000000001","2","2","21.777429580688477"
"candidate_061","3","39","60.752299999999998","22.281100000000002","4.8369","2","2","14.585763931274414"
"candidate_061","3","40","67.304199999999994","20.544800000000002","4.8223000000000003","2","2","16.090778350830078"
"candidate_061","3","41","98.299800000000005","30.986199999999997","7.1311999999999998","3","3","20.562170028686523"
"candidate_061","3","42","61.649299999999997","21.561599999999999","5.0750999999999999","2","2","16.84758186340332"
"candidate_061","3","43","79.420500000000004","14.285300000000001","2.5846999999999998","2","2","17.810834884643555"
"candidate_061","3","44","38.2316","14.578800000000001","3.5339","2","2","13.245699882507324"
"candidate_061","3","45","35.334699999999998","12.1965","3.5061999999999998","2","2","26.432998657226562"
"candidate_061","3","46","29.046700000000001","15.420400000000001","2.5425000000000004","2","2","34.894393920898438"
"candidate_061","3","47","33.343499999999999","15.4336","3.9510999999999998","2","2","31.724882125854492"
"candidate_061","3","48","35.152999999999999","17.501199999999997","4.0737000000000005","2","2","28.870193481445312"
"candidate_061","3","49","41.331299999999999","14.546500000000002","3.0353000000000003","2","2","30.124111175537109"
"candidate_061","3","50","33.774500000000003","14.3497","2.7999000000000001","2","2","23.610631942749023"
"candidate_061","3","51","33.8979","16.995000000000001","2.9454000000000002","2","2","28.195859909057617"
"candidate_061","3","52","42.909700000000001","14.413499999999999","2.9356","2","2","26.830368041992188"
"candidate_061","3","53","59.9405","22.914999999999999","4.1104000000000003","2","2","17.554176330566406"
"candidate_061","3","54","33.255499999999998","14.776199999999999","3.3387000000000002","2","2","24.1690673828125"
"candidate_061","3","55","30.463200000000001","14.5152","2.4172000000000002","2","2","30.656696319580078"
"candidate_061","3","56","33.079700000000003","18.754199999999997","2.6389","2","2","31.508964538574219"
"candidate_061","3","57","46.901899999999998","18.832999999999998","3.9127000000000001","2","2","29.259956359863281"
"candidate_061","3","58","29.138500000000001","14.1191","2.6212999999999997","2","2","23.383115768432617"
"candidate_061","3","59","58.490400000000001","21.557199999999998","5.0768000000000004","3","3","45.691310882568359"
"candidate_061","3","60","33.204000000000001","16.305299999999999","2.7035","2","2","27.547904968261719"
"script_without_triangles","3","1","28.400099999999998","10.5177","2.7782","2","2","27.105707168579102"
"script_without_triangles","3","2","34.389499999999998","8.6416000000000004","3.0819000000000001","2","2","35.352428436279297"
"script_without_triangles","3","3","34.225999999999999","9.7144000000000013","2.9905999999999997","2","2","26.437820434570312"
"script_without_triangles","3","4","46.236400000000003","9.4715999999999987","3.4278999999999997","2","2","22.825786590576172"
"script_without_triangles","3","5","452.75259999999997","14.458","334.32080000000002","3","3","2.6187045574188232"
"script_without_triangles","3","6","41.1813","9.3797999999999995","3.4618000000000002","2","2","23.781099319458008"
"script_without_triangles","3","7","36.8414","10.430099999999999","4.0869","2","2","22.439737319946289"
"script_without_triangles","3","8","47.820799999999998","8.4663000000000004","3.3729","2","2","26.807855606079102"
"script_without_triangles","3","9","58.627099999999999","10.164400000000001","3.3915000000000002","2","2","17.260066986083984"
"script_without_triangles","3","10","26.919799999999999","10.5739","3.8112000000000004","2","2","23.991804122924805"
"script_without_triangles","3","11","36.627899999999997","9.6410999999999998","3.1010999999999997","2","2","36.259735107421875"
"script_without_triangles","3","12","33.584699999999998","9.6515000000000004","2.9112","2","2","27.574493408203125"
"script_without_triangles","3","13","43.865400000000001","9.5084999999999997","2.3994","2","2","28.568408966064453"
"script_without_triangles","3","14","33.411499999999997","9.8812999999999995","2.8918999999999997","2","2","21.463279724121094"
"script_without_triangles","3","15","60.973500000000001","13.624000000000001","5.3937999999999997","3","3","31.114360809326172"
"script_without_triangles","3","16","32.308100000000003","8.3311999999999991","2.9948999999999999","2","2","31.868143081665039"
"script_without_triangles","3","17","30.3156","8.1559999999999988","2.5476000000000001","2","2","28.083261489868164"
"script_without_triangles","3","18","43.791499999999999","8.7909000000000006","2.8380000000000001","2","2","33.544666290283203"
"script_without_triangles","3","19","30.760200000000001","9.145900000000001","3.0741000000000001","2","2","23.918180465698242"
"script_without_triangles","3","20","66.681399999999996","11.8559","3.9942000000000002","2","2","33.593345642089844"
"script_without_triangles","3","21","39.177799999999998","10.2712","2.9360999999999997","2","2","14.695055961608887"
"script_without_triangles","3","22","29.698499999999999","9.0122","4.6413000000000002","2","2","24.953212738037109"
"script_without_triangles","3","23","47.176600000000001","7.6787000000000001","2.9478","2","2","37.113189697265625"
"script_without_triangles","3","24","24.8505","8.0366999999999997","2.4164000000000003","2","2","20.643157958984375"
"script_without_triangles","3","25","44.181600000000003","9.0907","2.9750000000000001","2","2","30.798608779907227"
"script_without_triangles","3","26","27.7043","10.395199999999999","4.0983999999999998","2","2","28.314895629882812"
"script_without_triangles","3","27","39.608600000000003","8.8721999999999994","3.4257","2","2","33.09735107421875"
"script_without_triangles","3","28","39.387500000000003","8.2951999999999995","2.9906000000000001","2","2","26.956066131591797"
"script_without_triangles","3","29","24.840699999999998","8.6562999999999999","3.1168","2","2","25.653194427490234"
"script_without_triangles","3","30","34.826599999999999","9.297699999999999","3.7731000000000003","2","2","35.9576416015625"
"script_without_triangles","3","31","27.774699999999999","7.2472000000000003","2.8161999999999998","2","2","28.380548477172852"
"script_without_triangles","3","32","33.293799999999997","7.8815","2.4386000000000001","2","2","40.608478546142578"
"script_without_triangles","3","33","39.064999999999998","9.9118999999999993","3.0548999999999999","2","2","25.49992561340332"
"script_without_triangles","3","34","33.089700000000001","9.5465","3.2225999999999999","2","2","24.948543548583984"
"script_without_triangles","3","35","114.0859","14.535399999999999","4.79","3","3","25.104812622070312"
"script_without_triangles","3","36","39.268500000000003","11.8277","4.3635999999999999","2","2","12.248207092285156"
"script_without_triangles","3","37","28.764700000000001","8.6510999999999996","2.6543000000000001","2","2","31.282358169555664"
"script_without_triangles","3","38","26.306699999999999","9.2530000000000001","2.7423000000000002","2","2","32.613021850585938"
"script_without_triangles","3","39","36.206099999999999","7.1989000000000001","2.3269000000000002","2","2","39.938655853271484"
"script_without_triangles","3","40","26.105399999999999","9.6759000000000004","2.6200000000000001","2","2","29.149335861206055"
"script_without_triangles","3","41","28.7059","8.4376999999999995","2.5869999999999997","2","2","36.208663940429688"
"script_without_triangles","3","42","22.385400000000001","9.7743000000000002","3.5129999999999999","2","2","41.812664031982422"
"script_without_triangles","3","43","41.314","9.1683000000000003","3.4051999999999998","2","2","38.087547302246094"
"script_without_triangles","3","44","29.177800000000001","7.8357000000000001","2.9089999999999998","2","2","24.214834213256836"
"script_without_triangles","3","45","32.710999999999999","9.1343999999999994","2.6719999999999997","2","2","28.709644317626953"
"script_without_triangles","3","46","30.712800000000001","7.6448999999999998","2.8224","2","2","39.193244934082031"
"script_without_triangles","3","47","65.793899999999994","10.0566","2.9887999999999999","2","2","29.366849899291992"
"script_without_triangles","3","48","31.332699999999999","8.4937000000000005","2.5287999999999999","2","2","15.176994323730469"
"script_without_triangles","3","49","27.0366","8.536999999999999","3.3185000000000002","2","2","30.493755340576172"
"script_without_triangles","3","50","33.247","8.0121000000000002","2.6706000000000003","2","2","30.379899978637695"
"script_without_triangles","3","51","28.433599999999998","7.6456","2.5319000000000003","2","2","34.15545654296875"
"script_without_triangles","3","52","22.004100000000001","7.4557000000000002","3.1741999999999999","2","2","51.133110046386719"
"script_without_triangles","3","53","30.632999999999999","10.089700000000001","2.6189999999999998","2","2","41.706634521484375"
"script_without_triangles","3","54","25.352900000000002","8.3283000000000005","2.6099000000000001","2","2","31.007848739624023"
"script_without_triangles","3","55","32.228299999999997","10.1305","2.6385000000000001","2","2","34.950004577636719"
"script_without_triangles","3","56","35.387500000000003","8.0336999999999996","3.8633999999999999","2","2","32.745658874511719"
"script_without_triangles","3","57","52.395600000000002","15.9528","5.4824999999999999","3","3","43.086734771728516"
"script_without_triangles","3","58","27.306000000000001","9.3945000000000007","2.7734000000000001","2","2","35.334815979003906"
"script_without_triangles","3","59","26.232199999999999","7.5326000000000004","2.5956999999999999","2","2","40.699710845947266"
"script_without_triangles","3","60","25.593699999999998","7.3188999999999993","2.2129000000000003","2","2","40.185173034667969"
"fast_simulated_held","3","1","42.497599999999998","10.9396","4.4558999999999997","3","3","67.6507568359375"
"fast_simulated_held","3","2","61.956699999999998","9.7835999999999999","4.2062999999999997","2","2","23.022960662841797"
"fast_simulated_held","3","3","25.088899999999999","9.1814999999999998","2.5548999999999999","2","2","21.300252914428711"
"fast_simulated_held","3","4","46.9953","12.5341","5.9233000000000002","3","3","59.805034637451172"
"fast_simulated_held","3","5","23.1218","8.2208000000000006","2.3868","2","2","34.559028625488281"
"fast_simulated_held","3","6","52.140799999999999","12.74","4.3170000000000002","3","3","69.393844604492188"
"fast_simulated_held","3","7","28.408799999999999","7.9624000000000006","3.1313","2","2","29.919605255126953"
"fast_simulated_held","3","8","30.885899999999999","7.0055999999999994","2.4039999999999999","2","2","35.740070343017578"
"fast_simulated_held","3","9","28.0167","7.8731","2.3597999999999999","2","2","30.033185958862305"
"fast_simulated_held","3","10","35.614400000000003","8.9353999999999996","2.5015000000000001","2","2","31.288719177246094"
"fast_simulated_held","3","11","33.4315","8.0781999999999989","2.4726999999999997","2","2","25.049346923828125"
"fast_simulated_held","3","12","46.352499999999999","14.662600000000001","3.7362000000000002","3","3","66.448715209960938"
"fast_simulated_held","3","13","30.006499999999999","7.7516999999999996","2.8376999999999999","2","2","44.662796020507812"
"fast_simulated_held","3","14","27.869299999999999","7.5838999999999999","2.4237000000000002","2","2","29.293041229248047"
"fast_simulated_held","3","15","32.216799999999999","8.6669999999999998","3.3703000000000003","2","2","29.594291687011719"
"fast_simulated_held","3","16","34.314900000000002","7.3022999999999998","3.2294","2","2","40.440967559814453"
"fast_simulated_held","3","17","40.290999999999997","10.0101","4.1204000000000001","2","2","26.067258834838867"
"fast_simulated_held","3","18","79.502300000000005","15.470499999999999","5.692400000000001","3","3","47.026069641113281"
"fast_simulated_held","3","19","54.151400000000002","9.9153000000000002","2.8561000000000001","2","2","21.072061538696289"
"fast_simulated_held","3","20","36.799999999999997","7.8453999999999997","3.2459999999999996","2","2","18.60783576965332"
"fast_simulated_held","3","21","45.936199999999999","12.918999999999999","3.9597999999999995","3","3","50.319023132324219"
"fast_simulated_held","3","22","35.062800000000003","10.2094","3.7040999999999995","2","2","28.472183227539062"
"fast_simulated_held","3","23","38.3855","9.4272999999999989","2.8685","2","2","37.27587890625"
"fast_simulated_held","3","24","61.711100000000002","15.321300000000001","5.2252999999999998","3","3","36.408519744873047"
"fast_simulated_held","3","25","32.159399999999998","12.140000000000001","5.0739999999999998","2","2","28.490190505981445"
"fast_simulated_held","3","26","109.3951","22.101500000000001","6.4436999999999998","3","3","31.588090896606445"
"fast_simulated_held","3","27","45.203299999999999","11.624500000000001","4.2980999999999998","2","2","16.491798400878906"
"fast_simulated_held","3","28","30.218399999999999","9.8811","2.9220000000000002","2","2","23.690900802612305"
"fast_simulated_held","3","29","31.739000000000001","9.1922999999999995","3.0464000000000002","2","2","31.155075073242188"
"fast_simulated_held","3","30","41.032600000000002","12.589499999999999","4.1656000000000004","3","3","65.585380554199219"
"fast_simulated_held","3","31","30.130800000000001","7.0531000000000006","2.4226000000000001","2","2","38.222061157226562"
"fast_simulated_held","3","32","38.072800000000001","8.7515000000000001","4.8994","2","2","25.645233154296875"
"fast_simulated_held","3","33","32.311599999999999","10.4231","3.9066999999999998","2","2","31.899147033691406"
"fast_simulated_held","3","34","31.034199999999998","11.690899999999999","3.9712000000000001","2","2","30.447053909301758"
"fast_simulated_held","3","35","30.136700000000001","10.388500000000001","3.4481999999999999","2","2","34.099086761474609"
"fast_simulated_held","3","36","45.463000000000001","12.256399999999999","3.8609999999999998","3","3","55.529640197753906"
"fast_simulated_held","3","37","30.282599999999999","8.8600999999999992","2.9664000000000001","2","2","30.231117248535156"
"fast_simulated_held","3","38","29.9068","7.5510999999999999","3.0375000000000001","2","2","35.16656494140625"
"fast_simulated_held","3","39","37.865099999999998","9.9680999999999997","3.3929","2","2","41.173442840576172"
"fast_simulated_held","3","40","33.181399999999996","9.0755999999999997","3.0709999999999997","2","2","23.322853088378906"
"fast_simulated_held","3","41","83.414900000000003","15.669499999999999","6.4822999999999995","3","3","26.807064056396484"
"fast_simulated_held","3","42","65.155500000000004","15.283300000000001","6.1480999999999995","3","3","50.793136596679688"
"fast_simulated_held","3","43","28.005700000000001","7.2431999999999999","3.1299999999999999","2","2","22.86566162109375"
"fast_simulated_held","3","44","29.278500000000001","7.5030999999999999","2.3066","2","2","33.222370147705078"
"fast_simulated_held","3","45","51.438899999999997","13.644600000000001","4.4779999999999998","3","3","47.615421295166016"
"fast_simulated_held","3","46","30.148299999999999","7.3864000000000001","2.7544","2","2","31.391063690185547"
"fast_simulated_held","3","47","47.944699999999997","8.8923000000000005","3.9839000000000002","2","2","27.881792068481445"
"fast_simulated_held","3","48","51.949399999999997","15.060499999999999","7.1997","2","2","21.027973175048828"
"fast_simulated_held","3","49","44.771799999999999","9.9260999999999999","2.839","2","2","18.827888488769531"
"fast_simulated_held","3","50","79.855500000000006","21.474200000000003","6.7055000000000007","3","3","38.994106292724609"
"fast_simulated_held","3","51","38.410800000000002","10.391300000000001","4.0482000000000005","2","2","18.036314010620117"
"fast_simulated_held","3","52","31.4712","7.5203000000000007","2.6238000000000001","2","2","31.06622314453125"
"fast_simulated_held","3","53","20.170500000000001","8.2088000000000001","2.4554999999999998","2","2","33.556034088134766"
"fast_simulated_held","3","54","22.621200000000002","7.3532999999999999","3.0047999999999999","2","2","41.90289306640625"
"fast_simulated_held","3","55","36.851100000000002","13.133299999999998","3.9935","3","3","70.629951477050781"
"fast_simulated_held","3","56","22.468399999999999","6.5728999999999997","2.1913","2","2","50.570178985595703"
"fast_simulated_held","3","57","22.168399999999998","7.8457999999999997","2.5602","2","2","38.717369079589844"
"fast_simulated_held","3","58","30.153400000000001","8.2477","2.5167000000000002","2","2","49.493190765380859"
"fast_simulated_held","3","59","39.033099999999997","9.7158999999999995","3.1817000000000002","2","2","27.00921630859375"
"fast_simulated_held","3","60","32.677399999999999","11.812200000000001","4.0786999999999995","2","2","25.865123748779297"
"retained_with_plumbing","3","1","26.5307","7.6997999999999998","2.2698","2","2","21.783170700073242"
"retained_with_plumbing","3","2","30.691099999999999","9.4161999999999999","2.5133000000000001","2","2","37.400653839111328"
"retained_with_plumbing","3","3","24.341799999999999","8.7675999999999998","4.0540000000000003","2","2","32.170890808105469"
"retained_with_plumbing","3","4","43.446199999999997","8.8992000000000004","3.0140000000000002","2","2","34.476696014404297"
"retained_with_plumbing","3","5","43.948","8.6498999999999988","2.3679999999999999","2","2","19.917858123779297"
"retained_with_plumbing","3","6","37.361400000000003","10.069800000000001","2.8327","2","2","28.378616333007812"
"retained_with_plumbing","3","7","35.715200000000003","10.5524","3.1409000000000002","2","2","27.343845367431641"
"retained_with_plumbing","3","8","26.152699999999999","9.7386999999999997","3.3181000000000003","2","2","29.149080276489258"
"retained_with_plumbing","3","9","35.997300000000003","11.124700000000001","4.0569000000000006","2","2","35.586429595947266"
"retained_with_plumbing","3","10","25.9528","8.0221","2.6871","2","2","30.501846313476562"
"retained_with_plumbing","3","11","42.677500000000002","7.569","2.1855000000000002","2","2","31.354547500610352"
"retained_with_plumbing","3","12","24.500499999999999","8.6501999999999999","2.5905","2","2","27.174503326416016"
"retained_with_plumbing","3","13","45.627299999999998","11.6129","3.79","3","3","45.239452362060547"
"retained_with_plumbing","3","14","31.618300000000001","7.6685999999999996","2.7742","2","2","38.430793762207031"
"retained_with_plumbing","3","15","37.351700000000001","10.2882","3.2708000000000004","2","2","25.421295166015625"
"retained_with_plumbing","3","16","28.6236","10.901399999999999","3.0709999999999997","2","2","36.212467193603516"
"retained_with_plumbing","3","17","27.359300000000001","11.058299999999999","3.7793000000000001","2","2","30.913047790527344"
"retained_with_plumbing","3","18","33.289099999999998","8.2280999999999995","2.2246999999999999","2","2","36.428676605224609"
"retained_with_plumbing","3","19","42.141500000000001","8.0564","3.0636999999999999","2","2","29.203475952148438"
"retained_with_plumbing","3","20","95.7393","8.1532","2.4108999999999998","2","2","22.496530532836914"
"retained_with_plumbing","3","21","38.938699999999997","9.6491000000000007","4.0876999999999999","2","2","10.208175659179688"
"retained_with_plumbing","3","22","38.613100000000003","10.377700000000001","3.6082999999999998","2","2","25.12834358215332"
"retained_with_plumbing","3","23","30.731000000000002","7.9272","2.9826999999999999","2","2","36.980606079101562"
"retained_with_plumbing","3","24","47.166400000000003","9.1712999999999987","3.1322999999999999","2","2","26.218229293823242"
"retained_with_plumbing","3","25","30.6371","7.8659999999999997","3.1287000000000003","2","2","25.642078399658203"
"retained_with_plumbing","3","26","23.493099999999998","7.4445999999999994","2.3527","2","2","29.559299468994141"
"retained_with_plumbing","3","27","42.1297","9.6711999999999989","3.2732000000000001","2","2","34.204288482666016"
"retained_with_plumbing","3","28","36.719099999999997","9.5112000000000005","3.5905","2","2","27.811227798461914"
"retained_with_plumbing","3","29","25.8096","8.9251000000000005","2.3788999999999998","2","2","26.513875961303711"
"retained_with_plumbing","3","30","28.133299999999998","7.3760000000000003","2.6389","2","2","42.534004211425781"
"retained_with_plumbing","3","31","38.6205","9.4251000000000005","4.6187000000000005","2","2","33.756526947021484"
"retained_with_plumbing","3","32","46.428199999999997","12.5625","3.6976999999999998","2","2","16.340696334838867"
"retained_with_plumbing","3","33","50.8155","11.4832","3.9672999999999998","3","3","49.181858062744141"
"retained_with_plumbing","3","34","39.502299999999998","7.6989000000000001","2.2968999999999999","2","2","37.716350555419922"
"retained_with_plumbing","3","35","27.651","10.3444","3.5003000000000002","2","2","22.412630081176758"
"retained_with_plumbing","3","36","34.281300000000002","9.2227999999999994","3.0462999999999996","2","2","35.544685363769531"
"retained_with_plumbing","3","37","26.073899999999998","8.120000000000001","3.0310999999999999","2","2","33.038192749023438"
"retained_with_plumbing","3","38","30.361999999999998","8.4019999999999992","2.8414000000000001","2","2","32.226669311523438"
"retained_with_plumbing","3","39","30.3111","8.6052999999999997","3.2320000000000002","2","2","33.267242431640625"
"retained_with_plumbing","3","40","28.051300000000001","7.7641","2.9914999999999998","2","2","34.895732879638672"
"retained_with_plumbing","3","41","24.611699999999999","7.6898999999999997","2.5571000000000002","2","2","39.700813293457031"
"retained_with_plumbing","3","42","33.279600000000002","8.6304999999999996","2.4950000000000001","2","2","39.974895477294922"
"retained_with_plumbing","3","43","37.584299999999999","10.291699999999999","3.1509","2","2","29.575822830200195"
"retained_with_plumbing","3","44","26.216999999999999","7.2379999999999995","2.7419000000000002","2","2","24.231967926025391"
"retained_with_plumbing","3","45","36.712899999999998","9.9162999999999997","3.6909000000000001","2","2","40.234973907470703"
"retained_with_plumbing","3","46","23.570900000000002","7.5768000000000004","2.4397000000000002","2","2","30.767148971557617"
"retained_with_plumbing","3","47","34.104399999999998","7.5417000000000005","2.5055000000000001","2","2","43.064098358154297"
"retained_with_plumbing","3","48","61.578800000000001","9.6313999999999993","3.5758999999999999","2","2","19.577976226806641"
"retained_with_plumbing","3","49","33.335299999999997","8.1502999999999997","2.7686000000000002","2","2","18.741401672363281"
"retained_with_plumbing","3","50","30.161999999999999","8.9997000000000007","2.5087000000000002","2","2","32.848812103271484"
"retained_with_plumbing","3","51","39.648899999999998","7.7508999999999997","2.3772000000000002","2","2","36.885261535644531"
"retained_with_plumbing","3","52","24.146699999999999","8.5894000000000013","2.6642999999999999","2","2","25.182826995849609"
"retained_with_plumbing","3","53","26.298100000000002","7.343","2.4897","2","2","46.209224700927734"
"retained_with_plumbing","3","54","23.4435","8.6762999999999995","2.3700000000000001","2","2","34.408603668212891"
"retained_with_plumbing","3","55","31.288699999999999","8.1599000000000004","3.859","2","2","37.850685119628906"
"retained_with_plumbing","3","56","76.003100000000003","13.0181","5.5716999999999999","3","3","31.541164398193359"
"retained_with_plumbing","3","57","48.883699999999997","7.6711","2.8056000000000001","2","2","21.127042770385742"
"retained_with_plumbing","3","58","27.4314","9.2088999999999999","2.9024000000000001","2","2","22.206874847412109"
"retained_with_plumbing","3","59","23.018000000000001","7.0446","2.298","2","2","43.242683410644531"
"retained_with_plumbing","3","60","46.177700000000002","11.870200000000001","3.4765999999999999","2","2","37.707817077636719"
"retained_fast_simulated_held","3","1","20.212199999999999","2.8113999999999999","2.8767","2","2","56.200298309326172"
"retained_fast_simulated_held","3","2","25.401599999999998","2.6855000000000002","2.2770999999999999","2","2","52.866416931152344"
"retained_fast_simulated_held","3","3","17.005800000000001","2.5076999999999998","2.7432999999999996","2","2","38.142314910888672"
"retained_fast_simulated_held","3","4","34.460799999999999","4.6718000000000002","4.4679000000000002","3","3","76.228805541992188"
"retained_fast_simulated_held","3","5","24.921900000000001","2.5773999999999999","2.3506999999999998","2","2","55.665958404541016"
"retained_fast_simulated_held","3","6","26.643799999999999","2.9242999999999997","2.5532000000000004","2","2","34.95770263671875"
"retained_fast_simulated_held","3","7","25.400099999999998","3.4542999999999999","2.8865999999999996","2","2","32.872352600097656"
"retained_fast_simulated_held","3","8","19.658899999999999","2.6181000000000001","2.2997000000000001","2","2","54.607807159423828"
"retained_fast_simulated_held","3","9","20.7715","2.4294000000000002","2.3557000000000001","2","2","42.648471832275391"
"retained_fast_simulated_held","3","10","29.3626","3.7088000000000001","3.9514","2","2","46.49908447265625"
"retained_fast_simulated_held","3","11","53.386200000000002","5.8635000000000002","5.7946999999999997","3","3","70.362579345703125"
"retained_fast_simulated_held","3","12","21.094200000000001","2.9014000000000002","2.8795000000000002","2","2","45.82867431640625"
"retained_fast_simulated_held","3","13","19.4634","2.4603999999999999","2.2797999999999998","2","2","44.190692901611328"
"retained_fast_simulated_held","3","14","25.339700000000001","4.5598000000000001","2.9903","2","2","42.88348388671875"
"retained_fast_simulated_held","3","15","21.701799999999999","2.5041000000000002","2.4725999999999999","2","2","46.079128265380859"
"retained_fast_simulated_held","3","16","14.9534","2.8313000000000001","2.3669000000000002","2","2","50.185436248779297"
"retained_fast_simulated_held","3","17","19.0456","2.6801000000000004","2.4283000000000001","2","2","66.08905029296875"
"retained_fast_simulated_held","3","18","22.7316","2.7439999999999998","2.4786999999999999","2","2","43.727508544921875"
"retained_fast_simulated_held","3","19","36.512","3.1501999999999999","3.7855999999999996","2","2","43.532012939453125"
"retained_fast_simulated_held","3","20","28.615400000000001","3.9299999999999997","3.9229000000000003","3","3","97.984458923339844"
"retained_fast_simulated_held","3","21","16.960699999999999","2.8647","2.6425999999999998","2","2","57.602691650390625"
"retained_fast_simulated_held","3","22","26.122499999999999","2.8329","2.2803","2","2","47.929218292236328"
"retained_fast_simulated_held","3","23","17.9192","3.2747999999999999","3.4684999999999997","2","2","41.391929626464844"
"retained_fast_simulated_held","3","24","37.214799999999997","4.4349999999999996","4.2625000000000002","3","3","52.048633575439453"
"retained_fast_simulated_held","3","25","24.448","2.9927000000000001","3.7709999999999999","2","2","44.573806762695312"
"retained_fast_simulated_held","3","26","27.438199999999998","3.0930999999999997","2.8524000000000003","2","2","48.739593505859375"
"retained_fast_simulated_held","3","27","47.4161","4.8284000000000002","4.4863","3","3","61.036273956298828"
"retained_fast_simulated_held","3","28","15.282999999999999","2.5074000000000001","2.1795999999999998","2","2","40.228496551513672"
"retained_fast_simulated_held","3","29","23.338899999999999","2.3170999999999999","2.4088000000000003","2","2","57.419784545898438"
"retained_fast_simulated_held","3","30","17.475100000000001","2.6573000000000002","2.7434000000000003","2","2","50.02301025390625"
"retained_fast_simulated_held","3","31","77.931200000000004","2.8875000000000002","2.4805999999999999","2","2","44.966655731201172"
"retained_fast_simulated_held","3","32","15.895099999999999","2.7057000000000002","2.3818000000000001","2","2","13.642825126647949"
"retained_fast_simulated_held","3","33","40.783700000000003","3.9462999999999999","3.4121999999999999","3","3","40.094303131103516"
"retained_fast_simulated_held","3","34","19.9176","2.9979","2.7191999999999998","2","2","60.053207397460938"
"retained_fast_simulated_held","3","35","23.130800000000001","2.6212","2.3060999999999998","2","2","57.156574249267578"
"retained_fast_simulated_held","3","36","18.6023","3.0733999999999999","2.4641999999999999","2","2","38.818367004394531"
"retained_fast_simulated_held","3","37","29.821300000000001","2.6734","2.6375999999999999","2","2","55.571609497070312"
"retained_fast_simulated_held","3","38","20.6921","2.4655","2.7714999999999996","2","2","31.564661026000977"
"retained_fast_simulated_held","3","39","24.078199999999999","3.2639","3.0832999999999999","2","2","48.048049926757812"
"retained_fast_simulated_held","3","40","20.4283","2.4215999999999998","2.8338999999999999","2","2","40.920883178710938"
"retained_fast_simulated_held","3","41","27.3705","2.6546000000000003","2.355","2","2","45.006122589111328"
"retained_fast_simulated_held","3","42","40.273000000000003","5.2605000000000004","5.5344999999999995","3","3","59.952037811279297"
"retained_fast_simulated_held","3","43","17.364000000000001","2.6501999999999999","2.5829","2","2","50.460453033447266"
"retained_fast_simulated_held","3","44","18.4649","2.6737000000000002","2.6870000000000003","2","2","51.916767120361328"
"retained_fast_simulated_held","3","45","17.936199999999999","3.3113000000000001","3.5278999999999998","2","2","60.17498779296875"
"retained_fast_simulated_held","3","46","23.758400000000002","3.0212000000000003","2.7492999999999999","2","2","41.128398895263672"
"retained_fast_simulated_held","3","47","17.383500000000002","3.5400999999999998","3.306","2","2","60.505950927734375"
"retained_fast_simulated_held","3","48","45.410200000000003","4.7111999999999998","4.1143000000000001","2","2","37.264209747314453"
"retained_fast_simulated_held","3","49","24.8062","3.0656999999999996","2.6322999999999999","2","2","22.57861328125"
"retained_fast_simulated_held","3","50","60.163899999999998","6.4093","5.5130999999999997","4","4","35.239433288574219"
"retained_fast_simulated_held","3","51","20.573799999999999","2.7422","2.7321","2","2","46.791725158691406"
"retained_fast_simulated_held","3","52","25.0563","3.2488000000000001","2.3235000000000001","2","2","61.261745452880859"
"retained_fast_simulated_held","3","53","15.5974","2.9181999999999997","2.3688000000000002","2","2","41.157852172851562"
"retained_fast_simulated_held","3","54","27.569099999999999","2.7332000000000001","2.492","2","2","42.423755645751953"
"retained_fast_simulated_held","3","55","21.5246","2.7999999999999998","2.2824","2","2","47.443283081054688"
"retained_fast_simulated_held","3","56","25.892099999999999","2.7000999999999999","2.2082999999999999","2","2","46.190017700195312"
"retained_fast_simulated_held","3","57","34.511699999999998","4.2098999999999993","4.3840000000000003","3","3","64.913986206054688"
"retained_fast_simulated_held","3","58","18.095700000000001","3.2425999999999999","2.3330000000000002","2","2","50.836513519287109"
"retained_fast_simulated_held","3","59","26.402999999999999","3.0239000000000003","2.6161000000000003","2","2","51.410182952880859"
"retained_fast_simulated_held","3","60","27.879100000000001","3.1109999999999998","3.1166999999999998","2","2","34.574798583984375"
"scatter_callback_off","3","1","33.7331","0","2.9855999999999998","0","2","29.278203964233398"
"scatter_callback_off","3","2","32.713099999999997","0","2.7926000000000002","0","2","30.519067764282227"
"scatter_callback_off","3","3","20.676200000000001","0","3.0422000000000002","0","2","33.538478851318359"
"scatter_callback_off","3","4","40.659999999999997","0","4.8272000000000004","0","3","40.687290191650391"
"scatter_callback_off","3","5","23.724299999999999","0","2.8803999999999998","0","2","57.932727813720703"
"scatter_callback_off","3","6","14.0129","0","3.4979","0","2","47.468280792236328"
"scatter_callback_off","3","7","15.142200000000001","0","2.9717000000000002","0","2","67.487312316894531"
"scatter_callback_off","3","8","22.659099999999999","0","2.7534000000000001","0","2","73.650718688964844"
"scatter_callback_off","3","9","16.462700000000002","0","4.2368000000000006","0","2","36.923530578613281"
"scatter_callback_off","3","10","12.1145","0","3.0644","0","2","78.416610717773438"
"scatter_callback_off","3","11","43.833799999999997","0","4.8746999999999998","0","2","47.624942779541016"
"scatter_callback_off","3","12","19.885200000000001","0","2.7141999999999999","0","2","28.228492736816406"
"scatter_callback_off","3","13","26.620999999999999","0","3.2993000000000001","0","2","41.303539276123047"
"scatter_callback_off","3","14","14.703900000000001","0","3.1996000000000002","0","2","46.680110931396484"
"scatter_callback_off","3","15","14.3697","0","3.1326000000000001","0","2","67.581268310546875"
"scatter_callback_off","3","16","23.855699999999999","0","3.0018000000000002","0","2","61.730682373046875"
"scatter_callback_off","3","17","12.615399999999999","0","3.0455000000000001","0","2","43.261016845703125"
"scatter_callback_off","3","18","14.3474","0","3.0491999999999999","0","2","93.597030639648438"
"scatter_callback_off","3","19","19.770199999999999","0","2.6035000000000004","0","2","63.044944763183594"
"scatter_callback_off","3","20","18.1629","0","3.5179","0","2","41.811264038085938"
"scatter_callback_off","3","21","24.356100000000001","0","2.8675999999999999","0","2","62.148086547851562"
"scatter_callback_off","3","22","12.864100000000001","0","2.7676999999999996","0","2","46.129928588867188"
"scatter_callback_off","3","23","16.535699999999999","0","2.6999","0","2","73.804550170898438"
"scatter_callback_off","3","24","22.3568","0","2.4767000000000001","0","2","43.764633178710938"
"scatter_callback_off","3","25","17.6996","0","3.3881999999999999","0","2","50.247215270996094"
"scatter_callback_off","3","26","26.1599","0","2.8826999999999998","0","2","57.035957336425781"
"scatter_callback_off","3","27","27.956","0","3.0165999999999999","0","2","37.537818908691406"
"scatter_callback_off","3","28","18.169799999999999","0","3.7475000000000001","0","2","43.187961578369141"
"scatter_callback_off","3","29","18.358799999999999","0","3.0886","0","2","47.082088470458984"
"scatter_callback_off","3","30","16.5472","0","3.1456","0","2","53.611827850341797"
"scatter_callback_off","3","31","21.207100000000001","0","3.4831000000000003","0","2","52.326160430908203"
"scatter_callback_off","3","32","17.421600000000002","0","3.8596000000000004","0","2","54.099086761474609"
"scatter_callback_off","3","33","13.295199999999999","0","3.2178","0","2","63.374168395996094"
"scatter_callback_off","3","34","14.8161","0","3.5811999999999999","0","2","78.330001831054688"
"scatter_callback_off","3","35","19.917100000000001","0","2.7732999999999999","0","2","67.286598205566406"
"scatter_callback_off","3","36","16.317799999999998","0","2.7343000000000002","0","2","51.136508941650391"
"scatter_callback_off","3","37","36.939700000000002","0","3.9493999999999998","0","2","62.402496337890625"
"scatter_callback_off","3","38","46.625900000000001","0","2.8784000000000001","0","2","21.636873245239258"
"scatter_callback_off","3","39","29.061800000000002","0","3.9220999999999999","0","2","23.083333969116211"
"scatter_callback_off","3","40","41.143000000000001","0","4.3197000000000001","0","3","60.333644866943359"
"scatter_callback_off","3","41","20.859200000000001","0","3.4744000000000002","0","2","48.914585113525391"
"scatter_callback_off","3","42","18.827200000000001","0","3.0506000000000002","0","2","46.719585418701172"
"scatter_callback_off","3","43","26.4925","0","2.5739999999999998","0","2","53.738594055175781"
"scatter_callback_off","3","44","15.8765","0","3.7603","0","2","38.206291198730469"
"scatter_callback_off","3","45","16.725999999999999","0","2.8213999999999997","0","2","60.288539886474609"
"scatter_callback_off","3","46","15.841900000000001","0","4.1076999999999995","0","2","63.738517761230469"
"scatter_callback_off","3","47","15.828099999999999","0","3.3997000000000002","0","2","66.226043701171875"
"scatter_callback_off","3","48","17.690899999999999","0","3.0521000000000003","0","2","54.336013793945312"
"scatter_callback_off","3","49","23.060199999999998","0","2.9131999999999998","0","2","59.115631103515625"
"scatter_callback_off","3","50","16.8888","0","2.7885","0","2","50.555862426757812"
"scatter_callback_off","3","51","21.287500000000001","0","2.7389999999999999","0","2","66.347755432128906"
"scatter_callback_off","3","52","26.928699999999999","0","3.1572","0","2","32.630897521972656"
"scatter_callback_off","3","53","20.011600000000001","0","2.8721000000000001","0","2","47.483154296875"
"scatter_callback_off","3","54","10.939500000000001","0","2.4492000000000003","0","2","58.892120361328125"
"scatter_callback_off","3","55","21.877700000000001","0","2.5804","0","2","79.263801574707031"
"scatter_callback_off","3","56","27.013300000000001","0","2.6966000000000001","0","2","36.717727661132812"
"scatter_callback_off","3","57","14.3063","0","2.6318999999999999","0","2","44.474292755126953"
"scatter_callback_off","3","58","26.671900000000001","0","5.1090999999999998","0","2","89.372695922851562"
"scatter_callback_off","3","59","39.688899999999997","0","5.0004","0","2","21.328145980834961"
"scatter_callback_off","3","60","16.030100000000001","0","3.3742999999999999","0","2","42.982284545898438"
"legacy_traversal_simulated_held","3","1","27.750299999999999","11.965","2.9931000000000001","2","2","23.644630432128906"
"legacy_traversal_simulated_held","3","2","31.354600000000001","13.8802","3.3988","2","2","31.906068801879883"
"legacy_traversal_simulated_held","3","3","44.927700000000002","17.931000000000001","4.7450999999999999","3","3","68.051284790039062"
"legacy_traversal_simulated_held","3","4","29.558900000000001","10.7875","2.7858999999999998","2","2","33.246337890625"
"legacy_traversal_simulated_held","3","5","30.230399999999999","12.333","2.8776999999999999","2","2","33.299144744873047"
"legacy_traversal_simulated_held","3","6","36.318600000000004","14.1778","2.8426999999999998","2","2","33.080379486083984"
"legacy_traversal_simulated_held","3","7","30.237100000000002","12.954599999999999","2.8058000000000001","2","2","28.58686637878418"
"legacy_traversal_simulated_held","3","8","29.339300000000001","12.7517","2.4780000000000002","2","2","32.193885803222656"
"legacy_traversal_simulated_held","3","9","49.697099999999999","19.1829","5.3841999999999999","3","3","62.609176635742188"
"legacy_traversal_simulated_held","3","10","36.703400000000002","11.5352","2.4569999999999999","2","2","26.523229598999023"
"legacy_traversal_simulated_held","3","11","74.143900000000002","16.049900000000001","4.6602999999999994","2","2","14.03632926940918"
"legacy_traversal_simulated_held","3","12","44.516800000000003","11.9634","2.4457","2","2","24.866899490356445"
"legacy_traversal_simulated_held","3","13","74.935599999999994","21.747800000000002","5.6962999999999999","4","4","43.174537658691406"
"legacy_traversal_simulated_held","3","14","33.130699999999997","11.311999999999999","2.3825000000000003","2","2","38.509971618652344"
"legacy_traversal_simulated_held","3","15","30.154699999999998","10.177299999999999","2.5432999999999999","2","2","28.955963134765625"
"legacy_traversal_simulated_held","3","16","29.182300000000001","10.601500000000001","2.8258000000000001","2","2","31.622852325439453"
"legacy_traversal_simulated_held","3","17","29.250499999999999","11.288399999999999","2.4451000000000001","2","2","33.630401611328125"
"legacy_traversal_simulated_held","3","18","51.3504","19.313600000000001","4.5434999999999999","3","3","62.332870483398438"
"legacy_traversal_simulated_held","3","19","30.626799999999999","11.077200000000001","2.8704000000000001","2","2","30.444551467895508"
"legacy_traversal_simulated_held","3","20","25.2439","10.513300000000001","2.2877999999999998","2","2","34.795436859130859"
"legacy_traversal_simulated_held","3","21","25.8337","11.164999999999999","2.4016999999999999","2","2","42.513393402099609"
"legacy_traversal_simulated_held","3","22","28.3462","11.3292","3.8084999999999996","2","2","37.655849456787109"
"legacy_traversal_simulated_held","3","23","31.938300000000002","12.456900000000001","4.5331999999999999","2","2","32.836624145507812"
"legacy_traversal_simulated_held","3","24","48.291899999999998","18.395600000000002","5.1391999999999998","3","3","54.007926940917969"
"legacy_traversal_simulated_held","3","25","46.957799999999999","11.2249","2.6722000000000001","2","2","26.508394241333008"
"legacy_traversal_simulated_held","3","26","30.626100000000001","11.364599999999999","2.5537000000000001","2","2","26.272371292114258"
"legacy_traversal_simulated_held","3","27","25.402899999999999","10.3673","2.8368000000000002","2","2","33.258392333984375"
"legacy_traversal_simulated_held","3","28","34.536099999999998","14.367599999999999","2.9101999999999997","2","2","33.647602081298828"
"legacy_traversal_simulated_held","3","29","32.6892","13.113799999999999","3.0383","2","2","28.633193969726562"
"legacy_traversal_simulated_held","3","30","47.374699999999997","19.617899999999999","5.4087999999999994","3","3","63.366134643554688"
"legacy_traversal_simulated_held","3","31","29.018699999999999","11.261500000000002","2.8646000000000003","2","2","33.065719604492188"
"legacy_traversal_simulated_held","3","32","32.854300000000002","10.9588","2.6730999999999998","2","2","30.204818725585938"
"legacy_traversal_simulated_held","3","33","31.527899999999999","12.102399999999999","2.3380999999999998","2","2","29.936086654663086"
"legacy_traversal_simulated_held","3","34","44.8521","12.665800000000001","4.1132","2","2","32.382160186767578"
"legacy_traversal_simulated_held","3","35","74.4876","28.561399999999999","5.4472999999999994","4","4","41.862548828125"
"legacy_traversal_simulated_held","3","36","37.368600000000001","13.9582","4.9306000000000001","2","2","31.892433166503906"
"legacy_traversal_simulated_held","3","37","48.125900000000001","13.174199999999999","2.7986","2","2","20.712381362915039"
"legacy_traversal_simulated_held","3","38","30.0121","10.356","2.4702999999999999","2","2","31.28950309753418"
"legacy_traversal_simulated_held","3","39","25.148700000000002","11.033999999999999","2.4219999999999997","2","2","34.596450805664062"
"legacy_traversal_simulated_held","3","40","81.387299999999996","21.750700000000002","5.9893999999999998","3","3","41.72003173828125"
"legacy_traversal_simulated_held","3","41","30.685500000000001","13.0069","3.2208000000000001","2","2","17.263225555419922"
"legacy_traversal_simulated_held","3","42","32.131799999999998","13.705399999999999","3.9539","2","2","32.479026794433594"
"legacy_traversal_simulated_held","3","43","28.660299999999999","14.0246","2.9485999999999999","2","2","31.438137054443359"
"legacy_traversal_simulated_held","3","44","27.6187","10.504000000000001","2.8418000000000001","2","2","36.230964660644531"
"legacy_traversal_simulated_held","3","45","52.156799999999997","18.345700000000001","4.6402000000000001","3","3","66.256317138671875"
"legacy_traversal_simulated_held","3","46","30.949200000000001","12.0501","3.9744999999999999","2","2","32.746192932128906"
"legacy_traversal_simulated_held","3","47","41.941699999999997","13.409199999999998","3.4150999999999998","2","2","27.902019500732422"
"legacy_traversal_simulated_held","3","48","28.3887","12.728000000000002","2.5293999999999999","2","2","27.628965377807617"
"legacy_traversal_simulated_held","3","49","28.2684","11.1823","2.3986000000000001","2","2","33.276321411132812"
"legacy_traversal_simulated_held","3","50","25.9207","11.7516","3.2706999999999997","2","2","38.546043395996094"
"legacy_traversal_simulated_held","3","51","73.196600000000004","20.299500000000002","4.1551999999999998","3","3","39.308486938476562"
"legacy_traversal_simulated_held","3","52","41.276400000000002","14.6715","3.2938999999999998","2","2","18.071386337280273"
"legacy_traversal_simulated_held","3","53","27.8857","12.705400000000001","3.1218000000000004","2","2","32.932544708251953"
"legacy_traversal_simulated_held","3","54","61.763300000000001","19.9053","4.5342000000000002","3","3","49.881034851074219"
"legacy_traversal_simulated_held","3","55","43.508899999999997","17.704899999999999","3.5813999999999999","3","3","57.477210998535156"
"legacy_traversal_simulated_held","3","56","29.622699999999998","11.8843","2.8986000000000001","2","2","36.853588104248047"
"legacy_traversal_simulated_held","3","57","32.414400000000001","12.4931","2.9087000000000001","2","2","33.712032318115234"
"legacy_traversal_simulated_held","3","58","30.3598","14.996299999999998","3.6229","2","2","28.690534591674805"
"legacy_traversal_simulated_held","3","59","30.662700000000001","13.213200000000001","2.9594","2","2","31.319784164428711"
"legacy_traversal_simulated_held","3","60","33.2547","11.424700000000001","2.8605999999999998","2","2","31.76872444152832"
