layer,name,cache_first_ms,cache_second_ms,radii_ms,native_draw_ms,gw_width,gw_height,active_viewport
"0","controller","0.54410000000000003","2.4293999999999998","0","0","953","750","2"
"1","Grass","0.4163","0.26079999999999998","0.018700000000000001","13.3454","953","750","2"
"2","Leaves","0.47620000000000001","0.17949999999999999","0.022700000000000001","1.2060999999999999","953","750","2"
"3","clover","0.22989999999999999","0.35670000000000002","0.018599999999999998","10.3431","953","750","2"
"4","BushesCenter","0.31190000000000001","0.19600000000000001","0.019199999999999998","0.2392","953","750","2"
"5","Bourder","0.23469999999999999","0.21560000000000001","0.016799999999999999","9.6646000000000001","953","750","2"
"6","Street_Plant","0.3836","0.26079999999999998","0.020400000000000001","0.26169999999999999","953","750","2"
"0","controller","0.50549999999999995","2.5630000000000002","0","0","953","750","2"
"1","Grass","0.48720000000000002","0.30969999999999998","0.021600000000000001","10.343","953","750","2"
"2","Leaves","0.37919999999999998","0.17399999999999999","0.021100000000000001","0.99680000000000002","953","750","2"
"3","clover","0.22889999999999999","0.18720000000000001","0.017299999999999999","9.9326000000000008","953","750","2"
"4","BushesCenter","0.51219999999999999","0.27489999999999998","0.0207","0.3327","953","750","2"
"5","Bourder","0.24579999999999999","0.23430000000000001","0.018100000000000002","9.9542000000000002","953","750","2"
"6","Street_Plant","0.45829999999999999","0.22189999999999999","0.02","0.26819999999999999","953","750","2"
"0","controller","0.41570000000000001","2.1680000000000001","0","0","953","750","2"
"1","Grass","0.31929999999999997","0.19670000000000001","0.0178","10.739699999999999","953","750","2"
"2","Leaves","0.39460000000000001","0.18609999999999999","0.0218","0.99770000000000003","953","750","2"
"3","clover","0.22439999999999999","0.18540000000000001","0.018100000000000002","9.6586999999999996","953","750","2"
"4","BushesCenter","0.40649999999999997","0.2306","0.021299999999999999","0.24540000000000001","953","750","2"
"5","Bourder","0.2475","0.22700000000000001","0.0184","9.0925999999999991","953","750","2"
"6","Street_Plant","0.2445","0.21479999999999999","0.016899999999999998","0.2442","953","750","2"
"0","controller","0.42799999999999999","2.1480999999999999","0","0","953","750","2"
"1","Grass","0.25259999999999999","0.20219999999999999","0.0184","9.8511000000000006","953","750","2"
"2","Leaves","0.33229999999999998","0.18190000000000001","0.0207","0.98929999999999996","953","750","2"
"3","clover","0.22459999999999999","0.1845","0.017399999999999999","9.7523","953","750","2"
"4","BushesCenter","0.34899999999999998","0.19969999999999999","0.020299999999999999","0.28470000000000001","953","750","2"
"5","Bourder","0.24560000000000001","0.21840000000000001","0.017500000000000002","9.0823999999999998","953","750","2"
"6","Street_Plant","0.24279999999999999","0.2122","0.017500000000000002","0.2452","953","750","2"
"0","controller","0.4536","2.1764000000000001","0","0","953","750","2"
"1","Grass","0.37240000000000001","0.20069999999999999","0.0189","10.146699999999999","953","750","2"
"2","Leaves","0.3871","0.19089999999999999","0.026700000000000002","1.0069999999999999","953","750","2"
"3","clover","0.22420000000000001","0.18579999999999999","0.018800000000000001","9.2729999999999997","953","750","2"
"4","BushesCenter","0.23380000000000001","0.19409999999999999","0.0184","0.23719999999999999","953","750","2"
"5","Bourder","0.2442","0.21709999999999999","0.017600000000000001","9.1080000000000005","953","750","2"
"6","Street_Plant","0.28139999999999998","0.22939999999999999","0.0177","0.25940000000000002","953","750","2"
"0","controller","0.44080000000000003","2.1951000000000001","0","0","953","750","2"
"1","Grass","0.42859999999999998","0.28670000000000001","0.024799999999999999","10.488799999999999","953","750","2"
"2","Leaves","0.42070000000000002","0.2422","0.027","1.2119","953","750","2"
"3","clover","0.217","0.18410000000000001","0.017899999999999999","9.8020999999999994","953","750","2"
"4","BushesCenter","0.37519999999999998","0.2132","0.021499999999999998","0.24010000000000001","953","750","2"
"5","Bourder","0.25290000000000001","0.2225","0.0172","9.1260999999999992","953","750","2"
"6","Street_Plant","0.27860000000000001","0.2452","0.018599999999999998","0.25219999999999998","953","750","2"
"0","controller","0.48149999999999998","2.3018000000000001","0","0","953","750","2"
"1","Grass","0.42199999999999999","0.24060000000000001","0.019199999999999998","9.4967000000000006","953","750","2"
"2","Leaves","0.26000000000000001","0.1825","0.019400000000000001","0.99439999999999995","953","750","2"
"3","clover","0.20880000000000001","0.18410000000000001","0.017100000000000001","9.4667999999999992","953","750","2"
"4","BushesCenter","0.30669999999999997","0.19420000000000001","0.030200000000000001","0.2341","953","750","2"
"5","Bourder","0.23169999999999999","0.21229999999999999","0.0167","9.1440999999999999","953","750","2"
"6","Street_Plant","0.27060000000000001","0.22989999999999999","0.018200000000000001","0.2465","953","750","2"
"0","controller","0.48920000000000002","2.2753999999999999","0","0","953","750","2"
"1","Grass","0.25480000000000003","0.1913","0.0195","9.4792000000000005","953","750","2"
"2","Leaves","0.22969999999999999","0.17649999999999999","0.019699999999999999","0.96360000000000001","953","750","2"
"3","clover","0.1953","0.1789","0.016799999999999999","9.5283999999999995","953","750","2"
"4","BushesCenter","0.2407","0.1895","0.018100000000000002","0.22409999999999999","953","750","2"
"5","Bourder","0.23019999999999999","0.22839999999999999","0.016500000000000001","9.5123999999999995","953","750","2"
"6","Street_Plant","0.43930000000000002","0.2419","0.0218","0.25800000000000001","953","750","2"
"0","controller","0.39950000000000002","2.1493000000000002","0","0","953","750","2"
"1","Grass","0.2455","0.19409999999999999","0.017600000000000001","9.7796000000000003","953","750","2"
"2","Leaves","0.37609999999999999","0.18779999999999999","0.023800000000000002","1.0177","953","750","2"
"3","clover","0.2208","0.1855","0.017399999999999999","10.507099999999999","953","750","2"
"4","BushesCenter","0.38869999999999999","0.191","0.0201","0.26910000000000001","953","750","2"
"5","Bourder","0.23569999999999999","0.21529999999999999","0.017100000000000001","9.1684999999999999","953","750","2"
"6","Street_Plant","0.24390000000000001","0.4446","0.017100000000000001","0.26740000000000003","953","750","2"
"0","controller","0.41930000000000001","2.2174999999999998","0","0","953","750","2"
"1","Grass","0.36649999999999999","0.19489999999999999","0.019199999999999998","9.8336000000000006","953","750","2"
"2","Leaves","0.28289999999999998","0.18590000000000001","0.019","0.96799999999999997","953","750","2"
"3","clover","0.20860000000000001","0.21920000000000001","0.017100000000000001","9.2873999999999999","953","750","2"
"4","BushesCenter","0.29599999999999999","0.18720000000000001","0.018800000000000001","0.23749999999999999","953","750","2"
"5","Bourder","0.22919999999999999","0.21179999999999999","0.0167","8.8623999999999992","953","750","2"
"6","Street_Plant","0.2389","0.3488","0.016899999999999998","0.29339999999999999","953","750","2"
"0","controller","0.46379999999999999","2.8957999999999999","0","0","953","750","2"
"1","Grass","0.4748","0.28499999999999998","0.033700000000000001","9.7910000000000004","953","750","2"
"2","Leaves","0.29149999999999998","0.19670000000000001","0.020799999999999999","0.98919999999999997","953","750","2"
"3","clover","0.22489999999999999","0.1855","0.018100000000000002","9.0648999999999997","953","750","2"
"4","BushesCenter","0.37719999999999998","0.25969999999999999","0.0247","0.29609999999999997","953","750","2"
"5","Bourder","0.29049999999999998","0.22359999999999999","0.0223","9.1646999999999998","953","750","2"
"6","Street_Plant","0.30149999999999999","0.22239999999999999","0.018100000000000002","0.2472","953","750","2"
"0","controller","0.50349999999999995","2.1987999999999999","0","0","953","750","2"
"1","Grass","0.29249999999999998","0.2021","0.0183","9.5269999999999992","953","750","2"
"2","Leaves","0.22239999999999999","0.19089999999999999","0.018700000000000001","1.0683","953","750","2"
"3","clover","0.21529999999999999","0.20319999999999999","0.0177","10.398899999999999","953","750","2"
"4","BushesCenter","0.43059999999999998","0.4289","0.038600000000000002","0.38419999999999999","953","750","2"
"5","Bourder","0.42449999999999999","0.373","0.028199999999999999","9.6458999999999993","953","750","2"
"6","Street_Plant","0.33050000000000002","0.23949999999999999","0.019300000000000001","0.28029999999999999","953","750","2"
"0","controller","0.44090000000000001","2.1840000000000002","0","0","953","750","2"
"1","Grass","0.2717","0.19400000000000001","0.017500000000000002","9.2652000000000001","953","750","2"
"2","Leaves","0.1986","0.29980000000000001","0.017899999999999999","1.2165999999999999","953","750","2"
"3","clover","0.24010000000000001","0.1893","0.0184","9.0663","953","750","2"
"4","BushesCenter","0.26590000000000003","0.19789999999999999","0.019","0.23430000000000001","953","750","2"
"5","Bourder","0.24990000000000001","0.21829999999999999","0.017100000000000001","9.2081999999999997","953","750","2"
"6","Street_Plant","0.26669999999999999","0.22189999999999999","0.017899999999999999","0.24079999999999999","953","750","2"
"0","controller","0.44369999999999998","2.3279999999999998","0","0","953","750","2"
"1","Grass","0.29999999999999999","0.19450000000000001","0.0189","9.3444000000000003","953","750","2"
"2","Leaves","0.20999999999999999","0.19089999999999999","0.0183","0.97170000000000001","953","750","2"
"3","clover","0.20069999999999999","0.17829999999999999","0.018100000000000002","9.2233000000000001","953","750","2"
"4","BushesCenter","0.26290000000000002","0.19159999999999999","0.0189","0.22600000000000001","953","750","2"
"5","Bourder","0.22989999999999999","0.23269999999999999","0.016899999999999998","9.2444000000000006","953","750","2"
"6","Street_Plant","0.34560000000000002","0.26069999999999999","0.0189","0.25130000000000002","953","750","2"
"0","controller","0.442","2.3702999999999999","0","0","953","750","2"
"1","Grass","0.32840000000000003","0.20860000000000001","0.019099999999999999","9.1963000000000008","953","750","2"
"2","Leaves","0.217","0.17710000000000001","0.017899999999999999","0.9536","953","750","2"
"3","clover","0.2001","0.18160000000000001","0.017299999999999999","10.428699999999999","953","750","2"
"4","BushesCenter","0.3276","0.23200000000000001","0.0207","0.24809999999999999","953","750","2"
"5","Bourder","0.25519999999999998","0.223","0.0177","10.5319","953","750","2"
"6","Street_Plant","0.53069999999999995","0.308","0.024500000000000001","0.34279999999999999","953","750","2"
"0","controller","0.54010000000000002","2.1993999999999998","0","0","953","750","2"
"1","Grass","0.2331","0.19139999999999999","0.017500000000000002","10.026999999999999","953","750","2"
"2","Leaves","0.27439999999999998","0.17419999999999999","0.019","1.0023","953","750","2"
"3","clover","0.21029999999999999","0.1817","0.017899999999999999","9.6707000000000001","953","750","2"
"4","BushesCenter","0.37240000000000001","0.2109","0.021299999999999999","0.24610000000000001","953","750","2"
"5","Bourder","0.24379999999999999","0.21590000000000001","0.017299999999999999","9.1678999999999995","953","750","2"
"6","Street_Plant","0.2596","0.2215","0.0178","0.24629999999999999","953","750","2"
"0","controller","0.45529999999999998","2.1450999999999998","0","0","953","750","2"
"1","Grass","0.21970000000000001","0.18890000000000001","0.017399999999999999","9.7433999999999994","953","750","2"
"2","Leaves","0.32240000000000002","0.20649999999999999","0.020899999999999998","1.0015000000000001","953","750","2"
"3","clover","0.21490000000000001","0.20169999999999999","0.017100000000000001","9.0932999999999993","953","750","2"
"4","BushesCenter","0.21640000000000001","0.18909999999999999","0.017399999999999999","0.223","953","750","2"
"5","Bourder","0.2271","0.21190000000000001","0.0178","8.7919","953","750","2"
"6","Street_Plant","0.23719999999999999","0.21210000000000001","0.016799999999999999","0.23350000000000001","953","750","2"
"0","controller","0.41949999999999998","2.2747999999999999","0","0","953","750","2"
"1","Grass","0.53480000000000005","0.33379999999999999","0.018800000000000001","11.4953","953","750","2"
"2","Leaves","0.37690000000000001","0.19670000000000001","0.022100000000000002","0.98770000000000002","953","750","2"
"3","clover","0.223","0.1852","0.0172","9.5138999999999996","953","750","2"
"4","BushesCenter","0.4032","0.23710000000000001","0.021700000000000001","0.23910000000000001","953","750","2"
"5","Bourder","0.2641","0.2331","0.0183","9.1739999999999995","953","750","2"
"6","Street_Plant","0.35099999999999998","0.2462","0.019099999999999999","0.26750000000000002","953","750","2"
"0","controller","0.41439999999999999","2.1877","0","0","953","750","2"
"1","Grass","0.2427","0.19600000000000001","0.0235","9.5061","953","750","2"
"2","Leaves","0.29749999999999999","0.18340000000000001","0.0212","0.99139999999999995","953","750","2"
"3","clover","0.21190000000000001","0.18090000000000001","0.0172","9.3384999999999998","953","750","2"
"4","BushesCenter","0.35349999999999998","0.25169999999999998","0.024400000000000002","0.24879999999999999","953","750","2"
"5","Bourder","0.252","0.2339","0.0172","9.2034000000000002","953","750","2"
"6","Street_Plant","0.27350000000000002","0.22520000000000001","0.017100000000000001","0.27029999999999998","953","750","2"
"0","controller","0.42820000000000003","2.1705000000000001","0","0","953","750","2"
"1","Grass","0.35899999999999999","0.1968","0.017399999999999999","9.6455000000000002","953","750","2"
"2","Leaves","0.31419999999999998","0.20480000000000001","0.029399999999999999","0.99439999999999995","953","750","2"
"3","clover","0.22270000000000001","0.18099999999999999","0.017000000000000001","9.2524999999999995","953","750","2"
"4","BushesCenter","0.248","0.19209999999999999","0.018499999999999999","0.2351","953","750","2"
"5","Bourder","0.23449999999999999","0.21920000000000001","0.023099999999999999","10.7188","953","750","2"
"6","Street_Plant","0.33040000000000003","0.24129999999999999","0.018700000000000001","0.25140000000000001","953","750","2"
"0","controller","0.43690000000000001","2.1493000000000002","0","0","953","750","2"
"1","Grass","0.34399999999999997","0.2024","0.0178","9.3505000000000003","953","750","2"
"2","Leaves","0.217","0.17929999999999999","0.019099999999999999","1.1462000000000001","953","750","2"
"3","clover","0.224","0.18329999999999999","0.017899999999999999","9.0886999999999993","953","750","2"
"4","BushesCenter","0.21840000000000001","0.18740000000000001","0.017899999999999999","0.2477","953","750","2"
"5","Bourder","0.23050000000000001","0.21199999999999999","0.0166","9.0601000000000003","953","750","2"
"6","Street_Plant","0.33750000000000002","0.22639999999999999","0.018499999999999999","0.25540000000000002","953","750","2"
"0","controller","0.40479999999999999","2.0897999999999999","0","0","953","750","2"
"1","Grass","0.22140000000000001","0.1888","0.0167","10.151300000000001","953","750","2"
"2","Leaves","0.3196","0.17910000000000001","0.020400000000000001","0.97899999999999998","953","750","2"
"3","clover","0.21079999999999999","2.0407000000000002","0.016799999999999999","9.7068999999999992","953","750","2"
"4","BushesCenter","0.7772","0.41839999999999999","0.031300000000000001","0.45350000000000001","953","750","2"
"5","Bourder","0.49630000000000002","0.42420000000000002","0.038800000000000001","11.4712","953","750","2"
"6","Street_Plant","0.35759999999999997","0.23150000000000001","0.019","0.26300000000000001","953","750","2"
"0","controller","0.53190000000000004","2.3007","0","0","953","750","2"
"1","Grass","0.32500000000000001","0.2001","0.017999999999999999","9.5893999999999995","953","750","2"
"2","Leaves","0.35849999999999999","0.1976","0.0218","1.1288","953","750","2"
"3","clover","0.46679999999999999","0.30109999999999998","0.033300000000000003","11.3613","953","750","2"
"4","BushesCenter","0.42159999999999997","0.21260000000000001","0.0207","0.26369999999999999","953","750","2"
"5","Bourder","0.26100000000000001","0.21929999999999999","0.017600000000000001","9.3320000000000007","953","750","2"
"6","Street_Plant","0.34720000000000001","0.24299999999999999","0.018800000000000001","0.3044","953","750","2"
"0","controller","0.46189999999999998","2.1998000000000002","0","0","953","750","2"
"1","Grass","0.41749999999999998","0.23649999999999999","0.0189","11.8292","953","750","2"
"2","Leaves","0.4052","0.188","0.020400000000000001","1.0407999999999999","953","750","2"
"3","clover","0.2165","0.18440000000000001","0.017500000000000002","9.8733000000000004","953","750","2"
"4","BushesCenter","0.64090000000000003","0.40229999999999999","0.035900000000000001","0.28010000000000002","953","750","2"
"5","Bourder","0.33139999999999997","0.27050000000000002","0.019699999999999999","10.4178","953","750","2"
"6","Street_Plant","0.51339999999999997","0.31180000000000002","0.022800000000000001","0.28549999999999998","953","750","2"
"0","controller","0.48060000000000003","2.3548","0","0","953","750","2"
"1","Grass","0.50360000000000005","0.308","0.025499999999999998","11.6496","953","750","2"
"2","Leaves","0.443","0.2369","0.023199999999999998","1.0375000000000001","953","750","2"
"3","clover","0.23230000000000001","0.2114","0.0189","10.215","953","750","2"
"4","BushesCenter","0.3982","0.21540000000000001","0.021000000000000001","0.24460000000000001","953","750","2"
"5","Bourder","0.31809999999999999","0.23799999999999999","0.018700000000000001","9.8998000000000008","953","750","2"
"6","Street_Plant","0.37090000000000001","0.2382","0.019199999999999998","0.27100000000000002","953","750","2"
"0","controller","0.81379999999999997","4.2451999999999996","0","0","953","750","2"
"1","Grass","0.67100000000000004","0.46460000000000001","0.0327","11.388400000000001","953","750","2"
"2","Leaves","0.29470000000000002","0.4199","0.0195","1.6073999999999999","953","750","2"
"3","clover","0.3725","0.3488","0.032300000000000002","10.5296","953","750","2"
"4","BushesCenter","0.41260000000000002","0.22670000000000001","0.021499999999999998","0.25180000000000002","953","750","2"
"5","Bourder","0.24299999999999999","0.2268","0.017500000000000002","9.6952999999999996","953","750","2"
"6","Street_Plant","0.3891","0.23330000000000001","0.019199999999999998","0.27210000000000001","953","750","2"
"0","controller","0.52359999999999995","2.1756000000000002","0","0","953","750","2"
"1","Grass","0.34849999999999998","0.22159999999999999","0.019199999999999998","10.205500000000001","953","750","2"
"2","Leaves","0.42930000000000001","0.30180000000000001","0.030700000000000002","1.0266999999999999","953","750","2"
"3","clover","0.24260000000000001","0.24010000000000001","0.019900000000000001","9.3895","953","750","2"
"4","BushesCenter","0.25459999999999999","0.19600000000000001","0.018100000000000002","0.22939999999999999","953","750","2"
"5","Bourder","0.24249999999999999","0.21640000000000001","0.016799999999999999","9.1292000000000009","953","750","2"
"6","Street_Plant","0.27029999999999998","0.23150000000000001","0.017600000000000001","0.25640000000000002","953","750","2"
"0","controller","0.41270000000000001","2.1505000000000001","0","0","953","750","2"
"1","Grass","0.34370000000000001","0.2354","0.030200000000000001","9.5512999999999995","953","750","2"
"2","Leaves","0.25929999999999997","0.17530000000000001","0.019300000000000001","0.98780000000000001","953","750","2"
"3","clover","0.22059999999999999","0.20080000000000001","0.0184","9.2174999999999994","953","750","2"
"4","BushesCenter","0.23949999999999999","0.1953","0.019","0.26200000000000001","953","750","2"
"5","Bourder","0.2419","0.21379999999999999","0.0167","10.458399999999999","953","750","2"
"6","Street_Plant","0.76949999999999996","0.50960000000000005","0.034700000000000002","0.45050000000000001","953","750","2"
"0","controller","0.46710000000000002","2.1816","0","0","953","750","2"
"1","Grass","0.25750000000000001","0.19489999999999999","0.0177","9.3551000000000002","953","750","2"
"2","Leaves","0.2291","0.18679999999999999","0.018100000000000002","0.97640000000000005","953","750","2"
"3","clover","0.2079","0.19309999999999999","0.017500000000000002","9.3370999999999995","953","750","2"
"4","BushesCenter","0.33629999999999999","0.25140000000000001","0.020400000000000001","0.23960000000000001","953","750","2"
"5","Bourder","0.25829999999999997","0.21679999999999999","0.016799999999999999","10.2766","953","750","2"
"6","Street_Plant","0.28770000000000001","0.2717","0.018700000000000001","0.26190000000000002","953","750","2"
"0","controller","0.42199999999999999","2.117","0","0","953","750","2"
"1","Grass","0.2253","0.188","0.017600000000000001","9.7379999999999995","953","750","2"
"2","Leaves","0.35010000000000002","0.17910000000000001","0.0201","0.98299999999999998","953","750","2"
"3","clover","0.21740000000000001","0.18970000000000001","0.017399999999999999","9.3292999999999999","953","750","2"
"4","BushesCenter","0.374","0.32400000000000001","0.0293","0.24890000000000001","953","750","2"
"5","Bourder","0.28560000000000002","0.2389","0.0183","8.9398","953","750","2"
"6","Street_Plant","0.2414","0.22140000000000001","0.017100000000000001","0.24149999999999999","953","750","2"
"0","controller","0.41970000000000002","2.1358999999999999","0","0","953","750","2"
"1","Grass","0.25640000000000002","0.19359999999999999","0.0178","9.9479000000000006","953","750","2"
"2","Leaves","0.32679999999999998","0.18509999999999999","0.020299999999999999","0.99860000000000004","953","750","2"
"3","clover","0.21249999999999999","0.20080000000000001","0.017299999999999999","9.5063999999999993","953","750","2"
"4","BushesCenter","0.3261","0.20649999999999999","0.020899999999999998","0.2427","953","750","2"
"5","Bourder","0.24979999999999999","0.21709999999999999","0.017100000000000001","8.9792000000000005","953","750","2"
"6","Street_Plant","0.24590000000000001","0.2117","0.0167","0.24529999999999999","953","750","2"
"0","controller","0.45479999999999998","2.1448999999999998","0","0","953","750","2"
"1","Grass","0.34660000000000002","0.20080000000000001","0.017399999999999999","9.5137999999999998","953","750","2"
"2","Leaves","0.26369999999999999","0.1734","0.019900000000000001","0.96679999999999999","953","750","2"
"3","clover","0.20419999999999999","0.17999999999999999","0.017299999999999999","9.2249999999999996","953","750","2"
"4","BushesCenter","0.2263","0.1991","0.0178","0.2253","953","750","2"
"5","Bourder","0.2301","0.22070000000000001","0.0167","8.8642000000000003","953","750","2"
"6","Street_Plant","0.26169999999999999","0.21729999999999999","0.016799999999999999","0.25","953","750","2"
"0","controller","0.44679999999999997","2.145","0","0","953","750","2"
"1","Grass","0.30509999999999998","0.21820000000000001","0.0172","9.4000000000000004","953","750","2"
"2","Leaves","0.33019999999999999","0.17430000000000001","0.019400000000000001","0.99860000000000004","953","750","2"
"3","clover","0.21049999999999999","0.1822","0.0183","9.0030000000000001","953","750","2"
"4","BushesCenter","0.22720000000000001","0.1847","0.0172","0.22720000000000001","953","750","2"
"5","Bourder","0.2261","0.20880000000000001","0.016899999999999998","9.2729999999999997","953","750","2"
"6","Street_Plant","0.29399999999999998","0.23860000000000001","0.0177","0.24779999999999999","953","750","2"
"0","controller","0.45079999999999998","2.157","0","0","953","750","2"
"1","Grass","0.2878","0.19470000000000001","0.0183","9.8931000000000004","953","750","2"
"2","Leaves","0.30730000000000002","0.17730000000000001","0.019699999999999999","0.99980000000000002","953","750","2"
"3","clover","0.21360000000000001","0.182","0.017899999999999999","10.1708","953","750","2"
"4","BushesCenter","0.2462","0.1923","0.018499999999999999","0.23580000000000001","953","750","2"
"5","Bourder","0.23419999999999999","0.22459999999999999","0.016899999999999998","9.0391999999999992","953","750","2"
"6","Street_Plant","0.2898","0.22009999999999999","0.017399999999999999","0.25019999999999998","953","750","2"
"0","controller","0.39979999999999999","2.5030000000000001","0","0","953","750","2"
"1","Grass","0.3513","0.2339","0.018800000000000001","9.452","953","750","2"
"2","Leaves","0.22800000000000001","0.17610000000000001","0.018499999999999999","0.98850000000000005","953","750","2"
"3","clover","0.20319999999999999","0.18459999999999999","0.0177","9.3660999999999994","953","750","2"
"4","BushesCenter","0.23899999999999999","0.2011","0.0178","0.23519999999999999","953","750","2"
"5","Bourder","0.2331","0.21310000000000001","0.017500000000000002","9.4459999999999997","953","750","2"
"6","Street_Plant","0.32790000000000002","0.2243","0.0184","0.24779999999999999","953","750","2"
"0","controller","0.40110000000000001","2.1537999999999999","0","0","953","750","2"
"1","Grass","0.2752","0.19689999999999999","0.0177","10.372999999999999","953","750","2"
"2","Leaves","0.31780000000000003","0.17810000000000001","0.020199999999999999","0.98170000000000002","953","750","2"
"3","clover","0.2107","0.18079999999999999","0.017600000000000001","9.5374999999999996","953","750","2"
"4","BushesCenter","0.32619999999999999","0.2014","0.0189","0.23139999999999999","953","750","2"
"5","Bourder","0.23319999999999999","0.22339999999999999","0.017000000000000001","9.0007999999999999","953","750","2"
"6","Street_Plant","0.2823","0.2407","0.018100000000000002","0.314","953","750","2"
"0","controller","0.40870000000000001","2.1076000000000001","0","0","953","750","2"
"1","Grass","0.246","0.188","0.017100000000000001","9.4280000000000008","953","750","2"
"2","Leaves","0.2392","0.17319999999999999","0.0183","0.98529999999999995","953","750","2"
"3","clover","0.2089","0.17979999999999999","0.0172","8.9689999999999994","953","750","2"
"4","BushesCenter","0.2107","0.1837","0.017100000000000001","0.2288","953","750","2"
"5","Bourder","0.3745","0.22950000000000001","0.030599999999999999","9.4896999999999991","953","750","2"
"6","Street_Plant","0.41189999999999999","0.24199999999999999","0.019300000000000001","0.26540000000000002","953","750","2"
"0","controller","0.43169999999999997","2.1516000000000002","0","0","953","750","2"
"1","Grass","0.24890000000000001","0.19009999999999999","0.018599999999999998","9.6001999999999992","953","750","2"
"2","Leaves","0.29380000000000001","0.18690000000000001","0.0195","0.98450000000000004","953","750","2"
"3","clover","0.2117","0.18010000000000001","0.017100000000000001","9.8148999999999997","953","750","2"
"4","BushesCenter","0.44550000000000001","0.3977","0.032399999999999998","0.42709999999999998","953","750","2"
"5","Bourder","0.42720000000000002","0.42199999999999999","0.033099999999999997","9.4981000000000009","953","750","2"
"6","Street_Plant","0.26960000000000001","0.2142","0.017500000000000002","0.24399999999999999","953","750","2"
"0","controller","0.44259999999999999","2.1825000000000001","0","0","953","750","2"
"1","Grass","0.3569","0.2215","0.018599999999999998","11.057499999999999","953","750","2"
"2","Leaves","0.33979999999999999","0.19800000000000001","0.020400000000000001","1.0536000000000001","953","750","2"
"3","clover","0.35539999999999999","0.3775","0.033399999999999999","9.6738999999999997","953","750","2"
"4","BushesCenter","0.26750000000000002","0.1915","0.019400000000000001","0.2303","953","750","2"
"5","Bourder","0.23549999999999999","0.21540000000000001","0.017399999999999999","8.9116","953","750","2"
"6","Street_Plant","0.24940000000000001","0.2112","0.016899999999999998","0.23710000000000001","953","750","2"
"0","controller","0.43840000000000001","2.1909999999999998","0","0","953","750","2"
"1","Grass","0.34849999999999998","0.2051","0.018800000000000001","9.2896000000000001","953","750","2"
"2","Leaves","0.22109999999999999","0.17280000000000001","0.018700000000000001","0.9718","953","750","2"
"3","clover","0.2114","0.1817","0.016799999999999999","9.0673999999999992","953","750","2"
"4","BushesCenter","0.25669999999999998","0.20300000000000001","0.0178","0.23849999999999999","953","750","2"
"5","Bourder","0.23549999999999999","0.21410000000000001","0.016500000000000001","8.8960000000000008","953","750","2"
"6","Street_Plant","0.24590000000000001","0.21029999999999999","0.017100000000000001","0.27360000000000001","953","750","2"
"0","controller","0.44069999999999998","2.4016999999999999","0","0","953","750","2"
"1","Grass","0.41460000000000002","0.23849999999999999","0.019300000000000001","10.2803","953","750","2"
"2","Leaves","0.40960000000000002","0.2041","0.022100000000000002","1.0212000000000001","953","750","2"
"3","clover","0.2495","0.1923","0.019300000000000001","9.8007000000000009","953","750","2"
"4","BushesCenter","0.4345","0.1938","0.021899999999999999","0.251","953","750","2"
"5","Bourder","0.248","0.2306","0.017500000000000002","9.4976000000000003","953","750","2"
"6","Street_Plant","0.32169999999999999","0.21510000000000001","0.017299999999999999","0.29160000000000003","953","750","2"
"0","controller","0.44169999999999998","2.1509999999999998","0","0","953","750","2"
"1","Grass","0.37469999999999998","0.20430000000000001","0.0183","9.6936","953","750","2"
"2","Leaves","0.313","0.184","0.019800000000000002","0.97919999999999996","953","750","2"
"3","clover","0.2117","0.1804","0.0178","9.1745999999999999","953","750","2"
"4","BushesCenter","0.25940000000000002","0.24260000000000001","0.0247","0.24579999999999999","953","750","2"
"5","Bourder","0.26490000000000002","0.25159999999999999","0.018800000000000001","8.9743999999999993","953","750","2"
"6","Street_Plant","0.2492","0.21310000000000001","0.017299999999999999","0.2429","953","750","2"
"0","controller","0.5262","2.1873999999999998","0","0","953","750","2"
"1","Grass","0.33339999999999997","0.21160000000000001","0.017600000000000001","9.3417999999999992","953","750","2"
"2","Leaves","0.26469999999999999","0.2366","0.030800000000000001","1.0054000000000001","953","750","2"
"3","clover","0.22439999999999999","0.23130000000000001","0.018100000000000002","9.5906000000000002","953","750","2"
"4","BushesCenter","0.31069999999999998","0.19209999999999999","0.018100000000000002","0.26279999999999998","953","750","2"
"5","Bourder","0.2344","0.23230000000000001","0.0167","9.2448999999999995","953","750","2"
"6","Street_Plant","0.3639","0.23980000000000001","0.021000000000000001","0.2651","953","750","2"
"0","controller","0.54749999999999999","2.4077999999999999","0","0","953","750","2"
"1","Grass","0.67210000000000003","0.56159999999999999","0.031399999999999997","12.1839","953","750","2"
"2","Leaves","0.28439999999999999","0.1958","0.0201","1.0355000000000001","953","750","2"
"3","clover","0.2258","0.1865","0.0178","9.3947000000000003","953","750","2"
"4","BushesCenter","0.33479999999999999","0.21240000000000001","0.0189","0.24390000000000001","953","750","2"
"5","Bourder","0.247","0.22650000000000001","0.016899999999999998","11.564299999999999","953","750","2"
"6","Street_Plant","0.80030000000000001","0.40210000000000001","0.1394","0.33250000000000002","953","750","2"
"0","controller","0.47139999999999999","2.1960999999999999","0","0","953","750","2"
"1","Grass","0.35049999999999998","0.22900000000000001","0.019300000000000001","9.7835000000000001","953","750","2"
"2","Leaves","0.30659999999999998","0.1852","0.0206","1.0241","953","750","2"
"3","clover","0.224","0.20300000000000001","0.018100000000000002","9.7667000000000002","953","750","2"
"4","BushesCenter","0.3805","0.23499999999999999","0.0206","0.2417","953","750","2"
"5","Bourder","0.25409999999999999","0.2198","0.017299999999999999","9.4605999999999995","953","750","2"
"6","Street_Plant","0.26119999999999999","0.22","0.0183","0.42409999999999998","953","750","2"
"0","controller","0.43169999999999997","2.1223000000000001","0","0","953","750","2"
"1","Grass","0.3533","0.2208","0.0178","9.8614999999999995","953","750","2"
"2","Leaves","0.2999","0.1835","0.02","0.98440000000000005","953","750","2"
"3","clover","0.2195","0.188","0.017500000000000002","9.4528999999999996","953","750","2"
"4","BushesCenter","0.3624","0.2283","0.021700000000000001","0.2571","953","750","2"
"5","Bourder","0.27560000000000001","0.2235","0.017299999999999999","9.2194000000000003","953","750","2"
"6","Street_Plant","0.2611","0.23069999999999999","0.018200000000000001","0.27100000000000002","953","750","2"
"0","controller","0.4234","2.1804000000000001","0","0","953","750","2"
"1","Grass","0.33750000000000002","0.21809999999999999","0.018499999999999999","9.6986000000000008","953","750","2"
"2","Leaves","0.29470000000000002","0.17549999999999999","0.019300000000000001","0.97750000000000004","953","750","2"
"3","clover","0.2198","0.18149999999999999","0.017500000000000002","8.9762000000000004","953","750","2"
"4","BushesCenter","0.20849999999999999","0.18609999999999999","0.017299999999999999","0.29559999999999997","953","750","2"
"5","Bourder","0.38080000000000003","0.22850000000000001","0.017299999999999999","9.1799999999999997","953","750","2"
"6","Street_Plant","0.31119999999999998","0.23710000000000001","0.0189","0.2505","953","750","2"
"0","controller","0.46899999999999997","2.2219000000000002","0","0","953","750","2"
"1","Grass","0.3236","0.20130000000000001","0.019","9.7797999999999998","953","750","2"
"2","Leaves","0.38040000000000002","0.21879999999999999","0.035700000000000003","1.0041","953","750","2"
"3","clover","0.25540000000000002","0.19600000000000001","0.019300000000000001","10.2393","953","750","2"
"4","BushesCenter","0.27229999999999999","0.20610000000000001","0.019099999999999999","0.2404","953","750","2"
"5","Bourder","0.24210000000000001","0.2135","0.017899999999999999","9.0709","953","750","2"
"6","Street_Plant","0.29270000000000002","0.21659999999999999","0.017999999999999999","0.24990000000000001","953","750","2"
"0","controller","0.45250000000000001","2.2052999999999998","0","0","953","750","2"
"1","Grass","0.32290000000000002","0.20710000000000001","0.0184","9.4992999999999999","953","750","2"
"2","Leaves","0.2339","0.17510000000000001","0.018499999999999999","0.98309999999999997","953","750","2"
"3","clover","0.2039","0.1817","0.017500000000000002","9.0365000000000002","953","750","2"
"4","BushesCenter","0.22359999999999999","0.18679999999999999","0.017299999999999999","0.23069999999999999","953","750","2"
"5","Bourder","0.2321","0.2122","0.0166","8.9544999999999995","953","750","2"
"6","Street_Plant","0.25979999999999998","0.2215","0.0172","0.249","953","750","2"
"0","controller","0.4299","2.2376","0","0","953","750","2"
"1","Grass","0.29070000000000001","2.2147000000000001","0.017299999999999999","10.4657","953","750","2"
"2","Leaves","0.50849999999999995","0.18540000000000001","0.023400000000000001","1.0612999999999999","953","750","2"
"3","clover","0.2485","0.20499999999999999","0.046699999999999998","9.5018999999999991","953","750","2"
"4","BushesCenter","0.23519999999999999","0.19070000000000001","0.017299999999999999","0.23069999999999999","953","750","2"
"5","Bourder","0.26229999999999998","0.2167","0.017100000000000001","9.3500999999999994","953","750","2"
"6","Street_Plant","0.3201","0.22140000000000001","0.017899999999999999","0.25509999999999999","953","750","2"
"0","controller","0.46500000000000002","2.1644000000000001","0","0","953","750","2"
"1","Grass","0.25269999999999998","0.18970000000000001","0.0183","9.3940999999999999","953","750","2"
"2","Leaves","0.26989999999999997","0.18090000000000001","0.020500000000000001","0.97389999999999999","953","750","2"
"3","clover","0.2107","0.1804","0.017999999999999999","8.9120000000000008","953","750","2"
"4","BushesCenter","0.21709999999999999","0.18529999999999999","0.018499999999999999","0.22059999999999999","953","750","2"
"5","Bourder","0.24779999999999999","0.21440000000000001","0.016899999999999998","9.0016999999999996","953","750","2"
"6","Street_Plant","0.26819999999999999","0.2172","0.0178","0.251","953","750","2"
"0","controller","0.45040000000000002","2.1448","0","0","953","750","2"
"1","Grass","0.3034","0.19439999999999999","0.017000000000000001","9.5302000000000007","953","750","2"
"2","Leaves","0.254","0.18790000000000001","0.019599999999999999","0.98660000000000003","953","750","2"
"3","clover","0.21179999999999999","0.19020000000000001","0.017000000000000001","9.1981999999999999","953","750","2"
"4","BushesCenter","0.28599999999999998","0.19320000000000001","0.018499999999999999","0.23119999999999999","953","750","2"
"5","Bourder","0.23369999999999999","0.2114","0.017500000000000002","9.1156000000000006","953","750","2"
"6","Street_Plant","0.25130000000000002","0.21590000000000001","0.017399999999999999","0.2397","953","750","2"
"0","controller","0.58120000000000005","2.8245","0","0","953","750","2"
"1","Grass","0.41799999999999998","0.20430000000000001","0.019099999999999999","9.7178000000000004","953","750","2"
"2","Leaves","0.29849999999999999","0.19070000000000001","0.021600000000000001","0.99960000000000004","953","750","2"
"3","clover","0.22009999999999999","0.18590000000000001","0.018700000000000001","9.0977999999999994","953","750","2"
"4","BushesCenter","0.23180000000000001","0.1988","0.032599999999999997","0.2412","953","750","2"
"5","Bourder","0.23080000000000001","0.22","0.016299999999999999","9.5775000000000006","953","750","2"
"6","Street_Plant","0.31719999999999998","0.22159999999999999","0.017600000000000001","0.25719999999999998","953","750","2"
"0","controller","0.8226","2.194","0","0","953","750","2"
"1","Grass","0.29189999999999999","0.20319999999999999","0.016799999999999999","9.3137000000000008","953","750","2"
"2","Leaves","0.22459999999999999","0.17219999999999999","0.0178","0.9627","953","750","2"
"3","clover","0.2079","0.18240000000000001","0.017100000000000001","10.2014","953","750","2"
"4","BushesCenter","0.36109999999999998","0.21859999999999999","0.019300000000000001","0.23830000000000001","953","750","2"
"5","Bourder","0.24249999999999999","0.2157","0.0177","9.2537000000000003","953","750","2"
"6","Street_Plant","0.29770000000000002","0.2281","0.024500000000000001","0.24979999999999999","953","750","2"
"0","controller","0.43769999999999998","2.1392000000000002","0","0","953","750","2"
"1","Grass","0.52429999999999999","0.26800000000000002","0.020199999999999999","9.5571000000000002","953","750","2"
"2","Leaves","0.36009999999999998","0.18629999999999999","0.021899999999999999","0.97140000000000004","953","750","2"
"3","clover","0.23100000000000001","0.187","0.017500000000000002","9.1123999999999992","953","750","2"
"4","BushesCenter","0.254","0.19339999999999999","0.019800000000000002","0.2452","953","750","2"
"5","Bourder","0.28199999999999997","0.23300000000000001","0.0178","10.2926","953","750","2"
"6","Street_Plant","0.41860000000000003","0.22900000000000001","0.019800000000000002","0.27950000000000003","953","750","2"
"0","controller","0.52259999999999995","2.1741000000000001","0","0","953","750","2"
"1","Grass","0.37259999999999999","0.19059999999999999","0.0189","10.7706","953","750","2"
"2","Leaves","0.28810000000000002","0.189","0.020899999999999998","1.0009999999999999","953","750","2"
"3","clover","0.23649999999999999","0.1862","0.017999999999999999","9.3666999999999998","953","750","2"
"4","BushesCenter","0.24479999999999999","0.1885","0.0183","0.23480000000000001","953","750","2"
"5","Bourder","0.2324","0.21190000000000001","0.0166","8.8412000000000006","953","750","2"
"6","Street_Plant","0.2417","0.2114","0.0167","0.53380000000000005","953","750","2"
"0","controller","0.4657","2.4645999999999999","0","0","953","750","2"
"1","Grass","0.34239999999999998","0.21079999999999999","0.019400000000000001","9.3285","953","750","2"
"2","Leaves","0.2228","0.1794","0.019","1.0127999999999999","953","750","2"
"3","clover","0.2112","0.18260000000000001","0.018100000000000002","9.6008999999999993","953","750","2"
"4","BushesCenter","0.31640000000000001","0.20910000000000001","0.019400000000000001","0.24590000000000001","953","750","2"
"5","Bourder","0.24809999999999999","0.21640000000000001","0.017399999999999999","10.9634","953","750","2"
"6","Street_Plant","0.42309999999999998","0.23230000000000001","0.020799999999999999","0.25940000000000002","953","750","2"
"0","controller","0.41270000000000001","2.1684999999999999","0","0","953","750","2"
"1","Grass","0.2472","0.1981","0.018100000000000002","10.1494","953","750","2"
"2","Leaves","0.29070000000000001","0.17749999999999999","0.019800000000000002","0.97319999999999995","953","750","2"
"3","clover","0.20949999999999999","0.182","0.017600000000000001","9.3058999999999994","953","750","2"
"4","BushesCenter","0.3286","0.20580000000000001","0.019900000000000001","0.25180000000000002","953","750","2"
"5","Bourder","0.24010000000000001","0.2127","0.016500000000000001","9.1899999999999995","953","750","2"
"6","Street_Plant","0.2611","0.21390000000000001","0.0166","0.24390000000000001","953","750","2"
"0","controller","0.42970000000000003","2.1644000000000001","0","0","953","750","2"
"1","Grass","0.30869999999999997","0.19259999999999999","0.017299999999999999","9.6537000000000006","953","750","2"
"2","Leaves","0.33800000000000002","0.18909999999999999","0.0356","0.98009999999999997","953","750","2"
"3","clover","0.21160000000000001","0.18429999999999999","0.017399999999999999","8.9867000000000008","953","750","2"
"4","BushesCenter","0.2155","0.18540000000000001","0.017299999999999999","0.2397","953","750","2"
"5","Bourder","0.28420000000000001","0.30320000000000003","0.0276","9.3806999999999992","953","750","2"
"6","Street_Plant","0.40410000000000001","0.25209999999999999","0.0201","0.26069999999999999","953","750","2"
"0","controller","0.47320000000000001","2.7301000000000002","0","0","953","750","2"
"1","Grass","0.39529999999999998","0.2072","0.018700000000000001","9.5280000000000005","953","750","2"
"2","Leaves","0.21299999999999999","0.16869999999999999","0.018499999999999999","1.1478999999999999","953","750","2"
"3","clover","0.21840000000000001","0.1888","0.0184","9.1501000000000001","953","750","2"
"4","BushesCenter","0.25629999999999997","0.19289999999999999","0.0189","0.23499999999999999","953","750","2"
"5","Bourder","0.23150000000000001","0.2135","0.016899999999999998","9.2650000000000006","953","750","2"
"6","Street_Plant","0.34260000000000002","0.26269999999999999","0.018599999999999998","0.25409999999999999","953","750","2"
"0","controller","0.4385","2.2999999999999998","0","0","953","750","2"
"1","Grass","0.2379","0.19170000000000001","0.0177","9.7159999999999993","953","750","2"
"2","Leaves","0.53710000000000002","0.29049999999999998","0.029499999999999998","1.1127","953","750","2"
"3","clover","0.25080000000000002","0.18920000000000001","0.0183","10.4087","953","750","2"
"4","BushesCenter","0.33589999999999998","0.1958","0.020400000000000001","0.25829999999999997","953","750","2"
"5","Bourder","0.24010000000000001","0.21440000000000001","0.017000000000000001","9.2774000000000001","953","750","2"
"6","Street_Plant","0.29699999999999999","0.23930000000000001","0.018499999999999999","0.24579999999999999","953","750","2"
"0","controller","0.43219999999999997","2.1314000000000002","0","0","953","750","2"
"1","Grass","0.26190000000000002","0.19239999999999999","0.017100000000000001","9.3490000000000002","953","750","2"
"2","Leaves","0.2296","0.1714","0.018700000000000001","0.99039999999999995","953","750","2"
"3","clover","0.2092","0.1867","0.017000000000000001","9.6118000000000006","953","750","2"
"4","BushesCenter","0.35210000000000002","0.21779999999999999","0.020400000000000001","0.2429","953","750","2"
"5","Bourder","0.26300000000000001","0.22639999999999999","0.0183","10.636900000000001","953","750","2"
"6","Street_Plant","0.51849999999999996","0.41039999999999999","0.021000000000000001","0.26960000000000001","953","750","2"
"0","controller","0.58819999999999995","3.5926","0","0","953","750","2"
"1","Grass","0.50249999999999995","0.33229999999999998","0.0292","12.911799999999999","953","750","2"
"2","Leaves","0.39789999999999998","0.1925","0.023900000000000001","1.0036","953","750","2"
"3","clover","0.22109999999999999","0.18709999999999999","0.0172","9.1442999999999994","953","750","2"
"4","BushesCenter","0.22800000000000001","0.1855","0.0172","0.23089999999999999","953","750","2"
"5","Bourder","0.2387","0.21440000000000001","0.016500000000000001","9.2398000000000007","953","750","2"
"6","Street_Plant","0.29649999999999999","0.2142","0.017600000000000001","0.25850000000000001","953","750","2"
"0","controller","0.51570000000000005","2.2284000000000002","0","0","953","750","2"
"1","Grass","0.34370000000000001","0.20200000000000001","0.017399999999999999","9.3551000000000002","953","750","2"
"2","Leaves","0.2041","0.16669999999999999","0.0172","0.99099999999999999","953","750","2"
"3","clover","0.19950000000000001","0.18240000000000001","0.017100000000000001","9.3193999999999999","953","750","2"
"4","BushesCenter","0.28889999999999999","0.2177","0.019699999999999999","0.23419999999999999","953","750","2"
"5","Bourder","0.2402","0.21759999999999999","0.016899999999999998","10.9932","953","750","2"
"6","Street_Plant","0.41049999999999998","0.23730000000000001","0.0195","0.27229999999999999","953","750","2"
"0","controller","0.4783","2.2067000000000001","0","0","953","750","2"
"1","Grass","0.30580000000000002","0.19309999999999999","0.0189","9.3232999999999997","953","750","2"
"2","Leaves","0.2059","0.17130000000000001","0.0183","1.0702","953","750","2"
"3","clover","0.2046","0.18840000000000001","0.0177","9.2897999999999996","953","750","2"
"4","BushesCenter","0.30990000000000001","0.19170000000000001","0.019300000000000001","0.2424","953","750","2"
"5","Bourder","0.2321","0.21579999999999999","0.017299999999999999","9.6542999999999992","953","750","2"
"6","Street_Plant","0.74839999999999995","0.49259999999999998","0.030599999999999999","0.44419999999999998","953","750","2"
"0","controller","0.49359999999999998","2.3519000000000001","0","0","953","750","2"
"1","Grass","0.41830000000000001","0.2475","0.02","11.042400000000001","953","750","2"
"2","Leaves","0.58169999999999999","0.18060000000000001","0.022800000000000001","1.1444000000000001","953","750","2"
"3","clover","0.24310000000000001","0.20930000000000001","0.019199999999999998","9.9006000000000007","953","750","2"
"4","BushesCenter","0.45519999999999999","0.2404","0.022700000000000001","0.2717","953","750","2"
"5","Bourder","0.27889999999999998","0.2203","0.018700000000000001","9.4831000000000003","953","750","2"
"6","Street_Plant","0.39019999999999999","0.25009999999999999","0.0201","0.27379999999999999","953","750","2"
"0","controller","0.60880000000000001","3.1802999999999999","0","0","953","750","2"
"1","Grass","0.56679999999999997","0.46439999999999998","0.043200000000000002","9.6704000000000008","953","750","2"
"2","Leaves","0.2848","0.18840000000000001","0.019300000000000001","1.0390999999999999","953","750","2"
"3","clover","0.24679999999999999","0.19070000000000001","0.0178","9.4923999999999999","953","750","2"
"4","BushesCenter","0.32300000000000001","0.19700000000000001","0.0195","0.27310000000000001","953","750","2"
"5","Bourder","0.27829999999999999","0.23139999999999999","0.0178","9.3137000000000008","953","750","2"
"6","Street_Plant","0.3574","0.22869999999999999","0.019699999999999999","0.25369999999999998","953","750","2"
"0","controller","0.41289999999999999","2.6507999999999998","0","0","953","750","2"
"1","Grass","0.58530000000000004","0.3533","0.0292","9.6260999999999992","953","750","2"
"2","Leaves","0.25990000000000002","0.18720000000000001","0.021299999999999999","0.98860000000000003","953","750","2"
"3","clover","0.2162","0.18509999999999999","0.018499999999999999","9.8727","953","750","2"
"4","BushesCenter","0.37819999999999998","0.21959999999999999","0.0212","0.2417","953","750","2"
"5","Bourder","0.254","0.21840000000000001","0.0183","9.4512","953","750","2"
"6","Street_Plant","0.38350000000000001","0.24460000000000001","0.020400000000000001","0.26090000000000002","953","750","2"
"0","controller","0.41110000000000002","2.1669999999999998","0","0","953","750","2"
"1","Grass","0.29070000000000001","0.20749999999999999","0.0183","9.9198000000000004","953","750","2"
"2","Leaves","0.30149999999999999","0.18129999999999999","0.02","1.004","953","750","2"
"3","clover","0.22750000000000001","0.18540000000000001","0.017500000000000002","10.333299999999999","953","750","2"
"4","BushesCenter","0.30359999999999998","0.20710000000000001","0.018800000000000001","0.23680000000000001","953","750","2"
"5","Bourder","0.24079999999999999","0.21529999999999999","0.017299999999999999","9.0084","953","750","2"
"6","Street_Plant","0.26440000000000002","0.22020000000000001","0.018800000000000001","0.26629999999999998","953","750","2"
"0","controller","0.41699999999999998","2.1726999999999999","0","0","953","750","2"
"1","Grass","0.24679999999999999","0.2034","0.017999999999999999","9.5591000000000008","953","750","2"
"2","Leaves","0.30680000000000002","0.17660000000000001","0.0201","0.99639999999999995","953","750","2"
"3","clover","0.2417","0.19120000000000001","0.0184","10.1731","953","750","2"
"4","BushesCenter","0.35510000000000003","0.21199999999999999","0.0206","0.2397","953","750","2"
"5","Bourder","0.2379","0.21560000000000001","0.0166","8.9793000000000003","953","750","2"
"6","Street_Plant","0.24229999999999999","0.21429999999999999","0.016799999999999999","0.47589999999999999","953","750","2"
"0","controller","0.43070000000000003","2.1707999999999998","0","0","953","750","2"
"1","Grass","0.33629999999999999","0.2001","0.017999999999999999","9.6638000000000002","953","750","2"
"2","Leaves","0.39360000000000001","0.18870000000000001","0.021700000000000001","1","953","750","2"
"3","clover","0.2281","0.19689999999999999","0.023900000000000001","9.4794","953","750","2"
"4","BushesCenter","0.4178","0.36080000000000001","0.029499999999999998","0.44590000000000002","953","750","2"
"5","Bourder","0.48959999999999998","0.39810000000000001","0.039300000000000002","12.8446","953","750","2"
"6","Street_Plant","0.5524","0.28570000000000001","0.0212","0.2878","953","750","2"
"0","controller","0.439","2.2265000000000001","0","0","953","750","2"
"1","Grass","0.37640000000000001","0.2102","0.018100000000000002","10.0817","953","750","2"
"2","Leaves","0.42920000000000003","0.23949999999999999","0.024299999999999999","1.0212000000000001","953","750","2"
"3","clover","0.25480000000000003","0.21629999999999999","0.018700000000000001","9.4433000000000007","953","750","2"
"4","BushesCenter","0.35420000000000001","0.22359999999999999","0.021100000000000001","0.24660000000000001","953","750","2"
"5","Bourder","0.24779999999999999","0.23669999999999999","0.017500000000000002","9.6738999999999997","953","750","2"
"6","Street_Plant","0.41049999999999998","0.2437","0.019800000000000002","0.27039999999999997","953","750","2"
"0","controller","0.42699999999999999","2.1634000000000002","0","0","953","750","2"
"1","Grass","0.2467","0.19489999999999999","0.0183","9.4768000000000008","953","750","2"
"2","Leaves","0.23799999999999999","0.17199999999999999","0.018599999999999998","0.97099999999999997","953","750","2"
"3","clover","0.21079999999999999","0.18110000000000001","0.0172","9.3198000000000008","953","750","2"
"4","BushesCenter","0.28749999999999998","0.19919999999999999","0.019300000000000001","0.24740000000000001","953","750","2"
"5","Bourder","0.23860000000000001","0.22309999999999999","0.017399999999999999","9.0335999999999999","953","750","2"
"6","Street_Plant","0.26879999999999998","0.22040000000000001","0.017299999999999999","0.2437","953","750","2"
"0","controller","0.4536","2.1623000000000001","0","0","953","750","2"
"1","Grass","0.25159999999999999","0.22470000000000001","0.018100000000000002","9.4459999999999997","953","750","2"
"2","Leaves","0.31809999999999999","0.17580000000000001","0.0189","0.98380000000000001","953","750","2"
"3","clover","0.21510000000000001","0.182","0.017600000000000001","9.0934000000000008","953","750","2"
"4","BushesCenter","0.2311","0.24540000000000001","0.018200000000000001","0.30120000000000002","953","750","2"
"5","Bourder","0.25430000000000003","0.22850000000000001","0.019","8.9870999999999999","953","750","2"
"6","Street_Plant","0.26100000000000001","0.21609999999999999","0.017500000000000002","0.24329999999999999","953","750","2"
"0","controller","0.46110000000000001","2.1665999999999999","0","0","953","750","2"
"1","Grass","0.33650000000000002","0.20069999999999999","0.017899999999999999","9.5198999999999998","953","750","2"
"2","Leaves","0.25259999999999999","0.17560000000000001","0.018499999999999999","1.2947","953","750","2"
"3","clover","0.2427","0.21260000000000001","0.017999999999999999","9.1746999999999996","953","750","2"
"4","BushesCenter","0.22969999999999999","0.1857","0.017399999999999999","0.2336","953","750","2"
"5","Bourder","0.2288","0.20899999999999999","0.0167","9.3867999999999991","953","750","2"
"6","Street_Plant","0.36899999999999999","0.2316","0.0189","0.2462","953","750","2"
"0","controller","0.46939999999999998","2.2040000000000002","0","0","953","750","2"
"1","Grass","0.34050000000000002","0.23499999999999999","0.0189","9.7761999999999993","953","750","2"
"2","Leaves","0.30630000000000002","0.26150000000000001","0.023800000000000002","2.0674000000000001","953","750","2"
"3","clover","0.44009999999999999","0.22320000000000001","0.027799999999999998","9.4291","953","750","2"
"4","BushesCenter","0.2641","0.19289999999999999","0.019","0.2419","953","750","2"
"5","Bourder","0.2399","0.21510000000000001","0.0172","10.3154","953","750","2"
"6","Street_Plant","0.3957","0.2329","0.019900000000000001","0.26329999999999998","953","750","2"
"0","controller","0.42520000000000002","2.2843","0","0","953","750","2"
"1","Grass","0.54390000000000005","0.28220000000000001","0.023400000000000001","10.4229","953","750","2"
"2","Leaves","0.40289999999999998","0.19900000000000001","0.0224","1.0069999999999999","953","750","2"
"3","clover","0.23130000000000001","0.1842","0.017600000000000001","10.3049","953","750","2"
"4","BushesCenter","0.24729999999999999","0.19159999999999999","0.018800000000000001","0.22919999999999999","953","750","2"
"5","Bourder","0.2301","0.2135","0.016799999999999999","9.1609999999999996","953","750","2"
"6","Street_Plant","0.32800000000000001","0.2225","0.0184","0.25640000000000002","953","750","2"
"0","controller","0.47939999999999999","2.1728000000000001","0","0","953","750","2"
"1","Grass","0.2422","0.19539999999999999","0.017299999999999999","9.1877999999999993","953","750","2"
"2","Leaves","0.2089","0.17130000000000001","0.02","1.1069","953","750","2"
"3","clover","0.2175","0.18490000000000001","0.017500000000000002","8.9495000000000005","953","750","2"
"4","BushesCenter","0.25180000000000002","0.1913","0.019199999999999998","0.22869999999999999","953","750","2"
"5","Bourder","0.2392","0.21299999999999999","0.0178","10.771599999999999","953","750","2"
"6","Street_Plant","0.28100000000000003","0.23219999999999999","0.017600000000000001","0.24859999999999999","953","750","2"
"0","controller","0.43890000000000001","2.6768999999999998","0","0","953","750","2"
"1","Grass","0.34089999999999998","0.2235","0.018700000000000001","9.2901000000000007","953","750","2"
"2","Leaves","0.22800000000000001","0.17979999999999999","0.019","0.98460000000000003","953","750","2"
"3","clover","0.2142","0.18060000000000001","0.0183","9.8055000000000003","953","750","2"
"4","BushesCenter","0.36020000000000002","0.2301","0.019699999999999999","0.25219999999999998","953","750","2"
"5","Bourder","0.24990000000000001","0.21659999999999999","0.0177","9.2937999999999992","953","750","2"
"6","Street_Plant","0.28289999999999998","0.21429999999999999","0.017399999999999999","0.24740000000000001","953","750","2"
"0","controller","0.45469999999999999","2.597","0","0","953","750","2"
"1","Grass","0.37140000000000001","0.20610000000000001","0.0177","9.2807999999999993","953","750","2"
"2","Leaves","0.24429999999999999","0.17050000000000001","0.018200000000000001","0.97840000000000005","953","750","2"
"3","clover","0.20449999999999999","0.18060000000000001","0.017100000000000001","9.1365999999999996","953","750","2"
"4","BushesCenter","0.26989999999999997","0.19020000000000001","0.018200000000000001","0.2324","953","750","2"
"5","Bourder","0.23089999999999999","0.2114","0.0166","8.9856999999999996","953","750","2"
"6","Street_Plant","0.26550000000000001","0.22289999999999999","0.0177","0.24299999999999999","953","750","2"
"0","controller","0.44359999999999999","2.1612","0","0","953","750","2"
"1","Grass","0.37640000000000001","0.27650000000000002","0.0189","11.326499999999999","953","750","2"
"2","Leaves","0.33629999999999999","0.18179999999999999","0.0207","1.0001","953","750","2"
"3","clover","0.21579999999999999","0.18429999999999999","0.0172","9.8153000000000006","953","750","2"
"4","BushesCenter","0.4234","0.22770000000000001","0.020299999999999999","0.24740000000000001","953","750","2"
"5","Bourder","0.26690000000000003","0.2213","0.0178","9.4601000000000006","953","750","2"
"6","Street_Plant","0.28560000000000002","0.2205","0.0189","0.25790000000000002","953","750","2"
"0","controller","0.39900000000000002","2.1572","0","0","953","750","2"
"1","Grass","0.2203","0.18629999999999999","0.017100000000000001","9.2913999999999994","953","750","2"
"2","Leaves","0.28449999999999998","0.1656","0.018800000000000001","0.97919999999999996","953","750","2"
"3","clover","0.20130000000000001","0.1852","0.0172","8.9303000000000008","953","750","2"
"4","BushesCenter","0.26129999999999998","0.18640000000000001","0.017299999999999999","0.23599999999999999","953","750","2"
"5","Bourder","0.24490000000000001","0.21690000000000001","0.0166","9.8087999999999997","953","750","2"
"6","Street_Plant","0.38400000000000001","0.23669999999999999","0.020400000000000001","0.28510000000000002","953","750","2"
"0","controller","0.42359999999999998","2.2671000000000001","0","0","953","750","2"
"1","Grass","0.2646","0.20080000000000001","0.018499999999999999","9.2548999999999992","953","750","2"
"2","Leaves","0.21240000000000001","0.16589999999999999","0.018100000000000002","1.0054000000000001","953","750","2"
"3","clover","0.2031","0.17910000000000001","0.017000000000000001","9.3290000000000006","953","750","2"
"4","BushesCenter","0.30449999999999999","0.19500000000000001","0.019800000000000002","0.24779999999999999","953","750","2"
"5","Bourder","0.23369999999999999","0.2311","0.016799999999999999","9.3399000000000001","953","750","2"
"6","Street_Plant","0.38890000000000002","0.26329999999999998","0.019800000000000002","0.25390000000000001","953","750","2"
"0","controller","0.40999999999999998","2.1675","0","0","953","750","2"
"1","Grass","0.29039999999999999","0.21340000000000001","0.0178","9.9651999999999994","953","750","2"
"2","Leaves","0.37090000000000001","0.1804","0.021399999999999999","0.98219999999999996","953","750","2"
"3","clover","0.23749999999999999","0.18149999999999999","0.017399999999999999","9.8498000000000001","953","750","2"
"4","BushesCenter","0.52249999999999996","0.25569999999999998","0.023300000000000001","0.25490000000000002","953","750","2"
"5","Bourder","0.2828","0.22689999999999999","0.018800000000000001","9.1488999999999994","953","750","2"
"6","Street_Plant","0.2545","0.2155","0.017600000000000001","0.24540000000000001","953","750","2"
"0","controller","0.41010000000000002","2.1743000000000001","0","0","953","750","2"
"1","Grass","0.33279999999999998","0.19320000000000001","0.0177","9.9062000000000001","953","750","2"
"2","Leaves","0.3584","0.1739","0.019900000000000001","0.99639999999999995","953","750","2"
"3","clover","0.21260000000000001","0.18340000000000001","0.016899999999999998","9.5158000000000005","953","750","2"
"4","BushesCenter","0.4163","0.28310000000000002","0.023099999999999999","0.26650000000000001","953","750","2"
"5","Bourder","0.27850000000000003","0.27429999999999999","0.0184","9.9489999999999998","953","750","2"
"6","Street_Plant","0.38740000000000002","0.28239999999999998","0.023699999999999999","0.33629999999999999","953","750","2"
"0","controller","0.43730000000000002","2.5365000000000002","0","0","953","750","2"
"1","Grass","0.41460000000000002","0.25790000000000002","0.022200000000000001","10.335699999999999","953","750","2"
"2","Leaves","0.31009999999999999","0.18340000000000001","0.020400000000000001","1.0186999999999999","953","750","2"
"3","clover","0.22819999999999999","0.18140000000000001","0.0177","9.1006999999999998","953","750","2"
"4","BushesCenter","0.2344","0.18770000000000001","0.017999999999999999","0.23180000000000001","953","750","2"
"5","Bourder","0.22839999999999999","0.30280000000000001","0.0166","9.3330000000000002","953","750","2"
"6","Street_Plant","0.31909999999999999","0.2215","0.0177","0.25669999999999998","953","750","2"
"0","controller","0.48139999999999999","2.1762000000000001","0","0","953","750","2"
"1","Grass","0.29220000000000002","0.21329999999999999","0.017399999999999999","9.2949000000000002","953","750","2"
"2","Leaves","0.21279999999999999","0.17119999999999999","0.019099999999999999","0.96679999999999999","953","750","2"
"3","clover","0.2177","0.184","0.0189","12.581099999999999","953","750","2"
"4","BushesCenter","0.34200000000000003","0.1978","0.02","0.2346","953","750","2"
"5","Bourder","0.23599999999999999","0.36909999999999998","0.017500000000000002","9.7624999999999993","953","750","2"
"6","Street_Plant","0.42899999999999999","0.28749999999999998","0.021299999999999999","0.48749999999999999","953","750","2"
"0","controller","0.52580000000000005","2.3852000000000002","0","0","953","750","2"
"1","Grass","0.42030000000000001","0.27079999999999999","0.019400000000000001","12.4794","953","750","2"
"2","Leaves","0.82120000000000004","0.4052","0.043700000000000003","1.1837","953","750","2"
"3","clover","0.26989999999999997","0.2114","0.020400000000000001","9.7333999999999996","953","750","2"
"4","BushesCenter","0.35449999999999998","0.2165","0.023099999999999999","0.25640000000000002","953","750","2"
"5","Bourder","0.26169999999999999","0.21829999999999999","0.0178","9.0822000000000003","953","750","2"
"6","Street_Plant","0.27189999999999998","0.2155","0.018800000000000001","0.25940000000000002","953","750","2"
"0","controller","0.47470000000000001","2.1886999999999999","0","0","953","750","2"
"1","Grass","0.33510000000000001","0.26100000000000001","0.018599999999999998","9.4102999999999994","953","750","2"
"2","Leaves","0.23230000000000001","0.20100000000000001","0.019900000000000001","0.98470000000000002","953","750","2"
"3","clover","0.20480000000000001","0.18240000000000001","0.019","9.2203999999999997","953","750","2"
"4","BushesCenter","0.26939999999999997","0.19689999999999999","0.0177","0.2248","953","750","2"
"5","Bourder","0.23480000000000001","0.22650000000000001","0.0167","9.2181999999999995","953","750","2"
"6","Street_Plant","0.36530000000000001","0.2268","0.020199999999999999","0.24410000000000001","953","750","2"
"0","controller","0.4335","2.2282000000000002","0","0","953","750","2"
"1","Grass","0.31219999999999998","0.20949999999999999","0.017999999999999999","10.9457","953","750","2"
"2","Leaves","0.30609999999999998","0.17630000000000001","0.019599999999999999","0.99380000000000002","953","750","2"
"3","clover","0.21079999999999999","0.1807","0.017500000000000002","10.0589","953","750","2"
"4","BushesCenter","0.40089999999999998","0.22539999999999999","0.0224","0.26619999999999999","953","750","2"
"5","Bourder","0.26200000000000001","0.23860000000000001","0.0178","9.6370000000000005","953","750","2"
"6","Street_Plant","0.36120000000000002","0.25700000000000001","0.020400000000000001","0.2681","953","750","2"
"0","controller","0.40670000000000001","2.1469999999999998","0","0","953","750","2"
"1","Grass","0.23569999999999999","0.19320000000000001","0.017100000000000001","11.195499999999999","953","750","2"
"2","Leaves","0.2984","0.17580000000000001","0.020199999999999999","0.96960000000000002","953","750","2"
"3","clover","0.2112","0.18909999999999999","0.017399999999999999","9.7347000000000001","953","750","2"
"4","BushesCenter","0.39539999999999997","0.23630000000000001","0.021499999999999998","0.25509999999999999","953","750","2"
"5","Bourder","0.25440000000000002","0.2213","0.017600000000000001","9.2798999999999996","953","750","2"
"6","Street_Plant","0.30130000000000001","0.24410000000000001","0.017899999999999999","0.2586","953","750","2"
"0","controller","0.44090000000000001","2.1960000000000002","0","0","953","750","2"
"1","Grass","0.28699999999999998","0.2011","0.0178","9.8187999999999995","953","750","2"
"2","Leaves","0.28810000000000002","0.19550000000000001","0.019900000000000001","0.99619999999999997","953","750","2"
"3","clover","0.21890000000000001","0.18290000000000001","0.0178","9.2919999999999998","953","750","2"
"4","BushesCenter","0.28710000000000002","0.19719999999999999","0.019199999999999998","0.26100000000000001","953","750","2"
"5","Bourder","0.25600000000000001","0.26879999999999998","0.017899999999999999","9.3232999999999997","953","750","2"
"6","Street_Plant","0.27660000000000001","0.221","0.0177","0.25419999999999998","953","750","2"
"0","controller","0.46999999999999997","2.2159","0","0","953","750","2"
"1","Grass","0.3614","0.2243","0.018800000000000001","9.4240999999999993","953","750","2"
"2","Leaves","0.23480000000000001","0.17269999999999999","0.019","0.9677","953","750","2"
"3","clover","0.2077","0.17979999999999999","0.018499999999999999","9.2260000000000009","953","750","2"
"4","BushesCenter","0.4083","0.24429999999999999","0.057299999999999997","0.25040000000000001","953","750","2"
"5","Bourder","0.30859999999999999","0.49130000000000001","0.034299999999999997","9.4181000000000008","953","750","2"
"6","Street_Plant","0.37719999999999998","0.2276","0.019099999999999999","0.25430000000000003","953","750","2"
"0","controller","0.80569999999999997","2.6562000000000001","0","0","953","750","2"
"1","Grass","0.4259","0.25569999999999998","0.019099999999999999","10.0548","953","750","2"
"2","Leaves","0.32340000000000002","0.20130000000000001","0.027699999999999999","1.2587999999999999","953","750","2"
"3","clover","0.23860000000000001","0.1956","0.019","11.1912","953","750","2"
"4","BushesCenter","0.4002","0.2321","0.022499999999999999","0.26479999999999998","953","750","2"
"5","Bourder","0.25950000000000001","0.22170000000000001","0.019","14.422000000000001","953","750","2"
"6","Street_Plant","0.84940000000000004","0.66779999999999995","0.050900000000000001","0.63490000000000002","953","750","2"
"0","controller","0.47510000000000002","2.3635999999999999","0","0","953","750","2"
"1","Grass","0.35620000000000002","0.2094","0.038699999999999998","9.6577000000000002","953","750","2"
"2","Leaves","0.2913","0.23230000000000001","0.025899999999999999","1.0323","953","750","2"
"3","clover","0.22969999999999999","0.1978","0.0177","9.1745999999999999","953","750","2"
"4","BushesCenter","0.23669999999999999","0.1943","0.0183","0.2702","953","750","2"
"5","Bourder","0.26590000000000003","0.21829999999999999","0.017600000000000001","9.8078000000000003","953","750","2"
"6","Street_Plant","0.40029999999999999","0.24160000000000001","0.019699999999999999","0.26429999999999998","953","750","2"
"0","controller","0.42999999999999999","2.1621999999999999","0","0","953","750","2"
"1","Grass","0.44240000000000002","0.22309999999999999","0.019099999999999999","9.7456999999999994","953","750","2"
"2","Leaves","0.26679999999999998","0.17849999999999999","0.019400000000000001","1.0001","953","750","2"
"3","clover","0.21379999999999999","0.18429999999999999","0.017100000000000001","9.8919999999999995","953","750","2"
"4","BushesCenter","0.3367","0.21690000000000001","0.020799999999999999","0.2445","953","750","2"
"5","Bourder","0.23760000000000001","0.22600000000000001","0.017500000000000002","9.6813000000000002","953","750","2"
"6","Street_Plant","0.40849999999999997","0.25240000000000001","0.020500000000000001","0.26079999999999998","953","750","2"
"0","controller","0.53410000000000002","2.3708","0","0","953","750","2"
"1","Grass","0.27960000000000002","0.33929999999999999","0.018200000000000001","9.9535","953","750","2"
"2","Leaves","0.29620000000000002","0.2031","0.020500000000000001","1.0185999999999999","953","750","2"
"3","clover","0.223","0.21629999999999999","0.0177","9.9674999999999994","953","750","2"
"4","BushesCenter","0.3891","0.23119999999999999","0.019800000000000002","0.23910000000000001","953","750","2"
"5","Bourder","0.2586","0.22009999999999999","0.017100000000000001","9.3208000000000002","953","750","2"
"6","Street_Plant","0.28870000000000001","0.2356","0.018100000000000002","0.25230000000000002","953","750","2"
"0","controller","0.43090000000000001","2.1215000000000002","0","0","953","750","2"
"1","Grass","0.28620000000000001","0.19209999999999999","0.016799999999999999","9.6003000000000007","953","750","2"
"2","Leaves","0.2752","0.18279999999999999","0.020199999999999999","0.98509999999999998","953","750","2"
"3","clover","0.21329999999999999","0.18179999999999999","0.017500000000000002","9.2081999999999997","953","750","2"
"4","BushesCenter","0.223","0.1883","0.017299999999999999","0.2268","953","750","2"
"5","Bourder","0.246","0.21429999999999999","0.021899999999999999","10.1997","953","750","2"
"6","Street_Plant","0.438","0.25109999999999999","0.019300000000000001","0.27350000000000002","953","750","2"
"0","controller","0.47410000000000002","2.1539999999999999","0","0","953","750","2"
"1","Grass","0.29380000000000001","0.20899999999999999","0.018599999999999998","9.4923999999999999","953","750","2"
"2","Leaves","0.25490000000000002","0.18970000000000001","0.0207","0.99350000000000005","953","750","2"
"3","clover","0.2228","0.19159999999999999","0.019","9.9936000000000007","953","750","2"
"4","BushesCenter","0.30570000000000003","0.1961","0.019099999999999999","0.23219999999999999","953","750","2"
"5","Bourder","0.24759999999999999","0.21560000000000001","0.0167","8.9047000000000001","953","750","2"
"6","Street_Plant","0.25269999999999998","0.21329999999999999","0.0167","0.23899999999999999","953","750","2"
"0","controller","0.4798","2.2541000000000002","0","0","953","750","2"
"1","Grass","0.4093","0.2291","0.025100000000000001","9.5801999999999996","953","750","2"
"2","Leaves","0.27839999999999998","0.17549999999999999","0.019900000000000001","0.95440000000000003","953","750","2"
"3","clover","0.26979999999999998","0.18429999999999999","0.017600000000000001","9.2942999999999998","953","750","2"
"4","BushesCenter","0.27529999999999999","0.1893","0.0184","0.2341","953","750","2"
"5","Bourder","0.23219999999999999","0.21010000000000001","0.016899999999999998","8.7910000000000004","953","750","2"
"6","Street_Plant","0.24729999999999999","0.21340000000000001","0.017000000000000001","0.24759999999999999","953","750","2"
"0","controller","0.42299999999999999","2.1518999999999999","0","0","953","750","2"
"1","Grass","0.32319999999999999","0.21820000000000001","0.0183","9.7451000000000008","953","750","2"
"2","Leaves","0.30430000000000001","0.18540000000000001","0.0223","0.99760000000000004","953","750","2"
"3","clover","0.21490000000000001","0.1794","0.017100000000000001","9.1247000000000007","953","750","2"
"4","BushesCenter","0.2195","0.18740000000000001","0.017399999999999999","0.2402","953","750","2"
"5","Bourder","0.2296","0.21640000000000001","0.017500000000000002","9.3514999999999997","953","750","2"
"6","Street_Plant","0.32219999999999999","0.23080000000000001","0.017899999999999999","0.25779999999999997","953","750","2"
"0","controller","0.42330000000000001","2.1829000000000001","0","0","953","750","2"
"1","Grass","0.28050000000000003","0.19570000000000001","0.017600000000000001","10.6913","953","750","2"
"2","Leaves","0.35980000000000001","0.219","0.030499999999999999","1.0148999999999999","953","750","2"
"3","clover","0.25180000000000002","0.19159999999999999","0.017899999999999999","9.1234999999999999","953","750","2"
"4","BushesCenter","0.21729999999999999","0.28310000000000002","0.017600000000000001","0.25080000000000002","953","750","2"
"5","Bourder","0.25480000000000003","0.21490000000000001","0.017100000000000001","9.1008999999999993","953","750","2"
"6","Street_Plant","0.28699999999999998","0.2271","0.017500000000000002","0.24579999999999999","953","750","2"
"0","controller","0.44379999999999997","2.4116","0","0","953","750","2"
"1","Grass","0.3221","0.21379999999999999","0.0184","9.4288000000000007","953","750","2"
"2","Leaves","0.21429999999999999","0.16700000000000001","0.017299999999999999","1.0991","953","750","2"
"3","clover","0.22289999999999999","0.20130000000000001","0.0183","9.3371999999999993","953","750","2"
"4","BushesCenter","0.2792","0.19620000000000001","0.019","0.24379999999999999","953","750","2"
"5","Bourder","0.23719999999999999","0.21640000000000001","0.016799999999999999","9.0198999999999998","953","750","2"
"6","Street_Plant","0.24030000000000001","0.22309999999999999","0.0166","0.2382","953","750","2"
"0","controller","0.51890000000000003","2.2865000000000002","0","0","953","750","2"
"1","Grass","0.31819999999999998","0.2341","0.019","10.028499999999999","953","750","2"
"2","Leaves","0.37109999999999999","0.2203","0.0246","1.1960999999999999","953","750","2"
"3","clover","0.34189999999999998","0.57840000000000003","0.019699999999999999","9.7810000000000006","953","750","2"
"4","BushesCenter","0.34960000000000002","2.4462999999999999","0.0281","0.25940000000000002","953","750","2"
"5","Bourder","0.26519999999999999","0.21659999999999999","0.019199999999999998","10.0403","953","750","2"
"6","Street_Plant","0.35339999999999999","0.2172","0.0189","0.28920000000000001","953","750","2"
"0","controller","0.57899999999999996","2.2627000000000002","0","0","953","750","2"
"1","Grass","0.30470000000000003","0.19539999999999999","0.0177","9.4633000000000003","953","750","2"
"2","Leaves","0.24279999999999999","0.17419999999999999","0.0207","1.0016","953","750","2"
"3","clover","0.20519999999999999","0.1804","0.017399999999999999","9.2283000000000008","953","750","2"
"4","BushesCenter","0.24460000000000001","0.193","0.019","0.23949999999999999","953","750","2"
"5","Bourder","0.23200000000000001","0.2114","0.016899999999999998","9.9558","953","750","2"
"6","Street_Plant","0.42980000000000002","0.26150000000000001","0.019900000000000001","0.2621","953","750","2"
"0","controller","0.50339999999999996","2.4639000000000002","0","0","953","750","2"
"1","Grass","0.42699999999999999","0.29189999999999999","0.019","9.2909000000000006","953","750","2"
"2","Leaves","0.23050000000000001","0.18079999999999999","0.019400000000000001","0.97929999999999995","953","750","2"
"3","clover","0.23150000000000001","0.1799","0.017399999999999999","9.3751999999999995","953","750","2"
"4","BushesCenter","0.30940000000000001","0.1956","0.019199999999999998","0.2291","953","750","2"
"5","Bourder","0.22869999999999999","0.22889999999999999","0.016899999999999998","9.3956","953","750","2"
"6","Street_Plant","0.37040000000000001","0.2329","0.019699999999999999","0.25190000000000001","953","750","2"
"0","controller","0.39140000000000003","2.1166","0","0","953","750","2"
"1","Grass","0.2278","0.18959999999999999","0.017100000000000001","11.3756","953","750","2"
"2","Leaves","0.33139999999999997","0.1784","0.019400000000000001","0.97119999999999995","953","750","2"
"3","clover","0.217","0.2044","0.0177","10.868","953","750","2"
"4","BushesCenter","0.62919999999999998","0.39879999999999999","0.036700000000000003","0.41980000000000001","953","750","2"
"5","Bourder","0.44790000000000002","0.41560000000000002","0.032800000000000003","10.4529","953","750","2"
"6","Street_Plant","0.36980000000000002","0.30859999999999999","0.019900000000000001","0.28060000000000002","953","750","2"
"0","controller","0.50370000000000004","2.2336","0","0","953","750","2"
"1","Grass","0.25850000000000001","0.19639999999999999","0.018200000000000001","9.2970000000000006","953","750","2"
"2","Leaves","0.20780000000000001","0.18329999999999999","0.017899999999999999","0.94359999999999999","953","750","2"
"3","clover","0.19950000000000001","0.17680000000000001","0.0172","9.0366","953","750","2"
"4","BushesCenter","0.26989999999999997","0.19389999999999999","0.0183","0.23630000000000001","953","750","2"
"5","Bourder","0.2311","0.21329999999999999","0.0224","9.0454000000000008","953","750","2"
"6","Street_Plant","0.2656","0.21959999999999999","0.017600000000000001","0.26090000000000002","953","750","2"
"0","controller","0.80820000000000003","2.9582000000000002","0","0","953","750","2"
"1","Grass","0.67879999999999996","0.58189999999999997","0.1459","10.383100000000001","953","750","2"
"2","Leaves","0.28000000000000003","0.18390000000000001","0.019099999999999999","0.98899999999999999","953","750","2"
"3","clover","0.20530000000000001","0.1804","0.0172","9.8195999999999994","953","750","2"
"4","BushesCenter","0.4884","0.33029999999999998","0.032300000000000002","0.29459999999999997","953","750","2"
"5","Bourder","0.3871","0.29849999999999999","0.0206","11.6784","953","750","2"
"6","Street_Plant","0.46779999999999999","0.2447","0.021600000000000001","0.25950000000000001","953","750","2"
"0","controller","0.45069999999999999","2.2473999999999998","0","0","953","750","2"
"1","Grass","0.40329999999999999","0.22","0.0184","9.6067","953","750","2"
"2","Leaves","0.26800000000000002","0.1759","0.019400000000000001","0.99480000000000002","953","750","2"
"3","clover","0.2223","0.18540000000000001","0.017299999999999999","9.5516000000000005","953","750","2"
"4","BushesCenter","0.32079999999999997","0.21079999999999999","0.019199999999999998","0.25419999999999998","953","750","2"
"5","Bourder","0.2631","0.22289999999999999","0.017600000000000001","9.0746000000000002","953","750","2"
"6","Street_Plant","0.32490000000000002","0.2316","0.019099999999999999","0.25519999999999998","953","750","2"
"0","controller","0.40560000000000002","2.1255999999999999","0","0","953","750","2"
"1","Grass","0.32319999999999999","0.1991","0.018100000000000002","9.7645","953","750","2"
"2","Leaves","0.28860000000000002","0.17580000000000001","0.018800000000000001","1.0117","953","750","2"
"3","clover","0.20930000000000001","0.19009999999999999","0.017299999999999999","9.0119000000000007","953","750","2"
"4","BushesCenter","0.22739999999999999","0.21329999999999999","0.016899999999999998","0.2293","953","750","2"
"5","Bourder","0.22939999999999999","0.21210000000000001","0.016799999999999999","9.6655999999999995","953","750","2"
"6","Street_Plant","0.3397","0.22539999999999999","0.018599999999999998","0.25929999999999997","953","750","2"
"0","controller","0.45250000000000001","2.1286999999999998","0","0","953","750","2"
"1","Grass","0.32590000000000002","0.19639999999999999","0.017600000000000001","10.372299999999999","953","750","2"
"2","Leaves","0.41399999999999998","0.2094","0.0223","1.2070000000000001","953","750","2"
"3","clover","0.2465","0.19239999999999999","0.0183","9.4402000000000008","953","750","2"
"4","BushesCenter","0.23580000000000001","0.19109999999999999","0.018200000000000001","0.24129999999999999","953","750","2"
"5","Bourder","0.24490000000000001","0.21579999999999999","0.0172","9.3133999999999997","953","750","2"
"6","Street_Plant","0.31509999999999999","0.22239999999999999","0.018499999999999999","0.24590000000000001","953","750","2"
"0","controller","0.40000000000000002","3.0379","0","0","953","750","2"
"1","Grass","0.39090000000000003","0.25040000000000001","0.027099999999999999","9.5663999999999998","953","750","2"
"2","Leaves","0.2346","0.17419999999999999","0.018499999999999999","1.0208999999999999","953","750","2"
"3","clover","0.24440000000000001","0.18329999999999999","0.018200000000000001","10.524100000000001","953","750","2"
"4","BushesCenter","0.30609999999999998","0.1948","0.0189","0.2286","953","750","2"
"5","Bourder","0.23269999999999999","0.21299999999999999","0.016799999999999999","9.2545999999999999","953","750","2"
"6","Street_Plant","0.35399999999999998","0.22689999999999999","0.019300000000000001","0.25330000000000003","953","750","2"
"0","controller","0.46689999999999998","2.4687000000000001","0","0","953","750","2"
"1","Grass","0.30209999999999998","0.25509999999999999","0.0184","9.5188000000000006","953","750","2"
"2","Leaves","0.2036","0.16900000000000001","0.0183","0.95940000000000003","953","750","2"
"3","clover","0.1933","0.1782","0.0166","9.2279999999999998","953","750","2"
"4","BushesCenter","0.31640000000000001","0.19389999999999999","0.018499999999999999","0.2288","953","750","2"
"5","Bourder","0.2303","0.22639999999999999","0.016500000000000001","9.9017999999999997","953","750","2"
"6","Street_Plant","0.27550000000000002","0.23499999999999999","0.0178","0.2404","953","750","2"
"0","controller","0.41049999999999998","2.0971000000000002","0","0","953","750","2"
"1","Grass","0.24229999999999999","0.1905","0.0166","10.129","953","750","2"
"2","Leaves","0.40610000000000002","0.25519999999999998","0.022700000000000001","1.0741000000000001","953","750","2"
"3","clover","0.51200000000000001","0.25390000000000001","0.0229","10.2203","953","750","2"
"4","BushesCenter","0.38519999999999999","0.2379","0.0218","0.24260000000000001","953","750","2"
"5","Bourder","0.24709999999999999","0.22","0.0177","9.2364999999999995","953","750","2"
"6","Street_Plant","0.25490000000000002","0.21310000000000001","0.017299999999999999","0.26219999999999999","953","750","2"
"0","controller","0.42599999999999999","2.4056999999999999","0","0","953","750","2"
"1","Grass","0.30009999999999998","0.2059","0.017999999999999999","9.2126000000000001","953","750","2"
"2","Leaves","0.2117","0.16800000000000001","0.017899999999999999","0.95999999999999996","953","750","2"
"3","clover","0.19400000000000001","0.1764","0.016899999999999998","10.8042","953","750","2"
"4","BushesCenter","0.45879999999999999","0.26000000000000001","0.023300000000000001","0.25619999999999998","953","750","2"
"5","Bourder","0.27879999999999999","0.21929999999999999","0.017899999999999999","9.9019999999999992","953","750","2"
"6","Street_Plant","0.35420000000000001","0.25409999999999999","0.020299999999999999","0.2606","953","750","2"
"0","controller","0.4738","2.6667999999999998","0","0","953","750","2"
"1","Grass","0.32900000000000001","0.21299999999999999","0.019599999999999999","9.7164999999999999","953","750","2"
"2","Leaves","0.31309999999999999","0.18690000000000001","0.021499999999999998","0.98019999999999996","953","750","2"
"3","clover","0.22720000000000001","0.216","0.0177","9.0358000000000001","953","750","2"
"4","BushesCenter","0.24990000000000001","0.19109999999999999","0.0184","0.2293","953","750","2"
"5","Bourder","0.24210000000000001","0.214","0.017600000000000001","9.4003999999999994","953","750","2"
"6","Street_Plant","0.35809999999999997","0.23780000000000001","0.02","0.26090000000000002","953","750","2"
"0","controller","0.54510000000000003","2.4169","0","0","953","750","2"
"1","Grass","0.36659999999999998","0.24990000000000001","0.018700000000000001","9.4604999999999997","953","750","2"
"2","Leaves","0.222","0.17269999999999999","0.018200000000000001","1","953","750","2"
"3","clover","0.20580000000000001","0.186","0.017899999999999999","9.7527000000000008","953","750","2"
"4","BushesCenter","0.3206","0.19900000000000001","0.018700000000000001","0.24179999999999999","953","750","2"
"5","Bourder","0.23849999999999999","0.23449999999999999","0.0166","10.7477","953","750","2"
"6","Street_Plant","0.65280000000000005","0.3105","0.035499999999999997","0.27660000000000001","953","750","2"
"0","controller","0.42370000000000002","2.4449999999999998","0","0","953","750","2"
"1","Grass","0.38009999999999999","0.22939999999999999","0.0189","9.6237999999999992","953","750","2"
"2","Leaves","0.29039999999999999","0.1777","0.020899999999999998","1.0011000000000001","953","750","2"
"3","clover","0.22090000000000001","0.1837","0.017600000000000001","10.3643","953","750","2"
"4","BushesCenter","0.4168","0.23949999999999999","0.020500000000000001","0.2477","953","750","2"
"5","Bourder","0.28760000000000002","0.21909999999999999","0.0172","9.9551999999999996","953","750","2"
"6","Street_Plant","0.44400000000000001","0.26790000000000003","0.021299999999999999","0.29139999999999999","953","750","2"
"0","controller","0.44569999999999999","2.2050000000000001","0","0","953","750","2"
"1","Grass","0.38629999999999998","0.30769999999999997","0.0315","10.9068","953","750","2"
"2","Leaves","0.65239999999999998","0.2525","0.026100000000000002","1.0925","953","750","2"
"3","clover","0.27110000000000001","0.1943","0.019","9.6966999999999999","953","750","2"
"4","BushesCenter","0.3347","0.2147","0.020199999999999999","0.25530000000000003","953","750","2"
"5","Bourder","0.24279999999999999","0.2167","0.0172","9.3005999999999993","953","750","2"
"6","Street_Plant","0.28239999999999998","0.21909999999999999","0.017500000000000002","0.24740000000000001","953","750","2"
"0","controller","0.43719999999999998","2.1690999999999998","0","0","953","750","2"
"1","Grass","0.25009999999999999","0.1981","0.017999999999999999","9.9998000000000005","953","750","2"
"2","Leaves","0.45279999999999998","0.22600000000000001","0.034500000000000003","0.99260000000000004","953","750","2"
"3","clover","0.20780000000000001","0.1804","0.016799999999999999","8.9024000000000001","953","750","2"
"4","BushesCenter","0.2354","0.18579999999999999","0.016899999999999998","0.24010000000000001","953","750","2"
"5","Bourder","0.2482","0.2137","0.016799999999999999","9.1477000000000004","953","750","2"
"6","Street_Plant","0.26950000000000002","0.2288","0.016899999999999998","0.2606","953","750","2"
"0","controller","0.42799999999999999","2.8273999999999999","0","0","953","750","2"
"1","Grass","0.30890000000000001","0.19170000000000001","0.0184","9.3458000000000006","953","750","2"
"2","Leaves","0.193","0.16650000000000001","0.017999999999999999","0.98550000000000004","953","750","2"
"3","clover","0.19539999999999999","0.17949999999999999","0.016799999999999999","9.8005999999999993","953","750","2"
"4","BushesCenter","0.43930000000000002","0.23200000000000001","0.021000000000000001","0.25090000000000001","953","750","2"
"5","Bourder","0.2591","0.2238","0.018100000000000002","10.488899999999999","953","750","2"
"6","Street_Plant","0.38579999999999998","0.2293","0.019099999999999999","0.25559999999999999","953","750","2"
"0","controller","0.66010000000000002","2.2126999999999999","0","0","953","750","2"
"1","Grass","0.3669","0.19389999999999999","0.017899999999999999","9.2420000000000009","953","750","2"
"2","Leaves","0.18690000000000001","0.16619999999999999","0.016799999999999999","0.96479999999999999","953","750","2"
"3","clover","0.1923","0.17760000000000001","0.016899999999999998","9.7612000000000005","953","750","2"
"4","BushesCenter","0.3553","0.19009999999999999","0.018700000000000001","0.25180000000000002","953","750","2"
"5","Bourder","0.2291","0.22789999999999999","0.016299999999999999","9.9495000000000005","953","750","2"
"6","Street_Plant","0.40100000000000002","0.24249999999999999","0.018200000000000001","0.25919999999999999","953","750","2"
"0","controller","0.49740000000000001","2.1236000000000002","0","0","953","750","2"
"1","Grass","0.22570000000000001","0.18709999999999999","0.016899999999999998","9.6114999999999995","953","750","2"
"2","Leaves","0.3296","0.16800000000000001","0.019099999999999999","0.9758","953","750","2"
"3","clover","0.20330000000000001","0.17910000000000001","0.017399999999999999","9.1608999999999998","953","750","2"
"4","BushesCenter","0.33379999999999999","0.1918","0.019800000000000002","0.2399","953","750","2"
"5","Bourder","0.22969999999999999","0.21190000000000001","0.016400000000000001","9.1646999999999998","953","750","2"
"6","Street_Plant","0.2366","0.27489999999999998","0.0167","0.35820000000000002","953","750","2"
"0","controller","0.44369999999999998","2.1688999999999998","0","0","953","750","2"
"1","Grass","0.33760000000000001","0.1966","0.017899999999999999","9.625","953","750","2"
"2","Leaves","0.2979","0.1852","0.020299999999999999","1.0226999999999999","953","750","2"
"3","clover","0.2228","0.18809999999999999","0.018200000000000001","9.3712","953","750","2"
"4","BushesCenter","0.24060000000000001","0.19089999999999999","0.0183","0.2291","953","750","2"
"5","Bourder","0.2382","0.21210000000000001","0.0161","8.7126999999999999","953","750","2"
"6","Street_Plant","0.23980000000000001","0.2175","0.016299999999999999","0.29380000000000001","953","750","2"
"0","controller","0.54559999999999997","2.4001000000000001","0","0","953","750","2"
"1","Grass","0.33860000000000001","0.20039999999999999","0.018200000000000001","9.5108999999999995","953","750","2"
"2","Leaves","0.2477","0.1716","0.0184","0.95989999999999998","953","750","2"
"3","clover","0.20849999999999999","0.18029999999999999","0.017000000000000001","9.0368999999999993","953","750","2"
"4","BushesCenter","0.22420000000000001","0.186","0.017500000000000002","0.22259999999999999","953","750","2"
"5","Bourder","0.22670000000000001","0.2195","0.016500000000000001","8.7848000000000006","953","750","2"
"6","Street_Plant","0.26000000000000001","0.2145","0.017100000000000001","0.23799999999999999","953","750","2"
"0","controller","0.4496","2.8626","0","0","953","750","2"
"1","Grass","0.39100000000000001","0.23980000000000001","0.02","10.2569","953","750","2"
"2","Leaves","0.28339999999999999","0.19","0.0218","0.98540000000000005","953","750","2"
"3","clover","0.2235","0.1862","0.018800000000000001","10.0037","953","750","2"
"4","BushesCenter","0.27029999999999998","0.20169999999999999","0.020899999999999998","0.23569999999999999","953","750","2"
"5","Bourder","0.23569999999999999","0.21659999999999999","0.016899999999999998","9.3088999999999995","953","750","2"
"6","Street_Plant","0.35010000000000002","0.2467","0.019","0.26240000000000002","953","750","2"
"0","controller","0.42820000000000003","2.1282000000000001","0","0","953","750","2"
"1","Grass","0.28060000000000002","0.20730000000000001","0.018200000000000001","11.098000000000001","953","750","2"
"2","Leaves","0.27079999999999999","0.17730000000000001","0.025600000000000001","0.96489999999999998","953","750","2"
"3","clover","0.2056","0.18060000000000001","0.016500000000000001","9.1514000000000006","953","750","2"
"4","BushesCenter","0.30570000000000003","0.18440000000000001","0.0189","0.23619999999999999","953","750","2"
"5","Bourder","0.23569999999999999","0.21210000000000001","0.016299999999999999","8.7733000000000008","953","750","2"
"6","Street_Plant","0.23330000000000001","0.21010000000000001","0.016400000000000001","0.26979999999999998","953","750","2"
"0","controller","0.42749999999999999","2.1604000000000001","0","0","953","750","2"
"1","Grass","0.3448","0.22289999999999999","0.018200000000000001","13.154199999999999","953","750","2"
"2","Leaves","0.47860000000000003","0.25990000000000002","0.029000000000000001","1.4314","953","750","2"
"3","clover","0.31019999999999998","0.2893","0.027","10.2003","953","750","2"
"4","BushesCenter","0.33439999999999998","0.18770000000000001","0.019400000000000001","0.2306","953","750","2"
"5","Bourder","0.22459999999999999","0.21859999999999999","0.016299999999999999","9.0320999999999998","953","750","2"
"6","Street_Plant","0.28420000000000001","0.21959999999999999","0.0177","0.24229999999999999","953","750","2"
"0","controller","0.51470000000000005","2.1038999999999999","0","0","953","750","2"
"1","Grass","0.2223","0.18590000000000001","0.016400000000000001","13.275700000000001","953","750","2"
"2","Leaves","0.3649","0.16900000000000001","0.019800000000000002","1.0362","953","750","2"
"3","clover","0.2077","0.18079999999999999","0.017500000000000002","10.108499999999999","953","750","2"
"4","BushesCenter","0.34910000000000002","0.2306","0.018599999999999998","0.23230000000000001","953","750","2"
"5","Bourder","0.2296","0.2082","0.016299999999999999","9.4088999999999992","953","750","2"
"6","Street_Plant","0.33950000000000002","0.2155","0.0183","0.27160000000000001","953","750","2"
"0","controller","0.65800000000000003","2.3527","0","0","953","750","2"
"1","Grass","0.5554","0.25650000000000001","0.02","10.6037","953","750","2"
"2","Leaves","0.28570000000000001","0.17150000000000001","0.019099999999999999","0.97519999999999996","953","750","2"
"3","clover","0.2001","0.1885","0.016899999999999998","8.9749999999999996","953","750","2"
"4","BushesCenter","0.22120000000000001","0.20860000000000001","0.017100000000000001","0.23200000000000001","953","750","2"
"5","Bourder","0.25140000000000001","0.22650000000000001","0.017100000000000001","9.3498999999999999","953","750","2"
"6","Street_Plant","2.5543","0.24709999999999999","0.18579999999999999","0.27029999999999998","953","750","2"
"0","controller","0.4204","2.1432000000000002","0","0","953","750","2"
"1","Grass","0.31719999999999998","0.18920000000000001","0.019","9.3307000000000002","953","750","2"
"2","Leaves","0.19070000000000001","0.27739999999999998","0.027099999999999999","1.6135999999999999","953","750","2"
"3","clover","0.37459999999999999","0.3574","0.0275","10.254899999999999","953","750","2"
"4","BushesCenter","0.3266","0.1956","0.019800000000000002","0.23730000000000001","953","750","2"
"5","Bourder","0.22950000000000001","0.21310000000000001","0.016799999999999999","10.128399999999999","953","750","2"
"6","Street_Plant","0.43830000000000002","0.22120000000000001","0.0207","0.27150000000000002","953","750","2"
"0","controller","0.43959999999999999","2.1362999999999999","0","0","953","750","2"
"1","Grass","0.25629999999999997","0.1918","0.0177","9.4863","953","750","2"
"2","Leaves","0.25769999999999998","0.17899999999999999","0.019800000000000002","0.99919999999999998","953","750","2"
"3","clover","0.25209999999999999","0.19450000000000001","0.0184","9.0409000000000006","953","750","2"
"4","BushesCenter","0.2261","0.1915","0.018800000000000001","0.22509999999999999","953","750","2"
"5","Bourder","0.22720000000000001","0.21010000000000001","0.016400000000000001","9.5548000000000002","953","750","2"
"6","Street_Plant","0.43969999999999998","0.25609999999999999","0.020500000000000001","0.27100000000000002","953","750","2"
"0","controller","0.4748","2.2006999999999999","0","0","953","750","2"
"1","Grass","0.30809999999999998","0.19689999999999999","0.0183","9.6861999999999995","953","750","2"
"2","Leaves","0.3261","0.2535","0.027199999999999998","1.2361","953","750","2"
"3","clover","0.2278","0.1827","0.0189","9.1172000000000004","953","750","2"
"4","BushesCenter","0.2233","0.1888","0.017500000000000002","0.22969999999999999","953","750","2"
"5","Bourder","0.23069999999999999","0.22309999999999999","0.017399999999999999","11.1843","953","750","2"
"6","Street_Plant","0.40770000000000001","0.25509999999999999","0.019800000000000002","0.252","953","750","2"
"0","controller","0.4929","2.3250999999999999","0","0","953","750","2"
"1","Grass","0.3276","0.20169999999999999","0.0178","9.3914000000000009","953","750","2"
"2","Leaves","0.2046","0.1678","0.018200000000000001","0.97519999999999996","953","750","2"
"3","clover","0.19769999999999999","0.18870000000000001","0.017999999999999999","9.7949999999999999","953","750","2"
"4","BushesCenter","0.2898","0.1986","0.018800000000000001","0.23699999999999999","953","750","2"
"5","Bourder","0.23089999999999999","0.2145","0.016400000000000001","9.3317999999999994","953","750","2"
"6","Street_Plant","0.46850000000000003","0.28910000000000002","0.025700000000000001","0.31759999999999999","953","750","2"
"0","controller","0.42530000000000001","2.1543999999999999","0","0","953","750","2"
"1","Grass","0.34250000000000003","0.3049","0.0286","9.6509","953","750","2"
"2","Leaves","0.26790000000000003","0.17510000000000001","0.019900000000000001","0.98629999999999995","953","750","2"
"3","clover","0.2079","0.19600000000000001","0.016899999999999998","9.9185999999999996","953","750","2"
"4","BushesCenter","0.29189999999999999","0.1961","0.02","0.2263","953","750","2"
"5","Bourder","0.23980000000000001","0.21779999999999999","0.022499999999999999","8.8437000000000001","953","750","2"
"6","Street_Plant","0.2437","0.217","0.023699999999999999","0.25069999999999998","953","750","2"
"0","controller","0.40720000000000001","2.1619999999999999","0","0","953","750","2"
"1","Grass","0.30420000000000003","0.1943","0.017000000000000001","9.7993000000000006","953","750","2"
"2","Leaves","0.2858","0.17929999999999999","0.019599999999999999","0.97130000000000005","953","750","2"
"3","clover","0.21909999999999999","0.18540000000000001","0.0172","8.9778000000000002","953","750","2"
"4","BushesCenter","0.34449999999999997","0.21079999999999999","0.0189","0.2477","953","750","2"
"5","Bourder","0.23999999999999999","0.21379999999999999","0.0167","9.0325000000000006","953","750","2"
"6","Street_Plant","0.3256","0.2379","0.018200000000000001","0.24879999999999999","953","750","2"
"0","controller","0.41039999999999999","2.3319000000000001","0","0","953","750","2"
"1","Grass","0.28110000000000002","0.20019999999999999","0.017999999999999999","9.9102999999999994","953","750","2"
"2","Leaves","0.2132","0.1719","0.0189","0.97240000000000004","953","750","2"
"3","clover","0.1971","0.17960000000000001","0.0177","8.9266000000000005","953","750","2"
"4","BushesCenter","0.2268","0.189","0.017600000000000001","0.22409999999999999","953","750","2"
"5","Bourder","0.22489999999999999","0.21129999999999999","0.016500000000000001","9.5885999999999996","953","750","2"
"6","Street_Plant","0.33040000000000003","0.24030000000000001","0.0183","0.24829999999999999","953","750","2"
"0","controller","0.4098","2.2210000000000001","0","0","953","750","2"
"1","Grass","0.23069999999999999","0.1888","0.0167","9.1479999999999997","953","750","2"
"2","Leaves","0.21679999999999999","0.17030000000000001","0.017999999999999999","0.97160000000000002","953","750","2"
"3","clover","0.2039","0.17960000000000001","0.0177","9.093","953","750","2"
"4","BushesCenter","0.26279999999999998","0.19789999999999999","0.0183","0.22989999999999999","953","750","2"
"5","Bourder","0.2364","0.21310000000000001","0.0166","9.2802000000000007","953","750","2"
"6","Street_Plant","0.29239999999999999","0.22489999999999999","0.018100000000000002","0.25790000000000002","953","750","2"
"0","controller","0.47370000000000001","2.1648000000000001","0","0","953","750","2"
"1","Grass","0.26469999999999999","0.1905","0.017100000000000001","9.3420000000000005","953","750","2"
"2","Leaves","0.21540000000000001","0.17299999999999999","0.019","0.95750000000000002","953","750","2"
"3","clover","0.19989999999999999","0.20150000000000001","0.016799999999999999","9.0721000000000007","953","750","2"
"4","BushesCenter","0.26219999999999999","0.19159999999999999","0.018200000000000001","0.24129999999999999","953","750","2"
"5","Bourder","0.2329","0.2112","0.017000000000000001","9.1407000000000007","953","750","2"
"6","Street_Plant","0.35799999999999998","0.2671","0.021299999999999999","0.51749999999999996","953","750","2"
"0","controller","0.41639999999999999","2.1389","0","0","953","750","2"
"1","Grass","0.27289999999999998","0.19270000000000001","0.0167","11.2264","953","750","2"
"2","Leaves","0.55069999999999997","0.31359999999999999","0.034299999999999997","1.5634999999999999","953","750","2"
"3","clover","0.35070000000000001","0.3135","0.027699999999999999","10.269399999999999","953","750","2"
"4","BushesCenter","0.39589999999999997","0.23699999999999999","0.022100000000000002","0.25519999999999998","953","750","2"
"5","Bourder","0.25490000000000002","0.21890000000000001","0.018200000000000001","9.1287000000000003","953","750","2"
"6","Street_Plant","0.2445","0.25290000000000001","0.017500000000000002","0.2455","953","750","2"
"0","controller","0.41170000000000001","2.1839","0","0","953","750","2"
"1","Grass","0.36459999999999998","0.1966","0.018499999999999999","10.272","953","750","2"
"2","Leaves","0.34320000000000001","0.1709","0.0206","1.0053000000000001","953","750","2"
"3","clover","0.2102","0.18329999999999999","0.025499999999999998","9.4751999999999992","953","750","2"
"4","BushesCenter","0.30209999999999998","0.18940000000000001","0.018200000000000001","0.2356","953","750","2"
"5","Bourder","0.24110000000000001","0.2223","0.016299999999999999","9.0562000000000005","953","750","2"
"6","Street_Plant","0.25919999999999999","0.22059999999999999","0.017000000000000001","0.25440000000000002","953","750","2"
"0","controller","0.40910000000000002","2.1423999999999999","0","0","953","750","2"
"1","Grass","0.31030000000000002","0.1915","0.017100000000000001","9.5958000000000006","953","750","2"
"2","Leaves","0.2243","0.1661","0.0189","0.97560000000000002","953","750","2"
"3","clover","0.20760000000000001","0.18179999999999999","0.016899999999999998","9.2049000000000003","953","750","2"
"4","BushesCenter","0.22919999999999999","0.1862","0.017000000000000001","0.30280000000000001","953","750","2"
"5","Bourder","0.2437","0.222","0.018100000000000002","9.0501000000000005","953","750","2"
"6","Street_Plant","0.29260000000000003","0.21429999999999999","0.017600000000000001","0.2515","953","750","2"
"0","controller","0.52249999999999996","2.1208999999999998","0","0","953","750","2"
"1","Grass","0.29580000000000001","0.20569999999999999","0.0177","9.2359000000000009","953","750","2"
"2","Leaves","0.21360000000000001","0.1716","0.017399999999999999","0.99060000000000004","953","750","2"
"3","clover","0.20449999999999999","0.17949999999999999","0.016799999999999999","8.9390000000000001","953","750","2"
"4","BushesCenter","0.24579999999999999","0.1842","0.017299999999999999","0.2223","953","750","2"
"5","Bourder","0.22309999999999999","0.22209999999999999","0.016299999999999999","9.0619999999999994","953","750","2"
"6","Street_Plant","0.2472","0.2316","0.0172","0.23730000000000001","953","750","2"
